reference_time,target_time,airtemp,t_catchment,rain_toelz,rain_lenggries,rain_kochel,rain_garmisch,solar_hohenpeissenberg,source_kind,issued_at
2026-09-15 13:00:00+00:00,2026-09-15 14:00:00+00:00,25.5,24.3,0.0,0.0,0.0,0.0,0.65,forecast,2026-09-15 13:55:45.016959+00:00
2026-09-15 13:00:00+00:00,2026-09-15 15:00:00+00:00,24.9,23.9,0.0,0.0,0.0,0.0,0.5,forecast,2026-09-15 13:55:45.016959+00:00
2026-09-15 13:00:00+00:00,2026-09-15 16:00:00+00:00,23.8,22.7,0.0,0.0,0.0,0.0,0.319,forecast,2026-09-15 13:55:45.016959+00:00
2026-09-15 13:00:00+00:00,2026-09-15 17:00:00+00:00,22.1,20.9,0.0,0.0,0.0,0.0,0.136,forecast,2026-09-15 13:55:45.016959+00:00
2026-09-15 13:00:00+00:00,2026-09-15 18:00:00+00:00,20.3,18.1,0.0,0.0,0.0,0.0,0.019,forecast,2026-09-15 13:55:45.016959+00:00
2026-09-15 13:00:00+00:00,2026-09-15 19:00:00+00:00,18.8,16.2,0.0,0.0,0.0,0.0,0.0,forecast,2026-09-15 13:55:45.016959+00:00
2026-09-15 13:00:00+00:00,2026-09-15 20:00:00+00:00,17.7,14.6,0.0,0.0,0.0,0.0,0.0,forecast,2026-09-15 13:55:45.016959+00:00
2026-09-15 13:00:00+00:00,2026-09-15 21:00:00+00:00,17.0,13.7,0.0,0.0,0.0,0.0,0.0,forecast,2026-09-15 13:55:45.016959+00:00
2026-09-15 13:00:00+00:00,2026-09-15 22:00:00+00:00,16.5,13.0,0.0,0.0,0.0,0.0,0.0,forecast,2026-09-15 13:55:45.016959+00:00
2026-09-15 13:00:00+00:00,2026-09-15 23:00:00+00:00,16.2,12.3,0.0,0.0,0.0,0.0,0.0,forecast,2026-09-15 13:55:45.016959+00:00
2026-09-15 13:00:00+00:00,2026-09-16 00:00:00+00:00,16.0,11.9,0.0,0.0,0.0,0.0,0.0,forecast,2026-09-15 13:55:45.016959+00:00
2026-09-15 13:00:00+00:00,2026-09-16 01:00:00+00:00,15.7,11.5,0.0,0.0,0.0,0.0,0.0,forecast,2026-09-15 13:55:45.016959+00:00
2026-09-15 13:00:00+00:00,2026-09-16 02:00:00+00:00,15.5,11.2,0.0,0.0,0.0,0.0,0.0,forecast,2026-09-15 13:55:45.016959+00:00
2026-09-15 13:00:00+00:00,2026-09-16 03:00:00+00:00,15.5,11.0,0.0,0.0,0.0,0.0,0.0,forecast,2026-09-15 13:55:45.016959+00:00
2026-09-15 13:00:00+00:00,2026-09-16 04:00:00+00:00,15.6,11.2,0.0,0.0,0.0,0.0,0.0,forecast,2026-09-15 13:55:45.016959+00:00
2026-09-15 13:00:00+00:00,2026-09-16 05:00:00+00:00,16.4,11.9,0.0,0.0,0.0,0.0,0.0,forecast,2026-09-15 13:55:45.016959+00:00
2026-09-15 13:00:00+00:00,2026-09-16 06:00:00+00:00,17.6,13.2,0.0,0.0,0.0,0.0,0.025,forecast,2026-09-15 13:55:45.016959+00:00
2026-09-15 13:00:00+00:00,2026-09-16 07:00:00+00:00,19.2,15.4,0.0,0.0,0.0,0.0,0.117,forecast,2026-09-15 13:55:45.016959+00:00
2026-09-15 13:00:00+00:00,2026-09-16 08:00:00+00:00,21.1,17.9,0.0,0.0,0.0,0.0,0.222,forecast,2026-09-15 13:55:45.016959+00:00
2026-09-15 13:00:00+00:00,2026-09-16 09:00:00+00:00,22.5,19.7,0.0,0.0,0.0,0.0,0.333,forecast,2026-09-15 13:55:45.016959+00:00
2026-09-15 13:00:00+00:00,2026-09-16 10:00:00+00:00,23.1,20.9,0.0,0.0,0.0,0.0,0.419,forecast,2026-09-15 13:55:45.016959+00:00
2026-09-15 13:00:00+00:00,2026-09-16 11:00:00+00:00,23.3,21.7,0.0,0.0,0.0,0.0,0.436,forecast,2026-09-15 13:55:45.016959+00:00
2026-09-15 13:00:00+00:00,2026-09-16 12:00:00+00:00,22.7,21.4,0.0,0.0,0.0,0.0,0.4,forecast,2026-09-15 13:55:45.016959+00:00
2026-09-15 13:00:00+00:00,2026-09-16 13:00:00+00:00,22.4,21.2,0.4,0.6,0.5,0.7,0.356,forecast,2026-09-15 13:55:45.016959+00:00
2026-09-15 13:00:00+00:00,2026-09-16 14:00:00+00:00,20.9,20.0,0.7,0.8,1.3,0.9,0.236,forecast,2026-09-15 13:55:45.016959+00:00
2026-09-15 13:00:00+00:00,2026-09-16 15:00:00+00:00,19.7,18.8,1.1,1.0,1.4,1.1,0.169,forecast,2026-09-15 13:55:45.016959+00:00
2026-09-15 13:00:00+00:00,2026-09-16 16:00:00+00:00,18.7,17.7,1.8,1.5,1.8,1.4,0.089,forecast,2026-09-15 13:55:45.016959+00:00
2026-09-15 13:00:00+00:00,2026-09-16 17:00:00+00:00,17.7,16.7,2.0,1.8,1.9,1.8,0.031,forecast,2026-09-15 13:55:45.016959+00:00
2026-09-15 13:00:00+00:00,2026-09-16 18:00:00+00:00,16.6,15.8,2.4,2.4,2.2,2.1,0.003,forecast,2026-09-15 13:55:45.016959+00:00
2026-09-15 13:00:00+00:00,2026-09-16 19:00:00+00:00,16.0,15.1,2.3,2.4,2.6,1.9,0.0,forecast,2026-09-15 13:55:45.016959+00:00
2026-09-15 13:00:00+00:00,2026-09-16 20:00:00+00:00,15.2,14.4,2.0,2.2,2.5,1.8,0.0,forecast,2026-09-15 13:55:45.016959+00:00
2026-09-15 13:00:00+00:00,2026-09-16 21:00:00+00:00,14.5,13.7,2.1,2.1,2.4,1.7,0.0,forecast,2026-09-15 13:55:45.016959+00:00
2026-09-15 13:00:00+00:00,2026-09-16 22:00:00+00:00,14.2,13.2,1.9,1.8,2.4,1.6,0.0,forecast,2026-09-15 13:55:45.016959+00:00
2026-09-15 13:00:00+00:00,2026-09-16 23:00:00+00:00,13.7,12.6,1.5,1.5,2.0,1.3,0.0,forecast,2026-09-15 13:55:45.016959+00:00
2026-09-15 13:00:00+00:00,2026-09-17 00:00:00+00:00,13.2,12.3,1.2,1.2,1.5,1.1,0.0,forecast,2026-09-15 13:55:45.016959+00:00
2026-09-15 13:00:00+00:00,2026-09-17 01:00:00+00:00,12.8,11.9,0.8,0.7,0.7,0.8,0.0,forecast,2026-09-15 13:55:45.016959+00:00
2026-09-15 13:00:00+00:00,2026-09-17 02:00:00+00:00,12.7,11.7,0.6,0.6,0.5,0.6,0.0,forecast,2026-09-15 13:55:45.016959+00:00
2026-09-15 13:00:00+00:00,2026-09-17 03:00:00+00:00,12.3,11.4,0.4,0.5,0.4,0.5,0.0,forecast,2026-09-15 13:55:45.016959+00:00
2026-09-15 13:00:00+00:00,2026-09-17 04:00:00+00:00,12.2,10.9,0.4,0.4,0.4,0.3,0.0,forecast,2026-09-15 13:55:45.016959+00:00
2026-09-15 13:00:00+00:00,2026-09-17 05:00:00+00:00,12.3,10.8,0.3,0.3,0.2,0.2,0.0,forecast,2026-09-15 13:55:45.016959+00:00
2026-09-15 13:00:00+00:00,2026-09-17 06:00:00+00:00,12.7,11.2,0.2,0.2,0.1,0.1,0.019,forecast,2026-09-15 13:55:45.016959+00:00
2026-09-15 13:00:00+00:00,2026-09-17 07:00:00+00:00,13.9,11.7,0.0,0.0,0.0,0.0,0.097,forecast,2026-09-15 13:55:45.016959+00:00
2026-09-15 13:00:00+00:00,2026-09-17 08:00:00+00:00,15.2,12.8,0.0,0.0,0.0,0.0,0.211,forecast,2026-09-15 13:55:45.016959+00:00
2026-09-15 13:00:00+00:00,2026-09-17 09:00:00+00:00,16.3,14.1,0.0,0.0,0.0,0.0,0.322,forecast,2026-09-15 13:55:45.016959+00:00
2026-09-15 13:00:00+00:00,2026-09-17 10:00:00+00:00,17.3,15.3,0.0,0.0,0.0,0.0,0.431,forecast,2026-09-15 13:55:45.016959+00:00
2026-09-15 13:00:00+00:00,2026-09-17 11:00:00+00:00,18.3,15.9,0.0,0.0,0.0,0.0,0.5,forecast,2026-09-15 13:55:45.016959+00:00
2026-09-15 13:00:00+00:00,2026-09-17 12:00:00+00:00,19.0,16.5,0.0,0.0,0.0,0.0,0.514,forecast,2026-09-15 13:55:45.016959+00:00
2026-09-15 13:00:00+00:00,2026-09-17 13:00:00+00:00,19.4,16.8,0.0,0.0,0.0,0.0,0.464,forecast,2026-09-15 13:55:45.016959+00:00
2026-09-15 13:00:00+00:00,2026-09-17 14:00:00+00:00,19.5,16.6,0.0,0.0,0.0,0.0,0.386,forecast,2026-09-15 13:55:45.016959+00:00
2026-09-15 13:00:00+00:00,2026-09-17 15:00:00+00:00,19.4,16.3,0.0,0.0,0.0,0.0,0.292,forecast,2026-09-15 13:55:45.016959+00:00
2026-09-15 13:00:00+00:00,2026-09-17 16:00:00+00:00,18.7,15.7,0.0,0.0,0.0,0.0,0.181,forecast,2026-09-15 13:55:45.016959+00:00
2026-09-15 13:00:00+00:00,2026-09-17 17:00:00+00:00,17.6,14.5,0.0,0.0,0.0,0.0,0.078,forecast,2026-09-15 13:55:45.016959+00:00
2026-09-15 13:00:00+00:00,2026-09-17 18:00:00+00:00,15.9,13.2,0.0,0.0,0.0,0.0,0.011,forecast,2026-09-15 13:55:45.016959+00:00
2026-09-15 13:00:00+00:00,2026-09-17 19:00:00+00:00,14.6,12.4,0.0,0.0,0.0,0.0,0.0,forecast,2026-09-15 13:55:45.016959+00:00
2026-09-15 13:00:00+00:00,2026-09-17 20:00:00+00:00,13.7,11.6,0.0,0.0,0.0,0.0,0.0,forecast,2026-09-15 13:55:45.016959+00:00
2026-09-15 13:00:00+00:00,2026-09-17 21:00:00+00:00,13.1,10.9,0.0,0.0,0.0,0.0,0.0,forecast,2026-09-15 13:55:45.016959+00:00
2026-09-15 13:00:00+00:00,2026-09-17 22:00:00+00:00,12.6,10.5,0.0,0.0,0.0,0.0,0.0,forecast,2026-09-15 13:55:45.016959+00:00
2026-09-15 13:00:00+00:00,2026-09-17 23:00:00+00:00,12.2,10.3,0.0,0.0,0.0,0.0,0.0,forecast,2026-09-15 13:55:45.016959+00:00
2026-09-15 13:00:00+00:00,2026-09-18 00:00:00+00:00,11.8,10.4,0.0,0.0,0.0,0.0,0.0,forecast,2026-09-15 13:55:45.016959+00:00
2026-09-15 13:00:00+00:00,2026-09-18 01:00:00+00:00,11.5,10.3,0.0,0.0,0.0,0.0,0.0,forecast,2026-09-15 13:55:45.016959+00:00
2026-09-15 13:00:00+00:00,2026-09-18 02:00:00+00:00,11.4,10.1,0.0,0.0,0.0,0.0,0.0,forecast,2026-09-15 13:55:45.016959+00:00
2026-09-15 13:00:00+00:00,2026-09-18 03:00:00+00:00,11.2,10.0,0.0,0.0,0.0,0.0,0.0,forecast,2026-09-15 13:55:45.016959+00:00
2026-09-15 13:00:00+00:00,2026-09-18 04:00:00+00:00,11.1,9.9,0.0,0.0,0.0,0.0,0.0,forecast,2026-09-15 13:55:45.016959+00:00
2026-09-15 13:00:00+00:00,2026-09-18 05:00:00+00:00,11.4,10.0,0.0,0.0,0.0,1.4,0.0,forecast,2026-09-15 13:55:45.016959+00:00
2026-09-15 13:00:00+00:00,2026-09-18 06:00:00+00:00,12.4,10.7,0.0,0.0,0.0,0.0,0.022,forecast,2026-09-15 13:55:45.016959+00:00
2026-09-15 13:00:00+00:00,2026-09-18 07:00:00+00:00,13.8,11.8,0.0,0.0,0.0,0.0,0.103,forecast,2026-09-15 13:55:45.016959+00:00
2026-09-15 13:00:00+00:00,2026-09-18 08:00:00+00:00,15.5,13.4,0.0,0.0,0.0,0.0,0.206,forecast,2026-09-15 13:55:45.016959+00:00
2026-09-15 13:00:00+00:00,2026-09-18 09:00:00+00:00,16.8,15.0,0.0,0.0,0.0,0.0,0.322,forecast,2026-09-15 13:55:45.016959+00:00
2026-09-15 13:00:00+00:00,2026-09-18 10:00:00+00:00,17.7,16.1,0.0,0.0,0.0,0.0,0.406,forecast,2026-09-15 13:55:45.016959+00:00
2026-09-15 13:00:00+00:00,2026-09-18 11:00:00+00:00,18.7,16.8,0.0,0.0,0.0,0.0,0.458,forecast,2026-09-15 13:55:45.016959+00:00
2026-09-15 13:00:00+00:00,2026-09-18 12:00:00+00:00,19.2,17.3,0.0,0.0,0.0,0.0,0.475,forecast,2026-09-15 13:55:45.016959+00:00
2026-09-15 13:00:00+00:00,2026-09-18 13:00:00+00:00,19.4,17.7,0.0,0.0,0.0,0.0,0.436,forecast,2026-09-15 13:55:45.016959+00:00
2026-09-15 13:00:00+00:00,2026-09-18 14:00:00+00:00,19.3,17.5,0.0,0.0,0.0,0.0,0.361,forecast,2026-09-15 13:55:45.016959+00:00
2026-09-15 13:00:00+00:00,2026-09-18 15:00:00+00:00,19.0,16.9,0.0,0.0,0.0,0.0,0.269,forecast,2026-09-15 13:55:45.016959+00:00
2026-09-15 13:00:00+00:00,2026-09-18 16:00:00+00:00,18.3,15.9,0.0,0.0,0.0,0.0,0.164,forecast,2026-09-15 13:55:45.016959+00:00
2026-09-15 13:00:00+00:00,2026-09-18 17:00:00+00:00,17.1,14.7,0.0,0.0,0.0,0.0,0.064,forecast,2026-09-15 13:55:45.016959+00:00
2026-09-15 13:00:00+00:00,2026-09-18 18:00:00+00:00,15.5,13.6,0.0,0.0,0.0,0.0,0.008,forecast,2026-09-15 13:55:45.016959+00:00
2026-09-15 13:00:00+00:00,2026-09-18 19:00:00+00:00,14.5,12.6,0.0,0.0,0.0,0.0,0.0,forecast,2026-09-15 13:55:45.016959+00:00
2026-09-15 13:00:00+00:00,2026-09-18 20:00:00+00:00,13.8,11.8,0.0,0.0,0.0,0.0,0.0,forecast,2026-09-15 13:55:45.016959+00:00
2026-09-15 13:00:00+00:00,2026-09-18 21:00:00+00:00,13.2,10.9,0.0,0.0,0.0,0.0,0.0,forecast,2026-09-15 13:55:45.016959+00:00
2026-09-15 13:00:00+00:00,2026-09-18 22:00:00+00:00,12.7,10.2,0.0,0.0,0.0,0.0,0.0,forecast,2026-09-15 13:55:45.016959+00:00
2026-09-15 13:00:00+00:00,2026-09-18 23:00:00+00:00,12.3,9.7,0.0,0.0,0.0,0.0,0.0,forecast,2026-09-15 13:55:45.016959+00:00
2026-09-15 13:00:00+00:00,2026-09-19 00:00:00+00:00,11.8,9.1,0.0,0.0,0.0,0.0,0.0,forecast,2026-09-15 13:55:45.016959+00:00
2026-09-15 13:00:00+00:00,2026-09-19 01:00:00+00:00,11.5,8.7,0.0,0.0,0.0,0.0,0.0,forecast,2026-09-15 13:55:45.016959+00:00
2026-09-15 13:00:00+00:00,2026-09-19 02:00:00+00:00,11.1,8.3,0.0,0.0,0.0,0.0,0.0,forecast,2026-09-15 13:55:45.016959+00:00
2026-09-15 13:00:00+00:00,2026-09-19 03:00:00+00:00,10.7,8.0,0.0,0.0,0.0,0.0,0.0,forecast,2026-09-15 13:55:45.016959+00:00
2026-09-15 13:00:00+00:00,2026-09-19 04:00:00+00:00,10.6,7.7,0.0,0.0,0.0,0.0,0.0,forecast,2026-09-15 13:55:45.016959+00:00
2026-09-15 13:00:00+00:00,2026-09-19 05:00:00+00:00,11.0,7.8,0.0,0.0,0.0,0.0,0.0,forecast,2026-09-15 13:55:45.016959+00:00
2026-09-15 13:00:00+00:00,2026-09-19 06:00:00+00:00,12.0,8.7,0.0,0.0,0.0,0.0,0.028,forecast,2026-09-15 13:55:45.016959+00:00
2026-09-15 13:00:00+00:00,2026-09-19 07:00:00+00:00,13.5,10.4,0.0,0.0,0.0,0.0,0.133,forecast,2026-09-15 13:55:45.016959+00:00
2026-09-15 13:00:00+00:00,2026-09-19 08:00:00+00:00,15.2,12.8,0.0,0.0,0.0,0.0,0.281,forecast,2026-09-15 13:55:45.016959+00:00
2026-09-15 13:00:00+00:00,2026-09-19 09:00:00+00:00,16.8,15.1,0.0,0.0,0.0,0.0,0.439,forecast,2026-09-15 13:55:45.016959+00:00
2026-09-15 13:00:00+00:00,2026-09-19 10:00:00+00:00,18.2,16.8,0.0,0.0,0.0,0.0,0.556,forecast,2026-09-15 13:55:45.016959+00:00
2026-09-15 13:00:00+00:00,2026-09-19 11:00:00+00:00,19.2,18.0,0.0,0.0,0.0,0.0,0.622,forecast,2026-09-15 13:55:45.016959+00:00
2026-09-15 13:00:00+00:00,2026-09-19 12:00:00+00:00,19.7,18.8,0.0,0.0,0.0,0.0,0.647,forecast,2026-09-15 13:55:45.016959+00:00
2026-09-15 13:00:00+00:00,2026-09-19 13:00:00+00:00,20.1,19.1,0.0,0.0,0.0,0.0,0.6,forecast,2026-09-15 13:55:45.016959+00:00
2026-09-15 14:00:00+00:00,2026-09-15 15:00:00+00:00,25.4,24.3,0.0,0.0,0.0,0.0,0.514,forecast,2026-09-15 15:01:17.943206+00:00
2026-09-15 14:00:00+00:00,2026-09-15 16:00:00+00:00,24.0,23.0,0.0,0.0,0.0,0.0,0.325,forecast,2026-09-15 15:01:17.943206+00:00
2026-09-15 14:00:00+00:00,2026-09-15 17:00:00+00:00,22.2,20.9,0.0,0.0,0.0,0.0,0.133,forecast,2026-09-15 15:01:17.943206+00:00
2026-09-15 14:00:00+00:00,2026-09-15 18:00:00+00:00,20.3,18.1,0.0,0.0,0.0,0.0,0.019,forecast,2026-09-15 15:01:17.943206+00:00
2026-09-15 14:00:00+00:00,2026-09-15 19:00:00+00:00,18.8,16.1,0.0,0.0,0.0,0.0,0.0,forecast,2026-09-15 15:01:17.943206+00:00
2026-09-15 14:00:00+00:00,2026-09-15 20:00:00+00:00,17.7,14.6,0.0,0.0,0.0,0.0,0.0,forecast,2026-09-15 15:01:17.943206+00:00
2026-09-15 14:00:00+00:00,2026-09-15 21:00:00+00:00,17.0,13.7,0.0,0.0,0.0,0.0,0.0,forecast,2026-09-15 15:01:17.943206+00:00
2026-09-15 14:00:00+00:00,2026-09-15 22:00:00+00:00,16.5,12.9,0.0,0.0,0.0,0.0,0.0,forecast,2026-09-15 15:01:17.943206+00:00
2026-09-15 14:00:00+00:00,2026-09-15 23:00:00+00:00,16.2,12.3,0.0,0.0,0.0,0.0,0.0,forecast,2026-09-15 15:01:17.943206+00:00
2026-09-15 14:00:00+00:00,2026-09-16 00:00:00+00:00,16.0,11.9,0.0,0.0,0.0,0.0,0.0,forecast,2026-09-15 15:01:17.943206+00:00
2026-09-15 14:00:00+00:00,2026-09-16 01:00:00+00:00,15.8,11.5,0.0,0.0,0.0,0.0,0.0,forecast,2026-09-15 15:01:17.943206+00:00
2026-09-15 14:00:00+00:00,2026-09-16 02:00:00+00:00,15.5,11.2,0.0,0.0,0.0,0.0,0.0,forecast,2026-09-15 15:01:17.943206+00:00
2026-09-15 14:00:00+00:00,2026-09-16 03:00:00+00:00,15.6,11.1,0.0,0.0,0.0,0.0,0.0,forecast,2026-09-15 15:01:17.943206+00:00
2026-09-15 14:00:00+00:00,2026-09-16 04:00:00+00:00,15.7,11.2,0.0,0.0,0.0,0.0,0.0,forecast,2026-09-15 15:01:17.943206+00:00
2026-09-15 14:00:00+00:00,2026-09-16 05:00:00+00:00,16.4,11.9,0.0,0.0,0.0,0.0,0.0,forecast,2026-09-15 15:01:17.943206+00:00
2026-09-15 14:00:00+00:00,2026-09-16 06:00:00+00:00,17.5,13.3,0.0,0.0,0.0,0.0,0.025,forecast,2026-09-15 15:01:17.943206+00:00
2026-09-15 14:00:00+00:00,2026-09-16 07:00:00+00:00,19.2,15.4,0.0,0.0,0.0,0.0,0.117,forecast,2026-09-15 15:01:17.943206+00:00
2026-09-15 14:00:00+00:00,2026-09-16 08:00:00+00:00,21.1,17.9,0.0,0.0,0.0,0.0,0.219,forecast,2026-09-15 15:01:17.943206+00:00
2026-09-15 14:00:00+00:00,2026-09-16 09:00:00+00:00,22.5,19.8,0.0,0.0,0.0,0.0,0.333,forecast,2026-09-15 15:01:17.943206+00:00
2026-09-15 14:00:00+00:00,2026-09-16 10:00:00+00:00,23.1,21.0,0.0,0.0,0.0,0.0,0.414,forecast,2026-09-15 15:01:17.943206+00:00
2026-09-15 14:00:00+00:00,2026-09-16 11:00:00+00:00,23.3,21.8,0.0,0.0,0.0,0.0,0.433,forecast,2026-09-15 15:01:17.943206+00:00
2026-09-15 14:00:00+00:00,2026-09-16 12:00:00+00:00,22.8,21.6,0.0,0.0,0.0,0.0,0.406,forecast,2026-09-15 15:01:17.943206+00:00
2026-09-15 14:00:00+00:00,2026-09-16 13:00:00+00:00,22.4,21.3,0.4,0.6,0.5,0.6,0.356,forecast,2026-09-15 15:01:17.943206+00:00
2026-09-15 14:00:00+00:00,2026-09-16 14:00:00+00:00,22.0,20.5,0.7,0.8,1.2,0.9,0.292,forecast,2026-09-15 15:01:17.943206+00:00
2026-09-15 14:00:00+00:00,2026-09-16 15:00:00+00:00,19.7,18.8,1.1,1.0,1.4,1.1,0.169,forecast,2026-09-15 15:01:17.943206+00:00
2026-09-15 14:00:00+00:00,2026-09-16 16:00:00+00:00,18.7,17.7,1.8,1.5,1.8,1.4,0.089,forecast,2026-09-15 15:01:17.943206+00:00
2026-09-15 14:00:00+00:00,2026-09-16 17:00:00+00:00,17.7,16.7,2.0,1.8,1.9,1.8,0.031,forecast,2026-09-15 15:01:17.943206+00:00
2026-09-15 14:00:00+00:00,2026-09-16 18:00:00+00:00,16.6,15.8,2.4,2.4,2.2,2.1,0.003,forecast,2026-09-15 15:01:17.943206+00:00
2026-09-15 14:00:00+00:00,2026-09-16 19:00:00+00:00,16.0,15.1,2.3,2.4,2.6,1.9,0.0,forecast,2026-09-15 15:01:17.943206+00:00
2026-09-15 14:00:00+00:00,2026-09-16 20:00:00+00:00,15.2,14.4,2.0,2.2,2.5,1.8,0.0,forecast,2026-09-15 15:01:17.943206+00:00
2026-09-15 14:00:00+00:00,2026-09-16 21:00:00+00:00,14.5,13.7,2.1,2.1,2.4,1.7,0.0,forecast,2026-09-15 15:01:17.943206+00:00
2026-09-15 14:00:00+00:00,2026-09-16 22:00:00+00:00,14.2,13.2,1.9,1.8,2.4,1.6,0.0,forecast,2026-09-15 15:01:17.943206+00:00
2026-09-15 14:00:00+00:00,2026-09-16 23:00:00+00:00,13.7,12.6,1.5,1.5,2.0,1.3,0.0,forecast,2026-09-15 15:01:17.943206+00:00
2026-09-15 14:00:00+00:00,2026-09-17 00:00:00+00:00,13.2,12.3,1.2,1.2,1.5,1.1,0.0,forecast,2026-09-15 15:01:17.943206+00:00
2026-09-15 14:00:00+00:00,2026-09-17 01:00:00+00:00,12.8,11.9,0.8,0.7,0.7,0.8,0.0,forecast,2026-09-15 15:01:17.943206+00:00
2026-09-15 14:00:00+00:00,2026-09-17 02:00:00+00:00,12.7,11.7,0.6,0.6,0.5,0.6,0.0,forecast,2026-09-15 15:01:17.943206+00:00
2026-09-15 14:00:00+00:00,2026-09-17 03:00:00+00:00,12.3,11.4,0.4,0.5,0.4,0.5,0.0,forecast,2026-09-15 15:01:17.943206+00:00
2026-09-15 14:00:00+00:00,2026-09-17 04:00:00+00:00,12.2,10.9,0.4,0.4,0.4,0.3,0.0,forecast,2026-09-15 15:01:17.943206+00:00
2026-09-15 14:00:00+00:00,2026-09-17 05:00:00+00:00,12.3,10.8,0.3,0.3,0.2,0.2,0.0,forecast,2026-09-15 15:01:17.943206+00:00
2026-09-15 14:00:00+00:00,2026-09-17 06:00:00+00:00,12.7,11.2,0.2,0.2,0.1,0.1,0.019,forecast,2026-09-15 15:01:17.943206+00:00
2026-09-15 14:00:00+00:00,2026-09-17 07:00:00+00:00,13.9,11.7,0.0,0.0,0.0,0.0,0.097,forecast,2026-09-15 15:01:17.943206+00:00
2026-09-15 14:00:00+00:00,2026-09-17 08:00:00+00:00,15.2,12.8,0.0,0.0,0.0,0.0,0.211,forecast,2026-09-15 15:01:17.943206+00:00
2026-09-15 14:00:00+00:00,2026-09-17 09:00:00+00:00,16.3,14.1,0.0,0.0,0.0,0.0,0.322,forecast,2026-09-15 15:01:17.943206+00:00
2026-09-15 14:00:00+00:00,2026-09-17 10:00:00+00:00,17.3,15.3,0.0,0.0,0.0,0.0,0.431,forecast,2026-09-15 15:01:17.943206+00:00
2026-09-15 14:00:00+00:00,2026-09-17 11:00:00+00:00,18.3,15.9,0.0,0.0,0.0,0.0,0.5,forecast,2026-09-15 15:01:17.943206+00:00
2026-09-15 14:00:00+00:00,2026-09-17 12:00:00+00:00,19.0,16.5,0.0,0.0,0.0,0.0,0.514,forecast,2026-09-15 15:01:17.943206+00:00
2026-09-15 14:00:00+00:00,2026-09-17 13:00:00+00:00,19.4,16.8,0.0,0.0,0.0,0.0,0.464,forecast,2026-09-15 15:01:17.943206+00:00
2026-09-15 14:00:00+00:00,2026-09-17 14:00:00+00:00,19.5,16.6,0.0,0.0,0.0,0.0,0.386,forecast,2026-09-15 15:01:17.943206+00:00
2026-09-15 14:00:00+00:00,2026-09-17 15:00:00+00:00,19.4,16.3,0.0,0.0,0.0,0.0,0.292,forecast,2026-09-15 15:01:17.943206+00:00
2026-09-15 14:00:00+00:00,2026-09-17 16:00:00+00:00,18.7,15.7,0.0,0.0,0.0,0.0,0.181,forecast,2026-09-15 15:01:17.943206+00:00
2026-09-15 14:00:00+00:00,2026-09-17 17:00:00+00:00,17.6,14.5,0.0,0.0,0.0,0.0,0.078,forecast,2026-09-15 15:01:17.943206+00:00
2026-09-15 14:00:00+00:00,2026-09-17 18:00:00+00:00,15.9,13.2,0.0,0.0,0.0,0.0,0.011,forecast,2026-09-15 15:01:17.943206+00:00
2026-09-15 14:00:00+00:00,2026-09-17 19:00:00+00:00,14.6,12.4,0.0,0.0,0.0,0.0,0.0,forecast,2026-09-15 15:01:17.943206+00:00
2026-09-15 14:00:00+00:00,2026-09-17 20:00:00+00:00,13.7,11.6,0.0,0.0,0.0,0.0,0.0,forecast,2026-09-15 15:01:17.943206+00:00
2026-09-15 14:00:00+00:00,2026-09-17 21:00:00+00:00,13.1,10.9,0.0,0.0,0.0,0.0,0.0,forecast,2026-09-15 15:01:17.943206+00:00
2026-09-15 14:00:00+00:00,2026-09-17 22:00:00+00:00,12.6,10.5,0.0,0.0,0.0,0.0,0.0,forecast,2026-09-15 15:01:17.943206+00:00
2026-09-15 14:00:00+00:00,2026-09-17 23:00:00+00:00,12.2,10.3,0.0,0.0,0.0,0.0,0.0,forecast,2026-09-15 15:01:17.943206+00:00
2026-09-15 14:00:00+00:00,2026-09-18 00:00:00+00:00,11.8,10.4,0.0,0.0,0.0,0.0,0.0,forecast,2026-09-15 15:01:17.943206+00:00
2026-09-15 14:00:00+00:00,2026-09-18 01:00:00+00:00,11.5,10.3,0.0,0.0,0.0,0.0,0.0,forecast,2026-09-15 15:01:17.943206+00:00
2026-09-15 14:00:00+00:00,2026-09-18 02:00:00+00:00,11.4,10.1,0.0,0.0,0.0,0.0,0.0,forecast,2026-09-15 15:01:17.943206+00:00
2026-09-15 14:00:00+00:00,2026-09-18 03:00:00+00:00,11.2,10.0,0.0,0.0,0.0,0.0,0.0,forecast,2026-09-15 15:01:17.943206+00:00
2026-09-15 14:00:00+00:00,2026-09-18 04:00:00+00:00,11.1,9.9,0.0,0.0,0.0,0.0,0.0,forecast,2026-09-15 15:01:17.943206+00:00
2026-09-15 14:00:00+00:00,2026-09-18 05:00:00+00:00,11.4,10.0,0.0,0.0,0.0,1.4,0.0,forecast,2026-09-15 15:01:17.943206+00:00
2026-09-15 14:00:00+00:00,2026-09-18 06:00:00+00:00,12.4,10.7,0.0,0.0,0.0,0.0,0.022,forecast,2026-09-15 15:01:17.943206+00:00
2026-09-15 14:00:00+00:00,2026-09-18 07:00:00+00:00,13.8,11.8,0.0,0.0,0.0,0.0,0.103,forecast,2026-09-15 15:01:17.943206+00:00
2026-09-15 14:00:00+00:00,2026-09-18 08:00:00+00:00,15.5,13.4,0.0,0.0,0.0,0.0,0.206,forecast,2026-09-15 15:01:17.943206+00:00
2026-09-15 14:00:00+00:00,2026-09-18 09:00:00+00:00,16.8,15.0,0.0,0.0,0.0,0.0,0.322,forecast,2026-09-15 15:01:17.943206+00:00
2026-09-15 14:00:00+00:00,2026-09-18 10:00:00+00:00,17.7,16.1,0.0,0.0,0.0,0.0,0.406,forecast,2026-09-15 15:01:17.943206+00:00
2026-09-15 14:00:00+00:00,2026-09-18 11:00:00+00:00,18.7,16.8,0.0,0.0,0.0,0.0,0.458,forecast,2026-09-15 15:01:17.943206+00:00
2026-09-15 14:00:00+00:00,2026-09-18 12:00:00+00:00,19.2,17.3,0.0,0.0,0.0,0.0,0.475,forecast,2026-09-15 15:01:17.943206+00:00
2026-09-15 14:00:00+00:00,2026-09-18 13:00:00+00:00,19.4,17.7,0.0,0.0,0.0,0.0,0.436,forecast,2026-09-15 15:01:17.943206+00:00
2026-09-15 14:00:00+00:00,2026-09-18 14:00:00+00:00,19.3,17.5,0.0,0.0,0.0,0.0,0.361,forecast,2026-09-15 15:01:17.943206+00:00
2026-09-15 14:00:00+00:00,2026-09-18 15:00:00+00:00,19.0,16.9,0.0,0.0,0.0,0.0,0.269,forecast,2026-09-15 15:01:17.943206+00:00
2026-09-15 14:00:00+00:00,2026-09-18 16:00:00+00:00,18.3,15.9,0.0,0.0,0.0,0.0,0.164,forecast,2026-09-15 15:01:17.943206+00:00
2026-09-15 14:00:00+00:00,2026-09-18 17:00:00+00:00,17.1,14.7,0.0,0.0,0.0,0.0,0.064,forecast,2026-09-15 15:01:17.943206+00:00
2026-09-15 14:00:00+00:00,2026-09-18 18:00:00+00:00,15.5,13.6,0.0,0.0,0.0,0.0,0.008,forecast,2026-09-15 15:01:17.943206+00:00
2026-09-15 14:00:00+00:00,2026-09-18 19:00:00+00:00,14.5,12.6,0.0,0.0,0.0,0.0,0.0,forecast,2026-09-15 15:01:17.943206+00:00
2026-09-15 14:00:00+00:00,2026-09-18 20:00:00+00:00,13.8,11.8,0.0,0.0,0.0,0.0,0.0,forecast,2026-09-15 15:01:17.943206+00:00
2026-09-15 14:00:00+00:00,2026-09-18 21:00:00+00:00,13.2,10.9,0.0,0.0,0.0,0.0,0.0,forecast,2026-09-15 15:01:17.943206+00:00
2026-09-15 14:00:00+00:00,2026-09-18 22:00:00+00:00,12.7,10.2,0.0,0.0,0.0,0.0,0.0,forecast,2026-09-15 15:01:17.943206+00:00
2026-09-15 14:00:00+00:00,2026-09-18 23:00:00+00:00,12.3,9.7,0.0,0.0,0.0,0.0,0.0,forecast,2026-09-15 15:01:17.943206+00:00
2026-09-15 14:00:00+00:00,2026-09-19 00:00:00+00:00,11.8,9.1,0.0,0.0,0.0,0.0,0.0,forecast,2026-09-15 15:01:17.943206+00:00
2026-09-15 14:00:00+00:00,2026-09-19 01:00:00+00:00,11.5,8.7,0.0,0.0,0.0,0.0,0.0,forecast,2026-09-15 15:01:17.943206+00:00
2026-09-15 14:00:00+00:00,2026-09-19 02:00:00+00:00,11.1,8.3,0.0,0.0,0.0,0.0,0.0,forecast,2026-09-15 15:01:17.943206+00:00
2026-09-15 14:00:00+00:00,2026-09-19 03:00:00+00:00,10.7,8.0,0.0,0.0,0.0,0.0,0.0,forecast,2026-09-15 15:01:17.943206+00:00
2026-09-15 14:00:00+00:00,2026-09-19 04:00:00+00:00,10.6,7.7,0.0,0.0,0.0,0.0,0.0,forecast,2026-09-15 15:01:17.943206+00:00
2026-09-15 14:00:00+00:00,2026-09-19 05:00:00+00:00,11.0,7.8,0.0,0.0,0.0,0.0,0.0,forecast,2026-09-15 15:01:17.943206+00:00
2026-09-15 14:00:00+00:00,2026-09-19 06:00:00+00:00,12.0,8.7,0.0,0.0,0.0,0.0,0.028,forecast,2026-09-15 15:01:17.943206+00:00
2026-09-15 14:00:00+00:00,2026-09-19 07:00:00+00:00,13.5,10.4,0.0,0.0,0.0,0.0,0.133,forecast,2026-09-15 15:01:17.943206+00:00
2026-09-15 14:00:00+00:00,2026-09-19 08:00:00+00:00,15.2,12.8,0.0,0.0,0.0,0.0,0.281,forecast,2026-09-15 15:01:17.943206+00:00
2026-09-15 14:00:00+00:00,2026-09-19 09:00:00+00:00,16.8,15.1,0.0,0.0,0.0,0.0,0.439,forecast,2026-09-15 15:01:17.943206+00:00
2026-09-15 14:00:00+00:00,2026-09-19 10:00:00+00:00,18.2,16.8,0.0,0.0,0.0,0.0,0.556,forecast,2026-09-15 15:01:17.943206+00:00
2026-09-15 14:00:00+00:00,2026-09-19 11:00:00+00:00,19.2,18.0,0.0,0.0,0.0,0.0,0.622,forecast,2026-09-15 15:01:17.943206+00:00
2026-09-15 14:00:00+00:00,2026-09-19 12:00:00+00:00,19.7,18.8,0.0,0.0,0.0,0.0,0.647,forecast,2026-09-15 15:01:17.943206+00:00
2026-09-15 14:00:00+00:00,2026-09-19 13:00:00+00:00,20.1,19.1,0.0,0.0,0.0,0.0,0.6,forecast,2026-09-15 15:01:17.943206+00:00
2026-09-15 14:00:00+00:00,2026-09-19 14:00:00+00:00,20.2,19.2,0.0,0.0,0.0,0.0,0.514,forecast,2026-09-15 15:01:17.943206+00:00
2026-09-15 15:00:00+00:00,2026-09-15 16:00:00+00:00,24.1,23.0,0.0,0.0,0.0,0.0,0.333,forecast,2026-09-15 15:59:49.853352+00:00
2026-09-15 15:00:00+00:00,2026-09-15 17:00:00+00:00,22.3,20.5,0.0,0.0,0.0,0.0,0.136,forecast,2026-09-15 15:59:49.853352+00:00
2026-09-15 15:00:00+00:00,2026-09-15 18:00:00+00:00,20.2,18.0,0.0,0.0,0.0,0.0,0.019,forecast,2026-09-15 15:59:49.853352+00:00
2026-09-15 15:00:00+00:00,2026-09-15 19:00:00+00:00,18.8,16.0,0.0,0.0,0.0,0.0,0.0,forecast,2026-09-15 15:59:49.853352+00:00
2026-09-15 15:00:00+00:00,2026-09-15 20:00:00+00:00,17.6,14.6,0.0,0.0,0.0,0.0,0.0,forecast,2026-09-15 15:59:49.853352+00:00
2026-09-15 15:00:00+00:00,2026-09-15 21:00:00+00:00,17.0,13.5,0.0,0.0,0.0,0.0,0.0,forecast,2026-09-15 15:59:49.853352+00:00
2026-09-15 15:00:00+00:00,2026-09-15 22:00:00+00:00,16.6,13.0,0.0,0.0,0.0,0.0,0.0,forecast,2026-09-15 15:59:49.853352+00:00
2026-09-15 15:00:00+00:00,2026-09-15 23:00:00+00:00,16.1,12.4,0.0,0.0,0.0,0.0,0.0,forecast,2026-09-15 15:59:49.853352+00:00
2026-09-15 15:00:00+00:00,2026-09-16 00:00:00+00:00,16.0,12.0,0.0,0.0,0.0,0.0,0.0,forecast,2026-09-15 15:59:49.853352+00:00
2026-09-15 15:00:00+00:00,2026-09-16 01:00:00+00:00,15.8,11.6,0.0,0.0,0.0,0.0,0.0,forecast,2026-09-15 15:59:49.853352+00:00
2026-09-15 15:00:00+00:00,2026-09-16 02:00:00+00:00,15.7,11.3,0.0,0.0,0.0,0.0,0.0,forecast,2026-09-15 15:59:49.853352+00:00
2026-09-15 15:00:00+00:00,2026-09-16 03:00:00+00:00,15.9,11.1,0.0,0.0,0.0,0.0,0.0,forecast,2026-09-15 15:59:49.853352+00:00
2026-09-15 15:00:00+00:00,2026-09-16 04:00:00+00:00,16.1,11.2,0.0,0.0,0.0,0.0,0.0,forecast,2026-09-15 15:59:49.853352+00:00
2026-09-15 15:00:00+00:00,2026-09-16 05:00:00+00:00,16.6,11.8,0.0,0.0,0.0,0.0,0.0,forecast,2026-09-15 15:59:49.853352+00:00
2026-09-15 15:00:00+00:00,2026-09-16 06:00:00+00:00,17.9,13.0,0.0,0.0,0.0,0.0,0.025,forecast,2026-09-15 15:59:49.853352+00:00
2026-09-15 15:00:00+00:00,2026-09-16 07:00:00+00:00,19.5,15.3,0.0,0.0,0.0,0.0,0.111,forecast,2026-09-15 15:59:49.853352+00:00
2026-09-15 15:00:00+00:00,2026-09-16 08:00:00+00:00,21.6,17.8,0.0,0.0,0.0,0.0,0.222,forecast,2026-09-15 15:59:49.853352+00:00
2026-09-15 15:00:00+00:00,2026-09-16 09:00:00+00:00,23.1,19.8,0.0,0.0,0.0,0.0,0.333,forecast,2026-09-15 15:59:49.853352+00:00
2026-09-15 15:00:00+00:00,2026-09-16 10:00:00+00:00,23.6,21.4,0.0,0.0,0.0,0.0,0.394,forecast,2026-09-15 15:59:49.853352+00:00
2026-09-15 15:00:00+00:00,2026-09-16 11:00:00+00:00,23.8,22.0,0.0,0.0,0.0,0.0,0.397,forecast,2026-09-15 15:59:49.853352+00:00
2026-09-15 15:00:00+00:00,2026-09-16 12:00:00+00:00,22.7,21.7,0.0,0.0,0.0,0.0,0.367,forecast,2026-09-15 15:59:49.853352+00:00
2026-09-15 15:00:00+00:00,2026-09-16 13:00:00+00:00,22.1,21.2,0.0,0.0,0.5,0.6,0.308,forecast,2026-09-15 15:59:49.853352+00:00
2026-09-15 15:00:00+00:00,2026-09-16 14:00:00+00:00,20.9,20.2,0.0,0.0,1.1,0.8,0.228,forecast,2026-09-15 15:59:49.853352+00:00
2026-09-15 15:00:00+00:00,2026-09-16 15:00:00+00:00,19.8,19.0,0.0,0.0,1.3,0.9,0.153,forecast,2026-09-15 15:59:49.853352+00:00
2026-09-15 15:00:00+00:00,2026-09-16 16:00:00+00:00,18.7,17.7,1.8,1.5,1.8,1.4,0.089,forecast,2026-09-15 15:59:49.853352+00:00
2026-09-15 15:00:00+00:00,2026-09-16 17:00:00+00:00,17.7,16.7,2.0,1.8,1.9,1.8,0.031,forecast,2026-09-15 15:59:49.853352+00:00
2026-09-15 15:00:00+00:00,2026-09-16 18:00:00+00:00,16.6,15.8,2.4,2.4,2.2,2.1,0.003,forecast,2026-09-15 15:59:49.853352+00:00
2026-09-15 15:00:00+00:00,2026-09-16 19:00:00+00:00,16.0,15.1,2.3,2.4,2.6,1.9,0.0,forecast,2026-09-15 15:59:49.853352+00:00
2026-09-15 15:00:00+00:00,2026-09-16 20:00:00+00:00,15.2,14.4,2.0,2.2,2.5,1.8,0.0,forecast,2026-09-15 15:59:49.853352+00:00
2026-09-15 15:00:00+00:00,2026-09-16 21:00:00+00:00,14.5,13.7,2.1,2.1,2.4,1.7,0.0,forecast,2026-09-15 15:59:49.853352+00:00
2026-09-15 15:00:00+00:00,2026-09-16 22:00:00+00:00,14.2,13.2,1.9,1.8,2.4,1.6,0.0,forecast,2026-09-15 15:59:49.853352+00:00
2026-09-15 15:00:00+00:00,2026-09-16 23:00:00+00:00,13.7,12.6,1.5,1.5,2.0,1.3,0.0,forecast,2026-09-15 15:59:49.853352+00:00
2026-09-15 15:00:00+00:00,2026-09-17 00:00:00+00:00,13.2,12.3,1.2,1.2,1.5,1.1,0.0,forecast,2026-09-15 15:59:49.853352+00:00
2026-09-15 15:00:00+00:00,2026-09-17 01:00:00+00:00,12.8,11.9,0.8,0.7,0.7,0.8,0.0,forecast,2026-09-15 15:59:49.853352+00:00
2026-09-15 15:00:00+00:00,2026-09-17 02:00:00+00:00,12.7,11.7,0.6,0.6,0.5,0.6,0.0,forecast,2026-09-15 15:59:49.853352+00:00
2026-09-15 15:00:00+00:00,2026-09-17 03:00:00+00:00,12.3,11.4,0.4,0.5,0.4,0.5,0.0,forecast,2026-09-15 15:59:49.853352+00:00
2026-09-15 15:00:00+00:00,2026-09-17 04:00:00+00:00,12.2,10.9,0.4,0.4,0.4,0.3,0.0,forecast,2026-09-15 15:59:49.853352+00:00
2026-09-15 15:00:00+00:00,2026-09-17 05:00:00+00:00,12.3,10.8,0.3,0.3,0.2,0.2,0.0,forecast,2026-09-15 15:59:49.853352+00:00
2026-09-15 15:00:00+00:00,2026-09-17 06:00:00+00:00,12.7,11.2,0.2,0.2,0.1,0.1,0.019,forecast,2026-09-15 15:59:49.853352+00:00
2026-09-15 15:00:00+00:00,2026-09-17 07:00:00+00:00,13.9,11.7,0.0,0.0,0.0,0.0,0.097,forecast,2026-09-15 15:59:49.853352+00:00
2026-09-15 15:00:00+00:00,2026-09-17 08:00:00+00:00,15.2,12.8,0.0,0.0,0.0,0.0,0.211,forecast,2026-09-15 15:59:49.853352+00:00
2026-09-15 15:00:00+00:00,2026-09-17 09:00:00+00:00,16.3,14.1,0.0,0.0,0.0,0.0,0.322,forecast,2026-09-15 15:59:49.853352+00:00
2026-09-15 15:00:00+00:00,2026-09-17 10:00:00+00:00,17.3,15.3,0.0,0.0,0.0,0.0,0.431,forecast,2026-09-15 15:59:49.853352+00:00
2026-09-15 15:00:00+00:00,2026-09-17 11:00:00+00:00,18.3,15.9,0.0,0.0,0.0,0.0,0.5,forecast,2026-09-15 15:59:49.853352+00:00
2026-09-15 15:00:00+00:00,2026-09-17 12:00:00+00:00,19.0,16.5,0.0,0.0,0.0,0.0,0.514,forecast,2026-09-15 15:59:49.853352+00:00
2026-09-15 15:00:00+00:00,2026-09-17 13:00:00+00:00,19.4,16.8,0.0,0.0,0.0,0.0,0.464,forecast,2026-09-15 15:59:49.853352+00:00
2026-09-15 15:00:00+00:00,2026-09-17 14:00:00+00:00,19.5,16.6,0.0,0.0,0.0,0.0,0.386,forecast,2026-09-15 15:59:49.853352+00:00
2026-09-15 15:00:00+00:00,2026-09-17 15:00:00+00:00,19.4,16.3,0.0,0.0,0.0,0.0,0.292,forecast,2026-09-15 15:59:49.853352+00:00
2026-09-15 15:00:00+00:00,2026-09-17 16:00:00+00:00,18.7,15.7,0.0,0.0,0.0,0.0,0.181,forecast,2026-09-15 15:59:49.853352+00:00
2026-09-15 15:00:00+00:00,2026-09-17 17:00:00+00:00,17.6,14.5,0.0,0.0,0.0,0.0,0.078,forecast,2026-09-15 15:59:49.853352+00:00
2026-09-15 15:00:00+00:00,2026-09-17 18:00:00+00:00,15.9,13.2,0.0,0.0,0.0,0.0,0.011,forecast,2026-09-15 15:59:49.853352+00:00
2026-09-15 15:00:00+00:00,2026-09-17 19:00:00+00:00,14.6,12.4,0.0,0.0,0.0,0.0,0.0,forecast,2026-09-15 15:59:49.853352+00:00
2026-09-15 15:00:00+00:00,2026-09-17 20:00:00+00:00,13.7,11.6,0.0,0.0,0.0,0.0,0.0,forecast,2026-09-15 15:59:49.853352+00:00
2026-09-15 15:00:00+00:00,2026-09-17 21:00:00+00:00,13.1,10.9,0.0,0.0,0.0,0.0,0.0,forecast,2026-09-15 15:59:49.853352+00:00
2026-09-15 15:00:00+00:00,2026-09-17 22:00:00+00:00,12.6,10.5,0.0,0.0,0.0,0.0,0.0,forecast,2026-09-15 15:59:49.853352+00:00
2026-09-15 15:00:00+00:00,2026-09-17 23:00:00+00:00,12.2,10.3,0.0,0.0,0.0,0.0,0.0,forecast,2026-09-15 15:59:49.853352+00:00
2026-09-15 15:00:00+00:00,2026-09-18 00:00:00+00:00,11.8,10.4,0.0,0.0,0.0,0.0,0.0,forecast,2026-09-15 15:59:49.853352+00:00
2026-09-15 15:00:00+00:00,2026-09-18 01:00:00+00:00,11.5,10.3,0.0,0.0,0.0,0.0,0.0,forecast,2026-09-15 15:59:49.853352+00:00
2026-09-15 15:00:00+00:00,2026-09-18 02:00:00+00:00,11.4,10.1,0.0,0.0,0.0,0.0,0.0,forecast,2026-09-15 15:59:49.853352+00:00
2026-09-15 15:00:00+00:00,2026-09-18 03:00:00+00:00,11.2,10.0,0.0,0.0,0.0,0.0,0.0,forecast,2026-09-15 15:59:49.853352+00:00
2026-09-15 15:00:00+00:00,2026-09-18 04:00:00+00:00,11.1,9.9,0.0,0.0,0.0,0.0,0.0,forecast,2026-09-15 15:59:49.853352+00:00
2026-09-15 15:00:00+00:00,2026-09-18 05:00:00+00:00,11.4,10.0,0.0,0.0,0.0,1.4,0.0,forecast,2026-09-15 15:59:49.853352+00:00
2026-09-15 15:00:00+00:00,2026-09-18 06:00:00+00:00,12.4,10.7,0.0,0.0,0.0,0.0,0.022,forecast,2026-09-15 15:59:49.853352+00:00
2026-09-15 15:00:00+00:00,2026-09-18 07:00:00+00:00,13.8,11.8,0.0,0.0,0.0,0.0,0.103,forecast,2026-09-15 15:59:49.853352+00:00
2026-09-15 15:00:00+00:00,2026-09-18 08:00:00+00:00,15.5,13.4,0.0,0.0,0.0,0.0,0.206,forecast,2026-09-15 15:59:49.853352+00:00
2026-09-15 15:00:00+00:00,2026-09-18 09:00:00+00:00,16.8,15.0,0.0,0.0,0.0,0.0,0.322,forecast,2026-09-15 15:59:49.853352+00:00
2026-09-15 15:00:00+00:00,2026-09-18 10:00:00+00:00,17.7,16.1,0.0,0.0,0.0,0.0,0.406,forecast,2026-09-15 15:59:49.853352+00:00
2026-09-15 15:00:00+00:00,2026-09-18 11:00:00+00:00,18.7,16.8,0.0,0.0,0.0,0.0,0.458,forecast,2026-09-15 15:59:49.853352+00:00
2026-09-15 15:00:00+00:00,2026-09-18 12:00:00+00:00,19.2,17.3,0.0,0.0,0.0,0.0,0.475,forecast,2026-09-15 15:59:49.853352+00:00
2026-09-15 15:00:00+00:00,2026-09-18 13:00:00+00:00,19.4,17.7,0.0,0.0,0.0,0.0,0.436,forecast,2026-09-15 15:59:49.853352+00:00
2026-09-15 15:00:00+00:00,2026-09-18 14:00:00+00:00,19.3,17.5,0.0,0.0,0.0,0.0,0.361,forecast,2026-09-15 15:59:49.853352+00:00
2026-09-15 15:00:00+00:00,2026-09-18 15:00:00+00:00,19.0,16.9,0.0,0.0,0.0,0.0,0.269,forecast,2026-09-15 15:59:49.853352+00:00
2026-09-15 15:00:00+00:00,2026-09-18 16:00:00+00:00,18.3,15.9,0.0,0.0,0.0,0.0,0.164,forecast,2026-09-15 15:59:49.853352+00:00
2026-09-15 15:00:00+00:00,2026-09-18 17:00:00+00:00,17.1,14.7,0.0,0.0,0.0,0.0,0.064,forecast,2026-09-15 15:59:49.853352+00:00
2026-09-15 15:00:00+00:00,2026-09-18 18:00:00+00:00,15.5,13.6,0.0,0.0,0.0,0.0,0.008,forecast,2026-09-15 15:59:49.853352+00:00
2026-09-15 15:00:00+00:00,2026-09-18 19:00:00+00:00,14.5,12.6,0.0,0.0,0.0,0.0,0.0,forecast,2026-09-15 15:59:49.853352+00:00
2026-09-15 15:00:00+00:00,2026-09-18 20:00:00+00:00,13.8,11.8,0.0,0.0,0.0,0.0,0.0,forecast,2026-09-15 15:59:49.853352+00:00
2026-09-15 15:00:00+00:00,2026-09-18 21:00:00+00:00,13.2,10.9,0.0,0.0,0.0,0.0,0.0,forecast,2026-09-15 15:59:49.853352+00:00
2026-09-15 15:00:00+00:00,2026-09-18 22:00:00+00:00,12.7,10.2,0.0,0.0,0.0,0.0,0.0,forecast,2026-09-15 15:59:49.853352+00:00
2026-09-15 15:00:00+00:00,2026-09-18 23:00:00+00:00,12.3,9.7,0.0,0.0,0.0,0.0,0.0,forecast,2026-09-15 15:59:49.853352+00:00
2026-09-15 15:00:00+00:00,2026-09-19 00:00:00+00:00,11.8,9.1,0.0,0.0,0.0,0.0,0.0,forecast,2026-09-15 15:59:49.853352+00:00
2026-09-15 15:00:00+00:00,2026-09-19 01:00:00+00:00,11.5,8.7,0.0,0.0,0.0,0.0,0.0,forecast,2026-09-15 15:59:49.853352+00:00
2026-09-15 15:00:00+00:00,2026-09-19 02:00:00+00:00,11.1,8.3,0.0,0.0,0.0,0.0,0.0,forecast,2026-09-15 15:59:49.853352+00:00
2026-09-15 15:00:00+00:00,2026-09-19 03:00:00+00:00,10.7,8.0,0.0,0.0,0.0,0.0,0.0,forecast,2026-09-15 15:59:49.853352+00:00
2026-09-15 15:00:00+00:00,2026-09-19 04:00:00+00:00,10.6,7.7,0.0,0.0,0.0,0.0,0.0,forecast,2026-09-15 15:59:49.853352+00:00
2026-09-15 15:00:00+00:00,2026-09-19 05:00:00+00:00,11.0,7.8,0.0,0.0,0.0,0.0,0.0,forecast,2026-09-15 15:59:49.853352+00:00
2026-09-15 15:00:00+00:00,2026-09-19 06:00:00+00:00,12.0,8.7,0.0,0.0,0.0,0.0,0.028,forecast,2026-09-15 15:59:49.853352+00:00
2026-09-15 15:00:00+00:00,2026-09-19 07:00:00+00:00,13.5,10.4,0.0,0.0,0.0,0.0,0.133,forecast,2026-09-15 15:59:49.853352+00:00
2026-09-15 15:00:00+00:00,2026-09-19 08:00:00+00:00,15.2,12.8,0.0,0.0,0.0,0.0,0.281,forecast,2026-09-15 15:59:49.853352+00:00
2026-09-15 15:00:00+00:00,2026-09-19 09:00:00+00:00,16.8,15.1,0.0,0.0,0.0,0.0,0.439,forecast,2026-09-15 15:59:49.853352+00:00
2026-09-15 15:00:00+00:00,2026-09-19 10:00:00+00:00,18.2,16.8,0.0,0.0,0.0,0.0,0.556,forecast,2026-09-15 15:59:49.853352+00:00
2026-09-15 15:00:00+00:00,2026-09-19 11:00:00+00:00,19.2,18.0,0.0,0.0,0.0,0.0,0.622,forecast,2026-09-15 15:59:49.853352+00:00
2026-09-15 15:00:00+00:00,2026-09-19 12:00:00+00:00,19.7,18.8,0.0,0.0,0.0,0.0,0.647,forecast,2026-09-15 15:59:49.853352+00:00
2026-09-15 15:00:00+00:00,2026-09-19 13:00:00+00:00,20.1,19.1,0.0,0.0,0.0,0.0,0.6,forecast,2026-09-15 15:59:49.853352+00:00
2026-09-15 15:00:00+00:00,2026-09-19 14:00:00+00:00,20.2,19.2,0.0,0.0,0.0,0.0,0.514,forecast,2026-09-15 15:59:49.853352+00:00
2026-09-15 15:00:00+00:00,2026-09-19 15:00:00+00:00,20.0,19.0,0.0,0.0,0.0,0.0,0.394,forecast,2026-09-15 15:59:49.853352+00:00
2026-09-15 22:00:00+00:00,2026-09-15 23:00:00+00:00,16.6,12.2,0.0,0.0,0.0,0.0,0.0,forecast,2026-09-15 22:43:34.189039+00:00
2026-09-15 22:00:00+00:00,2026-09-16 00:00:00+00:00,16.4,11.9,0.0,0.0,0.0,0.0,0.0,forecast,2026-09-15 22:43:34.189039+00:00
2026-09-15 22:00:00+00:00,2026-09-16 01:00:00+00:00,16.1,11.4,0.0,0.0,0.0,0.0,0.0,forecast,2026-09-15 22:43:34.189039+00:00
2026-09-15 22:00:00+00:00,2026-09-16 02:00:00+00:00,16.1,11.3,0.0,0.0,0.0,0.0,0.0,forecast,2026-09-15 22:43:34.189039+00:00
2026-09-15 22:00:00+00:00,2026-09-16 03:00:00+00:00,16.0,11.1,0.0,0.0,0.0,0.0,0.0,forecast,2026-09-15 22:43:34.189039+00:00
2026-09-15 22:00:00+00:00,2026-09-16 04:00:00+00:00,16.2,11.1,0.0,0.0,0.0,0.0,0.0,forecast,2026-09-15 22:43:34.189039+00:00
2026-09-15 22:00:00+00:00,2026-09-16 05:00:00+00:00,16.9,11.8,0.0,0.0,0.0,0.0,0.0,forecast,2026-09-15 22:43:34.189039+00:00
2026-09-15 22:00:00+00:00,2026-09-16 06:00:00+00:00,18.1,13.0,0.0,0.0,0.0,0.0,0.022,forecast,2026-09-15 22:43:34.189039+00:00
2026-09-15 22:00:00+00:00,2026-09-16 07:00:00+00:00,19.8,15.4,0.0,0.0,0.0,0.0,0.111,forecast,2026-09-15 22:43:34.189039+00:00
2026-09-15 22:00:00+00:00,2026-09-16 08:00:00+00:00,21.9,17.8,0.0,0.0,0.0,0.0,0.206,forecast,2026-09-15 22:43:34.189039+00:00
2026-09-15 22:00:00+00:00,2026-09-16 09:00:00+00:00,22.9,19.7,0.0,0.0,0.0,0.0,0.311,forecast,2026-09-15 22:43:34.189039+00:00
2026-09-15 22:00:00+00:00,2026-09-16 10:00:00+00:00,23.4,21.3,0.0,0.0,0.0,0.1,0.378,forecast,2026-09-15 22:43:34.189039+00:00
2026-09-15 22:00:00+00:00,2026-09-16 11:00:00+00:00,23.2,21.8,0.0,0.0,0.0,0.2,0.392,forecast,2026-09-15 22:43:34.189039+00:00
2026-09-15 22:00:00+00:00,2026-09-16 12:00:00+00:00,22.4,21.3,0.2,0.0,0.2,0.4,0.361,forecast,2026-09-15 22:43:34.189039+00:00
2026-09-15 22:00:00+00:00,2026-09-16 13:00:00+00:00,21.8,20.9,0.6,0.4,0.6,0.8,0.303,forecast,2026-09-15 22:43:34.189039+00:00
2026-09-15 22:00:00+00:00,2026-09-16 14:00:00+00:00,20.8,20.1,1.0,0.7,1.2,1.0,0.225,forecast,2026-09-15 22:43:34.189039+00:00
2026-09-15 22:00:00+00:00,2026-09-16 15:00:00+00:00,19.9,18.9,1.2,0.8,1.6,1.4,0.142,forecast,2026-09-15 22:43:34.189039+00:00
2026-09-15 22:00:00+00:00,2026-09-16 16:00:00+00:00,18.8,17.7,1.6,1.4,2.0,1.6,0.072,forecast,2026-09-15 22:43:34.189039+00:00
2026-09-15 22:00:00+00:00,2026-09-16 17:00:00+00:00,17.8,16.6,2.2,2.0,2.5,2.2,0.031,forecast,2026-09-15 22:43:34.189039+00:00
2026-09-15 22:00:00+00:00,2026-09-16 18:00:00+00:00,17.0,16.0,2.3,2.1,2.4,2.4,0.003,forecast,2026-09-15 22:43:34.189039+00:00
2026-09-15 22:00:00+00:00,2026-09-16 19:00:00+00:00,16.0,15.2,2.1,2.0,2.4,2.1,0.0,forecast,2026-09-15 22:43:34.189039+00:00
2026-09-15 22:00:00+00:00,2026-09-16 20:00:00+00:00,15.3,14.4,2.0,1.8,2.1,1.8,0.0,forecast,2026-09-15 22:43:34.189039+00:00
2026-09-15 22:00:00+00:00,2026-09-16 21:00:00+00:00,14.9,13.7,2.0,1.8,1.6,1.8,0.0,forecast,2026-09-15 22:43:34.189039+00:00
2026-09-15 22:00:00+00:00,2026-09-16 22:00:00+00:00,14.2,13.1,1.7,1.8,1.7,1.7,0.0,forecast,2026-09-15 22:43:34.189039+00:00
2026-09-15 22:00:00+00:00,2026-09-16 23:00:00+00:00,13.9,12.5,1.3,1.3,1.4,1.4,0.0,forecast,2026-09-15 22:43:34.189039+00:00
2026-09-15 22:00:00+00:00,2026-09-17 00:00:00+00:00,13.5,12.2,1.0,1.0,1.2,1.2,0.0,forecast,2026-09-15 22:43:34.189039+00:00
2026-09-15 22:00:00+00:00,2026-09-17 01:00:00+00:00,13.0,11.8,0.8,0.7,1.0,0.8,0.0,forecast,2026-09-15 22:43:34.189039+00:00
2026-09-15 22:00:00+00:00,2026-09-17 02:00:00+00:00,12.8,11.5,0.6,0.6,0.8,0.7,0.0,forecast,2026-09-15 22:43:34.189039+00:00
2026-09-15 22:00:00+00:00,2026-09-17 03:00:00+00:00,12.3,11.1,0.4,0.5,0.6,0.5,0.0,forecast,2026-09-15 22:43:34.189039+00:00
2026-09-15 22:00:00+00:00,2026-09-17 04:00:00+00:00,12.2,10.9,0.3,0.5,0.0,0.3,0.0,forecast,2026-09-15 22:43:34.189039+00:00
2026-09-15 22:00:00+00:00,2026-09-17 05:00:00+00:00,12.2,10.7,0.2,0.3,0.0,0.1,0.0,forecast,2026-09-15 22:43:34.189039+00:00
2026-09-15 22:00:00+00:00,2026-09-17 06:00:00+00:00,12.7,11.0,0.1,0.1,0.0,0.1,0.022,forecast,2026-09-15 22:43:34.189039+00:00
2026-09-15 22:00:00+00:00,2026-09-17 07:00:00+00:00,13.8,11.7,0.0,0.0,0.0,0.0,0.117,forecast,2026-09-15 22:43:34.189039+00:00
2026-09-15 22:00:00+00:00,2026-09-17 08:00:00+00:00,15.1,12.9,0.0,0.0,0.0,0.0,0.239,forecast,2026-09-15 22:43:34.189039+00:00
2026-09-15 22:00:00+00:00,2026-09-17 09:00:00+00:00,16.4,14.4,0.0,0.0,0.0,0.0,0.375,forecast,2026-09-15 22:43:34.189039+00:00
2026-09-15 22:00:00+00:00,2026-09-17 10:00:00+00:00,17.6,15.6,0.0,0.0,0.0,0.0,0.481,forecast,2026-09-15 22:43:34.189039+00:00
2026-09-15 22:00:00+00:00,2026-09-17 11:00:00+00:00,18.4,16.5,0.0,0.0,0.0,0.0,0.553,forecast,2026-09-15 22:43:34.189039+00:00
2026-09-15 22:00:00+00:00,2026-09-17 12:00:00+00:00,19.1,17.4,0.0,0.0,0.0,0.0,0.567,forecast,2026-09-15 22:43:34.189039+00:00
2026-09-15 22:00:00+00:00,2026-09-17 13:00:00+00:00,19.4,17.8,0.0,0.0,0.0,0.0,0.517,forecast,2026-09-15 22:43:34.189039+00:00
2026-09-15 22:00:00+00:00,2026-09-17 14:00:00+00:00,19.6,18.1,0.0,0.0,0.0,0.0,0.436,forecast,2026-09-15 22:43:34.189039+00:00
2026-09-15 22:00:00+00:00,2026-09-17 15:00:00+00:00,19.4,17.5,0.0,0.0,0.0,0.0,0.339,forecast,2026-09-15 22:43:34.189039+00:00
2026-09-15 22:00:00+00:00,2026-09-17 16:00:00+00:00,18.7,16.6,0.0,0.0,0.0,0.0,0.208,forecast,2026-09-15 22:43:34.189039+00:00
2026-09-15 22:00:00+00:00,2026-09-17 17:00:00+00:00,17.2,15.1,0.0,0.0,0.0,0.0,0.086,forecast,2026-09-15 22:43:34.189039+00:00
2026-09-15 22:00:00+00:00,2026-09-17 18:00:00+00:00,15.7,13.3,0.0,0.0,0.0,0.0,0.011,forecast,2026-09-15 22:43:34.189039+00:00
2026-09-15 22:00:00+00:00,2026-09-17 19:00:00+00:00,14.4,12.0,0.0,0.0,0.0,0.0,0.0,forecast,2026-09-15 22:43:34.189039+00:00
2026-09-15 22:00:00+00:00,2026-09-17 20:00:00+00:00,13.4,10.9,0.0,0.0,0.0,0.0,0.0,forecast,2026-09-15 22:43:34.189039+00:00
2026-09-15 22:00:00+00:00,2026-09-17 21:00:00+00:00,12.8,10.2,0.0,0.0,0.0,0.0,0.0,forecast,2026-09-15 22:43:34.189039+00:00
2026-09-15 22:00:00+00:00,2026-09-17 22:00:00+00:00,12.4,9.8,0.0,0.0,0.0,0.0,0.0,forecast,2026-09-15 22:43:34.189039+00:00
2026-09-15 22:00:00+00:00,2026-09-17 23:00:00+00:00,12.1,9.3,0.0,0.0,0.0,0.0,0.0,forecast,2026-09-15 22:43:34.189039+00:00
2026-09-15 22:00:00+00:00,2026-09-18 00:00:00+00:00,11.8,9.3,0.0,0.0,0.0,0.0,0.0,forecast,2026-09-15 22:43:34.189039+00:00
2026-09-15 22:00:00+00:00,2026-09-18 01:00:00+00:00,11.7,9.0,0.0,0.0,0.0,0.0,0.0,forecast,2026-09-15 22:43:34.189039+00:00
2026-09-15 22:00:00+00:00,2026-09-18 02:00:00+00:00,11.7,8.9,0.0,0.0,0.0,0.0,0.0,forecast,2026-09-15 22:43:34.189039+00:00
2026-09-15 22:00:00+00:00,2026-09-18 03:00:00+00:00,11.6,8.7,0.0,0.0,0.0,0.0,0.0,forecast,2026-09-15 22:43:34.189039+00:00
2026-09-15 22:00:00+00:00,2026-09-18 04:00:00+00:00,11.6,8.6,0.0,0.0,0.0,0.0,0.0,forecast,2026-09-15 22:43:34.189039+00:00
2026-09-15 22:00:00+00:00,2026-09-18 05:00:00+00:00,11.9,9.2,0.0,0.0,0.0,0.0,0.0,forecast,2026-09-15 22:43:34.189039+00:00
2026-09-15 22:00:00+00:00,2026-09-18 06:00:00+00:00,12.7,10.1,0.0,0.0,0.0,0.0,0.022,forecast,2026-09-15 22:43:34.189039+00:00
2026-09-15 22:00:00+00:00,2026-09-18 07:00:00+00:00,14.1,11.5,0.0,0.0,0.0,0.0,0.103,forecast,2026-09-15 22:43:34.189039+00:00
2026-09-15 22:00:00+00:00,2026-09-18 08:00:00+00:00,15.7,13.3,0.0,0.0,0.0,0.0,0.208,forecast,2026-09-15 22:43:34.189039+00:00
2026-09-15 22:00:00+00:00,2026-09-18 09:00:00+00:00,17.4,14.9,0.0,0.0,0.0,0.0,0.319,forecast,2026-09-15 22:43:34.189039+00:00
2026-09-15 22:00:00+00:00,2026-09-18 10:00:00+00:00,18.5,16.2,0.0,0.0,0.0,0.0,0.408,forecast,2026-09-15 22:43:34.189039+00:00
2026-09-15 22:00:00+00:00,2026-09-18 11:00:00+00:00,19.0,16.8,0.0,0.0,0.0,0.0,0.442,forecast,2026-09-15 22:43:34.189039+00:00
2026-09-15 22:00:00+00:00,2026-09-18 12:00:00+00:00,19.6,17.5,0.0,0.0,0.0,0.0,0.458,forecast,2026-09-15 22:43:34.189039+00:00
2026-09-15 22:00:00+00:00,2026-09-18 13:00:00+00:00,20.0,17.8,0.0,0.0,0.0,0.0,0.428,forecast,2026-09-15 22:43:34.189039+00:00
2026-09-15 22:00:00+00:00,2026-09-18 14:00:00+00:00,19.9,17.6,0.0,0.0,0.0,0.0,0.361,forecast,2026-09-15 22:43:34.189039+00:00
2026-09-15 22:00:00+00:00,2026-09-18 15:00:00+00:00,19.4,17.1,0.0,0.0,0.0,0.0,0.281,forecast,2026-09-15 22:43:34.189039+00:00
2026-09-15 22:00:00+00:00,2026-09-18 16:00:00+00:00,18.7,16.1,0.0,0.0,0.0,0.0,0.175,forecast,2026-09-15 22:43:34.189039+00:00
2026-09-15 22:00:00+00:00,2026-09-18 17:00:00+00:00,17.5,15.2,0.0,0.0,0.0,0.0,0.075,forecast,2026-09-15 22:43:34.189039+00:00
2026-09-15 22:00:00+00:00,2026-09-18 18:00:00+00:00,15.8,13.9,0.0,0.0,0.0,0.0,0.008,forecast,2026-09-15 22:43:34.189039+00:00
2026-09-15 22:00:00+00:00,2026-09-18 19:00:00+00:00,14.8,12.7,0.0,0.0,0.0,0.0,0.0,forecast,2026-09-15 22:43:34.189039+00:00
2026-09-15 22:00:00+00:00,2026-09-18 20:00:00+00:00,13.9,11.9,0.0,0.0,0.0,0.0,0.0,forecast,2026-09-15 22:43:34.189039+00:00
2026-09-15 22:00:00+00:00,2026-09-18 21:00:00+00:00,13.3,11.2,0.0,0.0,0.0,0.0,0.0,forecast,2026-09-15 22:43:34.189039+00:00
2026-09-15 22:00:00+00:00,2026-09-18 22:00:00+00:00,12.9,10.5,0.0,0.0,0.0,0.0,0.0,forecast,2026-09-15 22:43:34.189039+00:00
2026-09-15 22:00:00+00:00,2026-09-18 23:00:00+00:00,12.5,10.0,0.0,0.0,0.0,0.0,0.0,forecast,2026-09-15 22:43:34.189039+00:00
2026-09-15 22:00:00+00:00,2026-09-19 00:00:00+00:00,12.0,9.5,0.0,0.0,0.0,0.0,0.0,forecast,2026-09-15 22:43:34.189039+00:00
2026-09-15 22:00:00+00:00,2026-09-19 01:00:00+00:00,11.6,9.3,0.0,0.0,0.0,0.0,0.0,forecast,2026-09-15 22:43:34.189039+00:00
2026-09-15 22:00:00+00:00,2026-09-19 02:00:00+00:00,11.3,8.8,0.0,0.0,0.0,0.0,0.0,forecast,2026-09-15 22:43:34.189039+00:00
2026-09-15 22:00:00+00:00,2026-09-19 03:00:00+00:00,10.9,8.6,0.0,0.0,0.0,0.0,0.0,forecast,2026-09-15 22:43:34.189039+00:00
2026-09-15 22:00:00+00:00,2026-09-19 04:00:00+00:00,10.8,8.3,0.0,0.0,0.0,0.0,0.0,forecast,2026-09-15 22:43:34.189039+00:00
2026-09-15 22:00:00+00:00,2026-09-19 05:00:00+00:00,10.9,8.3,0.0,0.0,0.0,0.0,0.0,forecast,2026-09-15 22:43:34.189039+00:00
2026-09-15 22:00:00+00:00,2026-09-19 06:00:00+00:00,12.0,9.3,0.0,0.0,0.0,0.0,0.031,forecast,2026-09-15 22:43:34.189039+00:00
2026-09-15 22:00:00+00:00,2026-09-19 07:00:00+00:00,13.7,11.1,0.0,0.0,0.0,0.0,0.144,forecast,2026-09-15 22:43:34.189039+00:00
2026-09-15 22:00:00+00:00,2026-09-19 08:00:00+00:00,15.6,13.6,0.0,0.0,0.0,0.0,0.289,forecast,2026-09-15 22:43:34.189039+00:00
2026-09-15 22:00:00+00:00,2026-09-19 09:00:00+00:00,17.5,16.0,0.0,0.0,0.0,0.0,0.444,forecast,2026-09-15 22:43:34.189039+00:00
2026-09-15 22:00:00+00:00,2026-09-19 10:00:00+00:00,19.1,18.0,0.0,0.0,0.0,0.0,0.567,forecast,2026-09-15 22:43:34.189039+00:00
2026-09-15 22:00:00+00:00,2026-09-19 11:00:00+00:00,20.3,19.5,0.0,0.0,0.0,0.0,0.642,forecast,2026-09-15 22:43:34.189039+00:00
2026-09-15 22:00:00+00:00,2026-09-19 12:00:00+00:00,21.0,20.4,0.0,0.0,0.0,0.0,0.667,forecast,2026-09-15 22:43:34.189039+00:00
2026-09-15 22:00:00+00:00,2026-09-19 13:00:00+00:00,21.6,20.9,0.0,0.0,0.0,0.0,0.625,forecast,2026-09-15 22:43:34.189039+00:00
2026-09-15 22:00:00+00:00,2026-09-19 14:00:00+00:00,21.7,21.0,0.0,0.0,0.0,0.0,0.531,forecast,2026-09-15 22:43:34.189039+00:00
2026-09-15 22:00:00+00:00,2026-09-19 15:00:00+00:00,21.4,20.6,0.0,0.0,0.0,0.0,0.406,forecast,2026-09-15 22:43:34.189039+00:00
2026-09-15 22:00:00+00:00,2026-09-19 16:00:00+00:00,20.6,19.6,0.0,0.0,0.0,0.0,0.244,forecast,2026-09-15 22:43:34.189039+00:00
2026-09-15 22:00:00+00:00,2026-09-19 17:00:00+00:00,19.3,17.8,0.0,0.0,0.0,0.0,0.092,forecast,2026-09-15 22:43:34.189039+00:00
2026-09-15 22:00:00+00:00,2026-09-19 18:00:00+00:00,17.7,15.4,0.0,0.0,0.0,0.0,0.011,forecast,2026-09-15 22:43:34.189039+00:00
2026-09-15 22:00:00+00:00,2026-09-19 19:00:00+00:00,16.1,13.6,0.0,0.0,0.0,0.0,0.0,forecast,2026-09-15 22:43:34.189039+00:00
2026-09-15 22:00:00+00:00,2026-09-19 20:00:00+00:00,15.1,12.5,0.0,0.0,0.0,0.0,0.0,forecast,2026-09-15 22:43:34.189039+00:00
2026-09-15 22:00:00+00:00,2026-09-19 21:00:00+00:00,14.6,11.6,0.0,0.0,0.0,0.0,0.0,forecast,2026-09-15 22:43:34.189039+00:00
2026-09-15 22:00:00+00:00,2026-09-19 22:00:00+00:00,14.1,10.9,0.0,0.0,0.0,0.0,0.0,forecast,2026-09-15 22:43:34.189039+00:00
2026-09-16 09:00:00+00:00,2026-09-16 10:00:00+00:00,23.5,22.2,0.0,0.0,0.0,0.0,0.406,forecast,2026-09-16 09:11:01.370964+00:00
2026-09-16 09:00:00+00:00,2026-09-16 11:00:00+00:00,23.4,22.3,0.1,0.0,0.1,0.1,0.425,forecast,2026-09-16 09:11:01.370964+00:00
2026-09-16 09:00:00+00:00,2026-09-16 12:00:00+00:00,22.8,21.7,0.2,0.1,0.1,0.3,0.381,forecast,2026-09-16 09:11:01.370964+00:00
2026-09-16 09:00:00+00:00,2026-09-16 13:00:00+00:00,22.1,21.1,0.5,0.4,0.5,0.5,0.303,forecast,2026-09-16 09:11:01.370964+00:00
2026-09-16 09:00:00+00:00,2026-09-16 14:00:00+00:00,21.3,20.3,0.7,0.8,1.1,0.7,0.211,forecast,2026-09-16 09:11:01.370964+00:00
2026-09-16 09:00:00+00:00,2026-09-16 15:00:00+00:00,20.3,19.1,1.0,1.0,1.5,1.0,0.133,forecast,2026-09-16 09:11:01.370964+00:00
2026-09-16 09:00:00+00:00,2026-09-16 16:00:00+00:00,19.2,18.1,1.6,1.7,1.9,1.4,0.067,forecast,2026-09-16 09:11:01.370964+00:00
2026-09-16 09:00:00+00:00,2026-09-16 17:00:00+00:00,18.3,17.0,1.9,2.0,2.3,1.8,0.028,forecast,2026-09-16 09:11:01.370964+00:00
2026-09-16 09:00:00+00:00,2026-09-16 18:00:00+00:00,17.3,16.1,2.1,2.3,2.3,2.0,0.0,forecast,2026-09-16 09:11:01.370964+00:00
2026-09-16 09:00:00+00:00,2026-09-16 19:00:00+00:00,16.3,15.5,2.0,2.0,2.3,1.8,0.0,forecast,2026-09-16 09:11:01.370964+00:00
2026-09-16 09:00:00+00:00,2026-09-16 20:00:00+00:00,15.6,14.7,1.8,1.8,2.0,1.6,0.0,forecast,2026-09-16 09:11:01.370964+00:00
2026-09-16 09:00:00+00:00,2026-09-16 21:00:00+00:00,15.0,14.0,1.6,1.7,1.7,1.5,0.0,forecast,2026-09-16 09:11:01.370964+00:00
2026-09-16 09:00:00+00:00,2026-09-16 22:00:00+00:00,14.5,13.4,1.4,1.5,1.5,1.5,0.0,forecast,2026-09-16 09:11:01.370964+00:00
2026-09-16 09:00:00+00:00,2026-09-16 23:00:00+00:00,14.0,12.7,1.2,1.2,1.3,1.3,0.0,forecast,2026-09-16 09:11:01.370964+00:00
2026-09-16 09:00:00+00:00,2026-09-17 00:00:00+00:00,13.8,12.4,1.0,1.0,1.1,1.1,0.0,forecast,2026-09-16 09:11:01.370964+00:00
2026-09-16 09:00:00+00:00,2026-09-17 01:00:00+00:00,13.3,11.9,0.8,0.8,0.7,0.8,0.0,forecast,2026-09-16 09:11:01.370964+00:00
2026-09-16 09:00:00+00:00,2026-09-17 02:00:00+00:00,13.0,11.6,0.6,0.6,0.5,0.7,0.0,forecast,2026-09-16 09:11:01.370964+00:00
2026-09-16 09:00:00+00:00,2026-09-17 03:00:00+00:00,12.7,11.3,0.5,0.5,0.4,0.5,0.0,forecast,2026-09-16 09:11:01.370964+00:00
2026-09-16 09:00:00+00:00,2026-09-17 04:00:00+00:00,12.6,11.2,0.3,0.4,0.3,0.3,0.0,forecast,2026-09-16 09:11:01.370964+00:00
2026-09-16 09:00:00+00:00,2026-09-17 05:00:00+00:00,12.5,11.1,0.2,0.3,0.1,0.2,0.0,forecast,2026-09-16 09:11:01.370964+00:00
2026-09-16 09:00:00+00:00,2026-09-17 06:00:00+00:00,12.9,11.3,0.1,0.2,0.1,0.1,0.019,forecast,2026-09-16 09:11:01.370964+00:00
2026-09-16 09:00:00+00:00,2026-09-17 07:00:00+00:00,14.1,12.0,0.1,0.1,0.0,0.0,0.094,forecast,2026-09-16 09:11:01.370964+00:00
2026-09-16 09:00:00+00:00,2026-09-17 08:00:00+00:00,15.3,13.1,0.0,0.1,0.0,0.0,0.206,forecast,2026-09-16 09:11:01.370964+00:00
2026-09-16 09:00:00+00:00,2026-09-17 09:00:00+00:00,16.5,14.4,0.0,0.0,0.0,0.0,0.356,forecast,2026-09-16 09:11:01.370964+00:00
2026-09-16 09:00:00+00:00,2026-09-17 10:00:00+00:00,17.8,15.6,0.0,0.0,0.0,0.0,0.461,forecast,2026-09-16 09:11:01.370964+00:00
2026-09-16 09:00:00+00:00,2026-09-17 11:00:00+00:00,18.7,16.5,0.0,0.0,0.0,0.0,0.536,forecast,2026-09-16 09:11:01.370964+00:00
2026-09-16 09:00:00+00:00,2026-09-17 12:00:00+00:00,19.5,17.3,0.0,0.0,0.0,0.0,0.561,forecast,2026-09-16 09:11:01.370964+00:00
2026-09-16 09:00:00+00:00,2026-09-17 13:00:00+00:00,19.8,17.7,0.0,0.0,0.0,0.0,0.508,forecast,2026-09-16 09:11:01.370964+00:00
2026-09-16 09:00:00+00:00,2026-09-17 14:00:00+00:00,20.0,17.8,0.0,0.0,0.0,0.0,0.433,forecast,2026-09-16 09:11:01.370964+00:00
2026-09-16 09:00:00+00:00,2026-09-17 15:00:00+00:00,19.9,17.4,0.0,0.0,0.0,0.0,0.339,forecast,2026-09-16 09:11:01.370964+00:00
2026-09-16 09:00:00+00:00,2026-09-17 16:00:00+00:00,19.0,16.5,0.0,0.0,0.0,0.0,0.211,forecast,2026-09-16 09:11:01.370964+00:00
2026-09-16 09:00:00+00:00,2026-09-17 17:00:00+00:00,17.5,15.2,0.0,0.0,0.0,0.0,0.089,forecast,2026-09-16 09:11:01.370964+00:00
2026-09-16 09:00:00+00:00,2026-09-17 18:00:00+00:00,15.9,13.4,0.0,0.0,0.0,0.0,0.011,forecast,2026-09-16 09:11:01.370964+00:00
2026-09-16 09:00:00+00:00,2026-09-17 19:00:00+00:00,14.4,12.3,0.0,0.0,0.0,0.0,0.0,forecast,2026-09-16 09:11:01.370964+00:00
2026-09-16 09:00:00+00:00,2026-09-17 20:00:00+00:00,13.4,11.3,0.0,0.0,0.0,0.0,0.0,forecast,2026-09-16 09:11:01.370964+00:00
2026-09-16 09:00:00+00:00,2026-09-17 21:00:00+00:00,12.7,10.7,0.0,0.0,0.0,0.0,0.0,forecast,2026-09-16 09:11:01.370964+00:00
2026-09-16 09:00:00+00:00,2026-09-17 22:00:00+00:00,12.1,10.2,0.0,0.0,0.0,0.0,0.0,forecast,2026-09-16 09:11:01.370964+00:00
2026-09-16 09:00:00+00:00,2026-09-17 23:00:00+00:00,11.8,10.0,0.0,0.0,0.0,0.0,0.0,forecast,2026-09-16 09:11:01.370964+00:00
2026-09-16 09:00:00+00:00,2026-09-18 00:00:00+00:00,11.5,9.8,0.0,0.0,0.0,0.0,0.0,forecast,2026-09-16 09:11:01.370964+00:00
2026-09-16 09:00:00+00:00,2026-09-18 01:00:00+00:00,11.3,9.3,0.0,0.0,0.0,0.0,0.0,forecast,2026-09-16 09:11:01.370964+00:00
2026-09-16 09:00:00+00:00,2026-09-18 02:00:00+00:00,11.2,9.3,0.0,0.0,0.0,0.0,0.0,forecast,2026-09-16 09:11:01.370964+00:00
2026-09-16 09:00:00+00:00,2026-09-18 03:00:00+00:00,11.5,9.1,0.0,0.0,0.0,0.0,0.0,forecast,2026-09-16 09:11:01.370964+00:00
2026-09-16 09:00:00+00:00,2026-09-18 04:00:00+00:00,11.5,9.2,0.0,0.0,0.0,0.0,0.0,forecast,2026-09-16 09:11:01.370964+00:00
2026-09-16 09:00:00+00:00,2026-09-18 05:00:00+00:00,11.8,9.6,0.0,0.0,0.0,0.0,0.0,forecast,2026-09-16 09:11:01.370964+00:00
2026-09-16 09:00:00+00:00,2026-09-18 06:00:00+00:00,12.8,10.5,0.0,0.0,0.0,0.0,0.019,forecast,2026-09-16 09:11:01.370964+00:00
2026-09-16 09:00:00+00:00,2026-09-18 07:00:00+00:00,14.2,11.7,0.0,0.0,0.0,0.0,0.092,forecast,2026-09-16 09:11:01.370964+00:00
2026-09-16 09:00:00+00:00,2026-09-18 08:00:00+00:00,15.7,13.4,0.0,0.0,0.0,0.0,0.194,forecast,2026-09-16 09:11:01.370964+00:00
2026-09-16 09:00:00+00:00,2026-09-18 09:00:00+00:00,17.2,14.9,0.0,0.0,0.0,0.0,0.306,forecast,2026-09-16 09:11:01.370964+00:00
2026-09-16 09:00:00+00:00,2026-09-18 10:00:00+00:00,18.1,16.2,0.0,0.0,0.0,0.0,0.389,forecast,2026-09-16 09:11:01.370964+00:00
2026-09-16 09:00:00+00:00,2026-09-18 11:00:00+00:00,18.8,16.9,0.0,0.0,0.0,0.0,0.425,forecast,2026-09-16 09:11:01.370964+00:00
2026-09-16 09:00:00+00:00,2026-09-18 12:00:00+00:00,19.5,17.6,0.0,0.0,0.0,0.0,0.456,forecast,2026-09-16 09:11:01.370964+00:00
2026-09-16 09:00:00+00:00,2026-09-18 13:00:00+00:00,19.7,17.6,0.0,0.0,0.0,0.0,0.419,forecast,2026-09-16 09:11:01.370964+00:00
2026-09-16 09:00:00+00:00,2026-09-18 14:00:00+00:00,19.6,17.5,0.0,0.0,0.0,0.0,0.358,forecast,2026-09-16 09:11:01.370964+00:00
2026-09-16 09:00:00+00:00,2026-09-18 15:00:00+00:00,19.2,17.0,0.0,0.0,0.0,0.0,0.278,forecast,2026-09-16 09:11:01.370964+00:00
2026-09-16 09:00:00+00:00,2026-09-18 16:00:00+00:00,18.5,16.1,0.0,0.0,0.0,0.0,0.175,forecast,2026-09-16 09:11:01.370964+00:00
2026-09-16 09:00:00+00:00,2026-09-18 17:00:00+00:00,17.4,15.0,0.0,0.0,0.0,0.0,0.075,forecast,2026-09-16 09:11:01.370964+00:00
2026-09-16 09:00:00+00:00,2026-09-18 18:00:00+00:00,15.8,13.7,0.0,0.0,0.0,0.0,0.011,forecast,2026-09-16 09:11:01.370964+00:00
2026-09-16 09:00:00+00:00,2026-09-18 19:00:00+00:00,14.7,12.7,0.0,0.0,0.0,0.0,0.0,forecast,2026-09-16 09:11:01.370964+00:00
2026-09-16 09:00:00+00:00,2026-09-18 20:00:00+00:00,14.0,11.8,0.0,0.0,0.0,0.0,0.0,forecast,2026-09-16 09:11:01.370964+00:00
2026-09-16 09:00:00+00:00,2026-09-18 21:00:00+00:00,13.3,11.1,0.0,0.0,0.0,0.0,0.0,forecast,2026-09-16 09:11:01.370964+00:00
2026-09-16 09:00:00+00:00,2026-09-18 22:00:00+00:00,12.9,10.5,0.0,0.0,0.0,0.0,0.0,forecast,2026-09-16 09:11:01.370964+00:00
2026-09-16 09:00:00+00:00,2026-09-18 23:00:00+00:00,12.5,9.9,0.0,0.0,0.0,0.0,0.0,forecast,2026-09-16 09:11:01.370964+00:00
2026-09-16 09:00:00+00:00,2026-09-19 00:00:00+00:00,12.0,9.3,0.0,0.0,0.0,0.0,0.0,forecast,2026-09-16 09:11:01.370964+00:00
2026-09-16 09:00:00+00:00,2026-09-19 01:00:00+00:00,11.6,8.9,0.0,0.0,0.0,0.0,0.0,forecast,2026-09-16 09:11:01.370964+00:00
2026-09-16 09:00:00+00:00,2026-09-19 02:00:00+00:00,11.3,8.4,0.0,0.0,0.0,0.0,0.0,forecast,2026-09-16 09:11:01.370964+00:00
2026-09-16 09:00:00+00:00,2026-09-19 03:00:00+00:00,11.0,8.1,0.0,0.0,0.0,0.0,0.0,forecast,2026-09-16 09:11:01.370964+00:00
2026-09-16 09:00:00+00:00,2026-09-19 04:00:00+00:00,10.9,7.8,0.0,0.0,0.0,0.0,0.0,forecast,2026-09-16 09:11:01.370964+00:00
2026-09-16 09:00:00+00:00,2026-09-19 05:00:00+00:00,11.1,8.0,0.0,0.0,0.0,0.0,0.0,forecast,2026-09-16 09:11:01.370964+00:00
2026-09-16 09:00:00+00:00,2026-09-19 06:00:00+00:00,12.2,9.0,0.0,0.0,0.0,0.0,0.028,forecast,2026-09-16 09:11:01.370964+00:00
2026-09-16 09:00:00+00:00,2026-09-19 07:00:00+00:00,13.9,10.8,0.0,0.0,0.0,0.0,0.142,forecast,2026-09-16 09:11:01.370964+00:00
2026-09-16 09:00:00+00:00,2026-09-19 08:00:00+00:00,15.8,13.3,0.0,0.0,0.0,0.0,0.289,forecast,2026-09-16 09:11:01.370964+00:00
2026-09-16 09:00:00+00:00,2026-09-19 09:00:00+00:00,17.7,15.8,0.0,0.0,0.0,0.0,0.433,forecast,2026-09-16 09:11:01.370964+00:00
2026-09-16 09:00:00+00:00,2026-09-19 10:00:00+00:00,19.3,17.8,0.0,0.0,0.0,0.0,0.558,forecast,2026-09-16 09:11:01.370964+00:00
2026-09-16 09:00:00+00:00,2026-09-19 11:00:00+00:00,20.5,19.4,0.0,0.0,0.0,0.0,0.631,forecast,2026-09-16 09:11:01.370964+00:00
2026-09-16 09:00:00+00:00,2026-09-19 12:00:00+00:00,21.2,20.3,0.0,0.0,0.0,0.0,0.661,forecast,2026-09-16 09:11:01.370964+00:00
2026-09-16 09:00:00+00:00,2026-09-19 13:00:00+00:00,21.6,20.7,0.0,0.0,0.0,0.0,0.622,forecast,2026-09-16 09:11:01.370964+00:00
2026-09-16 09:00:00+00:00,2026-09-19 14:00:00+00:00,21.8,20.8,0.0,0.0,0.0,0.0,0.533,forecast,2026-09-16 09:11:01.370964+00:00
2026-09-16 09:00:00+00:00,2026-09-19 15:00:00+00:00,21.6,20.4,0.0,0.0,0.0,0.0,0.403,forecast,2026-09-16 09:11:01.370964+00:00
2026-09-16 09:00:00+00:00,2026-09-19 16:00:00+00:00,20.7,19.4,0.0,0.0,0.0,0.0,0.236,forecast,2026-09-16 09:11:01.370964+00:00
2026-09-16 09:00:00+00:00,2026-09-19 17:00:00+00:00,19.4,17.5,0.0,0.0,0.0,0.0,0.089,forecast,2026-09-16 09:11:01.370964+00:00
2026-09-16 09:00:00+00:00,2026-09-19 18:00:00+00:00,17.4,15.2,0.0,0.0,0.0,0.0,0.011,forecast,2026-09-16 09:11:01.370964+00:00
2026-09-16 09:00:00+00:00,2026-09-19 19:00:00+00:00,16.2,13.5,0.0,0.0,0.0,0.0,0.0,forecast,2026-09-16 09:11:01.370964+00:00
2026-09-16 09:00:00+00:00,2026-09-19 20:00:00+00:00,15.2,12.1,0.0,0.0,0.0,0.0,0.0,forecast,2026-09-16 09:11:01.370964+00:00
2026-09-16 09:00:00+00:00,2026-09-19 21:00:00+00:00,14.6,11.3,0.0,0.0,0.0,0.0,0.0,forecast,2026-09-16 09:11:01.370964+00:00
2026-09-16 09:00:00+00:00,2026-09-19 22:00:00+00:00,13.9,10.8,0.0,0.0,0.0,0.0,0.0,forecast,2026-09-16 09:11:01.370964+00:00
2026-09-16 09:00:00+00:00,2026-09-19 23:00:00+00:00,13.6,10.2,0.0,0.0,0.0,0.0,0.0,forecast,2026-09-16 09:11:01.370964+00:00
2026-09-16 09:00:00+00:00,2026-09-20 00:00:00+00:00,13.4,9.7,0.0,0.0,0.0,0.0,0.0,forecast,2026-09-16 09:11:01.370964+00:00
2026-09-16 09:00:00+00:00,2026-09-20 01:00:00+00:00,13.2,9.3,0.0,0.0,0.0,0.0,0.0,forecast,2026-09-16 09:11:01.370964+00:00
2026-09-16 09:00:00+00:00,2026-09-20 02:00:00+00:00,13.0,9.1,0.0,0.0,0.0,0.0,0.0,forecast,2026-09-16 09:11:01.370964+00:00
2026-09-16 09:00:00+00:00,2026-09-20 03:00:00+00:00,12.7,8.8,0.0,0.0,0.0,0.0,0.0,forecast,2026-09-16 09:11:01.370964+00:00
2026-09-16 09:00:00+00:00,2026-09-20 04:00:00+00:00,12.6,8.7,0.0,0.0,0.0,0.0,0.0,forecast,2026-09-16 09:11:01.370964+00:00
2026-09-16 09:00:00+00:00,2026-09-20 05:00:00+00:00,13.0,9.0,0.0,0.0,0.0,0.0,0.0,forecast,2026-09-16 09:11:01.370964+00:00
2026-09-16 09:00:00+00:00,2026-09-20 06:00:00+00:00,13.9,10.2,0.0,0.0,0.0,0.0,0.025,forecast,2026-09-16 09:11:01.370964+00:00
2026-09-16 09:00:00+00:00,2026-09-20 07:00:00+00:00,15.4,12.5,0.0,0.0,0.0,0.0,0.131,forecast,2026-09-16 09:11:01.370964+00:00
2026-09-16 09:00:00+00:00,2026-09-20 08:00:00+00:00,17.3,15.2,0.0,0.0,0.0,0.0,0.278,forecast,2026-09-16 09:11:01.370964+00:00
2026-09-16 09:00:00+00:00,2026-09-20 09:00:00+00:00,19.2,17.7,0.0,0.0,0.0,0.0,0.419,forecast,2026-09-16 09:11:01.370964+00:00
2026-09-16 15:00:00+00:00,2026-09-16 16:00:00+00:00,17.5,17.8,1.0,1.2,1.4,1.0,0.028,forecast,2026-09-16 15:51:59.730332+00:00
2026-09-16 15:00:00+00:00,2026-09-16 17:00:00+00:00,17.1,16.8,0.9,0.8,1.1,1.6,0.014,forecast,2026-09-16 15:51:59.730332+00:00
2026-09-16 15:00:00+00:00,2026-09-16 18:00:00+00:00,16.3,15.9,1.0,0.9,1.1,1.9,0.0,forecast,2026-09-16 15:51:59.730332+00:00
2026-09-16 15:00:00+00:00,2026-09-16 19:00:00+00:00,15.8,15.1,2.5,2.8,2.5,1.9,0.0,forecast,2026-09-16 15:51:59.730332+00:00
2026-09-16 15:00:00+00:00,2026-09-16 20:00:00+00:00,15.3,14.2,2.5,2.5,2.2,2.0,0.0,forecast,2026-09-16 15:51:59.730332+00:00
2026-09-16 15:00:00+00:00,2026-09-16 21:00:00+00:00,14.9,13.6,2.3,2.4,2.0,2.0,0.0,forecast,2026-09-16 15:51:59.730332+00:00
2026-09-16 15:00:00+00:00,2026-09-16 22:00:00+00:00,14.5,13.0,1.6,1.9,1.5,1.8,0.0,forecast,2026-09-16 15:51:59.730332+00:00
2026-09-16 15:00:00+00:00,2026-09-16 23:00:00+00:00,14.2,12.6,1.2,1.6,1.3,1.4,0.0,forecast,2026-09-16 15:51:59.730332+00:00
2026-09-16 15:00:00+00:00,2026-09-17 00:00:00+00:00,13.8,12.2,1.1,1.3,1.1,1.2,0.0,forecast,2026-09-16 15:51:59.730332+00:00
2026-09-16 15:00:00+00:00,2026-09-17 01:00:00+00:00,13.5,11.8,1.0,1.1,0.8,1.0,0.0,forecast,2026-09-16 15:51:59.730332+00:00
2026-09-16 15:00:00+00:00,2026-09-17 02:00:00+00:00,13.2,11.5,0.9,1.0,0.8,0.8,0.0,forecast,2026-09-16 15:51:59.730332+00:00
2026-09-16 15:00:00+00:00,2026-09-17 03:00:00+00:00,13.0,11.2,0.8,0.8,0.7,0.7,0.0,forecast,2026-09-16 15:51:59.730332+00:00
2026-09-16 15:00:00+00:00,2026-09-17 04:00:00+00:00,13.0,11.0,0.5,0.6,0.5,0.4,0.0,forecast,2026-09-16 15:51:59.730332+00:00
2026-09-16 15:00:00+00:00,2026-09-17 05:00:00+00:00,12.9,11.0,0.4,0.4,0.3,0.2,0.0,forecast,2026-09-16 15:51:59.730332+00:00
2026-09-16 15:00:00+00:00,2026-09-17 06:00:00+00:00,13.2,11.4,0.2,0.2,0.0,0.1,0.017,forecast,2026-09-16 15:51:59.730332+00:00
2026-09-16 15:00:00+00:00,2026-09-17 07:00:00+00:00,14.3,12.1,0.0,0.0,0.0,0.0,0.097,forecast,2026-09-16 15:51:59.730332+00:00
2026-09-16 15:00:00+00:00,2026-09-17 08:00:00+00:00,15.5,13.3,0.0,0.0,0.0,0.0,0.222,forecast,2026-09-16 15:51:59.730332+00:00
2026-09-16 15:00:00+00:00,2026-09-17 09:00:00+00:00,16.6,14.4,0.0,0.0,0.0,0.0,0.356,forecast,2026-09-16 15:51:59.730332+00:00
2026-09-16 15:00:00+00:00,2026-09-17 10:00:00+00:00,17.7,15.4,0.0,0.0,0.0,0.0,0.456,forecast,2026-09-16 15:51:59.730332+00:00
2026-09-16 15:00:00+00:00,2026-09-17 11:00:00+00:00,18.7,16.3,0.0,0.0,0.0,0.0,0.517,forecast,2026-09-16 15:51:59.730332+00:00
2026-09-16 15:00:00+00:00,2026-09-17 12:00:00+00:00,19.3,17.0,0.0,0.0,0.0,0.0,0.55,forecast,2026-09-16 15:51:59.730332+00:00
2026-09-16 15:00:00+00:00,2026-09-17 13:00:00+00:00,19.7,17.5,0.0,0.0,0.0,0.0,0.511,forecast,2026-09-16 15:51:59.730332+00:00
2026-09-16 15:00:00+00:00,2026-09-17 14:00:00+00:00,20.0,17.6,0.0,0.0,0.0,0.0,0.439,forecast,2026-09-16 15:51:59.730332+00:00
2026-09-16 15:00:00+00:00,2026-09-17 15:00:00+00:00,19.7,17.5,0.0,0.0,0.0,0.0,0.347,forecast,2026-09-16 15:51:59.730332+00:00
2026-09-16 15:00:00+00:00,2026-09-17 16:00:00+00:00,19.1,16.6,0.0,0.0,0.0,0.0,0.211,forecast,2026-09-16 15:51:59.730332+00:00
2026-09-16 15:00:00+00:00,2026-09-17 17:00:00+00:00,17.6,15.2,0.0,0.0,0.0,0.0,0.089,forecast,2026-09-16 15:51:59.730332+00:00
2026-09-16 15:00:00+00:00,2026-09-17 18:00:00+00:00,16.1,13.2,0.0,0.0,0.0,0.0,0.011,forecast,2026-09-16 15:51:59.730332+00:00
2026-09-16 15:00:00+00:00,2026-09-17 19:00:00+00:00,14.6,12.1,0.0,0.0,0.0,0.0,0.0,forecast,2026-09-16 15:51:59.730332+00:00
2026-09-16 15:00:00+00:00,2026-09-17 20:00:00+00:00,13.5,11.1,0.0,0.0,0.0,0.0,0.0,forecast,2026-09-16 15:51:59.730332+00:00
2026-09-16 15:00:00+00:00,2026-09-17 21:00:00+00:00,12.7,10.9,0.0,0.0,0.0,0.0,0.0,forecast,2026-09-16 15:51:59.730332+00:00
2026-09-16 15:00:00+00:00,2026-09-17 22:00:00+00:00,12.2,10.4,0.0,0.0,0.0,0.0,0.0,forecast,2026-09-16 15:51:59.730332+00:00
2026-09-16 15:00:00+00:00,2026-09-17 23:00:00+00:00,11.9,10.2,0.0,0.0,0.0,0.0,0.0,forecast,2026-09-16 15:51:59.730332+00:00
2026-09-16 15:00:00+00:00,2026-09-18 00:00:00+00:00,11.8,9.9,0.0,0.0,0.0,0.0,0.0,forecast,2026-09-16 15:51:59.730332+00:00
2026-09-16 15:00:00+00:00,2026-09-18 01:00:00+00:00,11.7,9.6,0.0,0.0,0.0,0.0,0.0,forecast,2026-09-16 15:51:59.730332+00:00
2026-09-16 15:00:00+00:00,2026-09-18 02:00:00+00:00,11.6,9.4,0.0,0.0,0.0,0.0,0.0,forecast,2026-09-16 15:51:59.730332+00:00
2026-09-16 15:00:00+00:00,2026-09-18 03:00:00+00:00,11.9,9.4,0.0,0.0,0.0,0.0,0.0,forecast,2026-09-16 15:51:59.730332+00:00
2026-09-16 15:00:00+00:00,2026-09-18 04:00:00+00:00,11.8,9.4,0.0,0.0,0.0,0.0,0.0,forecast,2026-09-16 15:51:59.730332+00:00
2026-09-16 15:00:00+00:00,2026-09-18 05:00:00+00:00,12.2,9.7,0.0,0.0,0.0,0.0,0.0,forecast,2026-09-16 15:51:59.730332+00:00
2026-09-16 15:00:00+00:00,2026-09-18 06:00:00+00:00,13.1,10.6,0.0,0.0,0.0,0.0,0.019,forecast,2026-09-16 15:51:59.730332+00:00
2026-09-16 15:00:00+00:00,2026-09-18 07:00:00+00:00,14.3,11.7,0.0,0.0,0.0,0.0,0.083,forecast,2026-09-16 15:51:59.730332+00:00
2026-09-16 15:00:00+00:00,2026-09-18 08:00:00+00:00,15.7,13.3,0.0,0.0,0.0,0.0,0.175,forecast,2026-09-16 15:51:59.730332+00:00
2026-09-16 15:00:00+00:00,2026-09-18 09:00:00+00:00,17.0,14.7,0.0,0.0,0.0,0.0,0.278,forecast,2026-09-16 15:51:59.730332+00:00
2026-09-16 15:00:00+00:00,2026-09-18 10:00:00+00:00,18.1,15.9,0.0,0.0,0.0,0.0,0.347,forecast,2026-09-16 15:51:59.730332+00:00
2026-09-16 15:00:00+00:00,2026-09-18 11:00:00+00:00,18.6,16.7,0.0,0.0,0.0,0.0,0.389,forecast,2026-09-16 15:51:59.730332+00:00
2026-09-16 15:00:00+00:00,2026-09-18 12:00:00+00:00,18.9,17.0,0.0,0.0,0.0,0.0,0.414,forecast,2026-09-16 15:51:59.730332+00:00
2026-09-16 15:00:00+00:00,2026-09-18 13:00:00+00:00,19.0,17.0,0.0,0.0,0.0,0.0,0.381,forecast,2026-09-16 15:51:59.730332+00:00
2026-09-16 15:00:00+00:00,2026-09-18 14:00:00+00:00,18.8,16.9,0.0,0.0,0.0,0.0,0.328,forecast,2026-09-16 15:51:59.730332+00:00
2026-09-16 15:00:00+00:00,2026-09-18 15:00:00+00:00,18.5,16.3,0.0,0.0,0.0,0.0,0.256,forecast,2026-09-16 15:51:59.730332+00:00
2026-09-16 15:00:00+00:00,2026-09-18 16:00:00+00:00,17.8,15.7,0.0,0.0,0.0,0.0,0.161,forecast,2026-09-16 15:51:59.730332+00:00
2026-09-16 15:00:00+00:00,2026-09-18 17:00:00+00:00,16.8,14.5,0.0,0.0,0.0,0.0,0.069,forecast,2026-09-16 15:51:59.730332+00:00
2026-09-16 15:00:00+00:00,2026-09-18 18:00:00+00:00,15.5,13.2,0.0,0.0,0.0,0.0,0.008,forecast,2026-09-16 15:51:59.730332+00:00
2026-09-16 15:00:00+00:00,2026-09-18 19:00:00+00:00,14.6,12.3,0.0,0.0,0.0,0.0,0.0,forecast,2026-09-16 15:51:59.730332+00:00
2026-09-16 15:00:00+00:00,2026-09-18 20:00:00+00:00,14.0,11.4,0.0,0.0,0.0,0.0,0.0,forecast,2026-09-16 15:51:59.730332+00:00
2026-09-16 15:00:00+00:00,2026-09-18 21:00:00+00:00,13.3,10.7,0.0,0.0,0.0,0.0,0.0,forecast,2026-09-16 15:51:59.730332+00:00
2026-09-16 15:00:00+00:00,2026-09-18 22:00:00+00:00,12.8,10.3,0.0,0.0,0.0,0.0,0.0,forecast,2026-09-16 15:51:59.730332+00:00
2026-09-16 15:00:00+00:00,2026-09-18 23:00:00+00:00,12.3,9.7,0.0,0.0,0.0,0.0,0.0,forecast,2026-09-16 15:51:59.730332+00:00
2026-09-16 15:00:00+00:00,2026-09-19 00:00:00+00:00,11.8,9.0,0.0,0.0,0.0,0.0,0.0,forecast,2026-09-16 15:51:59.730332+00:00
2026-09-16 15:00:00+00:00,2026-09-19 01:00:00+00:00,11.4,8.7,0.0,0.0,0.0,0.0,0.0,forecast,2026-09-16 15:51:59.730332+00:00
2026-09-16 15:00:00+00:00,2026-09-19 02:00:00+00:00,11.2,8.3,0.0,0.0,0.0,0.0,0.0,forecast,2026-09-16 15:51:59.730332+00:00
2026-09-16 15:00:00+00:00,2026-09-19 03:00:00+00:00,10.9,8.1,0.0,0.0,0.0,0.0,0.0,forecast,2026-09-16 15:51:59.730332+00:00
2026-09-16 15:00:00+00:00,2026-09-19 04:00:00+00:00,10.8,7.9,0.0,0.0,0.0,0.0,0.0,forecast,2026-09-16 15:51:59.730332+00:00
2026-09-16 15:00:00+00:00,2026-09-19 05:00:00+00:00,11.0,7.9,0.0,0.0,0.0,0.0,0.0,forecast,2026-09-16 15:51:59.730332+00:00
2026-09-16 15:00:00+00:00,2026-09-19 06:00:00+00:00,11.9,8.8,0.0,0.0,0.0,0.0,0.028,forecast,2026-09-16 15:51:59.730332+00:00
2026-09-16 15:00:00+00:00,2026-09-19 07:00:00+00:00,13.6,10.6,0.0,0.0,0.0,0.0,0.139,forecast,2026-09-16 15:51:59.730332+00:00
2026-09-16 15:00:00+00:00,2026-09-19 08:00:00+00:00,15.5,13.0,0.0,0.0,0.0,0.0,0.286,forecast,2026-09-16 15:51:59.730332+00:00
2026-09-16 15:00:00+00:00,2026-09-19 09:00:00+00:00,17.4,15.6,0.0,0.0,0.0,0.0,0.439,forecast,2026-09-16 15:51:59.730332+00:00
2026-09-16 15:00:00+00:00,2026-09-19 10:00:00+00:00,18.9,17.6,0.0,0.0,0.0,0.0,0.567,forecast,2026-09-16 15:51:59.730332+00:00
2026-09-16 15:00:00+00:00,2026-09-19 11:00:00+00:00,20.3,19.1,0.0,0.0,0.0,0.0,0.642,forecast,2026-09-16 15:51:59.730332+00:00
2026-09-16 15:00:00+00:00,2026-09-19 12:00:00+00:00,20.8,20.0,0.0,0.0,0.0,0.0,0.672,forecast,2026-09-16 15:51:59.730332+00:00
2026-09-16 15:00:00+00:00,2026-09-19 13:00:00+00:00,21.4,20.5,0.0,0.0,0.0,0.0,0.633,forecast,2026-09-16 15:51:59.730332+00:00
2026-09-16 15:00:00+00:00,2026-09-19 14:00:00+00:00,21.5,20.6,0.0,0.0,0.0,0.0,0.547,forecast,2026-09-16 15:51:59.730332+00:00
2026-09-16 15:00:00+00:00,2026-09-19 15:00:00+00:00,21.4,20.3,0.0,0.0,0.0,0.0,0.417,forecast,2026-09-16 15:51:59.730332+00:00
2026-09-16 15:00:00+00:00,2026-09-19 16:00:00+00:00,20.5,19.4,0.0,0.0,0.0,0.0,0.247,forecast,2026-09-16 15:51:59.730332+00:00
2026-09-16 15:00:00+00:00,2026-09-19 17:00:00+00:00,19.1,17.5,0.0,0.0,0.0,0.0,0.097,forecast,2026-09-16 15:51:59.730332+00:00
2026-09-16 15:00:00+00:00,2026-09-19 18:00:00+00:00,17.2,15.1,0.0,0.0,0.0,0.0,0.011,forecast,2026-09-16 15:51:59.730332+00:00
2026-09-16 15:00:00+00:00,2026-09-19 19:00:00+00:00,15.6,13.4,0.0,0.0,0.0,0.0,0.0,forecast,2026-09-16 15:51:59.730332+00:00
2026-09-16 15:00:00+00:00,2026-09-19 20:00:00+00:00,14.8,12.0,0.0,0.0,0.0,0.0,0.0,forecast,2026-09-16 15:51:59.730332+00:00
2026-09-16 15:00:00+00:00,2026-09-19 21:00:00+00:00,14.2,11.1,0.0,0.0,0.0,0.0,0.0,forecast,2026-09-16 15:51:59.730332+00:00
2026-09-16 15:00:00+00:00,2026-09-19 22:00:00+00:00,13.6,10.5,0.0,0.0,0.0,0.0,0.0,forecast,2026-09-16 15:51:59.730332+00:00
2026-09-16 15:00:00+00:00,2026-09-19 23:00:00+00:00,13.3,9.9,0.0,0.0,0.0,0.0,0.0,forecast,2026-09-16 15:51:59.730332+00:00
2026-09-16 15:00:00+00:00,2026-09-20 00:00:00+00:00,13.0,9.4,0.0,0.0,0.0,0.0,0.0,forecast,2026-09-16 15:51:59.730332+00:00
2026-09-16 15:00:00+00:00,2026-09-20 01:00:00+00:00,12.7,9.1,0.0,0.0,0.0,0.0,0.0,forecast,2026-09-16 15:51:59.730332+00:00
2026-09-16 15:00:00+00:00,2026-09-20 02:00:00+00:00,12.5,8.9,0.0,0.0,0.0,0.0,0.0,forecast,2026-09-16 15:51:59.730332+00:00
2026-09-16 15:00:00+00:00,2026-09-20 03:00:00+00:00,12.3,8.6,0.0,0.0,0.0,0.0,0.0,forecast,2026-09-16 15:51:59.730332+00:00
2026-09-16 15:00:00+00:00,2026-09-20 04:00:00+00:00,12.3,8.6,0.0,0.0,0.0,0.0,0.0,forecast,2026-09-16 15:51:59.730332+00:00
2026-09-16 15:00:00+00:00,2026-09-20 05:00:00+00:00,12.7,8.9,0.0,0.0,0.0,0.0,0.0,forecast,2026-09-16 15:51:59.730332+00:00
2026-09-16 15:00:00+00:00,2026-09-20 06:00:00+00:00,13.9,9.9,0.0,0.0,0.0,0.0,0.025,forecast,2026-09-16 15:51:59.730332+00:00
2026-09-16 15:00:00+00:00,2026-09-20 07:00:00+00:00,15.4,12.3,0.0,0.0,0.0,0.0,0.125,forecast,2026-09-16 15:51:59.730332+00:00
2026-09-16 15:00:00+00:00,2026-09-20 08:00:00+00:00,17.4,15.0,0.0,0.0,0.0,0.0,0.264,forecast,2026-09-16 15:51:59.730332+00:00
2026-09-16 15:00:00+00:00,2026-09-20 09:00:00+00:00,19.2,17.4,0.0,0.0,0.0,0.0,0.4,forecast,2026-09-16 15:51:59.730332+00:00
2026-09-16 15:00:00+00:00,2026-09-20 10:00:00+00:00,20.5,19.3,0.0,0.0,0.0,0.0,0.492,forecast,2026-09-16 15:51:59.730332+00:00
2026-09-16 15:00:00+00:00,2026-09-20 11:00:00+00:00,21.4,20.7,0.0,0.0,0.0,0.0,0.536,forecast,2026-09-16 15:51:59.730332+00:00
2026-09-16 15:00:00+00:00,2026-09-20 12:00:00+00:00,21.7,21.5,0.0,0.0,0.0,0.0,0.542,forecast,2026-09-16 15:51:59.730332+00:00
2026-09-16 15:00:00+00:00,2026-09-20 13:00:00+00:00,21.9,21.8,0.0,0.0,0.0,0.0,0.506,forecast,2026-09-16 15:51:59.730332+00:00
2026-09-16 15:00:00+00:00,2026-09-20 14:00:00+00:00,21.7,21.6,0.0,0.0,0.0,0.0,0.419,forecast,2026-09-16 15:51:59.730332+00:00
2026-09-16 15:00:00+00:00,2026-09-20 15:00:00+00:00,21.2,20.7,0.0,0.0,0.0,0.0,0.308,forecast,2026-09-16 15:51:59.730332+00:00
2026-09-16 22:00:00+00:00,2026-09-16 23:00:00+00:00,13.5,10.7,1.8,2.1,2.4,1.5,0.0,forecast,2026-09-16 22:39:30.178983+00:00
2026-09-16 22:00:00+00:00,2026-09-17 00:00:00+00:00,13.3,10.6,1.4,1.5,1.6,1.2,0.0,forecast,2026-09-16 22:39:30.178983+00:00
2026-09-16 22:00:00+00:00,2026-09-17 01:00:00+00:00,13.0,10.5,1.0,1.2,1.0,1.0,0.0,forecast,2026-09-16 22:39:30.178983+00:00
2026-09-16 22:00:00+00:00,2026-09-17 02:00:00+00:00,12.9,10.4,0.9,1.0,0.9,0.8,0.0,forecast,2026-09-16 22:39:30.178983+00:00
2026-09-16 22:00:00+00:00,2026-09-17 03:00:00+00:00,12.8,10.3,0.7,0.8,0.6,0.5,0.0,forecast,2026-09-16 22:39:30.178983+00:00
2026-09-16 22:00:00+00:00,2026-09-17 04:00:00+00:00,12.6,10.2,0.5,0.5,0.4,0.3,0.0,forecast,2026-09-16 22:39:30.178983+00:00
2026-09-16 22:00:00+00:00,2026-09-17 05:00:00+00:00,12.7,10.2,0.3,0.4,0.2,0.2,0.0,forecast,2026-09-16 22:39:30.178983+00:00
2026-09-16 22:00:00+00:00,2026-09-17 06:00:00+00:00,13.1,10.8,0.2,0.2,0.0,0.1,0.017,forecast,2026-09-16 22:39:30.178983+00:00
2026-09-16 22:00:00+00:00,2026-09-17 07:00:00+00:00,14.2,11.8,0.0,0.0,0.0,0.0,0.094,forecast,2026-09-16 22:39:30.178983+00:00
2026-09-16 22:00:00+00:00,2026-09-17 08:00:00+00:00,15.4,12.9,0.0,0.0,0.0,0.0,0.217,forecast,2026-09-16 22:39:30.178983+00:00
2026-09-16 22:00:00+00:00,2026-09-17 09:00:00+00:00,16.5,14.2,0.0,0.0,0.0,0.0,0.356,forecast,2026-09-16 22:39:30.178983+00:00
2026-09-16 22:00:00+00:00,2026-09-17 10:00:00+00:00,17.7,15.5,0.0,0.0,0.0,0.0,0.456,forecast,2026-09-16 22:39:30.178983+00:00
2026-09-16 22:00:00+00:00,2026-09-17 11:00:00+00:00,18.7,16.4,0.0,0.0,0.0,0.0,0.531,forecast,2026-09-16 22:39:30.178983+00:00
2026-09-16 22:00:00+00:00,2026-09-17 12:00:00+00:00,19.3,17.1,0.0,0.0,0.0,0.0,0.547,forecast,2026-09-16 22:39:30.178983+00:00
2026-09-16 22:00:00+00:00,2026-09-17 13:00:00+00:00,19.7,17.6,0.0,0.0,0.0,0.0,0.517,forecast,2026-09-16 22:39:30.178983+00:00
2026-09-16 22:00:00+00:00,2026-09-17 14:00:00+00:00,20.1,17.6,0.0,0.0,0.0,0.0,0.444,forecast,2026-09-16 22:39:30.178983+00:00
2026-09-16 22:00:00+00:00,2026-09-17 15:00:00+00:00,19.9,17.7,0.0,0.0,0.0,0.0,0.344,forecast,2026-09-16 22:39:30.178983+00:00
2026-09-16 22:00:00+00:00,2026-09-17 16:00:00+00:00,19.2,16.8,0.0,0.0,0.0,0.0,0.214,forecast,2026-09-16 22:39:30.178983+00:00
2026-09-16 22:00:00+00:00,2026-09-17 17:00:00+00:00,17.8,15.3,0.0,0.0,0.0,0.0,0.092,forecast,2026-09-16 22:39:30.178983+00:00
2026-09-16 22:00:00+00:00,2026-09-17 18:00:00+00:00,16.3,13.5,0.0,0.0,0.0,0.0,0.014,forecast,2026-09-16 22:39:30.178983+00:00
2026-09-16 22:00:00+00:00,2026-09-17 19:00:00+00:00,14.8,12.2,0.0,0.0,0.0,0.0,0.0,forecast,2026-09-16 22:39:30.178983+00:00
2026-09-16 22:00:00+00:00,2026-09-17 20:00:00+00:00,13.7,11.2,0.0,0.0,0.0,0.0,0.0,forecast,2026-09-16 22:39:30.178983+00:00
2026-09-16 22:00:00+00:00,2026-09-17 21:00:00+00:00,13.1,10.5,0.0,0.0,0.0,0.0,0.0,forecast,2026-09-16 22:39:30.178983+00:00
2026-09-16 22:00:00+00:00,2026-09-17 22:00:00+00:00,12.6,10.0,0.0,0.0,0.0,0.0,0.0,forecast,2026-09-16 22:39:30.178983+00:00
2026-09-16 22:00:00+00:00,2026-09-17 23:00:00+00:00,12.3,9.9,0.0,0.0,0.0,0.0,0.0,forecast,2026-09-16 22:39:30.178983+00:00
2026-09-16 22:00:00+00:00,2026-09-18 00:00:00+00:00,12.1,9.8,0.0,0.0,0.0,0.0,0.0,forecast,2026-09-16 22:39:30.178983+00:00
2026-09-16 22:00:00+00:00,2026-09-18 01:00:00+00:00,11.9,9.6,0.0,0.0,0.0,0.0,0.0,forecast,2026-09-16 22:39:30.178983+00:00
2026-09-16 22:00:00+00:00,2026-09-18 02:00:00+00:00,11.8,9.7,0.0,0.0,0.0,0.0,0.0,forecast,2026-09-16 22:39:30.178983+00:00
2026-09-16 22:00:00+00:00,2026-09-18 03:00:00+00:00,11.9,9.5,0.0,0.0,0.0,0.0,0.0,forecast,2026-09-16 22:39:30.178983+00:00
2026-09-16 22:00:00+00:00,2026-09-18 04:00:00+00:00,11.8,9.6,0.0,0.0,0.0,0.0,0.0,forecast,2026-09-16 22:39:30.178983+00:00
2026-09-16 22:00:00+00:00,2026-09-18 05:00:00+00:00,12.2,10.2,0.0,0.0,0.0,0.0,0.0,forecast,2026-09-16 22:39:30.178983+00:00
2026-09-16 22:00:00+00:00,2026-09-18 06:00:00+00:00,13.2,10.8,0.0,0.0,0.0,0.0,0.019,forecast,2026-09-16 22:39:30.178983+00:00
2026-09-16 22:00:00+00:00,2026-09-18 07:00:00+00:00,14.5,12.0,0.0,0.0,0.0,0.0,0.094,forecast,2026-09-16 22:39:30.178983+00:00
2026-09-16 22:00:00+00:00,2026-09-18 08:00:00+00:00,16.2,13.5,0.0,0.0,0.0,0.0,0.194,forecast,2026-09-16 22:39:30.178983+00:00
2026-09-16 22:00:00+00:00,2026-09-18 09:00:00+00:00,17.6,15.2,0.0,0.0,0.0,0.0,0.306,forecast,2026-09-16 22:39:30.178983+00:00
2026-09-16 22:00:00+00:00,2026-09-18 10:00:00+00:00,18.7,16.3,0.0,0.0,0.0,0.0,0.381,forecast,2026-09-16 22:39:30.178983+00:00
2026-09-16 22:00:00+00:00,2026-09-18 11:00:00+00:00,19.2,17.1,0.0,0.0,0.0,0.0,0.433,forecast,2026-09-16 22:39:30.178983+00:00
2026-09-16 22:00:00+00:00,2026-09-18 12:00:00+00:00,19.7,17.8,0.0,0.0,0.0,0.0,0.467,forecast,2026-09-16 22:39:30.178983+00:00
2026-09-16 22:00:00+00:00,2026-09-18 13:00:00+00:00,20.0,18.0,0.0,0.0,0.0,0.0,0.428,forecast,2026-09-16 22:39:30.178983+00:00
2026-09-16 22:00:00+00:00,2026-09-18 14:00:00+00:00,19.9,18.1,0.0,0.0,0.0,0.0,0.375,forecast,2026-09-16 22:39:30.178983+00:00
2026-09-16 22:00:00+00:00,2026-09-18 15:00:00+00:00,19.6,17.5,0.0,0.0,0.0,0.0,0.303,forecast,2026-09-16 22:39:30.178983+00:00
2026-09-16 22:00:00+00:00,2026-09-18 16:00:00+00:00,18.9,16.6,0.0,0.0,0.0,0.0,0.192,forecast,2026-09-16 22:39:30.178983+00:00
2026-09-16 22:00:00+00:00,2026-09-18 17:00:00+00:00,17.7,15.4,0.0,0.0,0.0,0.0,0.081,forecast,2026-09-16 22:39:30.178983+00:00
2026-09-16 22:00:00+00:00,2026-09-18 18:00:00+00:00,16.1,14.0,0.0,0.0,0.0,0.0,0.011,forecast,2026-09-16 22:39:30.178983+00:00
2026-09-16 22:00:00+00:00,2026-09-18 19:00:00+00:00,15.1,12.9,0.0,0.0,0.0,0.0,0.0,forecast,2026-09-16 22:39:30.178983+00:00
2026-09-16 22:00:00+00:00,2026-09-18 20:00:00+00:00,14.3,12.1,0.0,0.0,0.0,0.0,0.0,forecast,2026-09-16 22:39:30.178983+00:00
2026-09-16 22:00:00+00:00,2026-09-18 21:00:00+00:00,13.6,11.2,0.0,0.0,0.0,0.0,0.0,forecast,2026-09-16 22:39:30.178983+00:00
2026-09-16 22:00:00+00:00,2026-09-18 22:00:00+00:00,13.0,10.7,0.0,0.0,0.0,0.0,0.0,forecast,2026-09-16 22:39:30.178983+00:00
2026-09-16 22:00:00+00:00,2026-09-18 23:00:00+00:00,12.6,10.1,0.0,0.0,0.0,0.0,0.0,forecast,2026-09-16 22:39:30.178983+00:00
2026-09-16 22:00:00+00:00,2026-09-19 00:00:00+00:00,12.0,9.6,0.0,0.0,0.0,0.0,0.0,forecast,2026-09-16 22:39:30.178983+00:00
2026-09-16 22:00:00+00:00,2026-09-19 01:00:00+00:00,11.6,9.1,0.0,0.0,0.0,0.0,0.0,forecast,2026-09-16 22:39:30.178983+00:00
2026-09-16 22:00:00+00:00,2026-09-19 02:00:00+00:00,11.4,8.6,0.0,0.0,0.0,0.0,0.0,forecast,2026-09-16 22:39:30.178983+00:00
2026-09-16 22:00:00+00:00,2026-09-19 03:00:00+00:00,11.1,8.2,0.0,0.0,0.0,0.0,0.0,forecast,2026-09-16 22:39:30.178983+00:00
2026-09-16 22:00:00+00:00,2026-09-19 04:00:00+00:00,10.9,7.9,0.0,0.0,0.0,0.0,0.0,forecast,2026-09-16 22:39:30.178983+00:00
2026-09-16 22:00:00+00:00,2026-09-19 05:00:00+00:00,11.2,8.1,0.0,0.0,0.0,0.0,0.0,forecast,2026-09-16 22:39:30.178983+00:00
2026-09-16 22:00:00+00:00,2026-09-19 06:00:00+00:00,12.2,8.8,0.0,0.0,0.0,0.0,0.028,forecast,2026-09-16 22:39:30.178983+00:00
2026-09-16 22:00:00+00:00,2026-09-19 07:00:00+00:00,14.1,10.9,0.0,0.0,0.0,0.0,0.136,forecast,2026-09-16 22:39:30.178983+00:00
2026-09-16 22:00:00+00:00,2026-09-19 08:00:00+00:00,15.9,13.6,0.0,0.0,0.0,0.0,0.289,forecast,2026-09-16 22:39:30.178983+00:00
2026-09-16 22:00:00+00:00,2026-09-19 09:00:00+00:00,17.8,16.2,0.0,0.0,0.0,0.0,0.453,forecast,2026-09-16 22:39:30.178983+00:00
2026-09-16 22:00:00+00:00,2026-09-19 10:00:00+00:00,19.2,17.9,0.0,0.0,0.0,0.0,0.578,forecast,2026-09-16 22:39:30.178983+00:00
2026-09-16 22:00:00+00:00,2026-09-19 11:00:00+00:00,20.3,19.3,0.0,0.0,0.0,0.0,0.653,forecast,2026-09-16 22:39:30.178983+00:00
2026-09-16 22:00:00+00:00,2026-09-19 12:00:00+00:00,21.0,20.1,0.0,0.0,0.0,0.0,0.678,forecast,2026-09-16 22:39:30.178983+00:00
2026-09-16 22:00:00+00:00,2026-09-19 13:00:00+00:00,21.5,20.6,0.0,0.0,0.0,0.0,0.644,forecast,2026-09-16 22:39:30.178983+00:00
2026-09-16 22:00:00+00:00,2026-09-19 14:00:00+00:00,21.7,20.8,0.0,0.0,0.0,0.0,0.547,forecast,2026-09-16 22:39:30.178983+00:00
2026-09-16 22:00:00+00:00,2026-09-19 15:00:00+00:00,21.3,20.6,0.0,0.0,0.0,0.0,0.425,forecast,2026-09-16 22:39:30.178983+00:00
2026-09-16 22:00:00+00:00,2026-09-19 16:00:00+00:00,20.6,19.6,0.0,0.0,0.0,0.0,0.253,forecast,2026-09-16 22:39:30.178983+00:00
2026-09-16 22:00:00+00:00,2026-09-19 17:00:00+00:00,19.3,17.8,0.0,0.0,0.0,0.0,0.097,forecast,2026-09-16 22:39:30.178983+00:00
2026-09-16 22:00:00+00:00,2026-09-19 18:00:00+00:00,17.4,15.4,0.0,0.0,0.0,0.0,0.011,forecast,2026-09-16 22:39:30.178983+00:00
2026-09-16 22:00:00+00:00,2026-09-19 19:00:00+00:00,16.0,13.9,0.0,0.0,0.0,0.0,0.0,forecast,2026-09-16 22:39:30.178983+00:00
2026-09-16 22:00:00+00:00,2026-09-19 20:00:00+00:00,14.8,12.5,0.0,0.0,0.0,0.0,0.0,forecast,2026-09-16 22:39:30.178983+00:00
2026-09-16 22:00:00+00:00,2026-09-19 21:00:00+00:00,14.3,11.6,0.0,0.0,0.0,0.0,0.0,forecast,2026-09-16 22:39:30.178983+00:00
2026-09-16 22:00:00+00:00,2026-09-19 22:00:00+00:00,13.8,10.9,0.0,0.0,0.0,0.0,0.0,forecast,2026-09-16 22:39:30.178983+00:00
2026-09-16 22:00:00+00:00,2026-09-19 23:00:00+00:00,13.5,10.4,0.0,0.0,0.0,0.0,0.0,forecast,2026-09-16 22:39:30.178983+00:00
2026-09-16 22:00:00+00:00,2026-09-20 00:00:00+00:00,13.2,9.9,0.0,0.0,0.0,0.0,0.0,forecast,2026-09-16 22:39:30.178983+00:00
2026-09-16 22:00:00+00:00,2026-09-20 01:00:00+00:00,13.1,9.5,0.0,0.0,0.0,0.0,0.0,forecast,2026-09-16 22:39:30.178983+00:00
2026-09-16 22:00:00+00:00,2026-09-20 02:00:00+00:00,12.8,9.1,0.0,0.0,0.0,0.0,0.0,forecast,2026-09-16 22:39:30.178983+00:00
2026-09-16 22:00:00+00:00,2026-09-20 03:00:00+00:00,12.7,8.8,0.0,0.0,0.0,0.0,0.0,forecast,2026-09-16 22:39:30.178983+00:00
2026-09-16 22:00:00+00:00,2026-09-20 04:00:00+00:00,12.7,8.7,0.0,0.0,0.0,0.0,0.0,forecast,2026-09-16 22:39:30.178983+00:00
2026-09-16 22:00:00+00:00,2026-09-20 05:00:00+00:00,13.1,9.1,0.0,0.0,0.0,0.0,0.0,forecast,2026-09-16 22:39:30.178983+00:00
2026-09-16 22:00:00+00:00,2026-09-20 06:00:00+00:00,14.3,10.4,0.0,0.0,0.0,0.0,0.028,forecast,2026-09-16 22:39:30.178983+00:00
2026-09-16 22:00:00+00:00,2026-09-20 07:00:00+00:00,15.7,12.6,0.0,0.0,0.0,0.0,0.139,forecast,2026-09-16 22:39:30.178983+00:00
2026-09-16 22:00:00+00:00,2026-09-20 08:00:00+00:00,17.4,15.1,0.0,0.0,0.0,0.0,0.272,forecast,2026-09-16 22:39:30.178983+00:00
2026-09-16 22:00:00+00:00,2026-09-20 09:00:00+00:00,19.2,17.7,0.0,0.0,0.0,0.0,0.411,forecast,2026-09-16 22:39:30.178983+00:00
2026-09-16 22:00:00+00:00,2026-09-20 10:00:00+00:00,20.6,19.7,0.0,0.0,0.0,0.0,0.508,forecast,2026-09-16 22:39:30.178983+00:00
2026-09-16 22:00:00+00:00,2026-09-20 11:00:00+00:00,21.6,20.9,0.0,0.0,0.0,0.0,0.572,forecast,2026-09-16 22:39:30.178983+00:00
2026-09-16 22:00:00+00:00,2026-09-20 12:00:00+00:00,22.3,21.7,0.0,0.0,0.0,0.0,0.578,forecast,2026-09-16 22:39:30.178983+00:00
2026-09-16 22:00:00+00:00,2026-09-20 13:00:00+00:00,22.5,22.1,0.0,0.0,0.0,0.0,0.536,forecast,2026-09-16 22:39:30.178983+00:00
2026-09-16 22:00:00+00:00,2026-09-20 14:00:00+00:00,22.5,21.9,0.0,0.0,0.0,0.0,0.442,forecast,2026-09-16 22:39:30.178983+00:00
2026-09-16 22:00:00+00:00,2026-09-20 15:00:00+00:00,22.1,21.0,0.0,0.0,0.0,0.0,0.325,forecast,2026-09-16 22:39:30.178983+00:00
2026-09-16 22:00:00+00:00,2026-09-20 16:00:00+00:00,21.2,19.9,0.0,0.0,0.0,0.0,0.186,forecast,2026-09-16 22:39:30.178983+00:00
2026-09-16 22:00:00+00:00,2026-09-20 17:00:00+00:00,20.2,18.1,0.0,0.0,0.0,0.0,0.064,forecast,2026-09-16 22:39:30.178983+00:00
2026-09-16 22:00:00+00:00,2026-09-20 18:00:00+00:00,18.4,16.2,0.0,0.0,0.0,0.0,0.006,forecast,2026-09-16 22:39:30.178983+00:00
2026-09-16 22:00:00+00:00,2026-09-20 19:00:00+00:00,17.7,15.1,0.3,0.2,0.0,0.0,0.0,forecast,2026-09-16 22:39:30.178983+00:00
2026-09-16 22:00:00+00:00,2026-09-20 20:00:00+00:00,16.9,14.0,0.6,0.4,0.0,0.4,0.0,forecast,2026-09-16 22:39:30.178983+00:00
2026-09-16 22:00:00+00:00,2026-09-20 21:00:00+00:00,16.1,13.4,0.8,0.6,0.0,0.6,0.0,forecast,2026-09-16 22:39:30.178983+00:00
2026-09-16 22:00:00+00:00,2026-09-20 22:00:00+00:00,15.5,12.7,1.2,0.7,0.0,0.5,0.0,forecast,2026-09-16 22:39:30.178983+00:00
2026-09-17 09:00:00+00:00,2026-09-17 10:00:00+00:00,17.6,16.0,0.0,0.0,0.0,0.0,0.533,forecast,2026-09-17 09:19:17.374149+00:00
2026-09-17 09:00:00+00:00,2026-09-17 11:00:00+00:00,18.4,16.8,0.0,0.0,0.0,0.0,0.575,forecast,2026-09-17 09:19:17.374149+00:00
2026-09-17 09:00:00+00:00,2026-09-17 12:00:00+00:00,19.1,17.4,0.0,0.0,0.0,0.0,0.572,forecast,2026-09-17 09:19:17.374149+00:00
2026-09-17 09:00:00+00:00,2026-09-17 13:00:00+00:00,19.6,17.9,0.0,0.0,0.0,0.0,0.533,forecast,2026-09-17 09:19:17.374149+00:00
2026-09-17 09:00:00+00:00,2026-09-17 14:00:00+00:00,20.0,17.8,0.0,0.0,0.0,0.0,0.453,forecast,2026-09-17 09:19:17.374149+00:00
2026-09-17 09:00:00+00:00,2026-09-17 15:00:00+00:00,19.9,17.6,0.0,0.0,0.0,0.0,0.35,forecast,2026-09-17 09:19:17.374149+00:00
2026-09-17 09:00:00+00:00,2026-09-17 16:00:00+00:00,19.1,16.7,0.0,0.0,0.0,0.0,0.222,forecast,2026-09-17 09:19:17.374149+00:00
2026-09-17 09:00:00+00:00,2026-09-17 17:00:00+00:00,17.6,15.2,0.0,0.0,0.0,0.0,0.092,forecast,2026-09-17 09:19:17.374149+00:00
2026-09-17 09:00:00+00:00,2026-09-17 18:00:00+00:00,16.1,13.4,0.0,0.0,0.0,0.0,0.011,forecast,2026-09-17 09:19:17.374149+00:00
2026-09-17 09:00:00+00:00,2026-09-17 19:00:00+00:00,14.8,12.0,0.0,0.0,0.0,0.0,0.0,forecast,2026-09-17 09:19:17.374149+00:00
2026-09-17 09:00:00+00:00,2026-09-17 20:00:00+00:00,13.8,11.0,0.0,0.0,0.0,0.0,0.0,forecast,2026-09-17 09:19:17.374149+00:00
2026-09-17 09:00:00+00:00,2026-09-17 21:00:00+00:00,13.1,10.3,0.0,0.0,0.0,0.0,0.0,forecast,2026-09-17 09:19:17.374149+00:00
2026-09-17 09:00:00+00:00,2026-09-17 22:00:00+00:00,12.5,9.7,0.0,0.0,0.0,0.0,0.0,forecast,2026-09-17 09:19:17.374149+00:00
2026-09-17 09:00:00+00:00,2026-09-17 23:00:00+00:00,12.2,9.6,0.0,0.0,0.0,0.0,0.0,forecast,2026-09-17 09:19:17.374149+00:00
2026-09-17 09:00:00+00:00,2026-09-18 00:00:00+00:00,12.0,9.4,0.0,0.0,0.0,0.0,0.0,forecast,2026-09-17 09:19:17.374149+00:00
2026-09-17 09:00:00+00:00,2026-09-18 01:00:00+00:00,11.8,9.3,0.0,0.0,0.0,0.0,0.0,forecast,2026-09-17 09:19:17.374149+00:00
2026-09-17 09:00:00+00:00,2026-09-18 02:00:00+00:00,11.8,9.4,0.0,0.0,0.0,0.0,0.0,forecast,2026-09-17 09:19:17.374149+00:00
2026-09-17 09:00:00+00:00,2026-09-18 03:00:00+00:00,11.9,9.3,0.0,0.0,0.0,0.0,0.0,forecast,2026-09-17 09:19:17.374149+00:00
2026-09-17 09:00:00+00:00,2026-09-18 04:00:00+00:00,11.9,9.3,0.0,0.0,0.0,0.0,0.0,forecast,2026-09-17 09:19:17.374149+00:00
2026-09-17 09:00:00+00:00,2026-09-18 05:00:00+00:00,12.2,9.8,0.0,0.0,0.0,0.0,0.0,forecast,2026-09-17 09:19:17.374149+00:00
2026-09-17 09:00:00+00:00,2026-09-18 06:00:00+00:00,13.1,10.5,0.0,0.0,0.0,0.0,0.019,forecast,2026-09-17 09:19:17.374149+00:00
2026-09-17 09:00:00+00:00,2026-09-18 07:00:00+00:00,14.5,11.9,0.0,0.0,0.0,0.0,0.092,forecast,2026-09-17 09:19:17.374149+00:00
2026-09-17 09:00:00+00:00,2026-09-18 08:00:00+00:00,16.0,13.4,0.0,0.0,0.0,0.0,0.189,forecast,2026-09-17 09:19:17.374149+00:00
2026-09-17 09:00:00+00:00,2026-09-18 09:00:00+00:00,17.7,15.3,0.0,0.0,0.0,0.0,0.311,forecast,2026-09-17 09:19:17.374149+00:00
2026-09-17 09:00:00+00:00,2026-09-18 10:00:00+00:00,19.0,16.5,0.0,0.0,0.0,0.0,0.403,forecast,2026-09-17 09:19:17.374149+00:00
2026-09-17 09:00:00+00:00,2026-09-18 11:00:00+00:00,19.7,17.3,0.0,0.0,0.0,0.0,0.464,forecast,2026-09-17 09:19:17.374149+00:00
2026-09-17 09:00:00+00:00,2026-09-18 12:00:00+00:00,20.5,17.9,0.0,0.0,0.0,0.0,0.511,forecast,2026-09-17 09:19:17.374149+00:00
2026-09-17 09:00:00+00:00,2026-09-18 13:00:00+00:00,20.7,18.2,0.0,0.0,0.0,0.0,0.472,forecast,2026-09-17 09:19:17.374149+00:00
2026-09-17 09:00:00+00:00,2026-09-18 14:00:00+00:00,20.6,18.2,0.0,0.0,0.0,0.0,0.425,forecast,2026-09-17 09:19:17.374149+00:00
2026-09-17 09:00:00+00:00,2026-09-18 15:00:00+00:00,20.2,17.7,0.0,0.0,0.0,0.0,0.331,forecast,2026-09-17 09:19:17.374149+00:00
2026-09-17 09:00:00+00:00,2026-09-18 16:00:00+00:00,19.5,16.8,0.0,0.0,0.0,0.0,0.214,forecast,2026-09-17 09:19:17.374149+00:00
2026-09-17 09:00:00+00:00,2026-09-18 17:00:00+00:00,18.0,15.5,0.0,0.0,0.0,0.0,0.089,forecast,2026-09-17 09:19:17.374149+00:00
2026-09-17 09:00:00+00:00,2026-09-18 18:00:00+00:00,16.5,14.0,0.0,0.0,0.0,0.0,0.011,forecast,2026-09-17 09:19:17.374149+00:00
2026-09-17 09:00:00+00:00,2026-09-18 19:00:00+00:00,15.4,13.0,0.0,0.0,0.0,0.0,0.0,forecast,2026-09-17 09:19:17.374149+00:00
2026-09-17 09:00:00+00:00,2026-09-18 20:00:00+00:00,14.3,12.1,0.0,0.0,0.0,0.0,0.0,forecast,2026-09-17 09:19:17.374149+00:00
2026-09-17 09:00:00+00:00,2026-09-18 21:00:00+00:00,13.5,11.2,0.0,0.0,0.0,0.0,0.0,forecast,2026-09-17 09:19:17.374149+00:00
2026-09-17 09:00:00+00:00,2026-09-18 22:00:00+00:00,13.0,10.7,0.0,0.0,0.0,0.0,0.0,forecast,2026-09-17 09:19:17.374149+00:00
2026-09-17 09:00:00+00:00,2026-09-18 23:00:00+00:00,12.4,10.2,0.0,0.0,0.0,0.0,0.0,forecast,2026-09-17 09:19:17.374149+00:00
2026-09-17 09:00:00+00:00,2026-09-19 00:00:00+00:00,11.8,9.6,0.0,0.0,0.0,0.0,0.0,forecast,2026-09-17 09:19:17.374149+00:00
2026-09-17 09:00:00+00:00,2026-09-19 01:00:00+00:00,11.3,9.1,0.0,0.0,0.0,0.0,0.0,forecast,2026-09-17 09:19:17.374149+00:00
2026-09-17 09:00:00+00:00,2026-09-19 02:00:00+00:00,11.0,8.6,0.0,0.0,0.0,0.0,0.0,forecast,2026-09-17 09:19:17.374149+00:00
2026-09-17 09:00:00+00:00,2026-09-19 03:00:00+00:00,10.6,8.2,0.0,0.0,0.0,0.0,0.0,forecast,2026-09-17 09:19:17.374149+00:00
2026-09-17 09:00:00+00:00,2026-09-19 04:00:00+00:00,10.4,7.7,0.0,0.0,0.0,0.0,0.0,forecast,2026-09-17 09:19:17.374149+00:00
2026-09-17 09:00:00+00:00,2026-09-19 05:00:00+00:00,10.7,7.9,0.0,0.0,0.0,0.0,0.0,forecast,2026-09-17 09:19:17.374149+00:00
2026-09-17 09:00:00+00:00,2026-09-19 06:00:00+00:00,11.9,8.6,0.0,0.0,0.0,0.0,0.028,forecast,2026-09-17 09:19:17.374149+00:00
2026-09-17 09:00:00+00:00,2026-09-19 07:00:00+00:00,14.0,10.7,0.0,0.0,0.0,0.0,0.147,forecast,2026-09-17 09:19:17.374149+00:00
2026-09-17 09:00:00+00:00,2026-09-19 08:00:00+00:00,16.1,13.6,0.0,0.0,0.0,0.0,0.303,forecast,2026-09-17 09:19:17.374149+00:00
2026-09-17 09:00:00+00:00,2026-09-19 09:00:00+00:00,18.3,16.1,0.0,0.0,0.0,0.0,0.469,forecast,2026-09-17 09:19:17.374149+00:00
2026-09-17 09:00:00+00:00,2026-09-19 10:00:00+00:00,19.6,17.9,0.0,0.0,0.0,0.0,0.594,forecast,2026-09-17 09:19:17.374149+00:00
2026-09-17 09:00:00+00:00,2026-09-19 11:00:00+00:00,20.7,19.2,0.0,0.0,0.0,0.0,0.672,forecast,2026-09-17 09:19:17.374149+00:00
2026-09-17 09:00:00+00:00,2026-09-19 12:00:00+00:00,21.4,20.1,0.0,0.0,0.0,0.0,0.697,forecast,2026-09-17 09:19:17.374149+00:00
2026-09-17 09:00:00+00:00,2026-09-19 13:00:00+00:00,21.9,20.6,0.0,0.0,0.0,0.0,0.658,forecast,2026-09-17 09:19:17.374149+00:00
2026-09-17 09:00:00+00:00,2026-09-19 14:00:00+00:00,22.0,20.7,0.0,0.0,0.0,0.0,0.553,forecast,2026-09-17 09:19:17.374149+00:00
2026-09-17 09:00:00+00:00,2026-09-19 15:00:00+00:00,21.7,20.5,0.0,0.0,0.0,0.0,0.425,forecast,2026-09-17 09:19:17.374149+00:00
2026-09-17 09:00:00+00:00,2026-09-19 16:00:00+00:00,20.9,19.5,0.0,0.0,0.0,0.0,0.253,forecast,2026-09-17 09:19:17.374149+00:00
2026-09-17 09:00:00+00:00,2026-09-19 17:00:00+00:00,19.7,17.5,0.0,0.0,0.0,0.0,0.097,forecast,2026-09-17 09:19:17.374149+00:00
2026-09-17 09:00:00+00:00,2026-09-19 18:00:00+00:00,17.7,15.2,0.0,0.0,0.0,0.0,0.011,forecast,2026-09-17 09:19:17.374149+00:00
2026-09-17 09:00:00+00:00,2026-09-19 19:00:00+00:00,16.2,13.7,0.0,0.0,0.0,0.0,0.0,forecast,2026-09-17 09:19:17.374149+00:00
2026-09-17 09:00:00+00:00,2026-09-19 20:00:00+00:00,15.1,12.4,0.0,0.0,0.0,0.0,0.0,forecast,2026-09-17 09:19:17.374149+00:00
2026-09-17 09:00:00+00:00,2026-09-19 21:00:00+00:00,14.4,11.5,0.0,0.0,0.0,0.0,0.0,forecast,2026-09-17 09:19:17.374149+00:00
2026-09-17 09:00:00+00:00,2026-09-19 22:00:00+00:00,13.8,10.8,0.0,0.0,0.0,0.0,0.0,forecast,2026-09-17 09:19:17.374149+00:00
2026-09-17 09:00:00+00:00,2026-09-19 23:00:00+00:00,13.4,10.3,0.0,0.0,0.0,0.0,0.0,forecast,2026-09-17 09:19:17.374149+00:00
2026-09-17 09:00:00+00:00,2026-09-20 00:00:00+00:00,13.0,9.8,0.0,0.0,0.0,0.0,0.0,forecast,2026-09-17 09:19:17.374149+00:00
2026-09-17 09:00:00+00:00,2026-09-20 01:00:00+00:00,12.9,9.3,0.0,0.0,0.0,0.0,0.0,forecast,2026-09-17 09:19:17.374149+00:00
2026-09-17 09:00:00+00:00,2026-09-20 02:00:00+00:00,12.6,9.0,0.0,0.0,0.0,0.0,0.0,forecast,2026-09-17 09:19:17.374149+00:00
2026-09-17 09:00:00+00:00,2026-09-20 03:00:00+00:00,12.5,8.7,0.0,0.0,0.0,0.0,0.0,forecast,2026-09-17 09:19:17.374149+00:00
2026-09-17 09:00:00+00:00,2026-09-20 04:00:00+00:00,12.5,8.7,0.0,0.0,0.0,0.0,0.0,forecast,2026-09-17 09:19:17.374149+00:00
2026-09-17 09:00:00+00:00,2026-09-20 05:00:00+00:00,12.9,9.1,0.0,0.0,0.0,0.0,0.0,forecast,2026-09-17 09:19:17.374149+00:00
2026-09-17 09:00:00+00:00,2026-09-20 06:00:00+00:00,14.1,10.5,0.0,0.0,0.0,0.0,0.028,forecast,2026-09-17 09:19:17.374149+00:00
2026-09-17 09:00:00+00:00,2026-09-20 07:00:00+00:00,15.6,12.8,0.0,0.0,0.0,0.0,0.142,forecast,2026-09-17 09:19:17.374149+00:00
2026-09-17 09:00:00+00:00,2026-09-20 08:00:00+00:00,17.6,15.4,0.0,0.0,0.0,0.0,0.275,forecast,2026-09-17 09:19:17.374149+00:00
2026-09-17 09:00:00+00:00,2026-09-20 09:00:00+00:00,19.4,18.1,0.0,0.0,0.0,0.0,0.408,forecast,2026-09-17 09:19:17.374149+00:00
2026-09-17 09:00:00+00:00,2026-09-20 10:00:00+00:00,20.9,20.1,0.0,0.0,0.0,0.0,0.5,forecast,2026-09-17 09:19:17.374149+00:00
2026-09-17 09:00:00+00:00,2026-09-20 11:00:00+00:00,21.7,21.4,0.0,0.0,0.0,0.0,0.553,forecast,2026-09-17 09:19:17.374149+00:00
2026-09-17 09:00:00+00:00,2026-09-20 12:00:00+00:00,22.5,22.0,0.0,0.0,0.0,0.0,0.556,forecast,2026-09-17 09:19:17.374149+00:00
2026-09-17 09:00:00+00:00,2026-09-20 13:00:00+00:00,22.8,22.3,0.0,0.0,0.0,0.0,0.514,forecast,2026-09-17 09:19:17.374149+00:00
2026-09-17 09:00:00+00:00,2026-09-20 14:00:00+00:00,22.6,22.1,0.0,0.0,0.0,0.0,0.431,forecast,2026-09-17 09:19:17.374149+00:00
2026-09-17 09:00:00+00:00,2026-09-20 15:00:00+00:00,22.2,21.4,0.0,0.0,0.0,0.0,0.311,forecast,2026-09-17 09:19:17.374149+00:00
2026-09-17 09:00:00+00:00,2026-09-20 16:00:00+00:00,21.5,20.2,0.0,0.0,0.0,0.0,0.172,forecast,2026-09-17 09:19:17.374149+00:00
2026-09-17 09:00:00+00:00,2026-09-20 17:00:00+00:00,20.3,18.2,0.0,0.0,0.0,0.0,0.064,forecast,2026-09-17 09:19:17.374149+00:00
2026-09-17 09:00:00+00:00,2026-09-20 18:00:00+00:00,18.7,16.3,0.0,0.0,0.0,0.0,0.006,forecast,2026-09-17 09:19:17.374149+00:00
2026-09-17 09:00:00+00:00,2026-09-20 19:00:00+00:00,17.9,15.1,0.0,0.0,0.0,0.0,0.0,forecast,2026-09-17 09:19:17.374149+00:00
2026-09-17 09:00:00+00:00,2026-09-20 20:00:00+00:00,17.0,13.7,0.4,0.0,0.0,0.0,0.0,forecast,2026-09-17 09:19:17.374149+00:00
2026-09-17 09:00:00+00:00,2026-09-20 21:00:00+00:00,16.5,12.9,0.5,0.0,0.0,0.0,0.0,forecast,2026-09-17 09:19:17.374149+00:00
2026-09-17 09:00:00+00:00,2026-09-20 22:00:00+00:00,15.8,12.3,0.9,0.5,0.0,0.0,0.0,forecast,2026-09-17 09:19:17.374149+00:00
2026-09-17 09:00:00+00:00,2026-09-20 23:00:00+00:00,15.4,11.8,1.0,0.6,0.0,0.0,0.0,forecast,2026-09-17 09:19:17.374149+00:00
2026-09-17 09:00:00+00:00,2026-09-21 00:00:00+00:00,14.7,11.2,1.2,0.8,0.0,0.0,0.0,forecast,2026-09-17 09:19:17.374149+00:00
2026-09-17 09:00:00+00:00,2026-09-21 01:00:00+00:00,14.2,11.1,0.8,0.6,0.0,0.0,0.0,forecast,2026-09-17 09:19:17.374149+00:00
2026-09-17 09:00:00+00:00,2026-09-21 02:00:00+00:00,13.7,10.8,0.7,0.6,0.0,0.9,0.0,forecast,2026-09-17 09:19:17.374149+00:00
2026-09-17 09:00:00+00:00,2026-09-21 03:00:00+00:00,13.3,10.6,0.7,0.6,0.0,0.9,0.0,forecast,2026-09-17 09:19:17.374149+00:00
2026-09-17 09:00:00+00:00,2026-09-21 04:00:00+00:00,12.9,10.4,0.9,0.9,0.0,0.6,0.0,forecast,2026-09-17 09:19:17.374149+00:00
2026-09-17 09:00:00+00:00,2026-09-21 05:00:00+00:00,12.8,10.3,0.9,0.8,0.0,0.5,0.0,forecast,2026-09-17 09:19:17.374149+00:00
2026-09-17 09:00:00+00:00,2026-09-21 06:00:00+00:00,12.6,10.5,0.8,0.8,0.0,0.4,0.017,forecast,2026-09-17 09:19:17.374149+00:00
2026-09-17 09:00:00+00:00,2026-09-21 07:00:00+00:00,12.9,11.2,0.0,0.0,0.0,0.5,0.081,forecast,2026-09-17 09:19:17.374149+00:00
2026-09-17 09:00:00+00:00,2026-09-21 08:00:00+00:00,13.8,12.7,0.0,0.0,0.0,0.6,0.161,forecast,2026-09-17 09:19:17.374149+00:00
2026-09-17 09:00:00+00:00,2026-09-21 09:00:00+00:00,14.5,13.6,0.0,0.0,0.0,0.0,0.256,forecast,2026-09-17 09:19:17.374149+00:00
2026-09-17 15:00:00+00:00,2026-09-17 16:00:00+00:00,19.4,16.9,0.0,0.0,0.0,0.0,0.283,forecast,2026-09-17 15:58:24.585071+00:00
2026-09-17 15:00:00+00:00,2026-09-17 17:00:00+00:00,17.8,14.8,0.0,0.0,0.0,0.0,0.1,forecast,2026-09-17 15:58:24.585071+00:00
2026-09-17 15:00:00+00:00,2026-09-17 18:00:00+00:00,16.0,12.9,0.0,0.0,0.0,0.0,0.014,forecast,2026-09-17 15:58:24.585071+00:00
2026-09-17 15:00:00+00:00,2026-09-17 19:00:00+00:00,14.7,11.4,0.0,0.0,0.0,0.0,0.0,forecast,2026-09-17 15:58:24.585071+00:00
2026-09-17 15:00:00+00:00,2026-09-17 20:00:00+00:00,13.7,10.4,0.0,0.0,0.0,0.0,0.0,forecast,2026-09-17 15:58:24.585071+00:00
2026-09-17 15:00:00+00:00,2026-09-17 21:00:00+00:00,13.1,9.8,0.0,0.0,0.0,0.0,0.0,forecast,2026-09-17 15:58:24.585071+00:00
2026-09-17 15:00:00+00:00,2026-09-17 22:00:00+00:00,12.6,9.5,0.0,0.0,0.0,0.0,0.0,forecast,2026-09-17 15:58:24.585071+00:00
2026-09-17 15:00:00+00:00,2026-09-17 23:00:00+00:00,12.0,9.3,0.0,0.0,0.0,0.0,0.0,forecast,2026-09-17 15:58:24.585071+00:00
2026-09-17 15:00:00+00:00,2026-09-18 00:00:00+00:00,11.9,9.1,0.0,0.0,0.0,0.0,0.0,forecast,2026-09-17 15:58:24.585071+00:00
2026-09-17 15:00:00+00:00,2026-09-18 01:00:00+00:00,11.7,9.1,0.0,0.0,0.0,0.0,0.0,forecast,2026-09-17 15:58:24.585071+00:00
2026-09-17 15:00:00+00:00,2026-09-18 02:00:00+00:00,11.6,9.2,0.0,0.0,0.0,0.0,0.0,forecast,2026-09-17 15:58:24.585071+00:00
2026-09-17 15:00:00+00:00,2026-09-18 03:00:00+00:00,11.8,9.0,0.0,0.0,0.0,0.0,0.0,forecast,2026-09-17 15:58:24.585071+00:00
2026-09-17 15:00:00+00:00,2026-09-18 04:00:00+00:00,11.8,8.9,0.0,0.0,0.0,0.0,0.0,forecast,2026-09-17 15:58:24.585071+00:00
2026-09-17 15:00:00+00:00,2026-09-18 05:00:00+00:00,12.2,9.3,0.0,0.0,0.0,0.0,0.0,forecast,2026-09-17 15:58:24.585071+00:00
2026-09-17 15:00:00+00:00,2026-09-18 06:00:00+00:00,13.3,10.1,0.0,0.0,0.0,0.0,0.019,forecast,2026-09-17 15:58:24.585071+00:00
2026-09-17 15:00:00+00:00,2026-09-18 07:00:00+00:00,14.4,11.6,0.0,0.0,0.0,0.0,0.094,forecast,2026-09-17 15:58:24.585071+00:00
2026-09-17 15:00:00+00:00,2026-09-18 08:00:00+00:00,16.1,13.5,0.0,0.0,0.0,0.0,0.197,forecast,2026-09-17 15:58:24.585071+00:00
2026-09-17 15:00:00+00:00,2026-09-18 09:00:00+00:00,17.4,15.1,0.0,0.0,0.0,0.0,0.314,forecast,2026-09-17 15:58:24.585071+00:00
2026-09-17 15:00:00+00:00,2026-09-18 10:00:00+00:00,18.5,16.6,0.0,0.0,0.0,0.0,0.408,forecast,2026-09-17 15:58:24.585071+00:00
2026-09-17 15:00:00+00:00,2026-09-18 11:00:00+00:00,19.3,17.2,0.0,0.0,0.0,0.0,0.456,forecast,2026-09-17 15:58:24.585071+00:00
2026-09-17 15:00:00+00:00,2026-09-18 12:00:00+00:00,19.9,17.7,0.0,0.0,0.0,0.0,0.497,forecast,2026-09-17 15:58:24.585071+00:00
2026-09-17 15:00:00+00:00,2026-09-18 13:00:00+00:00,20.2,18.0,0.0,0.0,0.0,0.0,0.453,forecast,2026-09-17 15:58:24.585071+00:00
2026-09-17 15:00:00+00:00,2026-09-18 14:00:00+00:00,20.3,17.9,0.0,0.0,0.0,0.0,0.4,forecast,2026-09-17 15:58:24.585071+00:00
2026-09-17 15:00:00+00:00,2026-09-18 15:00:00+00:00,20.0,17.6,0.0,0.0,0.0,0.0,0.319,forecast,2026-09-17 15:58:24.585071+00:00
2026-09-17 15:00:00+00:00,2026-09-18 16:00:00+00:00,19.4,17.0,0.0,0.0,0.0,0.0,0.211,forecast,2026-09-17 15:58:24.585071+00:00
2026-09-17 15:00:00+00:00,2026-09-18 17:00:00+00:00,17.9,15.7,0.0,0.0,0.0,0.0,0.086,forecast,2026-09-17 15:58:24.585071+00:00
2026-09-17 15:00:00+00:00,2026-09-18 18:00:00+00:00,16.3,14.2,0.0,0.0,0.0,0.0,0.011,forecast,2026-09-17 15:58:24.585071+00:00
2026-09-17 15:00:00+00:00,2026-09-18 19:00:00+00:00,15.2,13.2,0.0,0.0,0.0,0.0,0.0,forecast,2026-09-17 15:58:24.585071+00:00
2026-09-17 15:00:00+00:00,2026-09-18 20:00:00+00:00,14.2,12.2,0.0,0.0,0.0,0.0,0.0,forecast,2026-09-17 15:58:24.585071+00:00
2026-09-17 15:00:00+00:00,2026-09-18 21:00:00+00:00,13.3,11.2,0.0,0.0,0.0,0.0,0.0,forecast,2026-09-17 15:58:24.585071+00:00
2026-09-17 15:00:00+00:00,2026-09-18 22:00:00+00:00,12.8,10.6,0.0,0.0,0.0,0.0,0.0,forecast,2026-09-17 15:58:24.585071+00:00
2026-09-17 15:00:00+00:00,2026-09-18 23:00:00+00:00,12.2,10.1,0.0,0.0,0.0,0.0,0.0,forecast,2026-09-17 15:58:24.585071+00:00
2026-09-17 15:00:00+00:00,2026-09-19 00:00:00+00:00,11.6,9.6,0.0,0.0,0.0,0.0,0.0,forecast,2026-09-17 15:58:24.585071+00:00
2026-09-17 15:00:00+00:00,2026-09-19 01:00:00+00:00,11.1,9.1,0.0,0.0,0.0,0.0,0.0,forecast,2026-09-17 15:58:24.585071+00:00
2026-09-17 15:00:00+00:00,2026-09-19 02:00:00+00:00,10.7,8.7,0.0,0.0,0.0,0.0,0.0,forecast,2026-09-17 15:58:24.585071+00:00
2026-09-17 15:00:00+00:00,2026-09-19 03:00:00+00:00,10.4,8.2,0.0,0.0,0.0,0.0,0.0,forecast,2026-09-17 15:58:24.585071+00:00
2026-09-17 15:00:00+00:00,2026-09-19 04:00:00+00:00,10.2,7.7,0.0,0.0,0.0,0.0,0.0,forecast,2026-09-17 15:58:24.585071+00:00
2026-09-17 15:00:00+00:00,2026-09-19 05:00:00+00:00,10.5,7.8,0.0,0.0,0.0,0.0,0.0,forecast,2026-09-17 15:58:24.585071+00:00
2026-09-17 15:00:00+00:00,2026-09-19 06:00:00+00:00,11.8,8.8,0.0,0.0,0.0,0.0,0.028,forecast,2026-09-17 15:58:24.585071+00:00
2026-09-17 15:00:00+00:00,2026-09-19 07:00:00+00:00,13.8,10.8,0.0,0.0,0.0,0.0,0.147,forecast,2026-09-17 15:58:24.585071+00:00
2026-09-17 15:00:00+00:00,2026-09-19 08:00:00+00:00,16.0,13.7,0.0,0.0,0.0,0.0,0.3,forecast,2026-09-17 15:58:24.585071+00:00
2026-09-17 15:00:00+00:00,2026-09-19 09:00:00+00:00,18.1,16.2,0.0,0.0,0.0,0.0,0.464,forecast,2026-09-17 15:58:24.585071+00:00
2026-09-17 15:00:00+00:00,2026-09-19 10:00:00+00:00,19.6,18.0,0.0,0.0,0.0,0.0,0.589,forecast,2026-09-17 15:58:24.585071+00:00
2026-09-17 15:00:00+00:00,2026-09-19 11:00:00+00:00,20.9,19.4,0.0,0.0,0.0,0.0,0.667,forecast,2026-09-17 15:58:24.585071+00:00
2026-09-17 15:00:00+00:00,2026-09-19 12:00:00+00:00,21.7,20.2,0.0,0.0,0.0,0.0,0.692,forecast,2026-09-17 15:58:24.585071+00:00
2026-09-17 15:00:00+00:00,2026-09-19 13:00:00+00:00,22.1,20.8,0.0,0.0,0.0,0.0,0.65,forecast,2026-09-17 15:58:24.585071+00:00
2026-09-17 15:00:00+00:00,2026-09-19 14:00:00+00:00,22.2,20.9,0.0,0.0,0.0,0.0,0.553,forecast,2026-09-17 15:58:24.585071+00:00
2026-09-17 15:00:00+00:00,2026-09-19 15:00:00+00:00,22.0,20.5,0.0,0.0,0.0,0.0,0.419,forecast,2026-09-17 15:58:24.585071+00:00
2026-09-17 15:00:00+00:00,2026-09-19 16:00:00+00:00,21.2,19.6,0.0,0.0,0.0,0.0,0.25,forecast,2026-09-17 15:58:24.585071+00:00
2026-09-17 15:00:00+00:00,2026-09-19 17:00:00+00:00,19.8,17.8,0.0,0.0,0.0,0.0,0.097,forecast,2026-09-17 15:58:24.585071+00:00
2026-09-17 15:00:00+00:00,2026-09-19 18:00:00+00:00,18.0,15.4,0.0,0.0,0.0,0.0,0.011,forecast,2026-09-17 15:58:24.585071+00:00
2026-09-17 15:00:00+00:00,2026-09-19 19:00:00+00:00,16.3,13.8,0.0,0.0,0.0,0.0,0.0,forecast,2026-09-17 15:58:24.585071+00:00
2026-09-17 15:00:00+00:00,2026-09-19 20:00:00+00:00,15.1,12.4,0.0,0.0,0.0,0.0,0.0,forecast,2026-09-17 15:58:24.585071+00:00
2026-09-17 15:00:00+00:00,2026-09-19 21:00:00+00:00,14.3,11.5,0.0,0.0,0.0,0.0,0.0,forecast,2026-09-17 15:58:24.585071+00:00
2026-09-17 15:00:00+00:00,2026-09-19 22:00:00+00:00,13.7,10.8,0.0,0.0,0.0,0.0,0.0,forecast,2026-09-17 15:58:24.585071+00:00
2026-09-17 15:00:00+00:00,2026-09-19 23:00:00+00:00,13.3,10.2,0.0,0.0,0.0,0.0,0.0,forecast,2026-09-17 15:58:24.585071+00:00
2026-09-17 15:00:00+00:00,2026-09-20 00:00:00+00:00,12.9,9.7,0.0,0.0,0.0,0.0,0.0,forecast,2026-09-17 15:58:24.585071+00:00
2026-09-17 15:00:00+00:00,2026-09-20 01:00:00+00:00,12.7,9.3,0.0,0.0,0.0,0.0,0.0,forecast,2026-09-17 15:58:24.585071+00:00
2026-09-17 15:00:00+00:00,2026-09-20 02:00:00+00:00,12.5,8.9,0.0,0.0,0.0,0.0,0.0,forecast,2026-09-17 15:58:24.585071+00:00
2026-09-17 15:00:00+00:00,2026-09-20 03:00:00+00:00,12.2,8.7,0.0,0.0,0.0,0.0,0.0,forecast,2026-09-17 15:58:24.585071+00:00
2026-09-17 15:00:00+00:00,2026-09-20 04:00:00+00:00,12.1,8.7,0.0,0.0,0.0,0.0,0.0,forecast,2026-09-17 15:58:24.585071+00:00
2026-09-17 15:00:00+00:00,2026-09-20 05:00:00+00:00,12.7,9.0,0.0,0.0,0.0,0.0,0.0,forecast,2026-09-17 15:58:24.585071+00:00
2026-09-17 15:00:00+00:00,2026-09-20 06:00:00+00:00,13.9,10.3,0.0,0.0,0.0,0.0,0.028,forecast,2026-09-17 15:58:24.585071+00:00
2026-09-17 15:00:00+00:00,2026-09-20 07:00:00+00:00,15.6,12.6,0.0,0.0,0.0,0.0,0.147,forecast,2026-09-17 15:58:24.585071+00:00
2026-09-17 15:00:00+00:00,2026-09-20 08:00:00+00:00,17.7,15.7,0.0,0.0,0.0,0.0,0.283,forecast,2026-09-17 15:58:24.585071+00:00
2026-09-17 15:00:00+00:00,2026-09-20 09:00:00+00:00,19.7,18.4,0.0,0.0,0.0,0.0,0.428,forecast,2026-09-17 15:58:24.585071+00:00
2026-09-17 15:00:00+00:00,2026-09-20 10:00:00+00:00,21.2,20.3,0.0,0.0,0.0,0.0,0.531,forecast,2026-09-17 15:58:24.585071+00:00
2026-09-17 15:00:00+00:00,2026-09-20 11:00:00+00:00,22.1,21.5,0.0,0.0,0.0,0.0,0.586,forecast,2026-09-17 15:58:24.585071+00:00
2026-09-17 15:00:00+00:00,2026-09-20 12:00:00+00:00,22.9,22.2,0.0,0.0,0.0,0.0,0.589,forecast,2026-09-17 15:58:24.585071+00:00
2026-09-17 15:00:00+00:00,2026-09-20 13:00:00+00:00,23.3,22.6,0.0,0.0,0.0,0.0,0.547,forecast,2026-09-17 15:58:24.585071+00:00
2026-09-17 15:00:00+00:00,2026-09-20 14:00:00+00:00,23.1,22.5,0.0,0.0,0.0,0.0,0.45,forecast,2026-09-17 15:58:24.585071+00:00
2026-09-17 15:00:00+00:00,2026-09-20 15:00:00+00:00,22.7,21.7,0.0,0.0,0.0,0.0,0.317,forecast,2026-09-17 15:58:24.585071+00:00
2026-09-17 15:00:00+00:00,2026-09-20 16:00:00+00:00,21.9,20.4,0.0,0.0,0.0,0.0,0.175,forecast,2026-09-17 15:58:24.585071+00:00
2026-09-17 15:00:00+00:00,2026-09-20 17:00:00+00:00,20.6,18.6,0.0,0.0,0.0,0.0,0.061,forecast,2026-09-17 15:58:24.585071+00:00
2026-09-17 15:00:00+00:00,2026-09-20 18:00:00+00:00,19.1,16.7,0.0,0.0,0.0,0.0,0.006,forecast,2026-09-17 15:58:24.585071+00:00
2026-09-17 15:00:00+00:00,2026-09-20 19:00:00+00:00,18.2,15.4,0.0,0.0,0.0,0.0,0.0,forecast,2026-09-17 15:58:24.585071+00:00
2026-09-17 15:00:00+00:00,2026-09-20 20:00:00+00:00,17.4,14.0,0.0,0.0,0.0,0.0,0.0,forecast,2026-09-17 15:58:24.585071+00:00
2026-09-17 15:00:00+00:00,2026-09-20 21:00:00+00:00,16.9,13.3,0.0,0.0,0.0,0.0,0.0,forecast,2026-09-17 15:58:24.585071+00:00
2026-09-17 15:00:00+00:00,2026-09-20 22:00:00+00:00,16.3,12.6,0.0,0.0,0.0,0.0,0.0,forecast,2026-09-17 15:58:24.585071+00:00
2026-09-17 15:00:00+00:00,2026-09-20 23:00:00+00:00,15.9,12.2,0.0,0.0,0.0,0.0,0.0,forecast,2026-09-17 15:58:24.585071+00:00
2026-09-17 15:00:00+00:00,2026-09-21 00:00:00+00:00,15.4,11.7,0.0,0.0,0.0,0.0,0.0,forecast,2026-09-17 15:58:24.585071+00:00
2026-09-17 15:00:00+00:00,2026-09-21 01:00:00+00:00,14.9,11.1,0.0,0.7,0.0,0.0,0.0,forecast,2026-09-17 15:58:24.585071+00:00
2026-09-17 15:00:00+00:00,2026-09-21 02:00:00+00:00,14.5,10.9,0.0,0.8,0.0,0.0,0.0,forecast,2026-09-17 15:58:24.585071+00:00
2026-09-17 15:00:00+00:00,2026-09-21 03:00:00+00:00,14.1,10.6,0.0,0.8,0.0,0.0,0.0,forecast,2026-09-17 15:58:24.585071+00:00
2026-09-17 15:00:00+00:00,2026-09-21 04:00:00+00:00,13.8,10.5,0.0,0.8,0.0,0.0,0.0,forecast,2026-09-17 15:58:24.585071+00:00
2026-09-17 15:00:00+00:00,2026-09-21 05:00:00+00:00,13.8,10.6,0.0,0.8,0.0,0.0,0.0,forecast,2026-09-17 15:58:24.585071+00:00
2026-09-17 15:00:00+00:00,2026-09-21 06:00:00+00:00,13.5,10.8,0.0,1.0,0.0,0.0,0.017,forecast,2026-09-17 15:58:24.585071+00:00
2026-09-17 15:00:00+00:00,2026-09-21 07:00:00+00:00,13.8,11.6,0.7,2.1,0.0,0.0,0.075,forecast,2026-09-17 15:58:24.585071+00:00
2026-09-17 15:00:00+00:00,2026-09-21 08:00:00+00:00,14.3,13.1,0.7,1.6,0.0,0.0,0.142,forecast,2026-09-17 15:58:24.585071+00:00
2026-09-17 15:00:00+00:00,2026-09-21 09:00:00+00:00,15.2,14.2,0.7,1.4,0.0,0.0,0.228,forecast,2026-09-17 15:58:24.585071+00:00
2026-09-17 15:00:00+00:00,2026-09-21 10:00:00+00:00,16.0,15.2,1.3,0.0,0.0,0.0,0.306,forecast,2026-09-17 15:58:24.585071+00:00
2026-09-17 15:00:00+00:00,2026-09-21 11:00:00+00:00,16.5,16.0,0.0,0.0,0.0,0.0,0.361,forecast,2026-09-17 15:58:24.585071+00:00
2026-09-17 15:00:00+00:00,2026-09-21 12:00:00+00:00,16.7,16.4,0.0,0.0,0.0,0.0,0.456,forecast,2026-09-17 15:58:24.585071+00:00
2026-09-17 15:00:00+00:00,2026-09-21 13:00:00+00:00,16.8,16.7,0.0,0.0,0.0,0.0,0.433,forecast,2026-09-17 15:58:24.585071+00:00
2026-09-17 15:00:00+00:00,2026-09-21 14:00:00+00:00,17.4,16.8,0.0,0.0,0.0,0.0,0.389,forecast,2026-09-17 15:58:24.585071+00:00
2026-09-17 15:00:00+00:00,2026-09-21 15:00:00+00:00,17.1,16.4,0.0,0.0,0.0,0.0,0.308,forecast,2026-09-17 15:58:24.585071+00:00
2026-09-17 22:00:00+00:00,2026-09-17 23:00:00+00:00,11.8,11.4,0.0,0.0,0.0,0.0,0.0,forecast,2026-09-17 22:39:39.468683+00:00
2026-09-17 22:00:00+00:00,2026-09-18 00:00:00+00:00,11.6,10.9,0.0,0.0,0.0,0.0,0.0,forecast,2026-09-17 22:39:39.468683+00:00
2026-09-17 22:00:00+00:00,2026-09-18 01:00:00+00:00,11.5,10.5,0.0,0.0,0.0,0.0,0.0,forecast,2026-09-17 22:39:39.468683+00:00
2026-09-17 22:00:00+00:00,2026-09-18 02:00:00+00:00,11.4,10.4,0.0,0.0,0.0,0.0,0.0,forecast,2026-09-17 22:39:39.468683+00:00
2026-09-17 22:00:00+00:00,2026-09-18 03:00:00+00:00,11.5,10.0,0.0,0.0,0.0,0.0,0.0,forecast,2026-09-17 22:39:39.468683+00:00
2026-09-17 22:00:00+00:00,2026-09-18 04:00:00+00:00,11.6,9.9,0.0,0.0,0.0,0.0,0.0,forecast,2026-09-17 22:39:39.468683+00:00
2026-09-17 22:00:00+00:00,2026-09-18 05:00:00+00:00,12.2,10.0,0.0,0.0,0.0,0.0,0.0,forecast,2026-09-17 22:39:39.468683+00:00
2026-09-17 22:00:00+00:00,2026-09-18 06:00:00+00:00,13.1,10.6,0.0,0.0,0.0,0.0,0.017,forecast,2026-09-17 22:39:39.468683+00:00
2026-09-17 22:00:00+00:00,2026-09-18 07:00:00+00:00,14.4,11.9,0.0,0.0,0.0,0.0,0.081,forecast,2026-09-17 22:39:39.468683+00:00
2026-09-17 22:00:00+00:00,2026-09-18 08:00:00+00:00,16.0,13.4,0.0,0.0,0.0,0.0,0.175,forecast,2026-09-17 22:39:39.468683+00:00
2026-09-17 22:00:00+00:00,2026-09-18 09:00:00+00:00,17.3,15.1,0.0,0.0,0.0,0.0,0.292,forecast,2026-09-17 22:39:39.468683+00:00
2026-09-17 22:00:00+00:00,2026-09-18 10:00:00+00:00,18.2,16.4,0.0,0.0,0.0,0.0,0.375,forecast,2026-09-17 22:39:39.468683+00:00
2026-09-17 22:00:00+00:00,2026-09-18 11:00:00+00:00,19.0,17.0,0.0,0.0,0.0,0.0,0.431,forecast,2026-09-17 22:39:39.468683+00:00
2026-09-17 22:00:00+00:00,2026-09-18 12:00:00+00:00,19.6,17.4,0.0,0.0,0.0,0.0,0.458,forecast,2026-09-17 22:39:39.468683+00:00
2026-09-17 22:00:00+00:00,2026-09-18 13:00:00+00:00,19.8,17.6,0.0,0.0,0.0,0.0,0.428,forecast,2026-09-17 22:39:39.468683+00:00
2026-09-17 22:00:00+00:00,2026-09-18 14:00:00+00:00,20.0,17.6,0.0,0.0,0.0,0.0,0.375,forecast,2026-09-17 22:39:39.468683+00:00
2026-09-17 22:00:00+00:00,2026-09-18 15:00:00+00:00,19.7,17.3,0.0,0.0,0.0,0.0,0.303,forecast,2026-09-17 22:39:39.468683+00:00
2026-09-17 22:00:00+00:00,2026-09-18 16:00:00+00:00,19.0,16.5,0.0,0.0,0.0,0.0,0.197,forecast,2026-09-17 22:39:39.468683+00:00
2026-09-17 22:00:00+00:00,2026-09-18 17:00:00+00:00,17.8,15.3,0.0,0.0,0.0,0.0,0.083,forecast,2026-09-17 22:39:39.468683+00:00
2026-09-17 22:00:00+00:00,2026-09-18 18:00:00+00:00,16.5,14.2,0.0,0.0,0.0,0.0,0.011,forecast,2026-09-17 22:39:39.468683+00:00
2026-09-17 22:00:00+00:00,2026-09-18 19:00:00+00:00,15.2,13.1,0.0,0.0,0.0,0.0,0.0,forecast,2026-09-17 22:39:39.468683+00:00
2026-09-17 22:00:00+00:00,2026-09-18 20:00:00+00:00,14.2,12.3,0.0,0.0,0.0,0.0,0.0,forecast,2026-09-17 22:39:39.468683+00:00
2026-09-17 22:00:00+00:00,2026-09-18 21:00:00+00:00,13.5,11.6,0.0,0.0,0.0,0.0,0.0,forecast,2026-09-17 22:39:39.468683+00:00
2026-09-17 22:00:00+00:00,2026-09-18 22:00:00+00:00,13.0,11.0,0.0,0.0,0.0,0.0,0.0,forecast,2026-09-17 22:39:39.468683+00:00
2026-09-17 22:00:00+00:00,2026-09-18 23:00:00+00:00,12.3,10.5,0.0,0.0,0.0,0.0,0.0,forecast,2026-09-17 22:39:39.468683+00:00
2026-09-17 22:00:00+00:00,2026-09-19 00:00:00+00:00,11.7,10.0,0.0,0.0,0.0,0.0,0.0,forecast,2026-09-17 22:39:39.468683+00:00
2026-09-17 22:00:00+00:00,2026-09-19 01:00:00+00:00,11.2,9.3,0.0,0.0,0.0,0.0,0.0,forecast,2026-09-17 22:39:39.468683+00:00
2026-09-17 22:00:00+00:00,2026-09-19 02:00:00+00:00,10.8,8.7,0.0,0.0,0.0,0.0,0.0,forecast,2026-09-17 22:39:39.468683+00:00
2026-09-17 22:00:00+00:00,2026-09-19 03:00:00+00:00,10.5,8.5,0.0,0.0,0.0,0.0,0.0,forecast,2026-09-17 22:39:39.468683+00:00
2026-09-17 22:00:00+00:00,2026-09-19 04:00:00+00:00,10.4,8.0,0.0,0.0,0.0,0.0,0.0,forecast,2026-09-17 22:39:39.468683+00:00
2026-09-17 22:00:00+00:00,2026-09-19 05:00:00+00:00,10.9,8.0,0.0,0.0,0.0,0.0,0.0,forecast,2026-09-17 22:39:39.468683+00:00
2026-09-17 22:00:00+00:00,2026-09-19 06:00:00+00:00,12.0,8.9,0.0,0.0,0.0,0.0,0.028,forecast,2026-09-17 22:39:39.468683+00:00
2026-09-17 22:00:00+00:00,2026-09-19 07:00:00+00:00,13.8,11.0,0.0,0.0,0.0,0.0,0.15,forecast,2026-09-17 22:39:39.468683+00:00
2026-09-17 22:00:00+00:00,2026-09-19 08:00:00+00:00,15.9,13.7,0.0,0.0,0.0,0.0,0.308,forecast,2026-09-17 22:39:39.468683+00:00
2026-09-17 22:00:00+00:00,2026-09-19 09:00:00+00:00,17.8,16.2,0.0,0.0,0.0,0.0,0.472,forecast,2026-09-17 22:39:39.468683+00:00
2026-09-17 22:00:00+00:00,2026-09-19 10:00:00+00:00,19.4,18.2,0.0,0.0,0.0,0.0,0.592,forecast,2026-09-17 22:39:39.468683+00:00
2026-09-17 22:00:00+00:00,2026-09-19 11:00:00+00:00,20.5,19.5,0.0,0.0,0.0,0.0,0.675,forecast,2026-09-17 22:39:39.468683+00:00
2026-09-17 22:00:00+00:00,2026-09-19 12:00:00+00:00,21.2,20.3,0.0,0.0,0.0,0.0,0.694,forecast,2026-09-17 22:39:39.468683+00:00
2026-09-17 22:00:00+00:00,2026-09-19 13:00:00+00:00,21.6,20.8,0.0,0.0,0.0,0.0,0.647,forecast,2026-09-17 22:39:39.468683+00:00
2026-09-17 22:00:00+00:00,2026-09-19 14:00:00+00:00,21.9,21.0,0.0,0.0,0.0,0.0,0.547,forecast,2026-09-17 22:39:39.468683+00:00
2026-09-17 22:00:00+00:00,2026-09-19 15:00:00+00:00,21.7,20.5,0.0,0.0,0.0,0.0,0.408,forecast,2026-09-17 22:39:39.468683+00:00
2026-09-17 22:00:00+00:00,2026-09-19 16:00:00+00:00,20.9,19.5,0.0,0.0,0.0,0.0,0.239,forecast,2026-09-17 22:39:39.468683+00:00
2026-09-17 22:00:00+00:00,2026-09-19 17:00:00+00:00,19.3,17.5,0.0,0.0,0.0,0.0,0.092,forecast,2026-09-17 22:39:39.468683+00:00
2026-09-17 22:00:00+00:00,2026-09-19 18:00:00+00:00,17.4,15.2,0.0,0.0,0.0,0.0,0.011,forecast,2026-09-17 22:39:39.468683+00:00
2026-09-17 22:00:00+00:00,2026-09-19 19:00:00+00:00,16.0,13.5,0.0,0.0,0.0,0.0,0.0,forecast,2026-09-17 22:39:39.468683+00:00
2026-09-17 22:00:00+00:00,2026-09-19 20:00:00+00:00,14.8,12.3,0.0,0.0,0.0,0.0,0.0,forecast,2026-09-17 22:39:39.468683+00:00
2026-09-17 22:00:00+00:00,2026-09-19 21:00:00+00:00,14.0,11.5,0.0,0.0,0.0,0.0,0.0,forecast,2026-09-17 22:39:39.468683+00:00
2026-09-17 22:00:00+00:00,2026-09-19 22:00:00+00:00,13.6,10.7,0.0,0.0,0.0,0.0,0.0,forecast,2026-09-17 22:39:39.468683+00:00
2026-09-17 22:00:00+00:00,2026-09-19 23:00:00+00:00,13.1,10.2,0.0,0.0,0.0,0.0,0.0,forecast,2026-09-17 22:39:39.468683+00:00
2026-09-17 22:00:00+00:00,2026-09-20 00:00:00+00:00,12.7,9.8,0.0,0.0,0.0,0.0,0.0,forecast,2026-09-17 22:39:39.468683+00:00
2026-09-17 22:00:00+00:00,2026-09-20 01:00:00+00:00,12.5,9.2,0.0,0.0,0.0,0.0,0.0,forecast,2026-09-17 22:39:39.468683+00:00
2026-09-17 22:00:00+00:00,2026-09-20 02:00:00+00:00,12.2,8.9,0.0,0.0,0.0,0.0,0.0,forecast,2026-09-17 22:39:39.468683+00:00
2026-09-17 22:00:00+00:00,2026-09-20 03:00:00+00:00,12.1,8.7,0.0,0.0,0.0,0.0,0.0,forecast,2026-09-17 22:39:39.468683+00:00
2026-09-17 22:00:00+00:00,2026-09-20 04:00:00+00:00,12.0,8.6,0.0,0.0,0.0,0.0,0.0,forecast,2026-09-17 22:39:39.468683+00:00
2026-09-17 22:00:00+00:00,2026-09-20 05:00:00+00:00,12.3,8.9,0.0,0.0,0.0,0.0,0.0,forecast,2026-09-17 22:39:39.468683+00:00
2026-09-17 22:00:00+00:00,2026-09-20 06:00:00+00:00,13.7,10.1,0.0,0.0,0.0,0.0,0.028,forecast,2026-09-17 22:39:39.468683+00:00
2026-09-17 22:00:00+00:00,2026-09-20 07:00:00+00:00,15.6,12.4,0.0,0.0,0.0,0.0,0.144,forecast,2026-09-17 22:39:39.468683+00:00
2026-09-17 22:00:00+00:00,2026-09-20 08:00:00+00:00,17.6,15.3,0.0,0.0,0.0,0.0,0.3,forecast,2026-09-17 22:39:39.468683+00:00
2026-09-17 22:00:00+00:00,2026-09-20 09:00:00+00:00,19.5,18.1,0.0,0.0,0.0,0.0,0.436,forecast,2026-09-17 22:39:39.468683+00:00
2026-09-17 22:00:00+00:00,2026-09-20 10:00:00+00:00,20.8,20.1,0.0,0.0,0.0,0.0,0.542,forecast,2026-09-17 22:39:39.468683+00:00
2026-09-17 22:00:00+00:00,2026-09-20 11:00:00+00:00,21.6,21.4,0.0,0.0,0.0,0.0,0.6,forecast,2026-09-17 22:39:39.468683+00:00
2026-09-17 22:00:00+00:00,2026-09-20 12:00:00+00:00,22.4,22.3,0.0,0.0,0.0,0.0,0.608,forecast,2026-09-17 22:39:39.468683+00:00
2026-09-17 22:00:00+00:00,2026-09-20 13:00:00+00:00,22.8,22.7,0.0,0.0,0.0,0.0,0.547,forecast,2026-09-17 22:39:39.468683+00:00
2026-09-17 22:00:00+00:00,2026-09-20 14:00:00+00:00,22.8,22.4,0.0,0.0,0.0,0.0,0.444,forecast,2026-09-17 22:39:39.468683+00:00
2026-09-17 22:00:00+00:00,2026-09-20 15:00:00+00:00,22.2,21.9,0.0,0.0,0.0,0.0,0.328,forecast,2026-09-17 22:39:39.468683+00:00
2026-09-17 22:00:00+00:00,2026-09-20 16:00:00+00:00,21.4,20.7,0.0,0.0,0.0,0.0,0.186,forecast,2026-09-17 22:39:39.468683+00:00
2026-09-17 22:00:00+00:00,2026-09-20 17:00:00+00:00,20.1,18.8,0.0,0.0,0.0,0.0,0.064,forecast,2026-09-17 22:39:39.468683+00:00
2026-09-17 22:00:00+00:00,2026-09-20 18:00:00+00:00,18.6,16.7,0.0,0.0,0.0,0.0,0.006,forecast,2026-09-17 22:39:39.468683+00:00
2026-09-17 22:00:00+00:00,2026-09-20 19:00:00+00:00,17.4,15.2,0.0,0.0,0.0,0.0,0.0,forecast,2026-09-17 22:39:39.468683+00:00
2026-09-17 22:00:00+00:00,2026-09-20 20:00:00+00:00,16.8,13.9,0.0,0.0,0.0,0.0,0.0,forecast,2026-09-17 22:39:39.468683+00:00
2026-09-17 22:00:00+00:00,2026-09-20 21:00:00+00:00,16.2,13.3,0.0,0.0,0.0,0.0,0.0,forecast,2026-09-17 22:39:39.468683+00:00
2026-09-17 22:00:00+00:00,2026-09-20 22:00:00+00:00,15.7,12.8,0.0,0.0,0.0,0.0,0.0,forecast,2026-09-17 22:39:39.468683+00:00
2026-09-17 22:00:00+00:00,2026-09-20 23:00:00+00:00,15.4,12.1,0.0,0.0,0.0,0.0,0.0,forecast,2026-09-17 22:39:39.468683+00:00
2026-09-17 22:00:00+00:00,2026-09-21 00:00:00+00:00,14.8,11.9,0.0,0.0,0.0,0.0,0.0,forecast,2026-09-17 22:39:39.468683+00:00
2026-09-17 22:00:00+00:00,2026-09-21 01:00:00+00:00,14.3,11.5,0.0,0.0,0.0,0.0,0.0,forecast,2026-09-17 22:39:39.468683+00:00
2026-09-17 22:00:00+00:00,2026-09-21 02:00:00+00:00,14.1,11.2,0.0,0.0,0.0,0.0,0.0,forecast,2026-09-17 22:39:39.468683+00:00
2026-09-17 22:00:00+00:00,2026-09-21 03:00:00+00:00,13.9,11.0,0.0,0.0,0.0,0.0,0.0,forecast,2026-09-17 22:39:39.468683+00:00
2026-09-17 22:00:00+00:00,2026-09-21 04:00:00+00:00,13.5,10.8,0.0,0.0,0.0,0.0,0.0,forecast,2026-09-17 22:39:39.468683+00:00
2026-09-17 22:00:00+00:00,2026-09-21 05:00:00+00:00,13.3,10.9,0.0,0.0,0.0,0.0,0.0,forecast,2026-09-17 22:39:39.468683+00:00
2026-09-17 22:00:00+00:00,2026-09-21 06:00:00+00:00,13.3,11.3,2.1,0.0,0.0,0.0,0.014,forecast,2026-09-17 22:39:39.468683+00:00
2026-09-17 22:00:00+00:00,2026-09-21 07:00:00+00:00,13.7,12.3,0.0,0.0,0.0,0.0,0.072,forecast,2026-09-17 22:39:39.468683+00:00
2026-09-17 22:00:00+00:00,2026-09-21 08:00:00+00:00,14.5,13.7,0.0,0.0,0.0,0.0,0.147,forecast,2026-09-17 22:39:39.468683+00:00
2026-09-17 22:00:00+00:00,2026-09-21 09:00:00+00:00,15.3,15.1,0.0,0.0,0.0,0.0,0.222,forecast,2026-09-17 22:39:39.468683+00:00
2026-09-17 22:00:00+00:00,2026-09-21 10:00:00+00:00,16.6,16.2,0.0,0.0,0.0,0.0,0.311,forecast,2026-09-17 22:39:39.468683+00:00
2026-09-17 22:00:00+00:00,2026-09-21 11:00:00+00:00,17.3,17.2,0.0,0.0,0.0,0.0,0.372,forecast,2026-09-17 22:39:39.468683+00:00
2026-09-17 22:00:00+00:00,2026-09-21 12:00:00+00:00,17.7,17.7,0.0,0.0,0.0,0.0,0.442,forecast,2026-09-17 22:39:39.468683+00:00
2026-09-17 22:00:00+00:00,2026-09-21 13:00:00+00:00,18.0,18.3,0.0,0.0,0.0,0.0,0.428,forecast,2026-09-17 22:39:39.468683+00:00
2026-09-17 22:00:00+00:00,2026-09-21 14:00:00+00:00,18.1,18.1,0.0,0.0,0.0,0.0,0.381,forecast,2026-09-17 22:39:39.468683+00:00
2026-09-17 22:00:00+00:00,2026-09-21 15:00:00+00:00,17.7,18.0,0.0,0.0,0.0,0.0,0.303,forecast,2026-09-17 22:39:39.468683+00:00
2026-09-17 22:00:00+00:00,2026-09-21 16:00:00+00:00,17.0,17.0,0.0,0.0,0.0,0.0,0.186,forecast,2026-09-17 22:39:39.468683+00:00
2026-09-17 22:00:00+00:00,2026-09-21 17:00:00+00:00,15.9,15.8,0.0,0.0,0.0,0.0,0.069,forecast,2026-09-17 22:39:39.468683+00:00
2026-09-17 22:00:00+00:00,2026-09-21 18:00:00+00:00,14.1,13.9,0.0,0.0,0.0,0.0,0.008,forecast,2026-09-17 22:39:39.468683+00:00
2026-09-17 22:00:00+00:00,2026-09-21 19:00:00+00:00,13.0,12.7,0.0,0.0,0.0,0.0,0.0,forecast,2026-09-17 22:39:39.468683+00:00
2026-09-17 22:00:00+00:00,2026-09-21 20:00:00+00:00,12.1,11.6,0.0,0.0,0.0,0.0,0.0,forecast,2026-09-17 22:39:39.468683+00:00
2026-09-17 22:00:00+00:00,2026-09-21 21:00:00+00:00,11.4,10.6,0.0,0.0,0.0,0.0,0.0,forecast,2026-09-17 22:39:39.468683+00:00
2026-09-17 22:00:00+00:00,2026-09-21 22:00:00+00:00,10.8,9.7,0.0,0.0,0.0,0.0,0.0,forecast,2026-09-17 22:39:39.468683+00:00
2026-09-18 08:00:00+00:00,2026-09-18 09:00:00+00:00,17.7,15.4,0.0,0.0,0.0,0.0,0.264,forecast,2026-09-18 08:53:52.223571+00:00
2026-09-18 08:00:00+00:00,2026-09-18 10:00:00+00:00,18.2,16.3,0.0,0.0,0.0,0.0,0.344,forecast,2026-09-18 08:53:52.223571+00:00
2026-09-18 08:00:00+00:00,2026-09-18 11:00:00+00:00,18.9,17.1,0.0,0.0,0.0,0.0,0.406,forecast,2026-09-18 08:53:52.223571+00:00
2026-09-18 08:00:00+00:00,2026-09-18 12:00:00+00:00,19.4,17.4,0.0,0.0,0.0,0.0,0.456,forecast,2026-09-18 08:53:52.223571+00:00
2026-09-18 08:00:00+00:00,2026-09-18 13:00:00+00:00,19.7,17.7,0.0,0.0,0.0,0.0,0.433,forecast,2026-09-18 08:53:52.223571+00:00
2026-09-18 08:00:00+00:00,2026-09-18 14:00:00+00:00,19.8,17.5,0.0,0.0,0.0,0.0,0.378,forecast,2026-09-18 08:53:52.223571+00:00
2026-09-18 08:00:00+00:00,2026-09-18 15:00:00+00:00,19.4,17.4,0.0,0.0,0.0,0.0,0.308,forecast,2026-09-18 08:53:52.223571+00:00
2026-09-18 08:00:00+00:00,2026-09-18 16:00:00+00:00,18.7,16.6,0.0,0.0,0.0,0.0,0.206,forecast,2026-09-18 08:53:52.223571+00:00
2026-09-18 08:00:00+00:00,2026-09-18 17:00:00+00:00,17.5,15.6,0.0,0.0,0.0,0.0,0.086,forecast,2026-09-18 08:53:52.223571+00:00
2026-09-18 08:00:00+00:00,2026-09-18 18:00:00+00:00,16.1,14.3,0.0,0.0,0.0,0.0,0.011,forecast,2026-09-18 08:53:52.223571+00:00
2026-09-18 08:00:00+00:00,2026-09-18 19:00:00+00:00,15.0,13.3,0.0,0.0,0.0,0.0,0.0,forecast,2026-09-18 08:53:52.223571+00:00
2026-09-18 08:00:00+00:00,2026-09-18 20:00:00+00:00,14.3,12.4,0.0,0.0,0.0,0.0,0.0,forecast,2026-09-18 08:53:52.223571+00:00
2026-09-18 08:00:00+00:00,2026-09-18 21:00:00+00:00,13.6,11.6,0.0,0.0,0.0,0.0,0.0,forecast,2026-09-18 08:53:52.223571+00:00
2026-09-18 08:00:00+00:00,2026-09-18 22:00:00+00:00,13.1,11.0,0.0,0.0,0.0,0.0,0.0,forecast,2026-09-18 08:53:52.223571+00:00
2026-09-18 08:00:00+00:00,2026-09-18 23:00:00+00:00,12.4,10.4,0.0,0.0,0.0,0.0,0.0,forecast,2026-09-18 08:53:52.223571+00:00
2026-09-18 08:00:00+00:00,2026-09-19 00:00:00+00:00,11.8,9.8,0.0,0.0,0.0,0.0,0.0,forecast,2026-09-18 08:53:52.223571+00:00
2026-09-18 08:00:00+00:00,2026-09-19 01:00:00+00:00,11.2,9.1,0.0,0.0,0.0,0.0,0.0,forecast,2026-09-18 08:53:52.223571+00:00
2026-09-18 08:00:00+00:00,2026-09-19 02:00:00+00:00,10.8,8.6,0.0,0.0,0.0,0.0,0.0,forecast,2026-09-18 08:53:52.223571+00:00
2026-09-18 08:00:00+00:00,2026-09-19 03:00:00+00:00,10.5,8.3,0.0,0.0,0.0,0.0,0.0,forecast,2026-09-18 08:53:52.223571+00:00
2026-09-18 08:00:00+00:00,2026-09-19 04:00:00+00:00,10.3,7.8,0.0,0.0,0.0,0.0,0.0,forecast,2026-09-18 08:53:52.223571+00:00
2026-09-18 08:00:00+00:00,2026-09-19 05:00:00+00:00,10.8,7.8,0.0,0.0,0.0,0.0,0.0,forecast,2026-09-18 08:53:52.223571+00:00
2026-09-18 08:00:00+00:00,2026-09-19 06:00:00+00:00,11.8,8.7,0.0,0.0,0.0,0.0,0.028,forecast,2026-09-18 08:53:52.223571+00:00
2026-09-18 08:00:00+00:00,2026-09-19 07:00:00+00:00,13.4,10.8,0.0,0.0,0.0,0.0,0.15,forecast,2026-09-18 08:53:52.223571+00:00
2026-09-18 08:00:00+00:00,2026-09-19 08:00:00+00:00,15.4,13.7,0.0,0.0,0.0,0.0,0.306,forecast,2026-09-18 08:53:52.223571+00:00
2026-09-18 08:00:00+00:00,2026-09-19 09:00:00+00:00,17.9,16.3,0.0,0.0,0.0,0.0,0.478,forecast,2026-09-18 08:53:52.223571+00:00
2026-09-18 08:00:00+00:00,2026-09-19 10:00:00+00:00,19.5,18.2,0.0,0.0,0.0,0.0,0.6,forecast,2026-09-18 08:53:52.223571+00:00
2026-09-18 08:00:00+00:00,2026-09-19 11:00:00+00:00,20.7,19.5,0.0,0.0,0.0,0.0,0.681,forecast,2026-09-18 08:53:52.223571+00:00
2026-09-18 08:00:00+00:00,2026-09-19 12:00:00+00:00,21.5,20.4,0.0,0.0,0.0,0.0,0.711,forecast,2026-09-18 08:53:52.223571+00:00
2026-09-18 08:00:00+00:00,2026-09-19 13:00:00+00:00,22.1,20.9,0.0,0.0,0.0,0.0,0.664,forecast,2026-09-18 08:53:52.223571+00:00
2026-09-18 08:00:00+00:00,2026-09-19 14:00:00+00:00,22.3,21.1,0.0,0.0,0.0,0.0,0.564,forecast,2026-09-18 08:53:52.223571+00:00
2026-09-18 08:00:00+00:00,2026-09-19 15:00:00+00:00,22.1,20.7,0.0,0.0,0.0,0.0,0.419,forecast,2026-09-18 08:53:52.223571+00:00
2026-09-18 08:00:00+00:00,2026-09-19 16:00:00+00:00,21.1,19.6,0.0,0.0,0.0,0.0,0.25,forecast,2026-09-18 08:53:52.223571+00:00
2026-09-18 08:00:00+00:00,2026-09-19 17:00:00+00:00,19.5,17.6,0.0,0.0,0.0,0.0,0.094,forecast,2026-09-18 08:53:52.223571+00:00
2026-09-18 08:00:00+00:00,2026-09-19 18:00:00+00:00,17.7,15.2,0.0,0.0,0.0,0.0,0.011,forecast,2026-09-18 08:53:52.223571+00:00
2026-09-18 08:00:00+00:00,2026-09-19 19:00:00+00:00,16.1,13.6,0.0,0.0,0.0,0.0,0.0,forecast,2026-09-18 08:53:52.223571+00:00
2026-09-18 08:00:00+00:00,2026-09-19 20:00:00+00:00,15.1,12.3,0.0,0.0,0.0,0.0,0.0,forecast,2026-09-18 08:53:52.223571+00:00
2026-09-18 08:00:00+00:00,2026-09-19 21:00:00+00:00,14.5,11.5,0.0,0.0,0.0,0.0,0.0,forecast,2026-09-18 08:53:52.223571+00:00
2026-09-18 08:00:00+00:00,2026-09-19 22:00:00+00:00,14.0,10.7,0.0,0.0,0.0,0.0,0.0,forecast,2026-09-18 08:53:52.223571+00:00
2026-09-18 08:00:00+00:00,2026-09-19 23:00:00+00:00,13.4,10.3,0.0,0.0,0.0,0.0,0.0,forecast,2026-09-18 08:53:52.223571+00:00
2026-09-18 08:00:00+00:00,2026-09-20 00:00:00+00:00,13.2,9.9,0.0,0.0,0.0,0.0,0.0,forecast,2026-09-18 08:53:52.223571+00:00
2026-09-18 08:00:00+00:00,2026-09-20 01:00:00+00:00,13.0,9.3,0.0,0.0,0.0,0.0,0.0,forecast,2026-09-18 08:53:52.223571+00:00
2026-09-18 08:00:00+00:00,2026-09-20 02:00:00+00:00,12.7,9.0,0.0,0.0,0.0,0.0,0.0,forecast,2026-09-18 08:53:52.223571+00:00
2026-09-18 08:00:00+00:00,2026-09-20 03:00:00+00:00,12.7,8.8,0.0,0.0,0.0,0.0,0.0,forecast,2026-09-18 08:53:52.223571+00:00
2026-09-18 08:00:00+00:00,2026-09-20 04:00:00+00:00,12.5,8.7,0.0,0.0,0.0,0.0,0.0,forecast,2026-09-18 08:53:52.223571+00:00
2026-09-18 08:00:00+00:00,2026-09-20 05:00:00+00:00,12.8,9.1,0.0,0.0,0.0,0.0,0.0,forecast,2026-09-18 08:53:52.223571+00:00
2026-09-18 08:00:00+00:00,2026-09-20 06:00:00+00:00,13.9,10.2,0.0,0.0,0.0,0.0,0.028,forecast,2026-09-18 08:53:52.223571+00:00
2026-09-18 08:00:00+00:00,2026-09-20 07:00:00+00:00,15.8,12.5,0.0,0.0,0.0,0.0,0.142,forecast,2026-09-18 08:53:52.223571+00:00
2026-09-18 08:00:00+00:00,2026-09-20 08:00:00+00:00,17.8,15.4,0.0,0.0,0.0,0.0,0.283,forecast,2026-09-18 08:53:52.223571+00:00
2026-09-18 08:00:00+00:00,2026-09-20 09:00:00+00:00,19.8,18.0,0.0,0.0,0.0,0.0,0.428,forecast,2026-09-18 08:53:52.223571+00:00
2026-09-18 08:00:00+00:00,2026-09-20 10:00:00+00:00,21.0,20.0,0.0,0.0,0.0,0.0,0.542,forecast,2026-09-18 08:53:52.223571+00:00
2026-09-18 08:00:00+00:00,2026-09-20 11:00:00+00:00,22.0,21.4,0.0,0.0,0.0,0.0,0.614,forecast,2026-09-18 08:53:52.223571+00:00
2026-09-18 08:00:00+00:00,2026-09-20 12:00:00+00:00,22.8,22.3,0.0,0.0,0.0,0.0,0.608,forecast,2026-09-18 08:53:52.223571+00:00
2026-09-18 08:00:00+00:00,2026-09-20 13:00:00+00:00,23.1,22.6,0.0,0.0,0.0,0.0,0.553,forecast,2026-09-18 08:53:52.223571+00:00
2026-09-18 08:00:00+00:00,2026-09-20 14:00:00+00:00,23.0,22.4,0.0,0.0,0.0,0.0,0.439,forecast,2026-09-18 08:53:52.223571+00:00
2026-09-18 08:00:00+00:00,2026-09-20 15:00:00+00:00,22.2,21.8,0.0,0.0,0.0,0.0,0.319,forecast,2026-09-18 08:53:52.223571+00:00
2026-09-18 08:00:00+00:00,2026-09-20 16:00:00+00:00,21.3,20.5,0.0,0.0,0.0,0.0,0.178,forecast,2026-09-18 08:53:52.223571+00:00
2026-09-18 08:00:00+00:00,2026-09-20 17:00:00+00:00,20.2,18.4,0.0,0.0,0.0,0.0,0.058,forecast,2026-09-18 08:53:52.223571+00:00
2026-09-18 08:00:00+00:00,2026-09-20 18:00:00+00:00,18.7,16.3,0.0,0.0,0.0,0.0,0.006,forecast,2026-09-18 08:53:52.223571+00:00
2026-09-18 08:00:00+00:00,2026-09-20 19:00:00+00:00,17.7,14.9,0.0,0.0,0.0,0.0,0.0,forecast,2026-09-18 08:53:52.223571+00:00
2026-09-18 08:00:00+00:00,2026-09-20 20:00:00+00:00,17.0,14.0,0.0,0.0,0.0,0.0,0.0,forecast,2026-09-18 08:53:52.223571+00:00
2026-09-18 08:00:00+00:00,2026-09-20 21:00:00+00:00,16.1,13.5,0.0,0.0,0.0,0.0,0.0,forecast,2026-09-18 08:53:52.223571+00:00
2026-09-18 08:00:00+00:00,2026-09-20 22:00:00+00:00,15.6,13.1,0.0,0.0,0.0,0.0,0.0,forecast,2026-09-18 08:53:52.223571+00:00
2026-09-18 08:00:00+00:00,2026-09-20 23:00:00+00:00,15.2,12.6,0.0,0.0,0.0,0.0,0.0,forecast,2026-09-18 08:53:52.223571+00:00
2026-09-18 08:00:00+00:00,2026-09-21 00:00:00+00:00,14.6,12.3,0.0,0.0,0.0,0.0,0.0,forecast,2026-09-18 08:53:52.223571+00:00
2026-09-18 08:00:00+00:00,2026-09-21 01:00:00+00:00,14.2,11.9,0.0,0.0,0.0,0.0,0.0,forecast,2026-09-18 08:53:52.223571+00:00
2026-09-18 08:00:00+00:00,2026-09-21 02:00:00+00:00,13.8,11.6,0.0,0.0,0.0,0.0,0.0,forecast,2026-09-18 08:53:52.223571+00:00
2026-09-18 08:00:00+00:00,2026-09-21 03:00:00+00:00,13.3,11.2,1.6,0.0,0.0,0.0,0.0,forecast,2026-09-18 08:53:52.223571+00:00
2026-09-18 08:00:00+00:00,2026-09-21 04:00:00+00:00,12.9,11.0,0.7,0.0,0.0,0.0,0.0,forecast,2026-09-18 08:53:52.223571+00:00
2026-09-18 08:00:00+00:00,2026-09-21 05:00:00+00:00,12.6,11.1,0.5,0.0,0.0,0.0,0.0,forecast,2026-09-18 08:53:52.223571+00:00
2026-09-18 08:00:00+00:00,2026-09-21 06:00:00+00:00,12.8,11.4,0.3,0.0,0.0,0.0,0.014,forecast,2026-09-18 08:53:52.223571+00:00
2026-09-18 08:00:00+00:00,2026-09-21 07:00:00+00:00,13.4,12.3,0.0,0.0,0.0,0.0,0.075,forecast,2026-09-18 08:53:52.223571+00:00
2026-09-18 08:00:00+00:00,2026-09-21 08:00:00+00:00,14.3,13.8,0.0,0.0,0.0,0.0,0.167,forecast,2026-09-18 08:53:52.223571+00:00
2026-09-18 08:00:00+00:00,2026-09-21 09:00:00+00:00,15.2,14.9,0.0,0.0,0.0,0.0,0.264,forecast,2026-09-18 08:53:52.223571+00:00
2026-09-18 08:00:00+00:00,2026-09-21 10:00:00+00:00,16.4,15.9,0.0,0.0,0.0,0.0,0.347,forecast,2026-09-18 08:53:52.223571+00:00
2026-09-18 08:00:00+00:00,2026-09-21 11:00:00+00:00,16.9,16.8,0.0,0.0,0.0,0.0,0.408,forecast,2026-09-18 08:53:52.223571+00:00
2026-09-18 08:00:00+00:00,2026-09-21 12:00:00+00:00,17.1,17.2,0.0,0.0,0.0,0.0,0.439,forecast,2026-09-18 08:53:52.223571+00:00
2026-09-18 08:00:00+00:00,2026-09-21 13:00:00+00:00,17.4,17.7,0.0,0.0,0.0,0.0,0.425,forecast,2026-09-18 08:53:52.223571+00:00
2026-09-18 08:00:00+00:00,2026-09-21 14:00:00+00:00,17.2,17.7,0.0,0.0,0.0,0.0,0.375,forecast,2026-09-18 08:53:52.223571+00:00
2026-09-18 08:00:00+00:00,2026-09-21 15:00:00+00:00,16.8,17.6,0.0,0.0,0.0,0.0,0.292,forecast,2026-09-18 08:53:52.223571+00:00
2026-09-18 08:00:00+00:00,2026-09-21 16:00:00+00:00,16.3,16.6,0.0,0.0,0.0,0.0,0.178,forecast,2026-09-18 08:53:52.223571+00:00
2026-09-18 08:00:00+00:00,2026-09-21 17:00:00+00:00,15.3,15.4,0.0,0.0,0.0,0.0,0.067,forecast,2026-09-18 08:53:52.223571+00:00
2026-09-18 08:00:00+00:00,2026-09-21 18:00:00+00:00,13.8,13.8,0.0,0.0,0.0,0.0,0.006,forecast,2026-09-18 08:53:52.223571+00:00
2026-09-18 08:00:00+00:00,2026-09-21 19:00:00+00:00,12.9,12.7,0.0,0.0,0.0,0.0,0.0,forecast,2026-09-18 08:53:52.223571+00:00
2026-09-18 08:00:00+00:00,2026-09-21 20:00:00+00:00,12.2,11.7,0.0,0.0,0.0,0.0,0.0,forecast,2026-09-18 08:53:52.223571+00:00
2026-09-18 08:00:00+00:00,2026-09-21 21:00:00+00:00,11.7,10.9,0.0,0.0,0.0,0.0,0.0,forecast,2026-09-18 08:53:52.223571+00:00
2026-09-18 08:00:00+00:00,2026-09-21 22:00:00+00:00,11.0,10.2,0.0,0.0,0.0,0.0,0.0,forecast,2026-09-18 08:53:52.223571+00:00
2026-09-18 08:00:00+00:00,2026-09-21 23:00:00+00:00,10.5,9.6,0.0,0.0,0.0,0.0,0.0,forecast,2026-09-18 08:53:52.223571+00:00
2026-09-18 08:00:00+00:00,2026-09-22 00:00:00+00:00,10.1,9.1,0.0,0.0,0.0,0.0,0.0,forecast,2026-09-18 08:53:52.223571+00:00
2026-09-18 08:00:00+00:00,2026-09-22 01:00:00+00:00,10.0,8.7,0.0,0.0,0.0,0.0,0.0,forecast,2026-09-18 08:53:52.223571+00:00
2026-09-18 08:00:00+00:00,2026-09-22 02:00:00+00:00,9.8,8.4,0.0,0.0,0.0,0.0,0.0,forecast,2026-09-18 08:53:52.223571+00:00
2026-09-18 08:00:00+00:00,2026-09-22 03:00:00+00:00,9.7,8.3,0.0,0.0,0.0,0.0,0.0,forecast,2026-09-18 08:53:52.223571+00:00
2026-09-18 08:00:00+00:00,2026-09-22 04:00:00+00:00,9.7,8.2,0.0,0.0,0.0,0.0,0.0,forecast,2026-09-18 08:53:52.223571+00:00
2026-09-18 08:00:00+00:00,2026-09-22 05:00:00+00:00,9.8,8.3,0.0,0.0,0.0,0.0,0.0,forecast,2026-09-18 08:53:52.223571+00:00
2026-09-18 08:00:00+00:00,2026-09-22 06:00:00+00:00,10.3,8.9,0.0,0.0,0.0,0.0,0.017,forecast,2026-09-18 08:53:52.223571+00:00
2026-09-18 08:00:00+00:00,2026-09-22 07:00:00+00:00,11.1,10.0,0.0,0.0,0.0,0.0,0.094,forecast,2026-09-18 08:53:52.223571+00:00
2026-09-18 08:00:00+00:00,2026-09-22 08:00:00+00:00,12.2,11.7,0.0,0.0,0.0,0.0,0.211,forecast,2026-09-18 08:53:52.223571+00:00
