timestamp,lufttemperatur_c,niederschlag_mm,pressure,archive_timestamp,reference_time
2026-06-25 11:00:00+00:00,33.4,0.0,1015.5,2026-08-04T10:47:46.829368+00:00,2026-08-04 10:00:00+00:00
2026-06-25 12:00:00+00:00,32.9,0.0,1015.2,2026-08-04T10:47:46.829368+00:00,2026-08-04 10:00:00+00:00
2026-06-25 13:00:00+00:00,33.6,0.0,1015.0,2026-08-04T10:47:46.829368+00:00,2026-08-04 10:00:00+00:00
2026-06-25 14:00:00+00:00,33.9,0.0,1014.6,2026-08-04T10:47:46.829368+00:00,2026-08-04 10:00:00+00:00
2026-06-25 15:00:00+00:00,33.9,0.0,1014.3,2026-08-04T10:47:46.829368+00:00,2026-08-04 10:00:00+00:00
2026-06-25 16:00:00+00:00,33.5,0.0,1014.3,2026-08-04T10:47:46.829368+00:00,2026-08-04 10:00:00+00:00
2026-06-25 17:00:00+00:00,32.6,0.0,1014.3,2026-08-04T10:47:46.829368+00:00,2026-08-04 10:00:00+00:00
2026-06-25 18:00:00+00:00,31.5,0.0,1014.6,2026-08-04T10:47:46.829368+00:00,2026-08-04 10:00:00+00:00
2026-06-25 19:00:00+00:00,30.1,0.0,1014.9,2026-08-04T10:47:46.829368+00:00,2026-08-04 10:00:00+00:00
2026-06-25 20:00:00+00:00,28.2,0.0,1015.9,2026-08-04T10:47:46.829368+00:00,2026-08-04 10:00:00+00:00
2026-06-25 21:00:00+00:00,27.9,0.0,1016.3,2026-08-04T10:47:46.829368+00:00,2026-08-04 10:00:00+00:00
2026-06-25 22:00:00+00:00,27.5,0.0,1016.5,2026-08-04T10:47:46.829368+00:00,2026-08-04 10:00:00+00:00
2026-06-25 23:00:00+00:00,26.5,0.0,1016.8,2026-08-04T10:47:46.829368+00:00,2026-08-04 10:00:00+00:00
2026-06-26 00:00:00+00:00,25.2,0.0,1016.8,2026-08-04T10:47:46.829368+00:00,2026-08-04 10:00:00+00:00
2026-06-26 01:00:00+00:00,22.9,0.0,1017.2,2026-08-04T10:47:46.829368+00:00,2026-08-04 10:00:00+00:00
2026-06-26 02:00:00+00:00,21.5,0.0,1017.7,2026-08-04T10:47:46.829368+00:00,2026-08-04 10:00:00+00:00
2026-06-26 03:00:00+00:00,20.5,0.0,1018.2,2026-08-04T10:47:46.829368+00:00,2026-08-04 10:00:00+00:00
2026-06-26 04:00:00+00:00,20.1,0.0,1018.3,2026-08-04T10:47:46.829368+00:00,2026-08-04 10:00:00+00:00
2026-06-26 05:00:00+00:00,22.1,0.0,1018.1,2026-08-04T10:47:46.829368+00:00,2026-08-04 10:00:00+00:00
2026-06-26 06:00:00+00:00,25.0,0.0,1017.9,2026-08-04T10:47:46.829368+00:00,2026-08-04 10:00:00+00:00
2026-06-26 07:00:00+00:00,28.3,0.0,1017.6,2026-08-04T10:47:46.829368+00:00,2026-08-04 10:00:00+00:00
2026-06-26 08:00:00+00:00,29.8,0.0,1017.5,2026-08-04T10:47:46.829368+00:00,2026-08-04 10:00:00+00:00
2026-06-26 09:00:00+00:00,31.4,0.0,1017.2,2026-08-04T10:47:46.829368+00:00,2026-08-04 10:00:00+00:00
2026-06-26 10:00:00+00:00,31.8,0.0,1017.3,2026-08-04T10:47:46.829368+00:00,2026-08-04 10:00:00+00:00
2026-06-26 11:00:00+00:00,33.6,0.0,1016.6,2026-08-04T10:47:46.829368+00:00,2026-08-04 10:00:00+00:00
2026-06-26 12:00:00+00:00,33.6,0.0,1016.4,2026-08-04T10:47:46.829368+00:00,2026-08-04 10:00:00+00:00
2026-06-26 13:00:00+00:00,33.3,0.0,1016.2,2026-08-04T10:47:46.829368+00:00,2026-08-04 10:00:00+00:00
2026-06-26 14:00:00+00:00,33.9,0.0,1015.9,2026-08-04T10:47:46.829368+00:00,2026-08-04 10:00:00+00:00
2026-06-26 15:00:00+00:00,34.2,0.0,1015.7,2026-08-04T10:47:46.829368+00:00,2026-08-04 10:00:00+00:00
2026-06-26 16:00:00+00:00,34.0,0.0,1015.5,2026-08-04T10:47:46.829368+00:00,2026-08-04 10:00:00+00:00
2026-06-26 17:00:00+00:00,33.3,0.0,1015.4,2026-08-04T10:47:46.829368+00:00,2026-08-04 10:00:00+00:00
2026-06-26 18:00:00+00:00,32.4,0.0,1015.7,2026-08-04T10:47:46.829368+00:00,2026-08-04 10:00:00+00:00
2026-06-26 19:00:00+00:00,30.7,0.0,1016.2,2026-08-04T10:47:46.829368+00:00,2026-08-04 10:00:00+00:00
2026-06-26 20:00:00+00:00,27.1,0.0,1017.4,2026-08-04T10:47:46.829368+00:00,2026-08-04 10:00:00+00:00
2026-06-26 21:00:00+00:00,25.2,0.0,1017.8,2026-08-04T10:47:46.829368+00:00,2026-08-04 10:00:00+00:00
2026-06-26 22:00:00+00:00,23.1,0.0,1018.4,2026-08-04T10:47:46.829368+00:00,2026-08-04 10:00:00+00:00
2026-06-26 23:00:00+00:00,22.2,0.0,1018.5,2026-08-04T10:47:46.829368+00:00,2026-08-04 10:00:00+00:00
2026-06-27 00:00:00+00:00,21.2,0.0,1018.5,2026-08-04T10:47:46.829368+00:00,2026-08-04 10:00:00+00:00
2026-06-27 01:00:00+00:00,20.9,0.0,1018.7,2026-08-04T10:47:46.829368+00:00,2026-08-04 10:00:00+00:00
2026-06-27 02:00:00+00:00,19.8,0.0,1018.7,2026-08-04T10:47:46.829368+00:00,2026-08-04 10:00:00+00:00
2026-06-27 03:00:00+00:00,19.6,0.0,1018.9,2026-08-04T10:47:46.829368+00:00,2026-08-04 10:00:00+00:00
2026-06-27 04:00:00+00:00,19.3,0.0,1019.2,2026-08-04T10:47:46.829368+00:00,2026-08-04 10:00:00+00:00
2026-06-27 05:00:00+00:00,22.5,0.0,1018.6,2026-08-04T10:47:46.829368+00:00,2026-08-04 10:00:00+00:00
2026-06-27 06:00:00+00:00,24.3,0.0,1018.6,2026-08-04T10:47:46.829368+00:00,2026-08-04 10:00:00+00:00
2026-06-27 07:00:00+00:00,27.1,0.0,1018.0,2026-08-04T10:47:46.829368+00:00,2026-08-04 10:00:00+00:00
2026-06-27 08:00:00+00:00,29.9,0.0,1017.6,2026-08-04T10:47:46.829368+00:00,2026-08-04 10:00:00+00:00
2026-06-27 09:00:00+00:00,31.5,0.0,1017.2,2026-08-04T10:47:46.829368+00:00,2026-08-04 10:00:00+00:00
2026-06-27 10:00:00+00:00,33.1,0.0,1016.4,2026-08-04T10:47:46.829368+00:00,2026-08-04 10:00:00+00:00
2026-06-27 11:00:00+00:00,34.6,0.0,1015.9,2026-08-04T10:47:46.829368+00:00,2026-08-04 10:00:00+00:00
2026-06-27 12:00:00+00:00,35.9,0.0,1015.3,2026-08-04T10:47:46.829368+00:00,2026-08-04 10:00:00+00:00
2026-06-27 13:00:00+00:00,36.3,0.0,1014.7,2026-08-04T10:47:46.829368+00:00,2026-08-04 10:00:00+00:00
2026-06-27 14:00:00+00:00,36.3,0.0,1014.5,2026-08-04T10:47:46.829368+00:00,2026-08-04 10:00:00+00:00
2026-06-27 15:00:00+00:00,35.6,0.0,1014.1,2026-08-04T10:47:46.829368+00:00,2026-08-04 10:00:00+00:00
2026-06-27 16:00:00+00:00,35.9,0.0,1013.6,2026-08-04T10:47:46.829368+00:00,2026-08-04 10:00:00+00:00
2026-06-27 17:00:00+00:00,35.5,0.0,1013.7,2026-08-04T10:47:46.829368+00:00,2026-08-04 10:00:00+00:00
2026-06-27 18:00:00+00:00,34.5,0.0,1013.8,2026-08-04T10:47:46.829368+00:00,2026-08-04 10:00:00+00:00
2026-06-27 19:00:00+00:00,32.9,0.0,1014.4,2026-08-04T10:47:46.829368+00:00,2026-08-04 10:00:00+00:00
2026-06-27 20:00:00+00:00,29.3,0.0,1015.4,2026-08-04T10:47:46.829368+00:00,2026-08-04 10:00:00+00:00
2026-06-27 21:00:00+00:00,27.5,0.0,1015.6,2026-08-04T10:47:46.829368+00:00,2026-08-04 10:00:00+00:00
2026-06-27 22:00:00+00:00,26.2,0.0,1016.2,2026-08-04T10:47:46.829368+00:00,2026-08-04 10:00:00+00:00
2026-06-27 23:00:00+00:00,25.4,0.0,1016.3,2026-08-04T10:47:46.829368+00:00,2026-08-04 10:00:00+00:00
2026-06-28 00:00:00+00:00,26.1,0.0,1015.9,2026-08-04T10:47:46.829368+00:00,2026-08-04 10:00:00+00:00
2026-06-28 01:00:00+00:00,25.8,0.0,1015.6,2026-08-04T10:47:46.829368+00:00,2026-08-04 10:00:00+00:00
2026-06-28 02:00:00+00:00,24.5,0.0,1016.1,2026-08-04T10:47:46.829368+00:00,2026-08-04 10:00:00+00:00
2026-06-28 03:00:00+00:00,25.2,0.0,1016.1,2026-08-04T10:47:46.829368+00:00,2026-08-04 10:00:00+00:00
2026-06-28 04:00:00+00:00,23.5,0.0,1016.9,2026-08-04T10:47:46.829368+00:00,2026-08-04 10:00:00+00:00
2026-06-28 05:00:00+00:00,25.8,0.0,1016.7,2026-08-04T10:47:46.829368+00:00,2026-08-04 10:00:00+00:00
2026-06-28 06:00:00+00:00,28.3,0.0,1016.5,2026-08-04T10:47:46.829368+00:00,2026-08-04 10:00:00+00:00
2026-06-28 07:00:00+00:00,30.9,0.0,1016.2,2026-08-04T10:47:46.829368+00:00,2026-08-04 10:00:00+00:00
2026-06-28 08:00:00+00:00,32.1,0.0,1016.2,2026-08-04T10:47:46.829368+00:00,2026-08-04 10:00:00+00:00
2026-06-28 09:00:00+00:00,33.5,0.0,1016.4,2026-08-04T10:47:46.829368+00:00,2026-08-04 10:00:00+00:00
2026-06-28 10:00:00+00:00,33.8,0.0,1017.1,2026-08-04T10:47:46.829368+00:00,2026-08-04 10:00:00+00:00
2026-06-28 11:00:00+00:00,33.1,0.0,1017.3,2026-08-04T10:47:46.829368+00:00,2026-08-04 10:00:00+00:00
2026-06-28 12:00:00+00:00,32.5,0.0,1017.2,2026-08-04T10:47:46.829368+00:00,2026-08-04 10:00:00+00:00
2026-06-28 13:00:00+00:00,35.1,0.0,1016.3,2026-08-04T10:47:46.829368+00:00,2026-08-04 10:00:00+00:00
2026-06-28 14:00:00+00:00,35.1,0.0,1015.9,2026-08-04T10:47:46.829368+00:00,2026-08-04 10:00:00+00:00
2026-06-28 15:00:00+00:00,33.7,0.0,1015.8,2026-08-04T10:47:46.829368+00:00,2026-08-04 10:00:00+00:00
2026-06-28 16:00:00+00:00,31.9,0.0,1016.4,2026-08-04T10:47:46.829368+00:00,2026-08-04 10:00:00+00:00
2026-06-28 17:00:00+00:00,31.4,0.0,1016.6,2026-08-04T10:47:46.829368+00:00,2026-08-04 10:00:00+00:00
2026-06-28 18:00:00+00:00,30.6,0.0,1017.0,2026-08-04T10:47:46.829368+00:00,2026-08-04 10:00:00+00:00
2026-06-28 19:00:00+00:00,28.9,0.0,1017.8,2026-08-04T10:47:46.829368+00:00,2026-08-04 10:00:00+00:00
2026-06-28 20:00:00+00:00,27.8,0.0,1018.3,2026-08-04T10:47:46.829368+00:00,2026-08-04 10:00:00+00:00
2026-06-28 21:00:00+00:00,25.9,0.0,1017.9,2026-08-04T10:47:46.829368+00:00,2026-08-04 10:00:00+00:00
2026-06-28 22:00:00+00:00,24.7,0.0,1018.8,2026-08-04T10:47:46.829368+00:00,2026-08-04 10:00:00+00:00
2026-06-28 23:00:00+00:00,24.4,0.0,1018.8,2026-08-04T10:47:46.829368+00:00,2026-08-04 10:00:00+00:00
2026-06-29 00:00:00+00:00,23.3,0.0,1018.6,2026-08-04T10:47:46.829368+00:00,2026-08-04 10:00:00+00:00
2026-06-29 01:00:00+00:00,22.9,0.0,1018.5,2026-08-04T10:47:46.829368+00:00,2026-08-04 10:00:00+00:00
2026-06-29 02:00:00+00:00,22.0,0.0,1018.6,2026-08-04T10:47:46.829368+00:00,2026-08-04 10:00:00+00:00
2026-06-29 03:00:00+00:00,23.0,0.0,1018.4,2026-08-04T10:47:46.829368+00:00,2026-08-04 10:00:00+00:00
2026-06-29 04:00:00+00:00,23.4,0.0,1018.2,2026-08-04T10:47:46.829368+00:00,2026-08-04 10:00:00+00:00
2026-06-29 05:00:00+00:00,24.0,0.0,1017.9,2026-08-04T10:47:46.829368+00:00,2026-08-04 10:00:00+00:00
2026-06-29 06:00:00+00:00,24.0,0.0,1018.4,2026-08-04T10:47:46.829368+00:00,2026-08-04 10:00:00+00:00
2026-06-29 07:00:00+00:00,23.4,0.0,1020.1,2026-08-04T10:47:46.829368+00:00,2026-08-04 10:00:00+00:00
2026-06-29 08:00:00+00:00,25.6,0.0,1020.3,2026-08-04T10:47:46.829368+00:00,2026-08-04 10:00:00+00:00
2026-06-29 09:00:00+00:00,27.6,0.0,1020.6,2026-08-04T10:47:46.829368+00:00,2026-08-04 10:00:00+00:00
2026-06-29 10:00:00+00:00,28.5,0.0,1020.4,2026-08-04T10:47:46.829368+00:00,2026-08-04 10:00:00+00:00
2026-06-29 11:00:00+00:00,28.7,0.0,1020.3,2026-08-04T10:47:46.829368+00:00,2026-08-04 10:00:00+00:00
2026-06-29 12:00:00+00:00,30.3,0.0,1019.6,2026-08-04T10:47:46.829368+00:00,2026-08-04 10:00:00+00:00
2026-06-29 13:00:00+00:00,29.9,0.0,1019.0,2026-08-04T10:47:46.829368+00:00,2026-08-04 10:00:00+00:00
2026-06-29 14:00:00+00:00,29.8,0.0,1018.6,2026-08-04T10:47:46.829368+00:00,2026-08-04 10:00:00+00:00
2026-06-29 15:00:00+00:00,29.3,0.0,1018.6,2026-08-04T10:47:46.829368+00:00,2026-08-04 10:00:00+00:00
2026-06-29 16:00:00+00:00,29.8,0.0,1018.6,2026-08-04T10:47:46.829368+00:00,2026-08-04 10:00:00+00:00
2026-06-29 17:00:00+00:00,28.8,0.0,1018.9,2026-08-04T10:47:46.829368+00:00,2026-08-04 10:00:00+00:00
2026-06-29 18:00:00+00:00,27.5,0.0,1018.9,2026-08-04T10:47:46.829368+00:00,2026-08-04 10:00:00+00:00
2026-06-29 19:00:00+00:00,18.5,24.2,1023.3,2026-08-04T10:47:46.829368+00:00,2026-08-04 10:00:00+00:00
2026-06-29 20:00:00+00:00,18.9,4.1,1022.6,2026-08-04T10:47:46.829368+00:00,2026-08-04 10:00:00+00:00
2026-06-29 21:00:00+00:00,19.0,3.1,1022.7,2026-08-04T10:47:46.829368+00:00,2026-08-04 10:00:00+00:00
2026-06-29 22:00:00+00:00,18.8,1.7,1023.2,2026-08-04T10:47:46.829368+00:00,2026-08-04 10:00:00+00:00
2026-06-29 23:00:00+00:00,18.8,0.5,1023.2,2026-08-04T10:47:46.829368+00:00,2026-08-04 10:00:00+00:00
2026-06-30 00:00:00+00:00,19.0,0.2,1022.2,2026-08-04T10:47:46.829368+00:00,2026-08-04 10:00:00+00:00
2026-06-30 01:00:00+00:00,19.3,0.1,1021.2,2026-08-04T10:47:46.829368+00:00,2026-08-04 10:00:00+00:00
2026-06-30 02:00:00+00:00,19.1,0.0,1021.7,2026-08-04T10:47:46.829368+00:00,2026-08-04 10:00:00+00:00
2026-06-30 03:00:00+00:00,18.7,0.0,1021.7,2026-08-04T10:47:46.829368+00:00,2026-08-04 10:00:00+00:00
2026-06-30 04:00:00+00:00,18.8,0.0,1021.6,2026-08-04T10:47:46.829368+00:00,2026-08-04 10:00:00+00:00
2026-06-30 05:00:00+00:00,19.1,0.0,1021.6,2026-08-04T10:47:46.829368+00:00,2026-08-04 10:00:00+00:00
2026-06-30 06:00:00+00:00,20.2,0.0,1021.4,2026-08-04T10:47:46.829368+00:00,2026-08-04 10:00:00+00:00
2026-06-30 07:00:00+00:00,20.9,0.0,1021.2,2026-08-04T10:47:46.829368+00:00,2026-08-04 10:00:00+00:00
2026-06-30 08:00:00+00:00,23.9,0.0,1020.6,2026-08-04T10:47:46.829368+00:00,2026-08-04 10:00:00+00:00
2026-06-30 09:00:00+00:00,24.2,0.0,1020.1,2026-08-04T10:47:46.829368+00:00,2026-08-04 10:00:00+00:00
2026-06-30 10:00:00+00:00,24.5,0.0,1019.7,2026-08-04T10:47:46.829368+00:00,2026-08-04 10:00:00+00:00
2026-06-30 11:00:00+00:00,26.2,0.0,1019.0,2026-08-04T10:47:46.829368+00:00,2026-08-04 10:00:00+00:00
2026-06-30 12:00:00+00:00,28.0,0.0,1018.2,2026-08-04T10:47:46.829368+00:00,2026-08-04 10:00:00+00:00
2026-06-30 13:00:00+00:00,27.6,0.0,1017.5,2026-08-04T10:47:46.829368+00:00,2026-08-04 10:00:00+00:00
2026-06-30 14:00:00+00:00,27.3,0.0,1016.9,2026-08-04T10:47:46.829368+00:00,2026-08-04 10:00:00+00:00
2026-06-30 15:00:00+00:00,27.3,0.0,1016.7,2026-08-04T10:47:46.829368+00:00,2026-08-04 10:00:00+00:00
2026-06-30 16:00:00+00:00,27.6,0.0,1015.9,2026-08-04T10:47:46.829368+00:00,2026-08-04 10:00:00+00:00
2026-06-30 17:00:00+00:00,27.3,0.0,1015.7,2026-08-04T10:47:46.829368+00:00,2026-08-04 10:00:00+00:00
2026-06-30 18:00:00+00:00,26.6,0.0,1015.7,2026-08-04T10:47:46.829368+00:00,2026-08-04 10:00:00+00:00
2026-06-30 19:00:00+00:00,25.8,0.0,1016.1,2026-08-04T10:47:46.829368+00:00,2026-08-04 10:00:00+00:00
2026-06-30 20:00:00+00:00,25.1,0.0,1016.7,2026-08-04T10:47:46.829368+00:00,2026-08-04 10:00:00+00:00
2026-06-30 21:00:00+00:00,24.3,0.0,1016.5,2026-08-04T10:47:46.829368+00:00,2026-08-04 10:00:00+00:00
2026-06-30 22:00:00+00:00,23.9,0.0,1016.8,2026-08-04T10:47:46.829368+00:00,2026-08-04 10:00:00+00:00
2026-06-30 23:00:00+00:00,22.5,0.0,1016.9,2026-08-04T10:47:46.829368+00:00,2026-08-04 10:00:00+00:00
2026-07-01 00:00:00+00:00,21.6,0.0,1016.7,2026-08-04T10:47:46.829368+00:00,2026-08-04 10:00:00+00:00
2026-07-01 01:00:00+00:00,21.5,0.0,1016.3,2026-08-04T10:47:46.829368+00:00,2026-08-04 10:00:00+00:00
2026-07-01 02:00:00+00:00,21.1,0.0,1016.3,2026-08-04T10:47:46.829368+00:00,2026-08-04 10:00:00+00:00
2026-07-01 03:00:00+00:00,21.0,0.0,1016.2,2026-08-04T10:47:46.829368+00:00,2026-08-04 10:00:00+00:00
2026-07-01 04:00:00+00:00,20.8,0.0,1015.9,2026-08-04T10:47:46.829368+00:00,2026-08-04 10:00:00+00:00
2026-07-01 05:00:00+00:00,21.2,0.0,1015.8,2026-08-04T10:47:46.829368+00:00,2026-08-04 10:00:00+00:00
2026-07-01 06:00:00+00:00,21.1,0.0,1016.2,2026-08-04T10:47:46.829368+00:00,2026-08-04 10:00:00+00:00
2026-07-01 07:00:00+00:00,21.5,0.0,1016.1,2026-08-04T10:47:46.829368+00:00,2026-08-04 10:00:00+00:00
2026-07-01 08:00:00+00:00,20.8,0.0,1016.3,2026-08-04T10:47:46.829368+00:00,2026-08-04 10:00:00+00:00
2026-07-01 09:00:00+00:00,17.2,12.1,1018.8,2026-08-04T10:47:46.829368+00:00,2026-08-04 10:00:00+00:00
2026-07-01 10:00:00+00:00,17.3,3.4,1019.8,2026-08-04T10:47:46.829368+00:00,2026-08-04 10:00:00+00:00
2026-07-01 11:00:00+00:00,18.5,0.8,1019.7,2026-08-04T10:47:46.829368+00:00,2026-08-04 10:00:00+00:00
2026-07-01 12:00:00+00:00,18.6,0.2,1020.2,2026-08-04T10:47:46.829368+00:00,2026-08-04 10:00:00+00:00
2026-07-01 13:00:00+00:00,17.9,1.7,1020.5,2026-08-04T10:47:46.829368+00:00,2026-08-04 10:00:00+00:00
2026-07-01 14:00:00+00:00,16.8,11.5,1021.2,2026-08-04T10:47:46.829368+00:00,2026-08-04 10:00:00+00:00
2026-07-01 15:00:00+00:00,16.8,0.0,1021.1,2026-08-04T10:47:46.829368+00:00,2026-08-04 10:00:00+00:00
2026-07-01 16:00:00+00:00,17.3,0.0,1020.4,2026-08-04T10:47:46.829368+00:00,2026-08-04 10:00:00+00:00
2026-07-01 17:00:00+00:00,17.9,0.0,1019.9,2026-08-04T10:47:46.829368+00:00,2026-08-04 10:00:00+00:00
2026-07-01 18:00:00+00:00,18.5,0.0,1019.7,2026-08-04T10:47:46.829368+00:00,2026-08-04 10:00:00+00:00
2026-07-01 19:00:00+00:00,18.2,0.0,1020.2,2026-08-04T10:47:46.829368+00:00,2026-08-04 10:00:00+00:00
2026-07-01 20:00:00+00:00,17.6,0.0,1021.1,2026-08-04T10:47:46.829368+00:00,2026-08-04 10:00:00+00:00
2026-07-01 21:00:00+00:00,17.3,0.0,1021.4,2026-08-04T10:47:46.829368+00:00,2026-08-04 10:00:00+00:00
2026-07-01 22:00:00+00:00,16.7,0.0,1021.7,2026-08-04T10:47:46.829368+00:00,2026-08-04 10:00:00+00:00
2026-07-01 23:00:00+00:00,16.2,0.0,1022.2,2026-08-04T10:47:46.829368+00:00,2026-08-04 10:00:00+00:00
2026-07-02 00:00:00+00:00,15.7,0.0,1022.2,2026-08-04T10:47:46.829368+00:00,2026-08-04 10:00:00+00:00
2026-07-02 01:00:00+00:00,15.5,0.0,1022.1,2026-08-04T10:47:46.829368+00:00,2026-08-04 10:00:00+00:00
2026-07-02 02:00:00+00:00,14.6,0.0,1022.2,2026-08-04T10:47:46.829368+00:00,2026-08-04 10:00:00+00:00
2026-07-02 03:00:00+00:00,14.0,0.0,1022.3,2026-08-04T10:47:46.829368+00:00,2026-08-04 10:00:00+00:00
2026-07-02 04:00:00+00:00,14.1,0.0,1022.3,2026-08-04T10:47:46.829368+00:00,2026-08-04 10:00:00+00:00
2026-07-02 05:00:00+00:00,15.2,0.0,1022.2,2026-08-04T10:47:46.829368+00:00,2026-08-04 10:00:00+00:00
2026-07-02 06:00:00+00:00,17.1,0.0,1021.9,2026-08-04T10:47:46.829368+00:00,2026-08-04 10:00:00+00:00
2026-07-02 07:00:00+00:00,19.7,0.0,1021.4,2026-08-04T10:47:46.829368+00:00,2026-08-04 10:00:00+00:00
2026-07-02 08:00:00+00:00,21.4,0.0,1021.2,2026-08-04T10:47:46.829368+00:00,2026-08-04 10:00:00+00:00
2026-07-02 09:00:00+00:00,23.0,0.0,1020.9,2026-08-04T10:47:46.829368+00:00,2026-08-04 10:00:00+00:00
2026-07-02 10:00:00+00:00,24.0,0.0,1020.6,2026-08-04T10:47:46.829368+00:00,2026-08-04 10:00:00+00:00
2026-07-02 11:00:00+00:00,24.6,0.0,1020.2,2026-08-04T10:47:46.829368+00:00,2026-08-04 10:00:00+00:00
2026-07-02 12:00:00+00:00,25.1,0.0,1019.7,2026-08-04T10:47:46.829368+00:00,2026-08-04 10:00:00+00:00
2026-07-02 13:00:00+00:00,25.9,0.0,1019.0,2026-08-04T10:47:46.829368+00:00,2026-08-04 10:00:00+00:00
2026-07-02 14:00:00+00:00,26.8,0.0,1018.4,2026-08-04T10:47:46.829368+00:00,2026-08-04 10:00:00+00:00
2026-07-02 15:00:00+00:00,25.7,0.0,1018.3,2026-08-04T10:47:46.829368+00:00,2026-08-04 10:00:00+00:00
2026-07-02 16:00:00+00:00,26.0,0.0,1017.8,2026-08-04T10:47:46.829368+00:00,2026-08-04 10:00:00+00:00
2026-07-02 17:00:00+00:00,25.8,0.0,1017.6,2026-08-04T10:47:46.829368+00:00,2026-08-04 10:00:00+00:00
2026-07-02 18:00:00+00:00,25.2,0.0,1017.6,2026-08-04T10:47:46.829368+00:00,2026-08-04 10:00:00+00:00
2026-07-02 19:00:00+00:00,24.4,0.0,1018.1,2026-08-04T10:47:46.829368+00:00,2026-08-04 10:00:00+00:00
2026-07-02 20:00:00+00:00,23.5,0.0,1018.7,2026-08-04T10:47:46.829368+00:00,2026-08-04 10:00:00+00:00
2026-07-02 21:00:00+00:00,23.0,0.0,1019.1,2026-08-04T10:47:46.829368+00:00,2026-08-04 10:00:00+00:00
2026-07-02 22:00:00+00:00,21.2,0.0,1019.9,2026-08-04T10:47:46.829368+00:00,2026-08-04 10:00:00+00:00
2026-07-02 23:00:00+00:00,20.2,0.0,1020.3,2026-08-04T10:47:46.829368+00:00,2026-08-04 10:00:00+00:00
2026-07-03 00:00:00+00:00,20.6,0.0,1020.5,2026-08-04T10:47:46.829368+00:00,2026-08-04 10:00:00+00:00
2026-07-03 01:00:00+00:00,20.1,0.0,1021.0,2026-08-04T10:47:46.829368+00:00,2026-08-04 10:00:00+00:00
2026-07-03 02:00:00+00:00,19.5,0.0,1021.6,2026-08-04T10:47:46.829368+00:00,2026-08-04 10:00:00+00:00
2026-07-03 03:00:00+00:00,18.4,0.0,1022.3,2026-08-04T10:47:46.829368+00:00,2026-08-04 10:00:00+00:00
2026-07-03 04:00:00+00:00,17.6,0.0,1023.2,2026-08-04T10:47:46.829368+00:00,2026-08-04 10:00:00+00:00
2026-07-03 05:00:00+00:00,17.3,0.0,1023.9,2026-08-04T10:47:46.829368+00:00,2026-08-04 10:00:00+00:00
2026-07-03 06:00:00+00:00,17.7,0.0,1024.0,2026-08-04T10:47:46.829368+00:00,2026-08-04 10:00:00+00:00
2026-07-03 07:00:00+00:00,19.1,0.0,1024.3,2026-08-04T10:47:46.829368+00:00,2026-08-04 10:00:00+00:00
2026-07-03 08:00:00+00:00,19.2,0.0,1024.3,2026-08-04T10:47:46.829368+00:00,2026-08-04 10:00:00+00:00
2026-07-03 09:00:00+00:00,20.1,0.0,1024.4,2026-08-04T10:47:46.829368+00:00,2026-08-04 10:00:00+00:00
2026-07-03 10:00:00+00:00,21.4,0.0,1024.3,2026-08-04T10:47:46.829368+00:00,2026-08-04 10:00:00+00:00
2026-07-03 11:00:00+00:00,22.8,0.0,1024.09,2026-08-04T10:47:46.829368+00:00,2026-08-04 10:00:00+00:00
2026-07-03 12:00:00+00:00,23.7,0.0,1023.8,2026-08-04T10:47:46.829368+00:00,2026-08-04 10:00:00+00:00
2026-07-03 13:00:00+00:00,23.5,0.0,1023.6,2026-08-04T10:47:46.829368+00:00,2026-08-04 10:00:00+00:00
2026-07-03 14:00:00+00:00,25.1,0.0,1022.9,2026-08-04T10:47:46.829368+00:00,2026-08-04 10:00:00+00:00
2026-07-03 15:00:00+00:00,25.1,0.0,1022.7,2026-08-04T10:47:46.829368+00:00,2026-08-04 10:00:00+00:00
2026-07-03 16:00:00+00:00,24.4,0.0,1022.5,2026-08-04T10:47:46.829368+00:00,2026-08-04 10:00:00+00:00
2026-07-03 17:00:00+00:00,24.1,0.0,1022.4,2026-08-04T10:47:46.829368+00:00,2026-08-04 10:00:00+00:00
2026-07-03 18:00:00+00:00,23.6,0.0,1022.7,2026-08-04T10:47:46.829368+00:00,2026-08-04 10:00:00+00:00
2026-07-03 19:00:00+00:00,22.5,0.0,1022.9,2026-08-04T10:47:46.829368+00:00,2026-08-04 10:00:00+00:00
2026-07-03 20:00:00+00:00,19.2,0.0,1024.09,2026-08-04T10:47:46.829368+00:00,2026-08-04 10:00:00+00:00
2026-07-03 21:00:00+00:00,18.1,0.0,1024.7,2026-08-04T10:47:46.829368+00:00,2026-08-04 10:00:00+00:00
2026-07-03 22:00:00+00:00,16.9,0.0,1025.09,2026-08-04T10:47:46.829368+00:00,2026-08-04 10:00:00+00:00
2026-07-03 23:00:00+00:00,16.1,0.0,1025.4,2026-08-04T10:47:46.829368+00:00,2026-08-04 10:00:00+00:00
2026-07-04 00:00:00+00:00,16.8,0.0,1025.3,2026-08-04T10:47:46.829368+00:00,2026-08-04 10:00:00+00:00
2026-07-04 01:00:00+00:00,16.4,0.0,1025.4,2026-08-04T10:47:46.829368+00:00,2026-08-04 10:00:00+00:00
2026-07-04 02:00:00+00:00,15.4,0.0,1025.7,2026-08-04T10:47:46.829368+00:00,2026-08-04 10:00:00+00:00
2026-07-04 03:00:00+00:00,15.4,0.0,1025.59,2026-08-04T10:47:46.829368+00:00,2026-08-04 10:00:00+00:00
2026-07-04 04:00:00+00:00,14.5,0.0,1025.8,2026-08-04T10:47:46.829368+00:00,2026-08-04 10:00:00+00:00
2026-07-04 05:00:00+00:00,14.8,0.0,1026.3,2026-08-04T10:47:46.829368+00:00,2026-08-04 10:00:00+00:00
2026-07-04 06:00:00+00:00,17.0,0.0,1026.0,2026-08-04T10:47:46.829368+00:00,2026-08-04 10:00:00+00:00
2026-07-04 07:00:00+00:00,19.7,0.0,1025.3,2026-08-04T10:47:46.829368+00:00,2026-08-04 10:00:00+00:00
2026-07-04 08:00:00+00:00,21.1,0.0,1025.0,2026-08-04T10:47:46.829368+00:00,2026-08-04 10:00:00+00:00
2026-07-04 09:00:00+00:00,22.8,0.0,1024.4,2026-08-04T10:47:46.829368+00:00,2026-08-04 10:00:00+00:00
2026-07-04 10:00:00+00:00,23.2,0.0,1024.3,2026-08-04T10:47:46.829368+00:00,2026-08-04 10:00:00+00:00
2026-07-04 11:00:00+00:00,23.7,0.0,1023.8,2026-08-04T10:47:46.829368+00:00,2026-08-04 10:00:00+00:00
2026-07-04 12:00:00+00:00,25.0,0.0,1023.2,2026-08-04T10:47:46.829368+00:00,2026-08-04 10:00:00+00:00
2026-07-04 13:00:00+00:00,26.0,0.0,1022.4,2026-08-04T10:47:46.829368+00:00,2026-08-04 10:00:00+00:00
2026-07-04 14:00:00+00:00,25.7,0.0,1022.3,2026-08-04T10:47:46.829368+00:00,2026-08-04 10:00:00+00:00
2026-07-04 15:00:00+00:00,27.0,0.0,1021.4,2026-08-04T10:47:46.829368+00:00,2026-08-04 10:00:00+00:00
2026-07-04 16:00:00+00:00,26.5,0.0,1021.0,2026-08-04T10:47:46.829368+00:00,2026-08-04 10:00:00+00:00
2026-07-04 17:00:00+00:00,25.8,0.0,1020.9,2026-08-04T10:47:46.829368+00:00,2026-08-04 10:00:00+00:00
2026-07-04 18:00:00+00:00,25.1,0.0,1020.9,2026-08-04T10:47:46.829368+00:00,2026-08-04 10:00:00+00:00
2026-07-04 19:00:00+00:00,23.8,0.0,1021.4,2026-08-04T10:47:46.829368+00:00,2026-08-04 10:00:00+00:00
2026-07-04 20:00:00+00:00,21.2,0.0,1022.4,2026-08-04T10:47:46.829368+00:00,2026-08-04 10:00:00+00:00
2026-07-04 21:00:00+00:00,19.4,0.0,1022.8,2026-08-04T10:47:46.829368+00:00,2026-08-04 10:00:00+00:00
2026-07-04 22:00:00+00:00,18.4,0.0,1023.1,2026-08-04T10:47:46.829368+00:00,2026-08-04 10:00:00+00:00
2026-07-04 23:00:00+00:00,18.2,0.0,1022.9,2026-08-04T10:47:46.829368+00:00,2026-08-04 10:00:00+00:00
2026-07-05 00:00:00+00:00,18.3,0.0,1022.7,2026-08-04T10:47:46.829368+00:00,2026-08-04 10:00:00+00:00
2026-07-05 01:00:00+00:00,18.6,0.0,1022.2,2026-08-04T10:47:46.829368+00:00,2026-08-04 10:00:00+00:00
2026-07-05 02:00:00+00:00,18.6,0.0,1021.8,2026-08-04T10:47:46.829368+00:00,2026-08-04 10:00:00+00:00
2026-07-05 03:00:00+00:00,18.2,0.0,1021.9,2026-08-04T10:47:46.829368+00:00,2026-08-04 10:00:00+00:00
2026-07-05 04:00:00+00:00,17.9,0.0,1022.1,2026-08-04T10:47:46.829368+00:00,2026-08-04 10:00:00+00:00
2026-07-05 05:00:00+00:00,18.2,0.0,1022.0,2026-08-04T10:47:46.829368+00:00,2026-08-04 10:00:00+00:00
2026-07-05 06:00:00+00:00,18.9,0.0,1021.8,2026-08-04T10:47:46.829368+00:00,2026-08-04 10:00:00+00:00
2026-07-05 07:00:00+00:00,20.3,0.0,1021.3,2026-08-04T10:47:46.829368+00:00,2026-08-04 10:00:00+00:00
2026-07-05 08:00:00+00:00,21.1,0.0,1021.2,2026-08-04T10:47:46.829368+00:00,2026-08-04 10:00:00+00:00
2026-07-05 09:00:00+00:00,21.4,0.0,1020.9,2026-08-04T10:47:46.829368+00:00,2026-08-04 10:00:00+00:00
2026-07-05 10:00:00+00:00,22.7,0.0,1020.5,2026-08-04T10:47:46.829368+00:00,2026-08-04 10:00:00+00:00
2026-07-05 11:00:00+00:00,22.9,0.0,1020.2,2026-08-04T10:47:46.829368+00:00,2026-08-04 10:00:00+00:00
2026-07-05 12:00:00+00:00,23.1,0.0,1020.0,2026-08-04T10:47:46.829368+00:00,2026-08-04 10:00:00+00:00
2026-07-05 13:00:00+00:00,25.3,0.0,1018.9,2026-08-04T10:47:46.829368+00:00,2026-08-04 10:00:00+00:00
2026-07-05 14:00:00+00:00,19.7,0.1,1020.3,2026-08-04T10:47:46.829368+00:00,2026-08-04 10:00:00+00:00
2026-07-05 15:00:00+00:00,24.5,0.1,1018.6,2026-08-04T10:47:46.829368+00:00,2026-08-04 10:00:00+00:00
2026-07-05 16:00:00+00:00,23.9,0.0,1017.9,2026-08-04T10:47:46.829368+00:00,2026-08-04 10:00:00+00:00
2026-07-05 17:00:00+00:00,22.9,0.0,1017.7,2026-08-04T10:47:46.829368+00:00,2026-08-04 10:00:00+00:00
2026-07-05 18:00:00+00:00,16.8,5.4,1021.1,2026-08-04T10:47:46.829368+00:00,2026-08-04 10:00:00+00:00
2026-07-05 19:00:00+00:00,16.9,0.6,1020.4,2026-08-04T10:47:46.829368+00:00,2026-08-04 10:00:00+00:00
2026-07-05 20:00:00+00:00,16.8,0.0,1021.0,2026-08-04T10:47:46.829368+00:00,2026-08-04 10:00:00+00:00
2026-07-05 21:00:00+00:00,16.2,0.0,1021.5,2026-08-04T10:47:46.829368+00:00,2026-08-04 10:00:00+00:00
2026-07-05 22:00:00+00:00,16.5,0.0,1021.4,2026-08-04T10:47:46.829368+00:00,2026-08-04 10:00:00+00:00
2026-07-05 23:00:00+00:00,16.6,0.0,1021.1,2026-08-04T10:47:46.829368+00:00,2026-08-04 10:00:00+00:00
2026-07-06 00:00:00+00:00,16.7,0.0,1020.6,2026-08-04T10:47:46.829368+00:00,2026-08-04 10:00:00+00:00
2026-07-06 01:00:00+00:00,16.4,0.0,1020.5,2026-08-04T10:47:46.829368+00:00,2026-08-04 10:00:00+00:00
2026-07-06 02:00:00+00:00,16.1,0.8,1020.5,2026-08-04T10:47:46.829368+00:00,2026-08-04 10:00:00+00:00
2026-07-06 03:00:00+00:00,15.7,2.1,1020.6,2026-08-04T10:47:46.829368+00:00,2026-08-04 10:00:00+00:00
2026-07-06 04:00:00+00:00,15.7,0.0,1020.9,2026-08-04T10:47:46.829368+00:00,2026-08-04 10:00:00+00:00
2026-07-06 05:00:00+00:00,16.1,0.0,1021.1,2026-08-04T10:47:46.829368+00:00,2026-08-04 10:00:00+00:00
2026-07-06 06:00:00+00:00,16.9,0.0,1021.1,2026-08-04T10:47:46.829368+00:00,2026-08-04 10:00:00+00:00
2026-07-06 07:00:00+00:00,18.6,0.0,1021.0,2026-08-04T10:47:46.829368+00:00,2026-08-04 10:00:00+00:00
2026-07-06 08:00:00+00:00,19.6,0.0,1020.8,2026-08-04T10:47:46.829368+00:00,2026-08-04 10:00:00+00:00
2026-07-06 09:00:00+00:00,20.3,0.0,1020.7,2026-08-04T10:47:46.829368+00:00,2026-08-04 10:00:00+00:00
2026-07-06 10:00:00+00:00,20.4,0.0,1020.7,2026-08-04T10:47:46.829368+00:00,2026-08-04 10:00:00+00:00
2026-07-06 11:00:00+00:00,21.4,0.0,1020.4,2026-08-04T10:47:46.829368+00:00,2026-08-04 10:00:00+00:00
2026-07-06 12:00:00+00:00,23.4,0.0,1019.4,2026-08-04T10:47:46.829368+00:00,2026-08-04 10:00:00+00:00
2026-07-06 13:00:00+00:00,23.7,0.0,1019.0,2026-08-04T10:47:46.829368+00:00,2026-08-04 10:00:00+00:00
2026-07-06 14:00:00+00:00,23.7,0.0,1018.7,2026-08-04T10:47:46.829368+00:00,2026-08-04 10:00:00+00:00
2026-07-06 15:00:00+00:00,24.5,0.0,1018.3,2026-08-04T10:47:46.829368+00:00,2026-08-04 10:00:00+00:00
2026-07-06 16:00:00+00:00,25.1,0.0,1017.6,2026-08-04T10:47:46.829368+00:00,2026-08-04 10:00:00+00:00
2026-07-06 17:00:00+00:00,25.2,0.0,1017.1,2026-08-04T10:47:46.829368+00:00,2026-08-04 10:00:00+00:00
2026-07-06 18:00:00+00:00,24.6,0.0,1017.0,2026-08-04T10:47:46.829368+00:00,2026-08-04 10:00:00+00:00
2026-07-06 19:00:00+00:00,23.5,0.0,1017.1,2026-08-04T10:47:46.829368+00:00,2026-08-04 10:00:00+00:00
2026-07-06 20:00:00+00:00,21.1,0.0,1017.7,2026-08-04T10:47:46.829368+00:00,2026-08-04 10:00:00+00:00
2026-07-06 21:00:00+00:00,22.1,0.0,1017.6,2026-08-04T10:47:46.829368+00:00,2026-08-04 10:00:00+00:00
2026-07-06 22:00:00+00:00,21.6,0.0,1017.7,2026-08-04T10:47:46.829368+00:00,2026-08-04 10:00:00+00:00
2026-07-06 23:00:00+00:00,21.2,0.0,1017.9,2026-08-04T10:47:46.829368+00:00,2026-08-04 10:00:00+00:00
2026-07-07 00:00:00+00:00,21.1,0.0,1017.8,2026-08-04T10:47:46.829368+00:00,2026-08-04 10:00:00+00:00
2026-07-07 01:00:00+00:00,20.7,0.0,1017.7,2026-08-04T10:47:46.829368+00:00,2026-08-04 10:00:00+00:00
2026-07-07 02:00:00+00:00,19.9,0.0,1017.3,2026-08-04T10:47:46.829368+00:00,2026-08-04 10:00:00+00:00
2026-07-07 03:00:00+00:00,19.8,0.0,1017.2,2026-08-04T10:47:46.829368+00:00,2026-08-04 10:00:00+00:00
2026-07-07 04:00:00+00:00,19.7,0.0,1017.3,2026-08-04T10:47:46.829368+00:00,2026-08-04 10:00:00+00:00
2026-07-07 05:00:00+00:00,19.9,0.0,1017.3,2026-08-04T10:47:46.829368+00:00,2026-08-04 10:00:00+00:00
2026-07-07 06:00:00+00:00,21.0,0.0,1017.2,2026-08-04T10:47:46.829368+00:00,2026-08-04 10:00:00+00:00
2026-07-07 07:00:00+00:00,23.1,0.0,1016.6,2026-08-04T10:47:46.829368+00:00,2026-08-04 10:00:00+00:00
2026-07-07 08:00:00+00:00,25.9,0.0,1015.9,2026-08-04T10:47:46.829368+00:00,2026-08-04 10:00:00+00:00
2026-07-07 09:00:00+00:00,27.8,0.0,1015.3,2026-08-04T10:47:46.829368+00:00,2026-08-04 10:00:00+00:00
2026-07-07 10:00:00+00:00,28.5,0.0,1015.0,2026-08-04T10:47:46.829368+00:00,2026-08-04 10:00:00+00:00
2026-07-07 11:00:00+00:00,29.5,0.0,1014.4,2026-08-04T10:47:46.829368+00:00,2026-08-04 10:00:00+00:00
2026-07-07 12:00:00+00:00,27.9,0.0,1014.3,2026-08-04T10:47:46.829368+00:00,2026-08-04 10:00:00+00:00
2026-07-07 13:00:00+00:00,27.5,0.0,1013.9,2026-08-04T10:47:46.829368+00:00,2026-08-04 10:00:00+00:00
2026-07-07 14:00:00+00:00,28.1,0.0,1013.2,2026-08-04T10:47:46.829368+00:00,2026-08-04 10:00:00+00:00
2026-07-07 15:00:00+00:00,29.5,0.0,1012.2,2026-08-04T10:47:46.829368+00:00,2026-08-04 10:00:00+00:00
2026-07-07 16:00:00+00:00,29.2,0.0,1011.8,2026-08-04T10:47:46.829368+00:00,2026-08-04 10:00:00+00:00
2026-07-07 17:00:00+00:00,28.5,0.0,1011.7,2026-08-04T10:47:46.829368+00:00,2026-08-04 10:00:00+00:00
2026-07-07 18:00:00+00:00,27.9,0.0,1011.5,2026-08-04T10:47:46.829368+00:00,2026-08-04 10:00:00+00:00
2026-07-07 19:00:00+00:00,27.0,0.0,1011.9,2026-08-04T10:47:46.829368+00:00,2026-08-04 10:00:00+00:00
2026-07-07 20:00:00+00:00,25.8,0.0,1012.4,2026-08-04T10:47:46.829368+00:00,2026-08-04 10:00:00+00:00
2026-07-07 21:00:00+00:00,25.4,0.0,1012.7,2026-08-04T10:47:46.829368+00:00,2026-08-04 10:00:00+00:00
2026-07-07 22:00:00+00:00,24.7,0.0,1013.0,2026-08-04T10:47:46.829368+00:00,2026-08-04 10:00:00+00:00
2026-07-07 23:00:00+00:00,23.7,0.0,1013.0,2026-08-04T10:47:46.829368+00:00,2026-08-04 10:00:00+00:00
2026-07-08 00:00:00+00:00,23.2,0.0,1013.2,2026-08-04T10:47:46.829368+00:00,2026-08-04 10:00:00+00:00
2026-07-08 01:00:00+00:00,22.7,0.0,1013.3,2026-08-04T10:47:46.829368+00:00,2026-08-04 10:00:00+00:00
2026-07-08 02:00:00+00:00,22.4,0.0,1013.6,2026-08-04T10:47:46.829368+00:00,2026-08-04 10:00:00+00:00
2026-07-08 03:00:00+00:00,21.9,0.0,1013.9,2026-08-04T10:47:46.829368+00:00,2026-08-04 10:00:00+00:00
2026-07-08 04:00:00+00:00,20.5,0.0,1014.6,2026-08-04T10:47:46.829368+00:00,2026-08-04 10:00:00+00:00
2026-07-08 05:00:00+00:00,19.1,0.2,1015.0,2026-08-04T10:47:46.829368+00:00,2026-08-04 10:00:00+00:00
2026-07-08 06:00:00+00:00,17.7,0.4,1015.5,2026-08-04T10:47:46.829368+00:00,2026-08-04 10:00:00+00:00
2026-07-08 07:00:00+00:00,18.9,0.0,1015.7,2026-08-04T10:47:46.829368+00:00,2026-08-04 10:00:00+00:00
2026-07-08 08:00:00+00:00,20.3,0.0,1015.5,2026-08-04T10:47:46.829368+00:00,2026-08-04 10:00:00+00:00
2026-07-08 09:00:00+00:00,20.3,0.0,1015.9,2026-08-04T10:47:46.829368+00:00,2026-08-04 10:00:00+00:00
2026-07-08 10:00:00+00:00,21.0,0.0,1016.0,2026-08-04T10:47:46.829368+00:00,2026-08-04 10:00:00+00:00
2026-07-08 11:00:00+00:00,21.3,0.0,1016.1,2026-08-04T10:47:46.829368+00:00,2026-08-04 10:00:00+00:00
2026-07-08 12:00:00+00:00,20.7,0.0,1016.6,2026-08-04T10:47:46.829368+00:00,2026-08-04 10:00:00+00:00
2026-07-08 13:00:00+00:00,21.2,0.0,1016.3,2026-08-04T10:47:46.829368+00:00,2026-08-04 10:00:00+00:00
2026-07-08 14:00:00+00:00,21.2,0.0,1016.2,2026-08-04T10:47:46.829368+00:00,2026-08-04 10:00:00+00:00
2026-07-08 15:00:00+00:00,23.0,0.0,1015.5,2026-08-04T10:47:46.829368+00:00,2026-08-04 10:00:00+00:00
2026-07-08 16:00:00+00:00,22.8,0.0,1015.3,2026-08-04T10:47:46.829368+00:00,2026-08-04 10:00:00+00:00
2026-07-08 17:00:00+00:00,22.4,0.0,1015.7,2026-08-04T10:47:46.829368+00:00,2026-08-04 10:00:00+00:00
2026-07-08 18:00:00+00:00,21.9,0.0,1015.9,2026-08-04T10:47:46.829368+00:00,2026-08-04 10:00:00+00:00
2026-07-08 19:00:00+00:00,21.2,0.0,1016.2,2026-08-04T10:47:46.829368+00:00,2026-08-04 10:00:00+00:00
2026-07-08 20:00:00+00:00,19.8,0.0,1017.0,2026-08-04T10:47:46.829368+00:00,2026-08-04 10:00:00+00:00
2026-07-08 21:00:00+00:00,18.5,0.0,1017.3,2026-08-04T10:47:46.829368+00:00,2026-08-04 10:00:00+00:00
2026-07-08 22:00:00+00:00,17.4,0.0,1017.7,2026-08-04T10:47:46.829368+00:00,2026-08-04 10:00:00+00:00
2026-07-08 23:00:00+00:00,17.5,0.0,1017.5,2026-08-04T10:47:46.829368+00:00,2026-08-04 10:00:00+00:00
2026-07-09 00:00:00+00:00,16.9,0.0,1017.6,2026-08-04T10:47:46.829368+00:00,2026-08-04 10:00:00+00:00
2026-07-09 01:00:00+00:00,16.3,0.0,1017.3,2026-08-04T10:47:46.829368+00:00,2026-08-04 10:00:00+00:00
2026-07-09 02:00:00+00:00,15.5,0.0,1017.4,2026-08-04T10:47:46.829368+00:00,2026-08-04 10:00:00+00:00
2026-07-09 03:00:00+00:00,15.8,0.0,1017.4,2026-08-04T10:47:46.829368+00:00,2026-08-04 10:00:00+00:00
2026-07-09 04:00:00+00:00,15.7,0.0,1017.3,2026-08-04T10:47:46.829368+00:00,2026-08-04 10:00:00+00:00
2026-07-09 05:00:00+00:00,16.9,0.0,1017.2,2026-08-04T10:47:46.829368+00:00,2026-08-04 10:00:00+00:00
2026-07-09 06:00:00+00:00,17.5,0.0,1017.5,2026-08-04T10:47:46.829368+00:00,2026-08-04 10:00:00+00:00
2026-07-09 07:00:00+00:00,18.4,0.0,1017.3,2026-08-04T10:47:46.829368+00:00,2026-08-04 10:00:00+00:00
2026-07-09 08:00:00+00:00,20.1,0.0,1016.9,2026-08-04T10:47:46.829368+00:00,2026-08-04 10:00:00+00:00
2026-07-09 09:00:00+00:00,21.2,0.0,1016.6,2026-08-04T10:47:46.829368+00:00,2026-08-04 10:00:00+00:00
2026-07-09 10:00:00+00:00,22.1,0.0,1016.1,2026-08-04T10:47:46.829368+00:00,2026-08-04 10:00:00+00:00
2026-07-09 11:00:00+00:00,23.3,0.0,1015.6,2026-08-04T10:47:46.829368+00:00,2026-08-04 10:00:00+00:00
2026-07-09 12:00:00+00:00,24.5,0.0,1014.9,2026-08-04T10:47:46.829368+00:00,2026-08-04 10:00:00+00:00
2026-07-09 13:00:00+00:00,24.5,0.0,1014.6,2026-08-04T10:47:46.829368+00:00,2026-08-04 10:00:00+00:00
2026-07-09 14:00:00+00:00,25.0,0.0,1014.4,2026-08-04T10:47:46.829368+00:00,2026-08-04 10:00:00+00:00
2026-07-09 15:00:00+00:00,24.3,0.0,1014.5,2026-08-04T10:47:46.829368+00:00,2026-08-04 10:00:00+00:00
2026-07-09 16:00:00+00:00,25.0,0.0,1014.2,2026-08-04T10:47:46.829368+00:00,2026-08-04 10:00:00+00:00
2026-07-09 17:00:00+00:00,24.9,0.0,1014.0,2026-08-04T10:47:46.829368+00:00,2026-08-04 10:00:00+00:00
2026-07-09 18:00:00+00:00,24.3,0.0,1014.1,2026-08-04T10:47:46.829368+00:00,2026-08-04 10:00:00+00:00
2026-07-09 19:00:00+00:00,23.4,0.0,1014.3,2026-08-04T10:47:46.829368+00:00,2026-08-04 10:00:00+00:00
2026-07-09 20:00:00+00:00,21.4,0.0,1015.2,2026-08-04T10:47:46.829368+00:00,2026-08-04 10:00:00+00:00
2026-07-09 21:00:00+00:00,20.0,0.0,1015.7,2026-08-04T10:47:46.829368+00:00,2026-08-04 10:00:00+00:00
2026-07-09 22:00:00+00:00,18.6,0.0,1016.3,2026-08-04T10:47:46.829368+00:00,2026-08-04 10:00:00+00:00
2026-07-09 23:00:00+00:00,17.8,0.0,1016.6,2026-08-04T10:47:46.829368+00:00,2026-08-04 10:00:00+00:00
2026-07-10 00:00:00+00:00,16.6,0.0,1016.6,2026-08-04T10:47:46.829368+00:00,2026-08-04 10:00:00+00:00
2026-07-10 01:00:00+00:00,16.0,0.0,1016.6,2026-08-04T10:47:46.829368+00:00,2026-08-04 10:00:00+00:00
2026-07-10 02:00:00+00:00,15.3,0.0,1016.4,2026-08-04T10:47:46.829368+00:00,2026-08-04 10:00:00+00:00
2026-07-10 03:00:00+00:00,15.0,0.0,1016.2,2026-08-04T10:47:46.829368+00:00,2026-08-04 10:00:00+00:00
2026-07-10 04:00:00+00:00,14.6,0.0,1016.3,2026-08-04T10:47:46.829368+00:00,2026-08-04 10:00:00+00:00
2026-07-10 05:00:00+00:00,16.3,0.0,1016.0,2026-08-04T10:47:46.829368+00:00,2026-08-04 10:00:00+00:00
2026-07-10 06:00:00+00:00,18.7,0.0,1015.5,2026-08-04T10:47:46.829368+00:00,2026-08-04 10:00:00+00:00
2026-07-10 07:00:00+00:00,21.3,0.0,1015.0,2026-08-04T10:47:46.829368+00:00,2026-08-04 10:00:00+00:00
2026-07-10 08:00:00+00:00,23.6,0.0,1014.6,2026-08-04T10:47:46.829368+00:00,2026-08-04 10:00:00+00:00
2026-07-10 09:00:00+00:00,24.5,0.0,1014.3,2026-08-04T10:47:46.829368+00:00,2026-08-04 10:00:00+00:00
2026-07-10 10:00:00+00:00,24.6,0.0,1014.2,2026-08-04T10:47:46.829368+00:00,2026-08-04 10:00:00+00:00
2026-07-10 11:00:00+00:00,25.9,0.0,1013.9,2026-08-04T10:47:46.829368+00:00,2026-08-04 10:00:00+00:00
2026-07-10 12:00:00+00:00,26.9,0.0,1013.3,2026-08-04T10:47:46.829368+00:00,2026-08-04 10:00:00+00:00
2026-07-10 13:00:00+00:00,27.9,0.0,1012.9,2026-08-04T10:47:46.829368+00:00,2026-08-04 10:00:00+00:00
2026-07-10 14:00:00+00:00,28.4,0.0,1012.6,2026-08-04T10:47:46.829368+00:00,2026-08-04 10:00:00+00:00
2026-07-10 15:00:00+00:00,28.5,0.0,1012.5,2026-08-04T10:47:46.829368+00:00,2026-08-04 10:00:00+00:00
2026-07-10 16:00:00+00:00,27.7,0.0,1012.2,2026-08-04T10:47:46.829368+00:00,2026-08-04 10:00:00+00:00
2026-07-10 17:00:00+00:00,27.6,0.0,1012.2,2026-08-04T10:47:46.829368+00:00,2026-08-04 10:00:00+00:00
2026-07-10 18:00:00+00:00,26.9,0.0,1012.5,2026-08-04T10:47:46.829368+00:00,2026-08-04 10:00:00+00:00
2026-07-10 19:00:00+00:00,25.4,0.0,1012.9,2026-08-04T10:47:46.829368+00:00,2026-08-04 10:00:00+00:00
2026-07-10 20:00:00+00:00,23.0,0.0,1013.9,2026-08-04T10:47:46.829368+00:00,2026-08-04 10:00:00+00:00
2026-07-10 21:00:00+00:00,21.4,0.0,1014.3,2026-08-04T10:47:46.829368+00:00,2026-08-04 10:00:00+00:00
2026-07-10 22:00:00+00:00,20.1,0.0,1014.7,2026-08-04T10:47:46.829368+00:00,2026-08-04 10:00:00+00:00
2026-07-10 23:00:00+00:00,19.3,0.0,1015.0,2026-08-04T10:47:46.829368+00:00,2026-08-04 10:00:00+00:00
2026-07-11 00:00:00+00:00,19.1,0.0,1015.4,2026-08-04T10:47:46.829368+00:00,2026-08-04 10:00:00+00:00
2026-07-11 01:00:00+00:00,18.7,0.0,1015.4,2026-08-04T10:47:46.829368+00:00,2026-08-04 10:00:00+00:00
2026-07-11 02:00:00+00:00,17.6,0.0,1015.8,2026-08-04T10:47:46.829368+00:00,2026-08-04 10:00:00+00:00
2026-07-11 03:00:00+00:00,16.5,0.0,1016.2,2026-08-04T10:47:46.829368+00:00,2026-08-04 10:00:00+00:00
2026-07-11 04:00:00+00:00,16.1,0.0,1016.6,2026-08-04T10:47:46.829368+00:00,2026-08-04 10:00:00+00:00
2026-07-11 05:00:00+00:00,17.4,0.0,1016.8,2026-08-04T10:47:46.829368+00:00,2026-08-04 10:00:00+00:00
2026-07-11 06:00:00+00:00,18.8,0.0,1016.9,2026-08-04T10:47:46.829368+00:00,2026-08-04 10:00:00+00:00
2026-07-11 07:00:00+00:00,20.9,0.0,1016.7,2026-08-04T10:47:46.829368+00:00,2026-08-04 10:00:00+00:00
2026-07-11 08:00:00+00:00,22.8,0.0,1016.6,2026-08-04T10:47:46.829368+00:00,2026-08-04 10:00:00+00:00
2026-07-11 09:00:00+00:00,24.5,0.0,1016.3,2026-08-04T10:47:46.829368+00:00,2026-08-04 10:00:00+00:00
2026-07-11 10:00:00+00:00,25.1,0.0,1016.4,2026-08-04T10:47:46.829368+00:00,2026-08-04 10:00:00+00:00
2026-07-11 11:00:00+00:00,27.1,0.0,1015.9,2026-08-04T10:47:46.829368+00:00,2026-08-04 10:00:00+00:00
2026-07-11 12:00:00+00:00,28.2,0.0,1015.4,2026-08-04T10:47:46.829368+00:00,2026-08-04 10:00:00+00:00
2026-07-11 13:00:00+00:00,29.1,0.0,1015.2,2026-08-04T10:47:46.829368+00:00,2026-08-04 10:00:00+00:00
2026-07-11 14:00:00+00:00,28.9,0.0,1014.9,2026-08-04T10:47:46.829368+00:00,2026-08-04 10:00:00+00:00
2026-07-11 15:00:00+00:00,29.5,0.0,1014.7,2026-08-04T10:47:46.829368+00:00,2026-08-04 10:00:00+00:00
2026-07-11 16:00:00+00:00,28.6,0.0,1014.7,2026-08-04T10:47:46.829368+00:00,2026-08-04 10:00:00+00:00
2026-07-11 17:00:00+00:00,28.7,0.0,1014.7,2026-08-04T10:47:46.829368+00:00,2026-08-04 10:00:00+00:00
2026-07-11 18:00:00+00:00,27.9,0.0,1015.1,2026-08-04T10:47:46.829368+00:00,2026-08-04 10:00:00+00:00
2026-07-11 19:00:00+00:00,26.2,0.0,1015.6,2026-08-04T10:47:46.829368+00:00,2026-08-04 10:00:00+00:00
2026-07-11 20:00:00+00:00,23.3,0.0,1016.6,2026-08-04T10:47:46.829368+00:00,2026-08-04 10:00:00+00:00
2026-07-11 21:00:00+00:00,22.5,0.0,1017.0,2026-08-04T10:47:46.829368+00:00,2026-08-04 10:00:00+00:00
2026-07-11 22:00:00+00:00,21.4,0.0,1017.3,2026-08-04T10:47:46.829368+00:00,2026-08-04 10:00:00+00:00
2026-07-11 23:00:00+00:00,21.0,0.0,1018.0,2026-08-04T10:47:46.829368+00:00,2026-08-04 10:00:00+00:00
2026-07-12 00:00:00+00:00,20.0,0.0,1018.5,2026-08-04T10:47:46.829368+00:00,2026-08-04 10:00:00+00:00
2026-07-12 01:00:00+00:00,19.1,0.0,1018.8,2026-08-04T10:47:46.829368+00:00,2026-08-04 10:00:00+00:00
2026-07-12 02:00:00+00:00,18.2,0.0,1019.1,2026-08-04T10:47:46.829368+00:00,2026-08-04 10:00:00+00:00
2026-07-12 03:00:00+00:00,16.9,0.0,1019.6,2026-08-04T10:47:46.829368+00:00,2026-08-04 10:00:00+00:00
2026-07-12 04:00:00+00:00,15.5,0.0,1020.2,2026-08-04T10:47:46.829368+00:00,2026-08-04 10:00:00+00:00
2026-07-12 05:00:00+00:00,17.4,0.0,1020.2,2026-08-04T10:47:46.829368+00:00,2026-08-04 10:00:00+00:00
2026-07-12 06:00:00+00:00,19.5,0.0,1019.9,2026-08-04T10:47:46.829368+00:00,2026-08-04 10:00:00+00:00
2026-07-12 07:00:00+00:00,22.3,0.0,1019.7,2026-08-04T10:47:46.829368+00:00,2026-08-04 10:00:00+00:00
2026-07-12 08:00:00+00:00,23.2,0.0,1020.0,2026-08-04T10:47:46.829368+00:00,2026-08-04 10:00:00+00:00
2026-07-12 09:00:00+00:00,25.1,0.0,1019.8,2026-08-04T10:47:46.829368+00:00,2026-08-04 10:00:00+00:00
2026-07-12 10:00:00+00:00,25.3,0.0,1019.8,2026-08-04T10:47:46.829368+00:00,2026-08-04 10:00:00+00:00
2026-07-12 11:00:00+00:00,25.2,0.0,1019.8,2026-08-04T10:47:46.829368+00:00,2026-08-04 10:00:00+00:00
2026-07-12 12:00:00+00:00,26.6,0.0,1019.2,2026-08-04T10:47:46.829368+00:00,2026-08-04 10:00:00+00:00
2026-07-12 13:00:00+00:00,27.8,0.0,1018.6,2026-08-04T10:47:46.829368+00:00,2026-08-04 10:00:00+00:00
2026-07-12 14:00:00+00:00,27.4,0.0,1018.6,2026-08-04T10:47:46.829368+00:00,2026-08-04 10:00:00+00:00
2026-07-12 15:00:00+00:00,27.9,0.0,1018.3,2026-08-04T10:47:46.829368+00:00,2026-08-04 10:00:00+00:00
2026-07-12 16:00:00+00:00,26.9,0.0,1018.3,2026-08-04T10:47:46.829368+00:00,2026-08-04 10:00:00+00:00
2026-07-12 17:00:00+00:00,26.6,0.0,1018.6,2026-08-04T10:47:46.829368+00:00,2026-08-04 10:00:00+00:00
2026-07-12 18:00:00+00:00,26.1,0.0,1018.8,2026-08-04T10:47:46.829368+00:00,2026-08-04 10:00:00+00:00
2026-07-12 19:00:00+00:00,25.0,0.0,1019.2,2026-08-04T10:47:46.829368+00:00,2026-08-04 10:00:00+00:00
2026-07-12 20:00:00+00:00,23.1,0.0,1020.1,2026-08-04T10:47:46.829368+00:00,2026-08-04 10:00:00+00:00
2026-07-12 21:00:00+00:00,20.9,0.0,1020.2,2026-08-04T10:47:46.829368+00:00,2026-08-04 10:00:00+00:00
2026-07-12 22:00:00+00:00,19.6,0.0,1020.3,2026-08-04T10:47:46.829368+00:00,2026-08-04 10:00:00+00:00
2026-07-12 23:00:00+00:00,18.8,0.0,1020.2,2026-08-04T10:47:46.829368+00:00,2026-08-04 10:00:00+00:00
2026-07-13 00:00:00+00:00,17.9,0.0,1020.4,2026-08-04T10:47:46.829368+00:00,2026-08-04 10:00:00+00:00
2026-07-13 01:00:00+00:00,17.0,0.0,1020.3,2026-08-04T10:47:46.829368+00:00,2026-08-04 10:00:00+00:00
2026-07-13 02:00:00+00:00,16.4,0.0,1020.1,2026-08-04T10:47:46.829368+00:00,2026-08-04 10:00:00+00:00
2026-07-13 03:00:00+00:00,16.4,0.0,1019.9,2026-08-04T10:47:46.829368+00:00,2026-08-04 10:00:00+00:00
2026-07-13 04:00:00+00:00,15.6,0.0,1019.9,2026-08-04T10:47:46.829368+00:00,2026-08-04 10:00:00+00:00
2026-07-13 05:00:00+00:00,17.5,0.0,1019.3,2026-08-04T10:47:46.829368+00:00,2026-08-04 10:00:00+00:00
2026-07-13 06:00:00+00:00,20.6,0.0,1018.8,2026-08-04T10:47:46.829368+00:00,2026-08-04 10:00:00+00:00
2026-07-13 07:00:00+00:00,23.5,0.0,1018.2,2026-08-04T10:47:46.829368+00:00,2026-08-04 10:00:00+00:00
2026-07-13 08:00:00+00:00,25.3,0.0,1018.0,2026-08-04T10:47:46.829368+00:00,2026-08-04 10:00:00+00:00
2026-07-13 09:00:00+00:00,26.6,0.0,1017.2,2026-08-04T10:47:46.829368+00:00,2026-08-04 10:00:00+00:00
2026-07-13 10:00:00+00:00,28.0,0.0,1016.8,2026-08-04T10:47:46.829368+00:00,2026-08-04 10:00:00+00:00
2026-07-13 11:00:00+00:00,29.3,0.0,1016.0,2026-08-04T10:47:46.829368+00:00,2026-08-04 10:00:00+00:00
2026-07-13 12:00:00+00:00,29.2,0.0,1015.5,2026-08-04T10:47:46.829368+00:00,2026-08-04 10:00:00+00:00
2026-07-13 13:00:00+00:00,30.2,0.0,1014.9,2026-08-04T10:47:46.829368+00:00,2026-08-04 10:00:00+00:00
2026-07-13 14:00:00+00:00,30.4,0.0,1014.5,2026-08-04T10:47:46.829368+00:00,2026-08-04 10:00:00+00:00
2026-07-13 15:00:00+00:00,30.6,0.0,1014.2,2026-08-04T10:47:46.829368+00:00,2026-08-04 10:00:00+00:00
2026-07-13 16:00:00+00:00,29.5,0.0,1014.0,2026-08-04T10:47:46.829368+00:00,2026-08-04 10:00:00+00:00
2026-07-13 17:00:00+00:00,28.9,0.0,1013.6,2026-08-04T10:47:46.829368+00:00,2026-08-04 10:00:00+00:00
2026-07-13 18:00:00+00:00,28.3,0.0,1013.9,2026-08-04T10:47:46.829368+00:00,2026-08-04 10:00:00+00:00
2026-07-13 19:00:00+00:00,27.1,0.0,1014.2,2026-08-04T10:47:46.829368+00:00,2026-08-04 10:00:00+00:00
2026-07-13 20:00:00+00:00,25.7,0.0,1014.7,2026-08-04T10:47:46.829368+00:00,2026-08-04 10:00:00+00:00
2026-07-13 21:00:00+00:00,24.1,0.0,1014.6,2026-08-04T10:47:46.829368+00:00,2026-08-04 10:00:00+00:00
2026-07-13 22:00:00+00:00,22.8,0.0,1014.8,2026-08-04T10:47:46.829368+00:00,2026-08-04 10:00:00+00:00
2026-07-13 23:00:00+00:00,21.4,0.0,1014.9,2026-08-04T10:47:46.829368+00:00,2026-08-04 10:00:00+00:00
2026-07-14 00:00:00+00:00,19.9,0.0,1015.0,2026-08-04T10:47:46.829368+00:00,2026-08-04 10:00:00+00:00
2026-07-14 01:00:00+00:00,19.6,0.0,1015.2,2026-08-04T10:47:46.829368+00:00,2026-08-04 10:00:00+00:00
2026-07-14 02:00:00+00:00,18.8,0.0,1015.6,2026-08-04T10:47:46.829368+00:00,2026-08-04 10:00:00+00:00
2026-07-14 03:00:00+00:00,19.1,0.0,1015.4,2026-08-04T10:47:46.829368+00:00,2026-08-04 10:00:00+00:00
2026-07-14 04:00:00+00:00,18.4,0.0,1015.2,2026-08-04T10:47:46.829368+00:00,2026-08-04 10:00:00+00:00
2026-07-14 05:00:00+00:00,19.7,0.0,1015.1,2026-08-04T10:47:46.829368+00:00,2026-08-04 10:00:00+00:00
2026-07-14 06:00:00+00:00,22.7,0.0,1014.4,2026-08-04T10:47:46.829368+00:00,2026-08-04 10:00:00+00:00
2026-07-14 07:00:00+00:00,23.7,0.0,1014.0,2026-08-04T10:47:46.829368+00:00,2026-08-04 10:00:00+00:00
2026-07-14 08:00:00+00:00,23.3,0.0,1015.2,2026-08-04T10:47:46.829368+00:00,2026-08-04 10:00:00+00:00
2026-07-14 09:00:00+00:00,19.6,0.9,1018.0,2026-08-04T10:47:46.829368+00:00,2026-08-04 10:00:00+00:00
2026-07-14 10:00:00+00:00,19.3,1.0,1018.1,2026-08-04T10:47:46.829368+00:00,2026-08-04 10:00:00+00:00
2026-07-14 11:00:00+00:00,21.5,0.5,1016.8,2026-08-04T10:47:46.829368+00:00,2026-08-04 10:00:00+00:00
2026-07-14 12:00:00+00:00,22.7,0.0,1016.2,2026-08-04T10:47:46.829368+00:00,2026-08-04 10:00:00+00:00
2026-07-14 13:00:00+00:00,25.1,0.0,1015.2,2026-08-04T10:47:46.829368+00:00,2026-08-04 10:00:00+00:00
2026-07-14 14:00:00+00:00,27.3,0.0,1014.3,2026-08-04T10:47:46.829368+00:00,2026-08-04 10:00:00+00:00
2026-07-14 15:00:00+00:00,28.3,0.0,1013.7,2026-08-04T10:47:46.829368+00:00,2026-08-04 10:00:00+00:00
2026-07-14 16:00:00+00:00,28.5,0.0,1013.3,2026-08-04T10:47:46.829368+00:00,2026-08-04 10:00:00+00:00
2026-07-14 17:00:00+00:00,27.6,0.0,1013.1,2026-08-04T10:47:46.829368+00:00,2026-08-04 10:00:00+00:00
2026-07-14 18:00:00+00:00,27.3,0.0,1013.5,2026-08-04T10:47:46.829368+00:00,2026-08-04 10:00:00+00:00
2026-07-14 19:00:00+00:00,25.7,0.0,1013.9,2026-08-04T10:47:46.829368+00:00,2026-08-04 10:00:00+00:00
2026-07-14 20:00:00+00:00,24.3,0.0,1015.1,2026-08-04T10:47:46.829368+00:00,2026-08-04 10:00:00+00:00
2026-07-14 21:00:00+00:00,21.5,0.0,1016.5,2026-08-04T10:47:46.829368+00:00,2026-08-04 10:00:00+00:00
2026-07-14 22:00:00+00:00,17.3,18.4,1018.6,2026-08-04T10:47:46.829368+00:00,2026-08-04 10:00:00+00:00
2026-07-14 23:00:00+00:00,18.0,0.1,1018.3,2026-08-04T10:47:46.829368+00:00,2026-08-04 10:00:00+00:00
2026-07-15 00:00:00+00:00,18.4,0.0,1017.8,2026-08-04T10:47:46.829368+00:00,2026-08-04 10:00:00+00:00
2026-07-15 01:00:00+00:00,18.4,0.0,1017.5,2026-08-04T10:47:46.829368+00:00,2026-08-04 10:00:00+00:00
2026-07-15 02:00:00+00:00,17.2,0.0,1017.2,2026-08-04T10:47:46.829368+00:00,2026-08-04 10:00:00+00:00
2026-07-15 03:00:00+00:00,17.2,0.0,1016.9,2026-08-04T10:47:46.829368+00:00,2026-08-04 10:00:00+00:00
2026-07-15 04:00:00+00:00,17.4,0.0,1016.9,2026-08-04T10:47:46.829368+00:00,2026-08-04 10:00:00+00:00
2026-07-15 05:00:00+00:00,17.8,0.0,1017.6,2026-08-04T10:47:46.829368+00:00,2026-08-04 10:00:00+00:00
2026-07-15 06:00:00+00:00,18.1,0.0,1018.3,2026-08-04T10:47:46.829368+00:00,2026-08-04 10:00:00+00:00
2026-07-15 07:00:00+00:00,19.9,0.0,1018.2,2026-08-04T10:47:46.829368+00:00,2026-08-04 10:00:00+00:00
2026-07-15 08:00:00+00:00,20.5,0.0,1018.5,2026-08-04T10:47:46.829368+00:00,2026-08-04 10:00:00+00:00
2026-07-15 09:00:00+00:00,20.4,0.0,1019.0,2026-08-04T10:47:46.829368+00:00,2026-08-04 10:00:00+00:00
2026-07-15 10:00:00+00:00,21.1,0.2,1018.1,2026-08-04T10:47:46.829368+00:00,2026-08-04 10:00:00+00:00
2026-07-15 11:00:00+00:00,22.4,0.0,1017.7,2026-08-04T10:47:46.829368+00:00,2026-08-04 10:00:00+00:00
2026-07-15 12:00:00+00:00,23.3,0.0,1017.5,2026-08-04T10:47:46.829368+00:00,2026-08-04 10:00:00+00:00
2026-07-15 13:00:00+00:00,23.0,0.0,1017.6,2026-08-04T10:47:46.829368+00:00,2026-08-04 10:00:00+00:00
2026-07-15 14:00:00+00:00,24.6,0.0,1016.2,2026-08-04T10:47:46.829368+00:00,2026-08-04 10:00:00+00:00
2026-07-15 15:00:00+00:00,24.0,0.0,1016.7,2026-08-04T10:47:46.829368+00:00,2026-08-04 10:00:00+00:00
2026-07-15 16:00:00+00:00,23.2,0.0,1016.8,2026-08-04T10:47:46.829368+00:00,2026-08-04 10:00:00+00:00
2026-07-15 17:00:00+00:00,22.6,0.0,1016.8,2026-08-04T10:47:46.829368+00:00,2026-08-04 10:00:00+00:00
2026-07-15 18:00:00+00:00,22.1,0.0,1017.6,2026-08-04T10:47:46.829368+00:00,2026-08-04 10:00:00+00:00
2026-07-15 19:00:00+00:00,21.6,0.0,1017.0,2026-08-04T10:47:46.829368+00:00,2026-08-04 10:00:00+00:00
2026-07-15 20:00:00+00:00,21.0,0.0,1018.1,2026-08-04T10:47:46.829368+00:00,2026-08-04 10:00:00+00:00
2026-07-15 21:00:00+00:00,20.8,0.0,1018.3,2026-08-04T10:47:46.829368+00:00,2026-08-04 10:00:00+00:00
2026-07-15 22:00:00+00:00,20.0,0.0,1018.3,2026-08-04T10:47:46.829368+00:00,2026-08-04 10:00:00+00:00
2026-07-15 23:00:00+00:00,19.1,0.0,1018.1,2026-08-04T10:47:46.829368+00:00,2026-08-04 10:00:00+00:00
2026-07-16 00:00:00+00:00,18.4,0.0,1018.6,2026-08-04T10:47:46.829368+00:00,2026-08-04 10:00:00+00:00
2026-07-16 01:00:00+00:00,17.8,0.0,1018.8,2026-08-04T10:47:46.829368+00:00,2026-08-04 10:00:00+00:00
2026-07-16 02:00:00+00:00,17.7,0.0,1018.9,2026-08-04T10:47:46.829368+00:00,2026-08-04 10:00:00+00:00
2026-07-16 03:00:00+00:00,18.2,0.0,1018.9,2026-08-04T10:47:46.829368+00:00,2026-08-04 10:00:00+00:00
2026-07-16 04:00:00+00:00,18.1,0.0,1019.1,2026-08-04T10:47:46.829368+00:00,2026-08-04 10:00:00+00:00
2026-07-16 05:00:00+00:00,18.4,0.0,1018.9,2026-08-04T10:47:46.829368+00:00,2026-08-04 10:00:00+00:00
2026-07-16 06:00:00+00:00,20.3,0.0,1018.4,2026-08-04T10:47:46.829368+00:00,2026-08-04 10:00:00+00:00
2026-07-16 07:00:00+00:00,22.4,0.0,1018.4,2026-08-04T10:47:46.829368+00:00,2026-08-04 10:00:00+00:00
2026-07-16 08:00:00+00:00,23.4,0.0,1018.2,2026-08-04T10:47:46.829368+00:00,2026-08-04 10:00:00+00:00
2026-07-16 09:00:00+00:00,24.7,0.0,1018.2,2026-08-04T10:47:46.829368+00:00,2026-08-04 10:00:00+00:00
2026-07-16 10:00:00+00:00,25.9,0.0,1017.7,2026-08-04T10:47:46.829368+00:00,2026-08-04 10:00:00+00:00
2026-07-16 11:00:00+00:00,27.7,0.0,1016.9,2026-08-04T10:47:46.829368+00:00,2026-08-04 10:00:00+00:00
2026-07-16 12:00:00+00:00,28.4,0.0,1016.5,2026-08-04T10:47:46.829368+00:00,2026-08-04 10:00:00+00:00
2026-07-16 13:00:00+00:00,28.6,0.0,1015.9,2026-08-04T10:47:46.829368+00:00,2026-08-04 10:00:00+00:00
2026-07-16 14:00:00+00:00,29.9,0.0,1015.1,2026-08-04T10:47:46.829368+00:00,2026-08-04 10:00:00+00:00
2026-07-16 15:00:00+00:00,30.3,0.0,1014.3,2026-08-04T10:47:46.829368+00:00,2026-08-04 10:00:00+00:00
2026-07-16 16:00:00+00:00,30.2,0.0,1013.8,2026-08-04T10:47:46.829368+00:00,2026-08-04 10:00:00+00:00
2026-07-16 17:00:00+00:00,29.5,0.0,1013.3,2026-08-04T10:47:46.829368+00:00,2026-08-04 10:00:00+00:00
2026-07-16 18:00:00+00:00,28.5,0.0,1013.1,2026-08-04T10:47:46.829368+00:00,2026-08-04 10:00:00+00:00
2026-07-16 19:00:00+00:00,27.3,0.0,1013.2,2026-08-04T10:47:46.829368+00:00,2026-08-04 10:00:00+00:00
2026-07-16 20:00:00+00:00,26.0,0.0,1014.4,2026-08-04T10:47:46.829368+00:00,2026-08-04 10:00:00+00:00
2026-07-16 21:00:00+00:00,18.8,4.5,1017.8,2026-08-04T10:47:46.829368+00:00,2026-08-04 10:00:00+00:00
2026-07-16 22:00:00+00:00,18.6,0.4,1016.0,2026-08-04T10:47:46.829368+00:00,2026-08-04 10:00:00+00:00
2026-07-16 23:00:00+00:00,18.1,0.0,1017.8,2026-08-04T10:47:46.829368+00:00,2026-08-04 10:00:00+00:00
2026-07-17 00:00:00+00:00,17.3,0.0,1017.0,2026-08-04T10:47:46.829368+00:00,2026-08-04 10:00:00+00:00
2026-07-17 01:00:00+00:00,17.5,0.0,1016.2,2026-08-04T10:47:46.829368+00:00,2026-08-04 10:00:00+00:00
2026-07-17 02:00:00+00:00,18.1,0.0,1016.1,2026-08-04T10:47:46.829368+00:00,2026-08-04 10:00:00+00:00
2026-07-17 03:00:00+00:00,17.7,0.0,1015.4,2026-08-04T10:47:46.829368+00:00,2026-08-04 10:00:00+00:00
2026-07-17 04:00:00+00:00,17.6,0.0,1015.1,2026-08-04T10:47:46.829368+00:00,2026-08-04 10:00:00+00:00
2026-07-17 05:00:00+00:00,18.6,0.0,1014.9,2026-08-04T10:47:46.829368+00:00,2026-08-04 10:00:00+00:00
2026-07-17 06:00:00+00:00,19.7,0.0,1014.2,2026-08-04T10:47:46.829368+00:00,2026-08-04 10:00:00+00:00
2026-07-17 07:00:00+00:00,20.5,0.0,1014.3,2026-08-04T10:47:46.829368+00:00,2026-08-04 10:00:00+00:00
2026-07-17 08:00:00+00:00,21.3,0.0,1014.6,2026-08-04T10:47:46.829368+00:00,2026-08-04 10:00:00+00:00
2026-07-17 09:00:00+00:00,23.3,0.0,1013.6,2026-08-04T10:47:46.829368+00:00,2026-08-04 10:00:00+00:00
2026-07-17 10:00:00+00:00,25.4,0.0,1013.3,2026-08-04T10:47:46.829368+00:00,2026-08-04 10:00:00+00:00
2026-07-17 11:00:00+00:00,27.4,0.0,1012.7,2026-08-04T10:47:46.829368+00:00,2026-08-04 10:00:00+00:00
2026-07-17 12:00:00+00:00,28.1,0.0,1012.2,2026-08-04T10:47:46.829368+00:00,2026-08-04 10:00:00+00:00
2026-07-17 13:00:00+00:00,28.2,0.0,1011.3,2026-08-04T10:47:46.829368+00:00,2026-08-04 10:00:00+00:00
2026-07-17 14:00:00+00:00,29.2,0.0,1010.7,2026-08-04T10:47:46.829368+00:00,2026-08-04 10:00:00+00:00
2026-07-17 15:00:00+00:00,28.4,0.0,1010.5,2026-08-04T10:47:46.829368+00:00,2026-08-04 10:00:00+00:00
2026-07-17 16:00:00+00:00,27.8,0.0,1010.5,2026-08-04T10:47:46.829368+00:00,2026-08-04 10:00:00+00:00
2026-07-17 17:00:00+00:00,25.6,0.0,1010.9,2026-08-04T10:47:46.829368+00:00,2026-08-04 10:00:00+00:00
2026-07-17 18:00:00+00:00,23.8,0.0,1012.6,2026-08-04T10:47:46.829368+00:00,2026-08-04 10:00:00+00:00
2026-07-17 19:00:00+00:00,20.3,0.5,1012.9,2026-08-04T10:47:46.829368+00:00,2026-08-04 10:00:00+00:00
2026-07-17 20:00:00+00:00,19.6,0.0,1013.7,2026-08-04T10:47:46.829368+00:00,2026-08-04 10:00:00+00:00
2026-07-17 21:00:00+00:00,19.3,0.0,1014.4,2026-08-04T10:47:46.829368+00:00,2026-08-04 10:00:00+00:00
2026-07-17 22:00:00+00:00,19.0,0.0,1015.1,2026-08-04T10:47:46.829368+00:00,2026-08-04 10:00:00+00:00
2026-07-17 23:00:00+00:00,18.9,0.0,1015.3,2026-08-04T10:47:46.829368+00:00,2026-08-04 10:00:00+00:00
2026-07-18 00:00:00+00:00,19.3,0.0,1015.0,2026-08-04T10:47:46.829368+00:00,2026-08-04 10:00:00+00:00
2026-07-18 01:00:00+00:00,18.6,0.0,1014.8,2026-08-04T10:47:46.829368+00:00,2026-08-04 10:00:00+00:00
2026-07-18 02:00:00+00:00,18.8,0.0,1014.8,2026-08-04T10:47:46.829368+00:00,2026-08-04 10:00:00+00:00
2026-07-18 03:00:00+00:00,17.9,0.0,1014.8,2026-08-04T10:47:46.829368+00:00,2026-08-04 10:00:00+00:00
2026-07-18 04:00:00+00:00,17.6,0.0,1015.1,2026-08-04T10:47:46.829368+00:00,2026-08-04 10:00:00+00:00
2026-07-18 05:00:00+00:00,17.4,0.0,1015.4,2026-08-04T10:47:46.829368+00:00,2026-08-04 10:00:00+00:00
2026-07-18 06:00:00+00:00,18.9,0.0,1015.1,2026-08-04T10:47:46.829368+00:00,2026-08-04 10:00:00+00:00
2026-07-18 07:00:00+00:00,20.7,0.0,1015.0,2026-08-04T10:47:46.829368+00:00,2026-08-04 10:00:00+00:00
2026-07-18 08:00:00+00:00,22.3,0.0,1014.6,2026-08-04T10:47:46.829368+00:00,2026-08-04 10:00:00+00:00
2026-07-18 09:00:00+00:00,23.9,0.0,1014.3,2026-08-04T10:47:46.829368+00:00,2026-08-04 10:00:00+00:00
2026-07-18 10:00:00+00:00,24.0,0.0,1014.1,2026-08-04T10:47:46.829368+00:00,2026-08-04 10:00:00+00:00
2026-07-18 11:00:00+00:00,25.0,0.0,1013.5,2026-08-04T10:47:46.829368+00:00,2026-08-04 10:00:00+00:00
2026-07-18 12:00:00+00:00,24.7,0.0,1013.2,2026-08-04T10:47:46.829368+00:00,2026-08-04 10:00:00+00:00
2026-07-18 13:00:00+00:00,20.7,1.8,1014.1,2026-08-04T10:47:46.829368+00:00,2026-08-04 10:00:00+00:00
2026-07-18 14:00:00+00:00,20.4,6.9,1013.8,2026-08-04T10:47:46.829368+00:00,2026-08-04 10:00:00+00:00
2026-07-18 15:00:00+00:00,23.0,0.0,1013.2,2026-08-04T10:47:46.829368+00:00,2026-08-04 10:00:00+00:00
2026-07-18 16:00:00+00:00,24.3,0.0,1012.7,2026-08-04T10:47:46.829368+00:00,2026-08-04 10:00:00+00:00
2026-07-18 17:00:00+00:00,22.7,0.0,1013.0,2026-08-04T10:47:46.829368+00:00,2026-08-04 10:00:00+00:00
2026-07-18 18:00:00+00:00,22.5,0.0,1013.2,2026-08-04T10:47:46.829368+00:00,2026-08-04 10:00:00+00:00
2026-07-18 19:00:00+00:00,21.1,0.0,1013.5,2026-08-04T10:47:46.829368+00:00,2026-08-04 10:00:00+00:00
2026-07-18 20:00:00+00:00,20.6,0.0,1014.1,2026-08-04T10:47:46.829368+00:00,2026-08-04 10:00:00+00:00
2026-07-18 21:00:00+00:00,20.9,0.0,1014.3,2026-08-04T10:47:46.829368+00:00,2026-08-04 10:00:00+00:00
2026-07-18 22:00:00+00:00,20.1,0.0,1014.2,2026-08-04T10:47:46.829368+00:00,2026-08-04 10:00:00+00:00
2026-07-18 23:00:00+00:00,19.4,0.0,1014.2,2026-08-04T10:47:46.829368+00:00,2026-08-04 10:00:00+00:00
2026-07-19 00:00:00+00:00,18.4,0.0,1013.9,2026-08-04T10:47:46.829368+00:00,2026-08-04 10:00:00+00:00
2026-07-19 01:00:00+00:00,18.2,0.0,1013.9,2026-08-04T10:47:46.829368+00:00,2026-08-04 10:00:00+00:00
2026-07-19 02:00:00+00:00,17.8,0.0,1013.8,2026-08-04T10:47:46.829368+00:00,2026-08-04 10:00:00+00:00
2026-07-19 03:00:00+00:00,17.7,0.0,1013.9,2026-08-04T10:47:46.829368+00:00,2026-08-04 10:00:00+00:00
2026-07-19 04:00:00+00:00,17.7,0.0,1013.8,2026-08-04T10:47:46.829368+00:00,2026-08-04 10:00:00+00:00
2026-07-19 05:00:00+00:00,18.4,0.0,1013.9,2026-08-04T10:47:46.829368+00:00,2026-08-04 10:00:00+00:00
2026-07-19 06:00:00+00:00,17.9,0.0,1014.3,2026-08-04T10:47:46.829368+00:00,2026-08-04 10:00:00+00:00
2026-07-19 07:00:00+00:00,17.9,0.1,1014.6,2026-08-04T10:47:46.829368+00:00,2026-08-04 10:00:00+00:00
2026-07-19 08:00:00+00:00,17.9,0.4,1015.3,2026-08-04T10:47:46.829368+00:00,2026-08-04 10:00:00+00:00
2026-07-19 09:00:00+00:00,16.5,0.6,1017.2,2026-08-04T10:47:46.829368+00:00,2026-08-04 10:00:00+00:00
2026-07-19 10:00:00+00:00,17.9,0.0,1017.6,2026-08-04T10:47:46.829368+00:00,2026-08-04 10:00:00+00:00
2026-07-19 11:00:00+00:00,18.1,0.0,1017.9,2026-08-04T10:47:46.829368+00:00,2026-08-04 10:00:00+00:00
2026-07-19 12:00:00+00:00,20.1,0.0,1017.0,2026-08-04T10:47:46.829368+00:00,2026-08-04 10:00:00+00:00
2026-07-19 13:00:00+00:00,20.2,0.0,1017.0,2026-08-04T10:47:46.829368+00:00,2026-08-04 10:00:00+00:00
2026-07-19 14:00:00+00:00,20.7,0.0,1016.7,2026-08-04T10:47:46.829368+00:00,2026-08-04 10:00:00+00:00
2026-07-19 15:00:00+00:00,21.2,0.0,1016.7,2026-08-04T10:47:46.829368+00:00,2026-08-04 10:00:00+00:00
2026-07-19 16:00:00+00:00,22.1,0.0,1016.4,2026-08-04T10:47:46.829368+00:00,2026-08-04 10:00:00+00:00
2026-07-19 17:00:00+00:00,21.7,0.0,1016.7,2026-08-04T10:47:46.829368+00:00,2026-08-04 10:00:00+00:00
2026-07-19 18:00:00+00:00,21.1,0.0,1017.0,2026-08-04T10:47:46.829368+00:00,2026-08-04 10:00:00+00:00
2026-07-19 19:00:00+00:00,19.6,0.0,1017.6,2026-08-04T10:47:46.829368+00:00,2026-08-04 10:00:00+00:00
2026-07-19 20:00:00+00:00,17.7,0.0,1018.8,2026-08-04T10:47:46.829368+00:00,2026-08-04 10:00:00+00:00
2026-07-19 21:00:00+00:00,17.0,0.0,1019.2,2026-08-04T10:47:46.829368+00:00,2026-08-04 10:00:00+00:00
2026-07-19 22:00:00+00:00,15.7,0.0,1020.0,2026-08-04T10:47:46.829368+00:00,2026-08-04 10:00:00+00:00
2026-07-19 23:00:00+00:00,15.5,0.0,1020.1,2026-08-04T10:47:46.829368+00:00,2026-08-04 10:00:00+00:00
2026-07-20 00:00:00+00:00,14.2,0.0,1020.3,2026-08-04T10:47:46.829368+00:00,2026-08-04 10:00:00+00:00
2026-07-20 01:00:00+00:00,12.9,0.0,1020.4,2026-08-04T10:47:46.829368+00:00,2026-08-04 10:00:00+00:00
2026-07-20 02:00:00+00:00,13.9,0.0,1019.7,2026-08-04T10:47:46.829368+00:00,2026-08-04 10:00:00+00:00
2026-07-20 03:00:00+00:00,13.3,0.0,1019.9,2026-08-04T10:47:46.829368+00:00,2026-08-04 10:00:00+00:00
2026-07-20 04:00:00+00:00,14.0,0.0,1020.2,2026-08-04T10:47:46.829368+00:00,2026-08-04 10:00:00+00:00
2026-07-20 05:00:00+00:00,14.4,0.0,1020.2,2026-08-04T10:47:46.829368+00:00,2026-08-04 10:00:00+00:00
2026-07-20 06:00:00+00:00,16.4,0.0,1020.3,2026-08-04T10:47:46.829368+00:00,2026-08-04 10:00:00+00:00
2026-07-20 07:00:00+00:00,17.2,0.0,1020.4,2026-08-04T10:47:46.829368+00:00,2026-08-04 10:00:00+00:00
2026-07-20 08:00:00+00:00,17.9,0.0,1020.5,2026-08-04T10:47:46.829368+00:00,2026-08-04 10:00:00+00:00
2026-07-20 09:00:00+00:00,20.0,0.0,1020.0,2026-08-04T10:47:46.829368+00:00,2026-08-04 10:00:00+00:00
2026-07-20 10:00:00+00:00,20.8,0.0,1019.7,2026-08-04T10:47:46.829368+00:00,2026-08-04 10:00:00+00:00
2026-07-20 11:00:00+00:00,21.4,0.0,1019.2,2026-08-04T10:47:46.829368+00:00,2026-08-04 10:00:00+00:00
2026-07-20 12:00:00+00:00,21.5,0.0,1018.8,2026-08-04T10:47:46.829368+00:00,2026-08-04 10:00:00+00:00
2026-07-20 13:00:00+00:00,23.0,0.0,1018.1,2026-08-04T10:47:46.829368+00:00,2026-08-04 10:00:00+00:00
2026-07-20 14:00:00+00:00,22.7,0.0,1018.3,2026-08-04T10:47:46.829368+00:00,2026-08-04 10:00:00+00:00
2026-07-20 15:00:00+00:00,23.1,0.0,1017.9,2026-08-04T10:47:46.829368+00:00,2026-08-04 10:00:00+00:00
2026-07-20 16:00:00+00:00,22.6,0.0,1018.1,2026-08-04T10:47:46.829368+00:00,2026-08-04 10:00:00+00:00
2026-07-20 17:00:00+00:00,21.9,0.0,1018.4,2026-08-04T10:47:46.829368+00:00,2026-08-04 10:00:00+00:00
2026-07-20 18:00:00+00:00,21.2,0.0,1018.7,2026-08-04T10:47:46.829368+00:00,2026-08-04 10:00:00+00:00
2026-07-20 19:00:00+00:00,19.9,0.0,1019.3,2026-08-04T10:47:46.829368+00:00,2026-08-04 10:00:00+00:00
2026-07-20 20:00:00+00:00,18.2,0.0,1020.4,2026-08-04T10:47:46.829368+00:00,2026-08-04 10:00:00+00:00
2026-07-20 21:00:00+00:00,17.7,0.0,1021.1,2026-08-04T10:47:46.829368+00:00,2026-08-04 10:00:00+00:00
2026-07-20 22:00:00+00:00,16.5,0.0,1021.5,2026-08-04T10:47:46.829368+00:00,2026-08-04 10:00:00+00:00
2026-07-20 23:00:00+00:00,15.0,0.0,1021.8,2026-08-04T10:47:46.829368+00:00,2026-08-04 10:00:00+00:00
2026-07-21 00:00:00+00:00,13.4,0.0,1022.0,2026-08-04T10:47:46.829368+00:00,2026-08-04 10:00:00+00:00
2026-07-21 01:00:00+00:00,12.4,0.0,1022.0,2026-08-04T10:47:46.829368+00:00,2026-08-04 10:00:00+00:00
2026-07-21 02:00:00+00:00,11.8,0.0,1021.7,2026-08-04T10:47:46.829368+00:00,2026-08-04 10:00:00+00:00
2026-07-21 03:00:00+00:00,11.9,0.0,1021.7,2026-08-04T10:47:46.829368+00:00,2026-08-04 10:00:00+00:00
2026-07-21 04:00:00+00:00,11.3,0.0,1022.0,2026-08-04T10:47:46.829368+00:00,2026-08-04 10:00:00+00:00
2026-07-21 05:00:00+00:00,12.3,0.0,1022.0,2026-08-04T10:47:46.829368+00:00,2026-08-04 10:00:00+00:00
2026-07-21 06:00:00+00:00,14.2,0.0,1021.9,2026-08-04T10:47:46.829368+00:00,2026-08-04 10:00:00+00:00
2026-07-21 07:00:00+00:00,15.8,0.0,1021.8,2026-08-04T10:47:46.829368+00:00,2026-08-04 10:00:00+00:00
2026-07-21 08:00:00+00:00,17.6,0.0,1021.2,2026-08-04T10:47:46.829368+00:00,2026-08-04 10:00:00+00:00
2026-07-21 09:00:00+00:00,17.9,0.0,1021.0,2026-08-04T10:47:46.829368+00:00,2026-08-04 10:00:00+00:00
2026-07-21 10:00:00+00:00,18.4,0.0,1021.0,2026-08-04T10:47:46.829368+00:00,2026-08-04 10:00:00+00:00
2026-07-21 11:00:00+00:00,21.0,0.0,1020.0,2026-08-04T10:47:46.829368+00:00,2026-08-04 10:00:00+00:00
2026-07-21 12:00:00+00:00,21.6,0.0,1019.6,2026-08-04T10:47:46.829368+00:00,2026-08-04 10:00:00+00:00
2026-07-21 13:00:00+00:00,20.7,0.0,1019.8,2026-08-04T10:47:46.829368+00:00,2026-08-04 10:00:00+00:00
2026-07-21 14:00:00+00:00,22.3,0.0,1019.5,2026-08-04T10:47:46.829368+00:00,2026-08-04 10:00:00+00:00
2026-07-21 15:00:00+00:00,21.6,0.0,1019.6,2026-08-04T10:47:46.829368+00:00,2026-08-04 10:00:00+00:00
2026-07-21 16:00:00+00:00,22.1,0.0,1019.7,2026-08-04T10:47:46.829368+00:00,2026-08-04 10:00:00+00:00
2026-07-21 17:00:00+00:00,21.5,0.0,1020.1,2026-08-04T10:47:46.829368+00:00,2026-08-04 10:00:00+00:00
2026-07-21 18:00:00+00:00,20.2,0.0,1020.7,2026-08-04T10:47:46.829368+00:00,2026-08-04 10:00:00+00:00
2026-07-21 19:00:00+00:00,19.2,0.0,1021.4,2026-08-04T10:47:46.829368+00:00,2026-08-04 10:00:00+00:00
2026-07-21 20:00:00+00:00,18.5,0.0,1022.1,2026-08-04T10:47:46.829368+00:00,2026-08-04 10:00:00+00:00
2026-07-21 21:00:00+00:00,17.9,0.0,1022.5,2026-08-04T10:47:46.829368+00:00,2026-08-04 10:00:00+00:00
2026-07-21 22:00:00+00:00,16.3,0.0,1022.9,2026-08-04T10:47:46.829368+00:00,2026-08-04 10:00:00+00:00
2026-07-21 23:00:00+00:00,14.5,0.0,1023.2,2026-08-04T10:47:46.829368+00:00,2026-08-04 10:00:00+00:00
2026-07-22 00:00:00+00:00,13.6,0.0,1023.3,2026-08-04T10:47:46.829368+00:00,2026-08-04 10:00:00+00:00
2026-07-22 01:00:00+00:00,12.9,0.0,1023.1,2026-08-04T10:47:46.829368+00:00,2026-08-04 10:00:00+00:00
2026-07-22 02:00:00+00:00,12.0,0.0,1023.2,2026-08-04T10:47:46.829368+00:00,2026-08-04 10:00:00+00:00
2026-07-22 03:00:00+00:00,11.8,0.0,1023.0,2026-08-04T10:47:46.829368+00:00,2026-08-04 10:00:00+00:00
2026-07-22 04:00:00+00:00,11.5,0.0,1023.1,2026-08-04T10:47:46.829368+00:00,2026-08-04 10:00:00+00:00
2026-07-22 05:00:00+00:00,13.4,0.0,1022.6,2026-08-04T10:47:46.829368+00:00,2026-08-04 10:00:00+00:00
2026-07-22 06:00:00+00:00,15.7,0.0,1022.1,2026-08-04T10:47:46.829368+00:00,2026-08-04 10:00:00+00:00
2026-07-22 07:00:00+00:00,18.4,0.0,1021.4,2026-08-04T10:47:46.829368+00:00,2026-08-04 10:00:00+00:00
2026-07-22 08:00:00+00:00,19.8,0.0,1021.0,2026-08-04T10:47:46.829368+00:00,2026-08-04 10:00:00+00:00
2026-07-22 09:00:00+00:00,20.8,0.0,1020.6,2026-08-04T10:47:46.829368+00:00,2026-08-04 10:00:00+00:00
2026-07-22 10:00:00+00:00,21.6,0.0,1020.1,2026-08-04T10:47:46.829368+00:00,2026-08-04 10:00:00+00:00
2026-07-22 11:00:00+00:00,22.3,0.0,1019.6,2026-08-04T10:47:46.829368+00:00,2026-08-04 10:00:00+00:00
2026-07-22 12:00:00+00:00,22.8,0.0,1019.1,2026-08-04T10:47:46.829368+00:00,2026-08-04 10:00:00+00:00
2026-07-22 13:00:00+00:00,24.0,0.0,1018.3,2026-08-04T10:47:46.829368+00:00,2026-08-04 10:00:00+00:00
2026-07-22 14:00:00+00:00,23.3,0.0,1018.1,2026-08-04T10:47:46.829368+00:00,2026-08-04 10:00:00+00:00
2026-07-22 15:00:00+00:00,24.6,0.0,1017.2,2026-08-04T10:47:46.829368+00:00,2026-08-04 10:00:00+00:00
2026-07-22 16:00:00+00:00,24.4,0.0,1016.7,2026-08-04T10:47:46.829368+00:00,2026-08-04 10:00:00+00:00
2026-07-22 17:00:00+00:00,23.8,0.0,1016.4,2026-08-04T10:47:46.829368+00:00,2026-08-04 10:00:00+00:00
2026-07-22 18:00:00+00:00,23.1,0.0,1016.4,2026-08-04T10:47:46.829368+00:00,2026-08-04 10:00:00+00:00
2026-07-22 19:00:00+00:00,21.6,0.0,1016.8,2026-08-04T10:47:46.829368+00:00,2026-08-04 10:00:00+00:00
2026-07-22 20:00:00+00:00,20.6,0.0,1017.4,2026-08-04T10:47:46.829368+00:00,2026-08-04 10:00:00+00:00
2026-07-22 21:00:00+00:00,20.1,0.0,1017.8,2026-08-04T10:47:46.829368+00:00,2026-08-04 10:00:00+00:00
2026-07-22 22:00:00+00:00,18.9,0.0,1018.2,2026-08-04T10:47:46.829368+00:00,2026-08-04 10:00:00+00:00
2026-07-22 23:00:00+00:00,17.4,0.0,1018.7,2026-08-04T10:47:46.829368+00:00,2026-08-04 10:00:00+00:00
2026-07-23 00:00:00+00:00,17.0,0.0,1018.5,2026-08-04T10:47:46.829368+00:00,2026-08-04 10:00:00+00:00
2026-07-23 01:00:00+00:00,16.5,0.0,1018.6,2026-08-04T10:47:46.829368+00:00,2026-08-04 10:00:00+00:00
2026-07-23 02:00:00+00:00,16.0,0.0,1018.5,2026-08-04T10:47:46.829368+00:00,2026-08-04 10:00:00+00:00
2026-07-23 03:00:00+00:00,15.9,0.0,1018.6,2026-08-04T10:47:46.829368+00:00,2026-08-04 10:00:00+00:00
2026-07-23 04:00:00+00:00,15.5,0.0,1018.7,2026-08-04T10:47:46.829368+00:00,2026-08-04 10:00:00+00:00
2026-07-23 05:00:00+00:00,15.4,0.0,1018.8,2026-08-04T10:47:46.829368+00:00,2026-08-04 10:00:00+00:00
2026-07-23 06:00:00+00:00,16.1,0.0,1019.0,2026-08-04T10:47:46.829368+00:00,2026-08-04 10:00:00+00:00
2026-07-23 07:00:00+00:00,15.5,0.0,1019.3,2026-08-04T10:47:46.829368+00:00,2026-08-04 10:00:00+00:00
2026-07-23 08:00:00+00:00,17.0,0.0,1018.8,2026-08-04T10:47:46.829368+00:00,2026-08-04 10:00:00+00:00
2026-07-23 09:00:00+00:00,18.4,0.0,1018.4,2026-08-04T10:47:46.829368+00:00,2026-08-04 10:00:00+00:00
2026-07-23 10:00:00+00:00,20.3,0.0,1017.8,2026-08-04T10:47:46.829368+00:00,2026-08-04 10:00:00+00:00
2026-07-23 11:00:00+00:00,20.4,0.0,1017.6,2026-08-04T10:47:46.829368+00:00,2026-08-04 10:00:00+00:00
2026-07-23 12:00:00+00:00,20.6,0.0,1017.1,2026-08-04T10:47:46.829368+00:00,2026-08-04 10:00:00+00:00
2026-07-23 13:00:00+00:00,21.5,0.0,1016.7,2026-08-04T10:47:46.829368+00:00,2026-08-04 10:00:00+00:00
2026-07-23 14:00:00+00:00,21.4,0.0,1016.4,2026-08-04T10:47:46.829368+00:00,2026-08-04 10:00:00+00:00
2026-07-23 15:00:00+00:00,22.4,0.0,1016.0,2026-08-04T10:47:46.829368+00:00,2026-08-04 10:00:00+00:00
2026-07-23 16:00:00+00:00,22.0,0.0,1016.0,2026-08-04T10:47:46.829368+00:00,2026-08-04 10:00:00+00:00
2026-07-23 17:00:00+00:00,21.1,0.0,1016.1,2026-08-04T10:47:46.829368+00:00,2026-08-04 10:00:00+00:00
2026-07-23 18:00:00+00:00,19.8,0.0,1016.9,2026-08-04T10:47:46.829368+00:00,2026-08-04 10:00:00+00:00
2026-07-23 19:00:00+00:00,19.2,0.0,1017.3,2026-08-04T10:47:46.829368+00:00,2026-08-04 10:00:00+00:00
2026-07-23 20:00:00+00:00,17.4,0.0,1018.5,2026-08-04T10:47:46.829368+00:00,2026-08-04 10:00:00+00:00
2026-07-23 21:00:00+00:00,16.3,0.0,1019.4,2026-08-04T10:47:46.829368+00:00,2026-08-04 10:00:00+00:00
2026-07-23 22:00:00+00:00,14.8,0.0,1020.1,2026-08-04T10:47:46.829368+00:00,2026-08-04 10:00:00+00:00
2026-07-23 23:00:00+00:00,14.5,0.0,1020.3,2026-08-04T10:47:46.829368+00:00,2026-08-04 10:00:00+00:00
2026-07-24 00:00:00+00:00,13.1,0.0,1020.5,2026-08-04T10:47:46.829368+00:00,2026-08-04 10:00:00+00:00
2026-07-24 01:00:00+00:00,12.5,0.0,1020.6,2026-08-04T10:47:46.829368+00:00,2026-08-04 10:00:00+00:00
2026-07-24 02:00:00+00:00,11.4,0.0,1020.7,2026-08-04T10:47:46.829368+00:00,2026-08-04 10:00:00+00:00
2026-07-24 03:00:00+00:00,11.1,0.0,1020.4,2026-08-04T10:47:46.829368+00:00,2026-08-04 10:00:00+00:00
2026-07-24 04:00:00+00:00,11.3,0.0,1020.6,2026-08-04T10:47:46.829368+00:00,2026-08-04 10:00:00+00:00
2026-07-24 05:00:00+00:00,12.8,0.0,1020.3,2026-08-04T10:47:46.829368+00:00,2026-08-04 10:00:00+00:00
2026-07-24 06:00:00+00:00,14.8,0.0,1020.1,2026-08-04T10:47:46.829368+00:00,2026-08-04 10:00:00+00:00
2026-07-24 07:00:00+00:00,17.5,0.0,1019.6,2026-08-04T10:47:46.829368+00:00,2026-08-04 10:00:00+00:00
2026-07-24 08:00:00+00:00,18.9,0.0,1019.1,2026-08-04T10:47:46.829368+00:00,2026-08-04 10:00:00+00:00
2026-07-24 09:00:00+00:00,19.7,0.0,1018.5,2026-08-04T10:47:46.829368+00:00,2026-08-04 10:00:00+00:00
2026-07-24 10:00:00+00:00,20.9,0.0,1018.0,2026-08-04T10:47:46.829368+00:00,2026-08-04 10:00:00+00:00
2026-07-24 11:00:00+00:00,22.1,0.0,1017.1,2026-08-04T10:47:46.829368+00:00,2026-08-04 10:00:00+00:00
2026-07-24 12:00:00+00:00,22.8,0.0,1016.6,2026-08-04T10:47:46.829368+00:00,2026-08-04 10:00:00+00:00
2026-07-24 13:00:00+00:00,24.1,0.0,1015.7,2026-08-04T10:47:46.829368+00:00,2026-08-04 10:00:00+00:00
2026-07-24 14:00:00+00:00,24.1,0.0,1015.1,2026-08-04T10:47:46.829368+00:00,2026-08-04 10:00:00+00:00
2026-07-24 15:00:00+00:00,25.1,0.0,1014.3,2026-08-04T10:47:46.829368+00:00,2026-08-04 10:00:00+00:00
2026-07-24 16:00:00+00:00,24.9,0.0,1013.7,2026-08-04T10:47:46.829368+00:00,2026-08-04 10:00:00+00:00
2026-07-24 17:00:00+00:00,24.2,0.0,1013.3,2026-08-04T10:47:46.829368+00:00,2026-08-04 10:00:00+00:00
2026-07-24 18:00:00+00:00,23.5,0.0,1013.3,2026-08-04T10:47:46.829368+00:00,2026-08-04 10:00:00+00:00
2026-07-24 19:00:00+00:00,21.5,0.0,1013.7,2026-08-04T10:47:46.829368+00:00,2026-08-04 10:00:00+00:00
2026-07-24 20:00:00+00:00,19.3,0.0,1014.4,2026-08-04T10:47:46.829368+00:00,2026-08-04 10:00:00+00:00
2026-07-24 21:00:00+00:00,19.7,0.0,1013.9,2026-08-04T10:47:46.829368+00:00,2026-08-04 10:00:00+00:00
2026-07-24 22:00:00+00:00,19.3,0.0,1013.6,2026-08-04T10:47:46.829368+00:00,2026-08-04 10:00:00+00:00
2026-07-24 23:00:00+00:00,18.9,0.0,1013.3,2026-08-04T10:47:46.829368+00:00,2026-08-04 10:00:00+00:00
2026-07-25 00:00:00+00:00,17.8,0.0,1012.8,2026-08-04T10:47:46.829368+00:00,2026-08-04 10:00:00+00:00
2026-07-25 01:00:00+00:00,16.9,0.0,1012.7,2026-08-04T10:47:46.829368+00:00,2026-08-04 10:00:00+00:00
2026-07-25 02:00:00+00:00,15.6,0.0,1012.8,2026-08-04T10:47:46.829368+00:00,2026-08-04 10:00:00+00:00
2026-07-25 03:00:00+00:00,13.3,0.0,1012.8,2026-08-04T10:47:46.829368+00:00,2026-08-04 10:00:00+00:00
2026-07-25 04:00:00+00:00,12.6,0.0,1013.1,2026-08-04T10:47:46.829368+00:00,2026-08-04 10:00:00+00:00
2026-07-25 05:00:00+00:00,15.0,0.0,1012.5,2026-08-04T10:47:46.829368+00:00,2026-08-04 10:00:00+00:00
2026-07-25 06:00:00+00:00,17.0,0.0,1011.8,2026-08-04T10:47:46.829368+00:00,2026-08-04 10:00:00+00:00
2026-07-25 07:00:00+00:00,20.5,0.0,1010.8,2026-08-04T10:47:46.829368+00:00,2026-08-04 10:00:00+00:00
2026-07-25 08:00:00+00:00,23.4,0.0,1010.0,2026-08-04T10:47:46.829368+00:00,2026-08-04 10:00:00+00:00
2026-07-25 09:00:00+00:00,25.5,0.0,1009.1,2026-08-04T10:47:46.829368+00:00,2026-08-04 10:00:00+00:00
2026-07-25 10:00:00+00:00,27.2,0.0,1008.1,2026-08-04T10:47:46.829368+00:00,2026-08-04 10:00:00+00:00
2026-07-25 11:00:00+00:00,28.9,0.0,1006.9,2026-08-04T10:47:46.829368+00:00,2026-08-04 10:00:00+00:00
2026-07-25 12:00:00+00:00,29.8,0.0,1006.0,2026-08-04T10:47:46.829368+00:00,2026-08-04 10:00:00+00:00
2026-07-25 13:00:00+00:00,31.4,0.0,1004.9,2026-08-04T10:47:46.829368+00:00,2026-08-04 10:00:00+00:00
2026-07-25 14:00:00+00:00,31.6,0.0,1004.3,2026-08-04T10:47:46.829368+00:00,2026-08-04 10:00:00+00:00
2026-07-25 15:00:00+00:00,31.9,0.0,1004.0,2026-08-04T10:47:46.829368+00:00,2026-08-04 10:00:00+00:00
2026-07-25 16:00:00+00:00,30.9,0.0,1003.8,2026-08-04T10:47:46.829368+00:00,2026-08-04 10:00:00+00:00
2026-07-25 17:00:00+00:00,30.2,0.0,1003.6,2026-08-04T10:47:46.829368+00:00,2026-08-04 10:00:00+00:00
2026-07-25 18:00:00+00:00,29.1,0.0,1003.6,2026-08-04T10:47:46.829368+00:00,2026-08-04 10:00:00+00:00
2026-07-25 19:00:00+00:00,27.9,0.0,1004.2,2026-08-04T10:47:46.829368+00:00,2026-08-04 10:00:00+00:00
2026-07-25 20:00:00+00:00,26.7,0.0,1004.8,2026-08-04T10:47:46.829368+00:00,2026-08-04 10:00:00+00:00
2026-07-25 21:00:00+00:00,25.5,0.0,1005.7,2026-08-04T10:47:46.829368+00:00,2026-08-04 10:00:00+00:00
2026-07-25 22:00:00+00:00,24.4,0.0,1005.9,2026-08-04T10:47:46.829368+00:00,2026-08-04 10:00:00+00:00
2026-07-25 23:00:00+00:00,22.9,0.0,1006.2,2026-08-04T10:47:46.829368+00:00,2026-08-04 10:00:00+00:00
2026-07-26 00:00:00+00:00,22.6,0.0,1006.1,2026-08-04T10:47:46.829368+00:00,2026-08-04 10:00:00+00:00
2026-07-26 01:00:00+00:00,22.5,0.0,1006.3,2026-08-04T10:47:46.829368+00:00,2026-08-04 10:00:00+00:00
2026-07-26 02:00:00+00:00,22.1,0.0,1006.3,2026-08-04T10:47:46.829368+00:00,2026-08-04 10:00:00+00:00
2026-07-26 03:00:00+00:00,21.4,0.0,1006.4,2026-08-04T10:47:46.829368+00:00,2026-08-04 10:00:00+00:00
2026-07-26 04:00:00+00:00,19.9,0.1,1006.6,2026-08-04T10:47:46.829368+00:00,2026-08-04 10:00:00+00:00
2026-07-26 05:00:00+00:00,20.0,0.1,1007.0,2026-08-04T10:47:46.829368+00:00,2026-08-04 10:00:00+00:00
2026-07-26 06:00:00+00:00,20.1,0.0,1007.3,2026-08-04T10:47:46.829368+00:00,2026-08-04 10:00:00+00:00
2026-07-26 07:00:00+00:00,21.0,0.0,1007.5,2026-08-04T10:47:46.829368+00:00,2026-08-04 10:00:00+00:00
2026-07-26 08:00:00+00:00,21.1,0.0,1008.1,2026-08-04T10:47:46.829368+00:00,2026-08-04 10:00:00+00:00
2026-07-26 09:00:00+00:00,21.4,0.0,1008.4,2026-08-04T10:47:46.829368+00:00,2026-08-04 10:00:00+00:00
2026-07-26 10:00:00+00:00,22.2,0.0,1008.2,2026-08-04T10:47:46.829368+00:00,2026-08-04 10:00:00+00:00
2026-07-26 11:00:00+00:00,21.8,0.0,1008.4,2026-08-04T10:47:46.829368+00:00,2026-08-04 10:00:00+00:00
2026-07-26 12:00:00+00:00,21.4,0.0,1008.1,2026-08-04T10:47:46.829368+00:00,2026-08-04 10:00:00+00:00
2026-07-26 13:00:00+00:00,25.3,0.0,1006.7,2026-08-04T10:47:46.829368+00:00,2026-08-04 10:00:00+00:00
2026-07-26 14:00:00+00:00,26.7,0.0,1006.2,2026-08-04T10:47:46.829368+00:00,2026-08-04 10:00:00+00:00
2026-07-26 15:00:00+00:00,25.8,0.0,1006.3,2026-08-04T10:47:46.829368+00:00,2026-08-04 10:00:00+00:00
2026-07-26 16:00:00+00:00,25.4,0.0,1006.6,2026-08-04T10:47:46.829368+00:00,2026-08-04 10:00:00+00:00
2026-07-26 17:00:00+00:00,25.3,0.0,1006.4,2026-08-04T10:47:46.829368+00:00,2026-08-04 10:00:00+00:00
2026-07-26 18:00:00+00:00,24.8,0.0,1006.9,2026-08-04T10:47:46.829368+00:00,2026-08-04 10:00:00+00:00
2026-07-26 19:00:00+00:00,23.8,0.0,1007.1,2026-08-04T10:47:46.829368+00:00,2026-08-04 10:00:00+00:00
2026-07-26 20:00:00+00:00,23.0,0.0,1007.9,2026-08-04T10:47:46.829368+00:00,2026-08-04 10:00:00+00:00
2026-07-26 21:00:00+00:00,22.6,0.0,1008.5,2026-08-04T10:47:46.829368+00:00,2026-08-04 10:00:00+00:00
2026-07-26 22:00:00+00:00,22.7,0.0,1009.2,2026-08-04T10:47:46.829368+00:00,2026-08-04 10:00:00+00:00
2026-07-26 23:00:00+00:00,22.2,0.0,1009.4,2026-08-04T10:47:46.829368+00:00,2026-08-04 10:00:00+00:00
2026-07-27 00:00:00+00:00,21.5,0.0,1009.7,2026-08-04T10:47:46.829368+00:00,2026-08-04 10:00:00+00:00
2026-07-27 01:00:00+00:00,21.1,0.0,1009.9,2026-08-04T10:47:46.829368+00:00,2026-08-04 10:00:00+00:00
2026-07-27 02:00:00+00:00,21.2,0.0,1010.1,2026-08-04T10:47:46.829368+00:00,2026-08-04 10:00:00+00:00
2026-07-27 03:00:00+00:00,21.0,0.0,1010.6,2026-08-04T10:47:46.829368+00:00,2026-08-04 10:00:00+00:00
2026-07-27 04:00:00+00:00,21.1,0.0,1011.0,2026-08-04T10:47:46.829368+00:00,2026-08-04 10:00:00+00:00
2026-07-27 05:00:00+00:00,21.1,0.0,1011.1,2026-08-04T10:47:46.829368+00:00,2026-08-04 10:00:00+00:00
2026-07-27 06:00:00+00:00,21.7,0.0,1011.5,2026-08-04T10:47:46.829368+00:00,2026-08-04 10:00:00+00:00
2026-07-27 07:00:00+00:00,16.2,0.4,1014.7,2026-08-04T10:47:46.829368+00:00,2026-08-04 10:00:00+00:00
2026-07-27 08:00:00+00:00,15.0,0.2,1015.9,2026-08-04T10:47:46.829368+00:00,2026-08-04 10:00:00+00:00
2026-07-27 09:00:00+00:00,16.0,1.1,1016.2,2026-08-04T10:47:46.829368+00:00,2026-08-04 10:00:00+00:00
2026-07-27 10:00:00+00:00,16.5,0.2,1016.9,2026-08-04T10:47:46.829368+00:00,2026-08-04 10:00:00+00:00
2026-07-27 11:00:00+00:00,18.1,0.1,1016.9,2026-08-04T10:47:46.829368+00:00,2026-08-04 10:00:00+00:00
2026-07-27 12:00:00+00:00,21.2,0.0,1016.2,2026-08-04T10:47:46.829368+00:00,2026-08-04 10:00:00+00:00
2026-07-27 13:00:00+00:00,22.8,0.0,1015.8,2026-08-04T10:47:46.829368+00:00,2026-08-04 10:00:00+00:00
2026-07-27 14:00:00+00:00,23.7,0.0,1015.6,2026-08-04T10:47:46.829368+00:00,2026-08-04 10:00:00+00:00
2026-07-27 15:00:00+00:00,23.8,0.0,1015.8,2026-08-04T10:47:46.829368+00:00,2026-08-04 10:00:00+00:00
2026-07-27 16:00:00+00:00,23.5,0.0,1016.2,2026-08-04T10:47:46.829368+00:00,2026-08-04 10:00:00+00:00
2026-07-27 17:00:00+00:00,23.2,0.0,1016.5,2026-08-04T10:47:46.829368+00:00,2026-08-04 10:00:00+00:00
2026-07-27 18:00:00+00:00,22.5,0.0,1017.1,2026-08-04T10:47:46.829368+00:00,2026-08-04 10:00:00+00:00
2026-07-27 19:00:00+00:00,21.9,0.0,1017.9,2026-08-04T10:47:46.829368+00:00,2026-08-04 10:00:00+00:00
2026-07-27 20:00:00+00:00,20.1,0.0,1019.1,2026-08-04T10:47:46.829368+00:00,2026-08-04 10:00:00+00:00
2026-07-27 21:00:00+00:00,19.1,0.0,1019.8,2026-08-04T10:47:46.829368+00:00,2026-08-04 10:00:00+00:00
2026-07-27 22:00:00+00:00,18.8,0.0,1020.3,2026-08-04T10:47:46.829368+00:00,2026-08-04 10:00:00+00:00
2026-07-27 23:00:00+00:00,18.0,0.0,1020.8,2026-08-04T10:47:46.829368+00:00,2026-08-04 10:00:00+00:00
2026-07-28 00:00:00+00:00,16.8,0.0,1021.2,2026-08-04T10:47:46.829368+00:00,2026-08-04 10:00:00+00:00
2026-07-28 01:00:00+00:00,17.3,0.0,1021.6,2026-08-04T10:47:46.829368+00:00,2026-08-04 10:00:00+00:00
2026-07-28 02:00:00+00:00,16.5,0.0,1022.1,2026-08-04T10:47:46.829368+00:00,2026-08-04 10:00:00+00:00
2026-07-28 03:00:00+00:00,15.3,0.0,1022.3,2026-08-04T10:47:46.829368+00:00,2026-08-04 10:00:00+00:00
2026-07-28 04:00:00+00:00,14.4,0.0,1022.5,2026-08-04T10:47:46.829368+00:00,2026-08-04 10:00:00+00:00
2026-07-28 05:00:00+00:00,15.3,0.0,1022.6,2026-08-04T10:47:46.829368+00:00,2026-08-04 10:00:00+00:00
2026-07-28 06:00:00+00:00,18.2,0.0,1022.2,2026-08-04T10:47:46.829368+00:00,2026-08-04 10:00:00+00:00
2026-07-28 07:00:00+00:00,20.6,0.0,1022.0,2026-08-04T10:47:46.829368+00:00,2026-08-04 10:00:00+00:00
2026-07-28 08:00:00+00:00,22.2,0.0,1021.6,2026-08-04T10:47:46.829368+00:00,2026-08-04 10:00:00+00:00
2026-07-28 09:00:00+00:00,23.6,0.0,1021.2,2026-08-04T10:47:46.829368+00:00,2026-08-04 10:00:00+00:00
2026-07-28 10:00:00+00:00,24.4,0.0,1021.1,2026-08-04T10:47:46.829368+00:00,2026-08-04 10:00:00+00:00
2026-07-28 11:00:00+00:00,24.9,0.0,1020.9,2026-08-04T10:47:46.829368+00:00,2026-08-04 10:00:00+00:00
2026-07-28 12:00:00+00:00,26.9,0.0,1020.1,2026-08-04T10:47:46.829368+00:00,2026-08-04 10:00:00+00:00
2026-07-28 13:00:00+00:00,27.1,0.0,1019.4,2026-08-04T10:47:46.829368+00:00,2026-08-04 10:00:00+00:00
2026-07-28 14:00:00+00:00,28.3,0.0,1018.7,2026-08-04T10:47:46.829368+00:00,2026-08-04 10:00:00+00:00
2026-07-28 15:00:00+00:00,28.8,0.0,1018.2,2026-08-04T10:47:46.829368+00:00,2026-08-04 10:00:00+00:00
2026-07-28 16:00:00+00:00,28.7,0.0,1018.0,2026-08-04T10:47:46.829368+00:00,2026-08-04 10:00:00+00:00
2026-07-28 17:00:00+00:00,28.5,0.0,1017.7,2026-08-04T10:47:46.829368+00:00,2026-08-04 10:00:00+00:00
2026-07-28 18:00:00+00:00,26.9,0.0,1018.3,2026-08-04T10:47:46.829368+00:00,2026-08-04 10:00:00+00:00
2026-07-28 19:00:00+00:00,25.1,0.0,1018.8,2026-08-04T10:47:46.829368+00:00,2026-08-04 10:00:00+00:00
2026-07-28 20:00:00+00:00,22.4,0.0,1019.8,2026-08-04T10:47:46.829368+00:00,2026-08-04 10:00:00+00:00
2026-07-28 21:00:00+00:00,21.2,0.0,1020.3,2026-08-04T10:47:46.829368+00:00,2026-08-04 10:00:00+00:00
2026-07-28 22:00:00+00:00,19.8,0.0,1020.7,2026-08-04T10:47:46.829368+00:00,2026-08-04 10:00:00+00:00
2026-07-28 23:00:00+00:00,18.6,0.0,1021.3,2026-08-04T10:47:46.829368+00:00,2026-08-04 10:00:00+00:00
2026-07-29 00:00:00+00:00,18.0,0.0,1021.0,2026-08-04T10:47:46.829368+00:00,2026-08-04 10:00:00+00:00
2026-07-29 01:00:00+00:00,17.5,0.0,1020.7,2026-08-04T10:47:46.829368+00:00,2026-08-04 10:00:00+00:00
2026-07-29 02:00:00+00:00,17.7,0.0,1020.3,2026-08-04T10:47:46.829368+00:00,2026-08-04 10:00:00+00:00
2026-07-29 03:00:00+00:00,16.3,0.0,1020.3,2026-08-04T10:47:46.829368+00:00,2026-08-04 10:00:00+00:00
2026-07-29 04:00:00+00:00,15.8,0.0,1020.2,2026-08-04T10:47:46.829368+00:00,2026-08-04 10:00:00+00:00
2026-07-29 05:00:00+00:00,16.5,0.0,1020.1,2026-08-04T10:47:46.829368+00:00,2026-08-04 10:00:00+00:00
2026-07-29 06:00:00+00:00,19.8,0.0,1019.5,2026-08-04T10:47:46.829368+00:00,2026-08-04 10:00:00+00:00
2026-07-29 07:00:00+00:00,24.4,0.0,1018.7,2026-08-04T10:47:46.829368+00:00,2026-08-04 10:00:00+00:00
2026-07-29 08:00:00+00:00,25.9,0.0,1018.3,2026-08-04T10:47:46.829368+00:00,2026-08-04 10:00:00+00:00
2026-07-29 09:00:00+00:00,28.5,0.0,1017.9,2026-08-04T10:47:46.829368+00:00,2026-08-04 10:00:00+00:00
2026-07-29 10:00:00+00:00,30.0,0.0,1017.5,2026-08-04T10:47:46.829368+00:00,2026-08-04 10:00:00+00:00
2026-07-29 11:00:00+00:00,30.6,0.0,1017.1,2026-08-04T10:47:46.829368+00:00,2026-08-04 10:00:00+00:00
2026-07-29 12:00:00+00:00,32.1,0.0,1016.3,2026-08-04T10:47:46.829368+00:00,2026-08-04 10:00:00+00:00
2026-07-29 13:00:00+00:00,32.7,0.0,1015.6,2026-08-04T10:47:46.829368+00:00,2026-08-04 10:00:00+00:00
2026-07-29 14:00:00+00:00,34.2,0.0,1014.9,2026-08-04T10:47:46.829368+00:00,2026-08-04 10:00:00+00:00
2026-07-29 15:00:00+00:00,33.5,0.0,1014.7,2026-08-04T10:47:46.829368+00:00,2026-08-04 10:00:00+00:00
2026-07-29 16:00:00+00:00,33.6,0.0,1014.2,2026-08-04T10:47:46.829368+00:00,2026-08-04 10:00:00+00:00
2026-07-29 17:00:00+00:00,33.1,0.0,1014.0,2026-08-04T10:47:46.829368+00:00,2026-08-04 10:00:00+00:00
2026-07-29 18:00:00+00:00,32.0,0.0,1014.2,2026-08-04T10:47:46.829368+00:00,2026-08-04 10:00:00+00:00
2026-07-29 19:00:00+00:00,30.4,0.0,1014.7,2026-08-04T10:47:46.829368+00:00,2026-08-04 10:00:00+00:00
2026-07-29 20:00:00+00:00,29.1,0.0,1015.7,2026-08-04T10:47:46.829368+00:00,2026-08-04 10:00:00+00:00
2026-07-29 21:00:00+00:00,28.6,0.0,1016.1,2026-08-04T10:47:46.829368+00:00,2026-08-04 10:00:00+00:00
2026-07-29 22:00:00+00:00,27.7,0.0,1016.2,2026-08-04T10:47:46.829368+00:00,2026-08-04 10:00:00+00:00
2026-07-29 23:00:00+00:00,26.1,0.0,1016.7,2026-08-04T10:47:46.829368+00:00,2026-08-04 10:00:00+00:00
2026-07-30 00:00:00+00:00,25.7,0.0,1016.7,2026-08-04T10:47:46.829368+00:00,2026-08-04 10:00:00+00:00
2026-07-30 01:00:00+00:00,24.7,0.0,1016.8,2026-08-04T10:47:46.829368+00:00,2026-08-04 10:00:00+00:00
2026-07-30 02:00:00+00:00,24.6,0.0,1016.9,2026-08-04T10:47:46.829368+00:00,2026-08-04 10:00:00+00:00
2026-07-30 03:00:00+00:00,24.0,0.0,1017.1,2026-08-04T10:47:46.829368+00:00,2026-08-04 10:00:00+00:00
2026-07-30 04:00:00+00:00,23.6,0.0,1017.2,2026-08-04T10:47:46.829368+00:00,2026-08-04 10:00:00+00:00
2026-07-30 05:00:00+00:00,23.9,0.0,1017.6,2026-08-04T10:47:46.829368+00:00,2026-08-04 10:00:00+00:00
2026-07-30 06:00:00+00:00,25.3,0.0,1017.4,2026-08-04T10:47:46.829368+00:00,2026-08-04 10:00:00+00:00
2026-07-30 07:00:00+00:00,28.7,0.0,1017.0,2026-08-04T10:47:46.829368+00:00,2026-08-04 10:00:00+00:00
2026-07-30 08:00:00+00:00,31.1,0.0,1016.5,2026-08-04T10:47:46.829368+00:00,2026-08-04 10:00:00+00:00
2026-07-30 09:00:00+00:00,32.3,0.0,1016.1,2026-08-04T10:47:46.829368+00:00,2026-08-04 10:00:00+00:00
2026-07-30 10:00:00+00:00,34.0,0.0,1015.5,2026-08-04T10:47:46.829368+00:00,2026-08-04 10:00:00+00:00
2026-07-30 11:00:00+00:00,35.2,0.0,1014.9,2026-08-04T10:47:46.829368+00:00,2026-08-04 10:00:00+00:00
2026-07-30 12:00:00+00:00,34.8,0.0,1014.4,2026-08-04T10:47:46.829368+00:00,2026-08-04 10:00:00+00:00
2026-07-30 13:00:00+00:00,35.9,0.0,1013.7,2026-08-04T10:47:46.829368+00:00,2026-08-04 10:00:00+00:00
2026-07-30 14:00:00+00:00,35.8,0.0,1013.4,2026-08-04T10:47:46.829368+00:00,2026-08-04 10:00:00+00:00
2026-07-30 15:00:00+00:00,36.7,0.0,1012.7,2026-08-04T10:47:46.829368+00:00,2026-08-04 10:00:00+00:00
2026-07-30 16:00:00+00:00,36.0,0.0,1012.4,2026-08-04T10:47:46.829368+00:00,2026-08-04 10:00:00+00:00
2026-07-30 17:00:00+00:00,35.3,0.0,1012.5,2026-08-04T10:47:46.829368+00:00,2026-08-04 10:00:00+00:00
2026-07-30 18:00:00+00:00,33.8,0.0,1012.8,2026-08-04T10:47:46.829368+00:00,2026-08-04 10:00:00+00:00
2026-07-30 19:00:00+00:00,29.3,0.0,1014.1,2026-08-04T10:47:46.829368+00:00,2026-08-04 10:00:00+00:00
2026-07-30 20:00:00+00:00,27.6,0.0,1015.9,2026-08-04T10:47:46.829368+00:00,2026-08-04 10:00:00+00:00
2026-07-30 21:00:00+00:00,26.1,0.0,1016.9,2026-08-04T10:47:46.829368+00:00,2026-08-04 10:00:00+00:00
2026-07-30 22:00:00+00:00,24.9,0.0,1017.7,2026-08-04T10:47:46.829368+00:00,2026-08-04 10:00:00+00:00
2026-07-30 23:00:00+00:00,23.9,0.0,1017.9,2026-08-04T10:47:46.829368+00:00,2026-08-04 10:00:00+00:00
2026-07-31 00:00:00+00:00,22.2,0.0,1018.0,2026-08-04T10:47:46.829368+00:00,2026-08-04 10:00:00+00:00
2026-07-31 01:00:00+00:00,20.9,0.0,1018.0,2026-08-04T10:47:46.829368+00:00,2026-08-04 10:00:00+00:00
2026-07-31 02:00:00+00:00,20.4,0.0,1017.5,2026-08-04T10:47:46.829368+00:00,2026-08-04 10:00:00+00:00
2026-07-31 03:00:00+00:00,21.0,0.0,1017.1,2026-08-04T10:47:46.829368+00:00,2026-08-04 10:00:00+00:00
2026-07-31 04:00:00+00:00,19.3,0.0,1017.1,2026-08-04T10:47:46.829368+00:00,2026-08-04 10:00:00+00:00
2026-07-31 05:00:00+00:00,19.9,0.0,1016.7,2026-08-04T10:47:46.829368+00:00,2026-08-04 10:00:00+00:00
2026-07-31 06:00:00+00:00,23.3,0.0,1016.1,2026-08-04T10:47:46.829368+00:00,2026-08-04 10:00:00+00:00
2026-07-31 07:00:00+00:00,26.3,0.0,1015.5,2026-08-04T10:47:46.829368+00:00,2026-08-04 10:00:00+00:00
2026-07-31 08:00:00+00:00,28.2,0.0,1015.2,2026-08-04T10:47:46.829368+00:00,2026-08-04 10:00:00+00:00
2026-07-31 09:00:00+00:00,31.0,0.0,1014.0,2026-08-04T10:47:46.829368+00:00,2026-08-04 10:00:00+00:00
2026-07-31 10:00:00+00:00,32.7,0.0,1013.2,2026-08-04T10:47:46.829368+00:00,2026-08-04 10:00:00+00:00
2026-07-31 11:00:00+00:00,33.8,0.0,1012.3,2026-08-04T10:47:46.829368+00:00,2026-08-04 10:00:00+00:00
2026-07-31 12:00:00+00:00,35.4,0.0,1011.3,2026-08-04T10:47:46.829368+00:00,2026-08-04 10:00:00+00:00
2026-07-31 13:00:00+00:00,35.9,0.0,1010.6,2026-08-04T10:47:46.829368+00:00,2026-08-04 10:00:00+00:00
2026-07-31 14:00:00+00:00,35.4,0.0,1010.4,2026-08-04T10:47:46.829368+00:00,2026-08-04 10:00:00+00:00
2026-07-31 15:00:00+00:00,35.4,0.0,1010.1,2026-08-04T10:47:46.829368+00:00,2026-08-04 10:00:00+00:00
2026-07-31 16:00:00+00:00,34.0,0.0,1010.3,2026-08-04T10:47:46.829368+00:00,2026-08-04 10:00:00+00:00
2026-07-31 17:00:00+00:00,28.3,0.0,1012.9,2026-08-04T10:47:46.829368+00:00,2026-08-04 10:00:00+00:00
2026-07-31 18:00:00+00:00,28.0,0.0,1014.1,2026-08-04T10:47:46.829368+00:00,2026-08-04 10:00:00+00:00
2026-07-31 19:00:00+00:00,21.2,1.3,1016.2,2026-08-04T10:47:46.829368+00:00,2026-08-04 10:00:00+00:00
2026-07-31 20:00:00+00:00,21.6,0.1,1015.5,2026-08-04T10:47:46.829368+00:00,2026-08-04 10:00:00+00:00
2026-07-31 21:00:00+00:00,22.1,0.0,1015.4,2026-08-04T10:47:46.829368+00:00,2026-08-04 10:00:00+00:00
2026-07-31 22:00:00+00:00,21.3,0.0,1015.6,2026-08-04T10:47:46.829368+00:00,2026-08-04 10:00:00+00:00
2026-07-31 23:00:00+00:00,21.3,0.0,1014.7,2026-08-04T10:47:46.829368+00:00,2026-08-04 10:00:00+00:00
2026-08-01 00:00:00+00:00,19.4,0.0,1014.9,2026-08-04T10:47:46.829368+00:00,2026-08-04 10:00:00+00:00
2026-08-01 01:00:00+00:00,19.1,0.0,1015.2,2026-08-04T10:47:46.829368+00:00,2026-08-04 10:00:00+00:00
2026-08-01 02:00:00+00:00,19.0,0.0,1015.5,2026-08-04T10:47:46.829368+00:00,2026-08-04 10:00:00+00:00
2026-08-01 03:00:00+00:00,19.5,0.0,1016.0,2026-08-04T10:47:46.829368+00:00,2026-08-04 10:00:00+00:00
2026-08-01 04:00:00+00:00,19.9,0.0,1015.9,2026-08-04T10:47:46.829368+00:00,2026-08-04 10:00:00+00:00
2026-08-01 05:00:00+00:00,20.1,0.0,1015.6,2026-08-04T10:47:46.829368+00:00,2026-08-04 10:00:00+00:00
2026-08-01 06:00:00+00:00,20.7,0.0,1015.5,2026-08-04T10:47:46.829368+00:00,2026-08-04 10:00:00+00:00
2026-08-01 07:00:00+00:00,21.9,0.0,1015.4,2026-08-04T10:47:46.829368+00:00,2026-08-04 10:00:00+00:00
2026-08-01 08:00:00+00:00,23.7,0.0,1015.2,2026-08-04T10:47:46.829368+00:00,2026-08-04 10:00:00+00:00
2026-08-01 09:00:00+00:00,24.7,0.0,1015.0,2026-08-04T10:47:46.829368+00:00,2026-08-04 10:00:00+00:00
2026-08-01 10:00:00+00:00,25.9,0.0,1014.5,2026-08-04T10:47:46.829368+00:00,2026-08-04 10:00:00+00:00
2026-08-01 11:00:00+00:00,27.3,0.0,1014.4,2026-08-04T10:47:46.829368+00:00,2026-08-04 10:00:00+00:00
2026-08-01 12:00:00+00:00,28.7,0.0,1013.8,2026-08-04T10:47:46.829368+00:00,2026-08-04 10:00:00+00:00
2026-08-01 13:00:00+00:00,28.7,0.0,1013.4,2026-08-04T10:47:46.829368+00:00,2026-08-04 10:00:00+00:00
2026-08-01 14:00:00+00:00,27.8,0.0,1013.2,2026-08-04T10:47:46.829368+00:00,2026-08-04 10:00:00+00:00
2026-08-01 15:00:00+00:00,26.9,0.0,1013.6,2026-08-04T10:47:46.829368+00:00,2026-08-04 10:00:00+00:00
2026-08-01 16:00:00+00:00,21.1,20.7,1015.4,2026-08-04T10:47:46.829368+00:00,2026-08-04 10:00:00+00:00
2026-08-01 17:00:00+00:00,22.0,0.2,1015.2,2026-08-04T10:47:46.829368+00:00,2026-08-04 10:00:00+00:00
2026-08-01 18:00:00+00:00,22.8,0.2,1015.3,2026-08-04T10:47:46.829368+00:00,2026-08-04 10:00:00+00:00
2026-08-01 19:00:00+00:00,22.4,0.0,1016.2,2026-08-04T10:47:46.829368+00:00,2026-08-04 10:00:00+00:00
2026-08-01 20:00:00+00:00,20.7,0.0,1017.2,2026-08-04T10:47:46.829368+00:00,2026-08-04 10:00:00+00:00
2026-08-01 21:00:00+00:00,20.1,0.0,1017.4,2026-08-04T10:47:46.829368+00:00,2026-08-04 10:00:00+00:00
2026-08-01 22:00:00+00:00,19.5,0.0,1017.5,2026-08-04T10:47:46.829368+00:00,2026-08-04 10:00:00+00:00
2026-08-01 23:00:00+00:00,19.2,0.0,1017.5,2026-08-04T10:47:46.829368+00:00,2026-08-04 10:00:00+00:00
2026-08-02 00:00:00+00:00,19.2,0.0,1017.2,2026-08-04T10:47:46.829368+00:00,2026-08-04 10:00:00+00:00
2026-08-02 01:00:00+00:00,19.6,0.0,1016.9,2026-08-04T10:47:46.829368+00:00,2026-08-04 10:00:00+00:00
2026-08-02 02:00:00+00:00,19.2,0.0,1017.0,2026-08-04T10:47:46.829368+00:00,2026-08-04 10:00:00+00:00
2026-08-02 03:00:00+00:00,18.5,0.0,1017.2,2026-08-04T10:47:46.829368+00:00,2026-08-04 10:00:00+00:00
2026-08-02 04:00:00+00:00,17.9,0.0,1017.2,2026-08-04T10:47:46.829368+00:00,2026-08-04 10:00:00+00:00
2026-08-02 05:00:00+00:00,17.9,0.0,1017.3,2026-08-04T10:47:46.829368+00:00,2026-08-04 10:00:00+00:00
2026-08-02 06:00:00+00:00,18.3,0.0,1017.1,2026-08-04T10:47:46.829368+00:00,2026-08-04 10:00:00+00:00
2026-08-02 07:00:00+00:00,20.0,0.0,1016.5,2026-08-04T10:47:46.829368+00:00,2026-08-04 10:00:00+00:00
2026-08-02 08:00:00+00:00,21.6,0.0,1016.1,2026-08-04T10:47:46.829368+00:00,2026-08-04 10:00:00+00:00
2026-08-02 09:00:00+00:00,23.1,0.0,1015.8,2026-08-04T10:47:46.829368+00:00,2026-08-04 10:00:00+00:00
2026-08-02 10:00:00+00:00,25.2,0.0,1015.1,2026-08-04T10:47:46.829368+00:00,2026-08-04 10:00:00+00:00
2026-08-02 11:00:00+00:00,26.1,0.0,1014.7,2026-08-04T10:47:46.829368+00:00,2026-08-04 10:00:00+00:00
2026-08-02 12:00:00+00:00,27.3,0.0,1014.0,2026-08-04T10:47:46.829368+00:00,2026-08-04 10:00:00+00:00
2026-08-02 13:00:00+00:00,28.9,0.0,1013.2,2026-08-04T10:47:46.829368+00:00,2026-08-04 10:00:00+00:00
2026-08-02 14:00:00+00:00,28.9,0.0,1012.6,2026-08-04T10:47:46.829368+00:00,2026-08-04 10:00:00+00:00
2026-08-02 15:00:00+00:00,29.4,0.0,1012.2,2026-08-04T10:47:46.829368+00:00,2026-08-04 10:00:00+00:00
2026-08-02 16:00:00+00:00,29.2,0.0,1012.1,2026-08-04T10:47:46.829368+00:00,2026-08-04 10:00:00+00:00
2026-08-02 17:00:00+00:00,28.7,0.0,1012.3,2026-08-04T10:47:46.829368+00:00,2026-08-04 10:00:00+00:00
2026-08-02 18:00:00+00:00,28.4,0.0,1011.9,2026-08-04T10:47:46.829368+00:00,2026-08-04 10:00:00+00:00
2026-08-02 19:00:00+00:00,26.4,0.0,1012.4,2026-08-04T10:47:46.829368+00:00,2026-08-04 10:00:00+00:00
2026-08-02 20:00:00+00:00,24.4,0.0,1013.5,2026-08-04T10:47:46.829368+00:00,2026-08-04 10:00:00+00:00
2026-08-02 21:00:00+00:00,23.0,0.0,1013.9,2026-08-04T10:47:46.829368+00:00,2026-08-04 10:00:00+00:00
2026-08-02 22:00:00+00:00,22.3,0.0,1013.7,2026-08-04T10:47:46.829368+00:00,2026-08-04 10:00:00+00:00
2026-08-02 23:00:00+00:00,21.4,0.0,1013.6,2026-08-04T10:47:46.829368+00:00,2026-08-04 10:00:00+00:00
2026-08-03 00:00:00+00:00,20.2,0.0,1013.4,2026-08-04T10:47:46.829368+00:00,2026-08-04 10:00:00+00:00
2026-08-03 01:00:00+00:00,19.3,0.0,1013.5,2026-08-04T10:47:46.829368+00:00,2026-08-04 10:00:00+00:00
2026-08-03 02:00:00+00:00,18.4,0.0,1013.7,2026-08-04T10:47:46.829368+00:00,2026-08-04 10:00:00+00:00
2026-08-03 03:00:00+00:00,19.1,0.0,1013.5,2026-08-04T10:47:46.829368+00:00,2026-08-04 10:00:00+00:00
2026-08-03 04:00:00+00:00,18.4,0.0,1013.9,2026-08-04T10:47:46.829368+00:00,2026-08-04 10:00:00+00:00
2026-08-03 05:00:00+00:00,19.8,0.0,1013.6,2026-08-04T10:47:46.829368+00:00,2026-08-04 10:00:00+00:00
2026-08-03 06:00:00+00:00,20.6,0.0,1013.5,2026-08-04T10:47:46.829368+00:00,2026-08-04 10:00:00+00:00
2026-08-03 07:00:00+00:00,24.2,0.0,1013.0,2026-08-04T10:47:46.829368+00:00,2026-08-04 10:00:00+00:00
2026-08-03 08:00:00+00:00,25.6,0.0,1013.0,2026-08-04T10:47:46.829368+00:00,2026-08-04 10:00:00+00:00
2026-08-03 09:00:00+00:00,27.9,0.0,1012.5,2026-08-04T10:47:46.829368+00:00,2026-08-04 10:00:00+00:00
2026-08-03 10:00:00+00:00,31.5,0.0,1011.7,2026-08-04T10:47:46.829368+00:00,2026-08-04 10:00:00+00:00
2026-08-03 11:00:00+00:00,33.3,0.0,1011.3,2026-08-04T10:47:46.829368+00:00,2026-08-04 10:00:00+00:00
2026-08-03 12:00:00+00:00,34.2,0.0,1010.8,2026-08-04T10:47:46.829368+00:00,2026-08-04 10:00:00+00:00
2026-08-03 13:00:00+00:00,34.7,0.0,1010.3,2026-08-04T10:47:46.829368+00:00,2026-08-04 10:00:00+00:00
2026-08-03 14:00:00+00:00,35.5,0.0,1009.8,2026-08-04T10:47:46.829368+00:00,2026-08-04 10:00:00+00:00
2026-08-03 15:00:00+00:00,34.5,0.0,1009.5,2026-08-04T10:47:46.829368+00:00,2026-08-04 10:00:00+00:00
2026-08-03 16:00:00+00:00,33.5,0.0,1009.6,2026-08-04T10:47:46.829368+00:00,2026-08-04 10:00:00+00:00
2026-08-03 17:00:00+00:00,33.2,0.0,1009.2,2026-08-04T10:47:46.829368+00:00,2026-08-04 10:00:00+00:00
2026-08-03 18:00:00+00:00,32.2,0.0,1010.1,2026-08-04T10:47:46.829368+00:00,2026-08-04 10:00:00+00:00
2026-08-03 19:00:00+00:00,23.5,2.7,1012.4,2026-08-04T10:47:46.829368+00:00,2026-08-04 10:00:00+00:00
2026-08-03 20:00:00+00:00,23.3,0.0,1012.6,2026-08-04T10:47:46.829368+00:00,2026-08-04 10:00:00+00:00
2026-08-03 21:00:00+00:00,23.4,0.0,1012.3,2026-08-04T10:47:46.829368+00:00,2026-08-04 10:00:00+00:00
2026-08-03 22:00:00+00:00,21.6,0.0,1012.6,2026-08-04T10:47:46.829368+00:00,2026-08-04 10:00:00+00:00
2026-08-03 23:00:00+00:00,24.2,0.0,1011.8,2026-08-04T10:47:46.829368+00:00,2026-08-04 10:00:00+00:00
2026-08-04 00:00:00+00:00,21.0,0.0,1012.4,2026-08-04T10:47:46.829368+00:00,2026-08-04 10:00:00+00:00
2026-08-04 01:00:00+00:00,20.0,0.0,1012.6,2026-08-04T10:47:46.829368+00:00,2026-08-04 10:00:00+00:00
2026-08-04 02:00:00+00:00,20.7,0.0,1012.9,2026-08-04T10:47:46.829368+00:00,2026-08-04 10:00:00+00:00
2026-08-04 03:00:00+00:00,19.5,0.0,1013.1,2026-08-04T10:47:46.829368+00:00,2026-08-04 10:00:00+00:00
2026-08-04 04:00:00+00:00,19.5,0.0,1013.1,2026-08-04T10:47:46.829368+00:00,2026-08-04 10:00:00+00:00
2026-08-04 05:00:00+00:00,21.1,0.0,1013.1,2026-08-04T10:47:46.829368+00:00,2026-08-04 10:00:00+00:00
2026-08-04 06:00:00+00:00,24.2,0.0,1012.7,2026-08-04T10:47:46.829368+00:00,2026-08-04 10:00:00+00:00
2026-08-04 07:00:00+00:00,27.8,0.0,1012.2,2026-08-04T10:47:46.829368+00:00,2026-08-04 10:00:00+00:00
2026-08-04 08:00:00+00:00,30.0,0.0,1011.8,2026-08-04T10:47:46.829368+00:00,2026-08-04 10:00:00+00:00
2026-08-04 09:00:00+00:00,31.7,0.0,1011.8,2026-08-04T10:47:46.829368+00:00,2026-08-04 10:00:00+00:00
2026-08-04 10:00:00+00:00,32.8,0.0,1011.7,2026-08-04T10:47:46.829368+00:00,2026-08-04 10:00:00+00:00
2026-08-04 11:00:00+00:00,34.0,0.0,1011.4,2026-08-04T10:47:46.829368+00:00,2026-08-04 10:00:00+00:00
2026-08-04 12:00:00+00:00,34.8,0.0,1010.9,2026-08-04T10:47:46.829368+00:00,2026-08-04 10:00:00+00:00
2026-08-04 13:00:00+00:00,35.2,0.0,1010.2,2026-08-04T10:47:46.829368+00:00,2026-08-04 10:00:00+00:00
2026-08-04 14:00:00+00:00,35.6,0.0,1009.7,2026-08-04T10:47:46.829368+00:00,2026-08-04 10:00:00+00:00
2026-08-04 15:00:00+00:00,35.7,0.0,1009.2,2026-08-04T10:47:46.829368+00:00,2026-08-04 10:00:00+00:00
2026-08-04 16:00:00+00:00,35.0,0.0,1009.0,2026-08-04T10:47:46.829368+00:00,2026-08-04 10:00:00+00:00
2026-08-04 17:00:00+00:00,33.7,0.0,1009.1,2026-08-04T10:47:46.829368+00:00,2026-08-04 10:00:00+00:00
2026-08-04 18:00:00+00:00,31.9,0.0,1009.7,2026-08-04T10:47:46.829368+00:00,2026-08-04 10:00:00+00:00
2026-08-04 19:00:00+00:00,30.0,0.0,1010.6,2026-08-04T10:47:46.829368+00:00,2026-08-04 10:00:00+00:00
2026-08-04 20:00:00+00:00,28.1,0.0,1011.5,2026-08-04T10:47:46.829368+00:00,2026-08-04 10:00:00+00:00
2026-08-04 21:00:00+00:00,26.6,0.0,1012.3,2026-08-04T10:47:46.829368+00:00,2026-08-04 10:00:00+00:00
2026-08-04 22:00:00+00:00,25.3,0.0,1013.2,2026-08-04T10:47:46.829368+00:00,2026-08-04 10:00:00+00:00
2026-08-04 23:00:00+00:00,24.4,0.0,1013.7,2026-08-04T10:47:46.829368+00:00,2026-08-04 10:00:00+00:00
2026-08-05 00:00:00+00:00,23.8,0.0,1014.1,2026-08-04T10:47:46.829368+00:00,2026-08-04 10:00:00+00:00
2026-08-05 01:00:00+00:00,23.6,0.0,1014.8,2026-08-04T10:47:46.829368+00:00,2026-08-04 10:00:00+00:00
2026-08-05 02:00:00+00:00,23.1,0.0,1015.0,2026-08-04T10:47:46.829368+00:00,2026-08-04 10:00:00+00:00
2026-08-05 03:00:00+00:00,22.9,0.0,1015.2,2026-08-04T10:47:46.829368+00:00,2026-08-04 10:00:00+00:00
2026-08-05 04:00:00+00:00,22.7,0.0,1015.4,2026-08-04T10:47:46.829368+00:00,2026-08-04 10:00:00+00:00
2026-08-05 05:00:00+00:00,23.4,0.0,1015.6,2026-08-04T10:47:46.829368+00:00,2026-08-04 10:00:00+00:00
2026-08-05 06:00:00+00:00,24.2,0.0,1015.5,2026-08-04T10:47:46.829368+00:00,2026-08-04 10:00:00+00:00
2026-08-05 07:00:00+00:00,25.8,0.0,1015.6,2026-08-04T10:47:46.829368+00:00,2026-08-04 10:00:00+00:00
2026-08-05 08:00:00+00:00,27.3,0.0,1015.4,2026-08-04T10:47:46.829368+00:00,2026-08-04 10:00:00+00:00
2026-08-05 09:00:00+00:00,28.8,0.0,1015.3,2026-08-04T10:47:46.829368+00:00,2026-08-04 10:00:00+00:00
2026-08-05 10:00:00+00:00,30.0,0.0,1015.1,2026-08-04T10:47:46.829368+00:00,2026-08-04 10:00:00+00:00
2026-08-05 11:00:00+00:00,30.9,0.0,1014.4,2026-08-04T10:47:46.829368+00:00,2026-08-04 10:00:00+00:00
2026-08-05 12:00:00+00:00,31.2,0.0,1014.0,2026-08-04T10:47:46.829368+00:00,2026-08-04 10:00:00+00:00
2026-08-05 13:00:00+00:00,31.7,0.0,1013.5,2026-08-04T10:47:46.829368+00:00,2026-08-04 10:00:00+00:00
2026-08-05 14:00:00+00:00,31.6,0.0,1013.3,2026-08-04T10:47:46.829368+00:00,2026-08-04 10:00:00+00:00
2026-08-05 15:00:00+00:00,30.3,0.0,1013.1,2026-08-04T10:47:46.829368+00:00,2026-08-04 10:00:00+00:00
2026-08-05 16:00:00+00:00,29.1,0.0,1013.5,2026-08-04T10:47:46.829368+00:00,2026-08-04 10:00:00+00:00
2026-08-05 17:00:00+00:00,27.6,0.0,1014.1,2026-08-04T10:47:46.829368+00:00,2026-08-04 10:00:00+00:00
2026-08-05 18:00:00+00:00,26.2,0.0,1015.0,2026-08-04T10:47:46.829368+00:00,2026-08-04 10:00:00+00:00
2026-08-05 19:00:00+00:00,25.1,0.0,1015.9,2026-08-04T10:47:46.829368+00:00,2026-08-04 10:00:00+00:00
2026-08-05 20:00:00+00:00,24.0,0.0,1016.7,2026-08-04T10:47:46.829368+00:00,2026-08-04 10:00:00+00:00
2026-08-05 21:00:00+00:00,23.5,2.7,1017.2,2026-08-04T10:47:46.829368+00:00,2026-08-04 10:00:00+00:00
2026-08-05 22:00:00+00:00,22.8,0.0,1017.6,2026-08-04T10:47:46.829368+00:00,2026-08-04 10:00:00+00:00
2026-08-05 23:00:00+00:00,22.3,0.0,1017.7,2026-08-04T10:47:46.829368+00:00,2026-08-04 10:00:00+00:00
2026-08-06 00:00:00+00:00,21.9,0.0,1017.9,2026-08-04T10:47:46.829368+00:00,2026-08-04 10:00:00+00:00
2026-08-06 01:00:00+00:00,21.4,0.0,1018.1,2026-08-04T10:47:46.829368+00:00,2026-08-04 10:00:00+00:00
2026-08-06 02:00:00+00:00,21.1,0.0,1018.2,2026-08-04T10:47:46.829368+00:00,2026-08-04 10:00:00+00:00
2026-08-06 03:00:00+00:00,20.8,0.0,1018.4,2026-08-04T10:47:46.829368+00:00,2026-08-04 10:00:00+00:00
2026-08-06 04:00:00+00:00,20.8,0.0,1018.7,2026-08-04T10:47:46.829368+00:00,2026-08-04 10:00:00+00:00
2026-08-06 05:00:00+00:00,20.9,0.0,1018.8,2026-08-04T10:47:46.829368+00:00,2026-08-04 10:00:00+00:00
2026-08-06 06:00:00+00:00,21.3,0.0,1018.8,2026-08-04T10:47:46.829368+00:00,2026-08-04 10:00:00+00:00
2026-08-06 07:00:00+00:00,21.9,0.0,1018.9,2026-08-04T10:47:46.829368+00:00,2026-08-04 10:00:00+00:00
2026-08-06 08:00:00+00:00,22.8,0.0,1018.9,2026-08-04T10:47:46.829368+00:00,2026-08-04 10:00:00+00:00
2026-08-06 09:00:00+00:00,23.5,0.0,1019.0,2026-08-04T10:47:46.829368+00:00,2026-08-04 10:00:00+00:00
2026-08-06 10:00:00+00:00,24.2,0.0,1019.0,2026-08-04T10:47:46.829368+00:00,2026-08-04 10:00:00+00:00
2026-08-06 11:00:00+00:00,24.8,0.0,1018.3,2026-08-04T10:47:46.829368+00:00,2026-08-04 10:00:00+00:00
2026-08-06 12:00:00+00:00,25.4,0.0,1018.0,2026-08-04T10:47:46.829368+00:00,2026-08-04 10:00:00+00:00
2026-08-06 13:00:00+00:00,25.9,0.0,1017.7,2026-08-04T10:47:46.829368+00:00,2026-08-04 10:00:00+00:00
2026-08-06 14:00:00+00:00,26.0,0.0,1017.3,2026-08-04T10:47:46.829368+00:00,2026-08-04 10:00:00+00:00
2026-08-06 15:00:00+00:00,25.8,0.0,1017.1,2026-08-04T10:47:46.829368+00:00,2026-08-04 10:00:00+00:00
2026-08-06 16:00:00+00:00,25.5,0.0,1017.1,2026-08-04T10:47:46.829368+00:00,2026-08-04 10:00:00+00:00
2026-08-06 17:00:00+00:00,24.9,0.0,1017.3,2026-08-04T10:47:46.829368+00:00,2026-08-04 10:00:00+00:00
2026-08-06 18:00:00+00:00,24.2,0.0,1017.7,2026-08-04T10:47:46.829368+00:00,2026-08-04 10:00:00+00:00
2026-08-06 19:00:00+00:00,23.2,0.0,1018.3,2026-08-04T10:47:46.829368+00:00,2026-08-04 10:00:00+00:00
2026-08-06 20:00:00+00:00,22.3,0.0,1018.9,2026-08-04T10:47:46.829368+00:00,2026-08-04 10:00:00+00:00
2026-08-06 21:00:00+00:00,21.3,0.0,1019.3,2026-08-04T10:47:46.829368+00:00,2026-08-04 10:00:00+00:00
2026-08-06 22:00:00+00:00,20.5,0.0,1019.6,2026-08-04T10:47:46.829368+00:00,2026-08-04 10:00:00+00:00
2026-08-06 23:00:00+00:00,19.8,0.0,1020.0,2026-08-04T10:47:46.829368+00:00,2026-08-04 10:00:00+00:00
2026-08-07 00:00:00+00:00,19.2,0.0,1020.3,2026-08-04T10:47:46.829368+00:00,2026-08-04 10:00:00+00:00
2026-08-07 01:00:00+00:00,18.6,0.0,1020.2,2026-08-04T10:47:46.829368+00:00,2026-08-04 10:00:00+00:00
2026-08-07 02:00:00+00:00,18.0,0.0,1020.5,2026-08-04T10:47:46.829368+00:00,2026-08-04 10:00:00+00:00
2026-08-07 03:00:00+00:00,17.6,0.0,1020.6,2026-08-04T10:47:46.829368+00:00,2026-08-04 10:00:00+00:00
2026-08-07 04:00:00+00:00,17.4,0.0,1020.7,2026-08-04T10:47:46.829368+00:00,2026-08-04 10:00:00+00:00
2026-08-07 05:00:00+00:00,17.7,0.0,1020.7,2026-08-04T10:47:46.829368+00:00,2026-08-04 10:00:00+00:00
2026-08-07 06:00:00+00:00,18.1,0.0,1020.7,2026-08-04T10:47:46.829368+00:00,2026-08-04 10:00:00+00:00
2026-08-07 07:00:00+00:00,19.1,0.0,1020.3,2026-08-04T10:47:46.829368+00:00,2026-08-04 10:00:00+00:00
2026-08-07 08:00:00+00:00,20.4,0.0,1020.1,2026-08-04T10:47:46.829368+00:00,2026-08-04 10:00:00+00:00
2026-08-07 09:00:00+00:00,21.7,0.0,1019.8,2026-08-04T10:47:46.829368+00:00,2026-08-04 10:00:00+00:00
2026-08-07 10:00:00+00:00,22.9,0.0,1019.4,2026-08-04T10:47:46.829368+00:00,2026-08-04 10:00:00+00:00
2026-08-07 11:00:00+00:00,23.8,0.0,1019.1,2026-08-04T10:47:46.829368+00:00,2026-08-04 10:00:00+00:00
2026-08-07 12:00:00+00:00,24.7,0.0,1018.2,2026-08-04T10:47:46.829368+00:00,2026-08-04 10:00:00+00:00
2026-08-07 13:00:00+00:00,25.4,0.0,1017.7,2026-08-04T10:47:46.829368+00:00,2026-08-04 10:00:00+00:00
2026-08-07 14:00:00+00:00,25.8,0.0,1017.3,2026-08-04T10:47:46.829368+00:00,2026-08-04 10:00:00+00:00
2026-08-07 15:00:00+00:00,25.4,0.0,1016.9,2026-08-04T10:47:46.829368+00:00,2026-08-04 10:00:00+00:00
2026-08-07 16:00:00+00:00,25.4,0.0,1016.5,2026-08-04T10:47:46.829368+00:00,2026-08-04 10:00:00+00:00
2026-08-07 17:00:00+00:00,24.9,0.0,1016.6,2026-08-04T10:47:46.829368+00:00,2026-08-04 10:00:00+00:00
2026-08-07 18:00:00+00:00,23.5,0.0,1016.8,2026-08-04T10:47:46.829368+00:00,2026-08-04 10:00:00+00:00
2026-08-07 19:00:00+00:00,22.3,0.0,1017.2,2026-08-04T10:47:46.829368+00:00,2026-08-04 10:00:00+00:00
2026-08-07 20:00:00+00:00,21.1,0.0,1017.8,2026-08-04T10:47:46.829368+00:00,2026-08-04 10:00:00+00:00
2026-08-07 21:00:00+00:00,19.9,0.0,1018.1,2026-08-04T10:47:46.829368+00:00,2026-08-04 10:00:00+00:00
2026-08-07 22:00:00+00:00,19.0,0.0,1018.3,2026-08-04T10:47:46.829368+00:00,2026-08-04 10:00:00+00:00
2026-08-07 23:00:00+00:00,18.1,0.0,1018.4,2026-08-04T10:47:46.829368+00:00,2026-08-04 10:00:00+00:00
2026-08-08 00:00:00+00:00,17.6,0.0,1018.2,2026-08-04T10:47:46.829368+00:00,2026-08-04 10:00:00+00:00
2026-08-08 01:00:00+00:00,16.9,0.0,1018.3,2026-08-04T10:47:46.829368+00:00,2026-08-04 10:00:00+00:00
2026-08-08 02:00:00+00:00,16.2,0.0,1018.2,2026-08-04T10:47:46.829368+00:00,2026-08-04 10:00:00+00:00
2026-08-08 03:00:00+00:00,15.9,0.0,1018.3,2026-08-04T10:47:46.829368+00:00,2026-08-04 10:00:00+00:00
2026-08-08 04:00:00+00:00,15.9,0.0,1018.3,2026-08-04T10:47:46.829368+00:00,2026-08-04 10:00:00+00:00
2026-08-08 05:00:00+00:00,16.5,0.0,1018.2,2026-08-04T10:47:46.829368+00:00,2026-08-04 10:00:00+00:00
2026-08-08 06:00:00+00:00,18.3,0.0,1017.8,2026-08-04T10:47:46.829368+00:00,2026-08-04 10:00:00+00:00
2026-08-08 07:00:00+00:00,20.3,0.0,1017.4,2026-08-04T10:47:46.829368+00:00,2026-08-04 10:00:00+00:00
2026-08-08 08:00:00+00:00,22.2,0.0,1017.0,2026-08-04T10:47:46.829368+00:00,2026-08-04 10:00:00+00:00
2026-08-08 09:00:00+00:00,24.1,0.0,1016.5,2026-08-04T10:47:46.829368+00:00,2026-08-04 10:00:00+00:00
2026-08-08 10:00:00+00:00,25.5,0.0,1016.0,2026-08-04T10:47:46.829368+00:00,2026-08-04 10:00:00+00:00
2026-08-08 11:00:00+00:00,26.7,0.0,1015.6,2026-08-04T10:47:46.829368+00:00,2026-08-04 10:00:00+00:00
2026-08-08 12:00:00+00:00,27.6,0.0,1014.9,2026-08-04T10:47:46.829368+00:00,2026-08-04 10:00:00+00:00
2026-08-08 13:00:00+00:00,28.2,0.0,1014.4,2026-08-04T10:47:46.829368+00:00,2026-08-04 10:00:00+00:00
2026-08-08 14:00:00+00:00,28.7,0.0,1013.8,2026-08-04T10:47:46.829368+00:00,2026-08-04 10:00:00+00:00
2026-08-08 15:00:00+00:00,28.7,0.0,1013.4,2026-08-04T10:47:46.829368+00:00,2026-08-04 10:00:00+00:00
2026-08-08 16:00:00+00:00,28.6,0.0,1013.3,2026-08-04T10:47:46.829368+00:00,2026-08-04 10:00:00+00:00
2026-08-08 17:00:00+00:00,28.0,0.0,1013.4,2026-08-04T10:47:46.829368+00:00,2026-08-04 10:00:00+00:00
2026-08-08 18:00:00+00:00,26.7,0.0,1013.6,2026-08-04T10:47:46.829368+00:00,2026-08-04 10:00:00+00:00
2026-08-08 19:00:00+00:00,25.3,0.0,1014.2,2026-08-04T10:47:46.829368+00:00,2026-08-04 10:00:00+00:00
2026-08-08 20:00:00+00:00,23.6,0.0,1014.7,2026-08-04T10:47:46.829368+00:00,2026-08-04 10:00:00+00:00
2026-08-08 21:00:00+00:00,22.6,0.0,1015.2,2026-08-04T10:47:46.829368+00:00,2026-08-04 10:00:00+00:00
2026-08-08 22:00:00+00:00,21.7,0.0,1015.4,2026-08-04T10:47:46.829368+00:00,2026-08-04 10:00:00+00:00
2026-08-08 23:00:00+00:00,20.6,0.0,1015.4,2026-08-04T10:47:46.829368+00:00,2026-08-04 10:00:00+00:00
2026-08-09 00:00:00+00:00,19.9,0.0,1015.4,2026-08-04T10:47:46.829368+00:00,2026-08-04 10:00:00+00:00
2026-08-09 01:00:00+00:00,19.3,0.0,1015.3,2026-08-04T10:47:46.829368+00:00,2026-08-04 10:00:00+00:00
2026-08-09 02:00:00+00:00,18.6,0.0,1015.4,2026-08-04T10:47:46.829368+00:00,2026-08-04 10:00:00+00:00
2026-08-09 03:00:00+00:00,18.3,0.0,1015.5,2026-08-04T10:47:46.829368+00:00,2026-08-04 10:00:00+00:00
2026-08-09 04:00:00+00:00,18.3,0.0,1015.5,2026-08-04T10:47:46.829368+00:00,2026-08-04 10:00:00+00:00
2026-08-09 05:00:00+00:00,19.1,0.0,1015.5,2026-08-04T10:47:46.829368+00:00,2026-08-04 10:00:00+00:00
2026-08-09 06:00:00+00:00,20.8,0.0,1015.1,2026-08-04T10:47:46.829368+00:00,2026-08-04 10:00:00+00:00
2026-08-09 07:00:00+00:00,23.2,0.0,1014.8,2026-08-04T10:47:46.829368+00:00,2026-08-04 10:00:00+00:00
2026-08-09 08:00:00+00:00,25.4,0.0,1014.3,2026-08-04T10:47:46.829368+00:00,2026-08-04 10:00:00+00:00
2026-08-09 09:00:00+00:00,27.5,0.0,1013.6,2026-08-04T10:47:46.829368+00:00,2026-08-04 10:00:00+00:00
2026-08-09 10:00:00+00:00,29.0,0.0,1013.1,2026-08-04T10:47:46.829368+00:00,2026-08-04 10:00:00+00:00
2026-08-09 11:00:00+00:00,30.4,0.0,1012.8,2026-08-04T10:47:46.829368+00:00,2026-08-04 10:00:00+00:00
2026-08-09 12:00:00+00:00,31.2,0.0,1012.8,2026-08-04T10:47:46.829368+00:00,2026-08-04 10:00:00+00:00
2026-08-09 13:00:00+00:00,31.4,0.0,1012.4,2026-08-04T10:47:46.829368+00:00,2026-08-04 10:00:00+00:00
2026-08-09 14:00:00+00:00,31.4,0.0,1012.3,2026-08-04T10:47:46.829368+00:00,2026-08-04 10:00:00+00:00
2026-08-09 15:00:00+00:00,30.9,0.0,1012.1,2026-08-04T10:47:46.829368+00:00,2026-08-04 10:00:00+00:00
2026-08-09 16:00:00+00:00,30.2,0.0,1012.2,2026-08-04T10:47:46.829368+00:00,2026-08-04 10:00:00+00:00
2026-08-09 17:00:00+00:00,29.1,0.0,1012.6,2026-08-04T10:47:46.829368+00:00,2026-08-04 10:00:00+00:00
2026-08-09 18:00:00+00:00,27.6,0.0,1013.1,2026-08-04T10:47:46.829368+00:00,2026-08-04 10:00:00+00:00
2026-08-09 19:00:00+00:00,25.9,0.0,1013.5,2026-08-04T10:47:46.829368+00:00,2026-08-04 10:00:00+00:00
2026-08-09 20:00:00+00:00,24.4,0.4,1014.0,2026-08-04T10:47:46.829368+00:00,2026-08-04 10:00:00+00:00
2026-08-09 21:00:00+00:00,22.8,0.5,1014.7,2026-08-04T10:47:46.829368+00:00,2026-08-04 10:00:00+00:00
2026-08-09 22:00:00+00:00,21.9,0.8,1015.0,2026-08-04T10:47:46.829368+00:00,2026-08-04 10:00:00+00:00
2026-08-09 23:00:00+00:00,21.5,0.7,1015.3,2026-08-04T10:47:46.829368+00:00,2026-08-04 10:00:00+00:00
2026-08-10 00:00:00+00:00,20.7,2.8,1015.2,2026-08-04T10:47:46.829368+00:00,2026-08-04 10:00:00+00:00
2026-08-10 01:00:00+00:00,20.4,0.0,1015.2,2026-08-04T10:47:46.829368+00:00,2026-08-04 10:00:00+00:00
2026-08-10 02:00:00+00:00,20.1,0.0,1015.4,2026-08-04T10:47:46.829368+00:00,2026-08-04 10:00:00+00:00
2026-08-10 03:00:00+00:00,19.8,0.0,1015.3,2026-08-04T10:47:46.829368+00:00,2026-08-04 10:00:00+00:00
2026-08-10 04:00:00+00:00,19.8,0.0,1015.4,2026-08-04T10:47:46.829368+00:00,2026-08-04 10:00:00+00:00
2026-08-10 05:00:00+00:00,20.2,0.0,1015.5,2026-08-04T10:47:46.829368+00:00,2026-08-04 10:00:00+00:00
2026-08-10 06:00:00+00:00,20.9,0.0,1015.5,2026-08-04T10:47:46.829368+00:00,2026-08-04 10:00:00+00:00
2026-08-10 07:00:00+00:00,22.5,0.0,1015.5,2026-08-04T10:47:46.829368+00:00,2026-08-04 10:00:00+00:00
2026-08-10 08:00:00+00:00,24.4,0.0,1015.5,2026-08-04T10:47:46.829368+00:00,2026-08-04 10:00:00+00:00
2026-08-10 09:00:00+00:00,25.3,0.0,1015.5,2026-08-04T10:47:46.829368+00:00,2026-08-04 10:00:00+00:00
2026-08-10 10:00:00+00:00,26.2,0.4,1015.4,2026-08-04T10:47:46.829368+00:00,2026-08-04 10:00:00+00:00
2026-08-10 11:00:00+00:00,27.1,0.8,1015.1,2026-08-04T10:47:46.829368+00:00,2026-08-04 10:00:00+00:00
2026-08-10 12:00:00+00:00,27.0,0.6,1015.1,2026-08-04T10:47:46.829368+00:00,2026-08-04 10:00:00+00:00
2026-08-10 13:00:00+00:00,27.0,0.2,1014.8,2026-08-04T10:47:46.829368+00:00,2026-08-04 10:00:00+00:00
2026-08-10 14:00:00+00:00,27.2,0.4,1014.6,2026-08-04T10:47:46.829368+00:00,2026-08-04 10:00:00+00:00
2026-08-10 15:00:00+00:00,27.0,0.5,1014.7,2026-08-04T10:47:46.829368+00:00,2026-08-04 10:00:00+00:00
2026-08-10 16:00:00+00:00,26.5,0.7,1014.7,2026-08-04T10:47:46.829368+00:00,2026-08-04 10:00:00+00:00
2026-08-10 17:00:00+00:00,25.4,0.8,1015.1,2026-08-04T10:47:46.829368+00:00,2026-08-04 10:00:00+00:00
2026-08-10 18:00:00+00:00,24.2,0.4,1015.7,2026-08-04T10:47:46.829368+00:00,2026-08-04 10:00:00+00:00
2026-08-10 19:00:00+00:00,22.7,0.0,1016.5,2026-08-04T10:47:46.829368+00:00,2026-08-04 10:00:00+00:00
2026-08-10 20:00:00+00:00,21.3,0.0,1017.1,2026-08-04T10:47:46.829368+00:00,2026-08-04 10:00:00+00:00
2026-08-10 21:00:00+00:00,20.7,0.0,1017.7,2026-08-04T10:47:46.829368+00:00,2026-08-04 10:00:00+00:00
2026-08-10 22:00:00+00:00,20.0,0.0,1018.0,2026-08-04T10:47:46.829368+00:00,2026-08-04 10:00:00+00:00
2026-08-10 23:00:00+00:00,19.4,0.0,1018.3,2026-08-04T10:47:46.829368+00:00,2026-08-04 10:00:00+00:00
2026-08-11 00:00:00+00:00,18.6,0.0,1018.1,2026-08-04T10:47:46.829368+00:00,2026-08-04 10:00:00+00:00
2026-08-11 01:00:00+00:00,18.2,0.0,1018.4,2026-08-04T10:47:46.829368+00:00,2026-08-04 10:00:00+00:00
2026-08-11 02:00:00+00:00,17.9,0.0,1018.5,2026-08-04T10:47:46.829368+00:00,2026-08-04 10:00:00+00:00
2026-08-11 03:00:00+00:00,17.5,0.0,1018.5,2026-08-04T10:47:46.829368+00:00,2026-08-04 10:00:00+00:00
2026-08-11 04:00:00+00:00,17.6,0.0,1018.6,2026-08-04T10:47:46.829368+00:00,2026-08-04 10:00:00+00:00
2026-08-11 05:00:00+00:00,18.1,0.0,1018.8,2026-08-04T10:47:46.829368+00:00,2026-08-04 10:00:00+00:00
2026-08-11 06:00:00+00:00,19.3,0.0,1019.1,2026-08-04T10:47:46.829368+00:00,2026-08-04 10:00:00+00:00
2026-08-11 07:00:00+00:00,20.8,0.0,1018.8,2026-08-04T10:47:46.829368+00:00,2026-08-04 10:00:00+00:00
2026-08-11 08:00:00+00:00,22.8,0.0,1018.6,2026-08-04T10:47:46.829368+00:00,2026-08-04 10:00:00+00:00
2026-08-11 09:00:00+00:00,24.3,0.0,1018.3,2026-08-04T10:47:46.829368+00:00,2026-08-04 10:00:00+00:00
2026-08-11 10:00:00+00:00,25.6,0.0,1017.9,2026-08-04T10:47:46.829368+00:00,2026-08-04 10:00:00+00:00
2026-08-11 11:00:00+00:00,26.5,0.0,1017.6,2026-08-04T10:47:46.829368+00:00,2026-08-04 10:00:00+00:00
2026-08-11 12:00:00+00:00,27.4,0.0,1017.2,2026-08-04T10:47:46.829368+00:00,2026-08-04 10:00:00+00:00
2026-08-11 13:00:00+00:00,28.0,0.0,1016.7,2026-08-04T10:47:46.829368+00:00,2026-08-04 10:00:00+00:00
2026-08-11 14:00:00+00:00,28.3,0.0,1016.3,2026-08-04T10:47:46.829368+00:00,2026-08-04 10:00:00+00:00
2026-08-11 15:00:00+00:00,28.3,0.0,1016.1,2026-08-04T10:47:46.829368+00:00,2026-08-04 10:00:00+00:00
2026-08-11 16:00:00+00:00,27.8,0.0,1016.0,2026-08-04T10:47:46.829368+00:00,2026-08-04 10:00:00+00:00
2026-08-11 17:00:00+00:00,26.5,0.0,1015.9,2026-08-04T10:47:46.829368+00:00,2026-08-04 10:00:00+00:00
2026-08-11 18:00:00+00:00,25.1,0.0,1016.4,2026-08-04T10:47:46.829368+00:00,2026-08-04 10:00:00+00:00
2026-08-11 19:00:00+00:00,23.4,0.0,1016.9,2026-08-04T10:47:46.829368+00:00,2026-08-04 10:00:00+00:00
2026-08-11 20:00:00+00:00,22.0,0.0,1017.4,2026-08-04T10:47:46.829368+00:00,2026-08-04 10:00:00+00:00
2026-08-11 21:00:00+00:00,21.0,0.0,1017.7,2026-08-04T10:47:46.829368+00:00,2026-08-04 10:00:00+00:00
2026-08-11 22:00:00+00:00,20.2,0.0,1018.0,2026-08-04T10:47:46.829368+00:00,2026-08-04 10:00:00+00:00
2026-08-11 23:00:00+00:00,19.7,0.0,1018.1,2026-08-04T10:47:46.829368+00:00,2026-08-04 10:00:00+00:00
2026-08-12 00:00:00+00:00,18.8,0.0,1018.2,2026-08-04T10:47:46.829368+00:00,2026-08-04 10:00:00+00:00
2026-08-12 01:00:00+00:00,18.6,0.0,1018.1,2026-08-04T10:47:46.829368+00:00,2026-08-04 10:00:00+00:00
2026-08-12 02:00:00+00:00,18.0,0.0,1018.1,2026-08-04T10:47:46.829368+00:00,2026-08-04 10:00:00+00:00
2026-08-12 03:00:00+00:00,17.7,0.0,1018.1,2026-08-04T10:47:46.829368+00:00,2026-08-04 10:00:00+00:00
2026-08-12 04:00:00+00:00,17.7,0.0,1018.1,2026-08-04T10:47:46.829368+00:00,2026-08-04 10:00:00+00:00
2026-08-12 05:00:00+00:00,18.1,0.0,1018.2,2026-08-04T10:47:46.829368+00:00,2026-08-04 10:00:00+00:00
2026-08-12 06:00:00+00:00,19.6,0.0,1018.0,2026-08-04T10:47:46.829368+00:00,2026-08-04 10:00:00+00:00
2026-08-12 07:00:00+00:00,21.3,0.0,1017.9,2026-08-04T10:47:46.829368+00:00,2026-08-04 10:00:00+00:00
2026-08-12 08:00:00+00:00,23.0,0.0,1017.6,2026-08-04T10:47:46.829368+00:00,2026-08-04 10:00:00+00:00
2026-08-12 09:00:00+00:00,24.6,0.0,1017.2,2026-08-04T10:47:46.829368+00:00,2026-08-04 10:00:00+00:00
2026-08-12 10:00:00+00:00,25.8,0.0,1016.9,2026-08-04T10:47:46.829368+00:00,2026-08-04 10:00:00+00:00
2026-06-25 12:00:00+00:00,32.9,0.0,1015.2,2026-08-04T11:18:45.593004+00:00,2026-08-04 11:00:00+00:00
2026-06-25 13:00:00+00:00,33.6,0.0,1015.0,2026-08-04T11:18:45.593004+00:00,2026-08-04 11:00:00+00:00
2026-06-25 14:00:00+00:00,33.9,0.0,1014.6,2026-08-04T11:18:45.593004+00:00,2026-08-04 11:00:00+00:00
2026-06-25 15:00:00+00:00,33.9,0.0,1014.3,2026-08-04T11:18:45.593004+00:00,2026-08-04 11:00:00+00:00
2026-06-25 16:00:00+00:00,33.5,0.0,1014.3,2026-08-04T11:18:45.593004+00:00,2026-08-04 11:00:00+00:00
2026-06-25 17:00:00+00:00,32.6,0.0,1014.3,2026-08-04T11:18:45.593004+00:00,2026-08-04 11:00:00+00:00
2026-06-25 18:00:00+00:00,31.5,0.0,1014.6,2026-08-04T11:18:45.593004+00:00,2026-08-04 11:00:00+00:00
2026-06-25 19:00:00+00:00,30.1,0.0,1014.9,2026-08-04T11:18:45.593004+00:00,2026-08-04 11:00:00+00:00
2026-06-25 20:00:00+00:00,28.2,0.0,1015.9,2026-08-04T11:18:45.593004+00:00,2026-08-04 11:00:00+00:00
2026-06-25 21:00:00+00:00,27.9,0.0,1016.3,2026-08-04T11:18:45.593004+00:00,2026-08-04 11:00:00+00:00
2026-06-25 22:00:00+00:00,27.5,0.0,1016.5,2026-08-04T11:18:45.593004+00:00,2026-08-04 11:00:00+00:00
2026-06-25 23:00:00+00:00,26.5,0.0,1016.8,2026-08-04T11:18:45.593004+00:00,2026-08-04 11:00:00+00:00
2026-06-26 00:00:00+00:00,25.2,0.0,1016.8,2026-08-04T11:18:45.593004+00:00,2026-08-04 11:00:00+00:00
2026-06-26 01:00:00+00:00,22.9,0.0,1017.2,2026-08-04T11:18:45.593004+00:00,2026-08-04 11:00:00+00:00
2026-06-26 02:00:00+00:00,21.5,0.0,1017.7,2026-08-04T11:18:45.593004+00:00,2026-08-04 11:00:00+00:00
2026-06-26 03:00:00+00:00,20.5,0.0,1018.2,2026-08-04T11:18:45.593004+00:00,2026-08-04 11:00:00+00:00
2026-06-26 04:00:00+00:00,20.1,0.0,1018.3,2026-08-04T11:18:45.593004+00:00,2026-08-04 11:00:00+00:00
2026-06-26 05:00:00+00:00,22.1,0.0,1018.1,2026-08-04T11:18:45.593004+00:00,2026-08-04 11:00:00+00:00
2026-06-26 06:00:00+00:00,25.0,0.0,1017.9,2026-08-04T11:18:45.593004+00:00,2026-08-04 11:00:00+00:00
2026-06-26 07:00:00+00:00,28.3,0.0,1017.6,2026-08-04T11:18:45.593004+00:00,2026-08-04 11:00:00+00:00
2026-06-26 08:00:00+00:00,29.8,0.0,1017.5,2026-08-04T11:18:45.593004+00:00,2026-08-04 11:00:00+00:00
2026-06-26 09:00:00+00:00,31.4,0.0,1017.2,2026-08-04T11:18:45.593004+00:00,2026-08-04 11:00:00+00:00
2026-06-26 10:00:00+00:00,31.8,0.0,1017.3,2026-08-04T11:18:45.593004+00:00,2026-08-04 11:00:00+00:00
2026-06-26 11:00:00+00:00,33.6,0.0,1016.6,2026-08-04T11:18:45.593004+00:00,2026-08-04 11:00:00+00:00
2026-06-26 12:00:00+00:00,33.6,0.0,1016.4,2026-08-04T11:18:45.593004+00:00,2026-08-04 11:00:00+00:00
2026-06-26 13:00:00+00:00,33.3,0.0,1016.2,2026-08-04T11:18:45.593004+00:00,2026-08-04 11:00:00+00:00
2026-06-26 14:00:00+00:00,33.9,0.0,1015.9,2026-08-04T11:18:45.593004+00:00,2026-08-04 11:00:00+00:00
2026-06-26 15:00:00+00:00,34.2,0.0,1015.7,2026-08-04T11:18:45.593004+00:00,2026-08-04 11:00:00+00:00
2026-06-26 16:00:00+00:00,34.0,0.0,1015.5,2026-08-04T11:18:45.593004+00:00,2026-08-04 11:00:00+00:00
2026-06-26 17:00:00+00:00,33.3,0.0,1015.4,2026-08-04T11:18:45.593004+00:00,2026-08-04 11:00:00+00:00
2026-06-26 18:00:00+00:00,32.4,0.0,1015.7,2026-08-04T11:18:45.593004+00:00,2026-08-04 11:00:00+00:00
2026-06-26 19:00:00+00:00,30.7,0.0,1016.2,2026-08-04T11:18:45.593004+00:00,2026-08-04 11:00:00+00:00
2026-06-26 20:00:00+00:00,27.1,0.0,1017.4,2026-08-04T11:18:45.593004+00:00,2026-08-04 11:00:00+00:00
2026-06-26 21:00:00+00:00,25.2,0.0,1017.8,2026-08-04T11:18:45.593004+00:00,2026-08-04 11:00:00+00:00
2026-06-26 22:00:00+00:00,23.1,0.0,1018.4,2026-08-04T11:18:45.593004+00:00,2026-08-04 11:00:00+00:00
2026-06-26 23:00:00+00:00,22.2,0.0,1018.5,2026-08-04T11:18:45.593004+00:00,2026-08-04 11:00:00+00:00
2026-06-27 00:00:00+00:00,21.2,0.0,1018.5,2026-08-04T11:18:45.593004+00:00,2026-08-04 11:00:00+00:00
2026-06-27 01:00:00+00:00,20.9,0.0,1018.7,2026-08-04T11:18:45.593004+00:00,2026-08-04 11:00:00+00:00
2026-06-27 02:00:00+00:00,19.8,0.0,1018.7,2026-08-04T11:18:45.593004+00:00,2026-08-04 11:00:00+00:00
2026-06-27 03:00:00+00:00,19.6,0.0,1018.9,2026-08-04T11:18:45.593004+00:00,2026-08-04 11:00:00+00:00
2026-06-27 04:00:00+00:00,19.3,0.0,1019.2,2026-08-04T11:18:45.593004+00:00,2026-08-04 11:00:00+00:00
2026-06-27 05:00:00+00:00,22.5,0.0,1018.6,2026-08-04T11:18:45.593004+00:00,2026-08-04 11:00:00+00:00
2026-06-27 06:00:00+00:00,24.3,0.0,1018.6,2026-08-04T11:18:45.593004+00:00,2026-08-04 11:00:00+00:00
2026-06-27 07:00:00+00:00,27.1,0.0,1018.0,2026-08-04T11:18:45.593004+00:00,2026-08-04 11:00:00+00:00
2026-06-27 08:00:00+00:00,29.9,0.0,1017.6,2026-08-04T11:18:45.593004+00:00,2026-08-04 11:00:00+00:00
2026-06-27 09:00:00+00:00,31.5,0.0,1017.2,2026-08-04T11:18:45.593004+00:00,2026-08-04 11:00:00+00:00
2026-06-27 10:00:00+00:00,33.1,0.0,1016.4,2026-08-04T11:18:45.593004+00:00,2026-08-04 11:00:00+00:00
2026-06-27 11:00:00+00:00,34.6,0.0,1015.9,2026-08-04T11:18:45.593004+00:00,2026-08-04 11:00:00+00:00
2026-06-27 12:00:00+00:00,35.9,0.0,1015.3,2026-08-04T11:18:45.593004+00:00,2026-08-04 11:00:00+00:00
2026-06-27 13:00:00+00:00,36.3,0.0,1014.7,2026-08-04T11:18:45.593004+00:00,2026-08-04 11:00:00+00:00
2026-06-27 14:00:00+00:00,36.3,0.0,1014.5,2026-08-04T11:18:45.593004+00:00,2026-08-04 11:00:00+00:00
2026-06-27 15:00:00+00:00,35.6,0.0,1014.1,2026-08-04T11:18:45.593004+00:00,2026-08-04 11:00:00+00:00
2026-06-27 16:00:00+00:00,35.9,0.0,1013.6,2026-08-04T11:18:45.593004+00:00,2026-08-04 11:00:00+00:00
2026-06-27 17:00:00+00:00,35.5,0.0,1013.7,2026-08-04T11:18:45.593004+00:00,2026-08-04 11:00:00+00:00
2026-06-27 18:00:00+00:00,34.5,0.0,1013.8,2026-08-04T11:18:45.593004+00:00,2026-08-04 11:00:00+00:00
2026-06-27 19:00:00+00:00,32.9,0.0,1014.4,2026-08-04T11:18:45.593004+00:00,2026-08-04 11:00:00+00:00
2026-06-27 20:00:00+00:00,29.3,0.0,1015.4,2026-08-04T11:18:45.593004+00:00,2026-08-04 11:00:00+00:00
2026-06-27 21:00:00+00:00,27.5,0.0,1015.6,2026-08-04T11:18:45.593004+00:00,2026-08-04 11:00:00+00:00
2026-06-27 22:00:00+00:00,26.2,0.0,1016.2,2026-08-04T11:18:45.593004+00:00,2026-08-04 11:00:00+00:00
2026-06-27 23:00:00+00:00,25.4,0.0,1016.3,2026-08-04T11:18:45.593004+00:00,2026-08-04 11:00:00+00:00
2026-06-28 00:00:00+00:00,26.1,0.0,1015.9,2026-08-04T11:18:45.593004+00:00,2026-08-04 11:00:00+00:00
2026-06-28 01:00:00+00:00,25.8,0.0,1015.6,2026-08-04T11:18:45.593004+00:00,2026-08-04 11:00:00+00:00
2026-06-28 02:00:00+00:00,24.5,0.0,1016.1,2026-08-04T11:18:45.593004+00:00,2026-08-04 11:00:00+00:00
2026-06-28 03:00:00+00:00,25.2,0.0,1016.1,2026-08-04T11:18:45.593004+00:00,2026-08-04 11:00:00+00:00
2026-06-28 04:00:00+00:00,23.5,0.0,1016.9,2026-08-04T11:18:45.593004+00:00,2026-08-04 11:00:00+00:00
2026-06-28 05:00:00+00:00,25.8,0.0,1016.7,2026-08-04T11:18:45.593004+00:00,2026-08-04 11:00:00+00:00
2026-06-28 06:00:00+00:00,28.3,0.0,1016.5,2026-08-04T11:18:45.593004+00:00,2026-08-04 11:00:00+00:00
2026-06-28 07:00:00+00:00,30.9,0.0,1016.2,2026-08-04T11:18:45.593004+00:00,2026-08-04 11:00:00+00:00
2026-06-28 08:00:00+00:00,32.1,0.0,1016.2,2026-08-04T11:18:45.593004+00:00,2026-08-04 11:00:00+00:00
2026-06-28 09:00:00+00:00,33.5,0.0,1016.4,2026-08-04T11:18:45.593004+00:00,2026-08-04 11:00:00+00:00
2026-06-28 10:00:00+00:00,33.8,0.0,1017.1,2026-08-04T11:18:45.593004+00:00,2026-08-04 11:00:00+00:00
2026-06-28 11:00:00+00:00,33.1,0.0,1017.3,2026-08-04T11:18:45.593004+00:00,2026-08-04 11:00:00+00:00
2026-06-28 12:00:00+00:00,32.5,0.0,1017.2,2026-08-04T11:18:45.593004+00:00,2026-08-04 11:00:00+00:00
2026-06-28 13:00:00+00:00,35.1,0.0,1016.3,2026-08-04T11:18:45.593004+00:00,2026-08-04 11:00:00+00:00
2026-06-28 14:00:00+00:00,35.1,0.0,1015.9,2026-08-04T11:18:45.593004+00:00,2026-08-04 11:00:00+00:00
2026-06-28 15:00:00+00:00,33.7,0.0,1015.8,2026-08-04T11:18:45.593004+00:00,2026-08-04 11:00:00+00:00
2026-06-28 16:00:00+00:00,31.9,0.0,1016.4,2026-08-04T11:18:45.593004+00:00,2026-08-04 11:00:00+00:00
2026-06-28 17:00:00+00:00,31.4,0.0,1016.6,2026-08-04T11:18:45.593004+00:00,2026-08-04 11:00:00+00:00
2026-06-28 18:00:00+00:00,30.6,0.0,1017.0,2026-08-04T11:18:45.593004+00:00,2026-08-04 11:00:00+00:00
2026-06-28 19:00:00+00:00,28.9,0.0,1017.8,2026-08-04T11:18:45.593004+00:00,2026-08-04 11:00:00+00:00
2026-06-28 20:00:00+00:00,27.8,0.0,1018.3,2026-08-04T11:18:45.593004+00:00,2026-08-04 11:00:00+00:00
2026-06-28 21:00:00+00:00,25.9,0.0,1017.9,2026-08-04T11:18:45.593004+00:00,2026-08-04 11:00:00+00:00
2026-06-28 22:00:00+00:00,24.7,0.0,1018.8,2026-08-04T11:18:45.593004+00:00,2026-08-04 11:00:00+00:00
2026-06-28 23:00:00+00:00,24.4,0.0,1018.8,2026-08-04T11:18:45.593004+00:00,2026-08-04 11:00:00+00:00
2026-06-29 00:00:00+00:00,23.3,0.0,1018.6,2026-08-04T11:18:45.593004+00:00,2026-08-04 11:00:00+00:00
2026-06-29 01:00:00+00:00,22.9,0.0,1018.5,2026-08-04T11:18:45.593004+00:00,2026-08-04 11:00:00+00:00
2026-06-29 02:00:00+00:00,22.0,0.0,1018.6,2026-08-04T11:18:45.593004+00:00,2026-08-04 11:00:00+00:00
2026-06-29 03:00:00+00:00,23.0,0.0,1018.4,2026-08-04T11:18:45.593004+00:00,2026-08-04 11:00:00+00:00
2026-06-29 04:00:00+00:00,23.4,0.0,1018.2,2026-08-04T11:18:45.593004+00:00,2026-08-04 11:00:00+00:00
2026-06-29 05:00:00+00:00,24.0,0.0,1017.9,2026-08-04T11:18:45.593004+00:00,2026-08-04 11:00:00+00:00
2026-06-29 06:00:00+00:00,24.0,0.0,1018.4,2026-08-04T11:18:45.593004+00:00,2026-08-04 11:00:00+00:00
2026-06-29 07:00:00+00:00,23.4,0.0,1020.1,2026-08-04T11:18:45.593004+00:00,2026-08-04 11:00:00+00:00
2026-06-29 08:00:00+00:00,25.6,0.0,1020.3,2026-08-04T11:18:45.593004+00:00,2026-08-04 11:00:00+00:00
2026-06-29 09:00:00+00:00,27.6,0.0,1020.6,2026-08-04T11:18:45.593004+00:00,2026-08-04 11:00:00+00:00
2026-06-29 10:00:00+00:00,28.5,0.0,1020.4,2026-08-04T11:18:45.593004+00:00,2026-08-04 11:00:00+00:00
2026-06-29 11:00:00+00:00,28.7,0.0,1020.3,2026-08-04T11:18:45.593004+00:00,2026-08-04 11:00:00+00:00
2026-06-29 12:00:00+00:00,30.3,0.0,1019.6,2026-08-04T11:18:45.593004+00:00,2026-08-04 11:00:00+00:00
2026-06-29 13:00:00+00:00,29.9,0.0,1019.0,2026-08-04T11:18:45.593004+00:00,2026-08-04 11:00:00+00:00
2026-06-29 14:00:00+00:00,29.8,0.0,1018.6,2026-08-04T11:18:45.593004+00:00,2026-08-04 11:00:00+00:00
2026-06-29 15:00:00+00:00,29.3,0.0,1018.6,2026-08-04T11:18:45.593004+00:00,2026-08-04 11:00:00+00:00
2026-06-29 16:00:00+00:00,29.8,0.0,1018.6,2026-08-04T11:18:45.593004+00:00,2026-08-04 11:00:00+00:00
2026-06-29 17:00:00+00:00,28.8,0.0,1018.9,2026-08-04T11:18:45.593004+00:00,2026-08-04 11:00:00+00:00
2026-06-29 18:00:00+00:00,27.5,0.0,1018.9,2026-08-04T11:18:45.593004+00:00,2026-08-04 11:00:00+00:00
2026-06-29 19:00:00+00:00,18.5,24.2,1023.3,2026-08-04T11:18:45.593004+00:00,2026-08-04 11:00:00+00:00
2026-06-29 20:00:00+00:00,18.9,4.1,1022.6,2026-08-04T11:18:45.593004+00:00,2026-08-04 11:00:00+00:00
2026-06-29 21:00:00+00:00,19.0,3.1,1022.7,2026-08-04T11:18:45.593004+00:00,2026-08-04 11:00:00+00:00
2026-06-29 22:00:00+00:00,18.8,1.7,1023.2,2026-08-04T11:18:45.593004+00:00,2026-08-04 11:00:00+00:00
2026-06-29 23:00:00+00:00,18.8,0.5,1023.2,2026-08-04T11:18:45.593004+00:00,2026-08-04 11:00:00+00:00
2026-06-30 00:00:00+00:00,19.0,0.2,1022.2,2026-08-04T11:18:45.593004+00:00,2026-08-04 11:00:00+00:00
2026-06-30 01:00:00+00:00,19.3,0.1,1021.2,2026-08-04T11:18:45.593004+00:00,2026-08-04 11:00:00+00:00
2026-06-30 02:00:00+00:00,19.1,0.0,1021.7,2026-08-04T11:18:45.593004+00:00,2026-08-04 11:00:00+00:00
2026-06-30 03:00:00+00:00,18.7,0.0,1021.7,2026-08-04T11:18:45.593004+00:00,2026-08-04 11:00:00+00:00
2026-06-30 04:00:00+00:00,18.8,0.0,1021.6,2026-08-04T11:18:45.593004+00:00,2026-08-04 11:00:00+00:00
2026-06-30 05:00:00+00:00,19.1,0.0,1021.6,2026-08-04T11:18:45.593004+00:00,2026-08-04 11:00:00+00:00
2026-06-30 06:00:00+00:00,20.2,0.0,1021.4,2026-08-04T11:18:45.593004+00:00,2026-08-04 11:00:00+00:00
2026-06-30 07:00:00+00:00,20.9,0.0,1021.2,2026-08-04T11:18:45.593004+00:00,2026-08-04 11:00:00+00:00
2026-06-30 08:00:00+00:00,23.9,0.0,1020.6,2026-08-04T11:18:45.593004+00:00,2026-08-04 11:00:00+00:00
2026-06-30 09:00:00+00:00,24.2,0.0,1020.1,2026-08-04T11:18:45.593004+00:00,2026-08-04 11:00:00+00:00
2026-06-30 10:00:00+00:00,24.5,0.0,1019.7,2026-08-04T11:18:45.593004+00:00,2026-08-04 11:00:00+00:00
2026-06-30 11:00:00+00:00,26.2,0.0,1019.0,2026-08-04T11:18:45.593004+00:00,2026-08-04 11:00:00+00:00
2026-06-30 12:00:00+00:00,28.0,0.0,1018.2,2026-08-04T11:18:45.593004+00:00,2026-08-04 11:00:00+00:00
2026-06-30 13:00:00+00:00,27.6,0.0,1017.5,2026-08-04T11:18:45.593004+00:00,2026-08-04 11:00:00+00:00
2026-06-30 14:00:00+00:00,27.3,0.0,1016.9,2026-08-04T11:18:45.593004+00:00,2026-08-04 11:00:00+00:00
2026-06-30 15:00:00+00:00,27.3,0.0,1016.7,2026-08-04T11:18:45.593004+00:00,2026-08-04 11:00:00+00:00
2026-06-30 16:00:00+00:00,27.6,0.0,1015.9,2026-08-04T11:18:45.593004+00:00,2026-08-04 11:00:00+00:00
2026-06-30 17:00:00+00:00,27.3,0.0,1015.7,2026-08-04T11:18:45.593004+00:00,2026-08-04 11:00:00+00:00
2026-06-30 18:00:00+00:00,26.6,0.0,1015.7,2026-08-04T11:18:45.593004+00:00,2026-08-04 11:00:00+00:00
2026-06-30 19:00:00+00:00,25.8,0.0,1016.1,2026-08-04T11:18:45.593004+00:00,2026-08-04 11:00:00+00:00
2026-06-30 20:00:00+00:00,25.1,0.0,1016.7,2026-08-04T11:18:45.593004+00:00,2026-08-04 11:00:00+00:00
2026-06-30 21:00:00+00:00,24.3,0.0,1016.5,2026-08-04T11:18:45.593004+00:00,2026-08-04 11:00:00+00:00
2026-06-30 22:00:00+00:00,23.9,0.0,1016.8,2026-08-04T11:18:45.593004+00:00,2026-08-04 11:00:00+00:00
2026-06-30 23:00:00+00:00,22.5,0.0,1016.9,2026-08-04T11:18:45.593004+00:00,2026-08-04 11:00:00+00:00
2026-07-01 00:00:00+00:00,21.6,0.0,1016.7,2026-08-04T11:18:45.593004+00:00,2026-08-04 11:00:00+00:00
2026-07-01 01:00:00+00:00,21.5,0.0,1016.3,2026-08-04T11:18:45.593004+00:00,2026-08-04 11:00:00+00:00
2026-07-01 02:00:00+00:00,21.1,0.0,1016.3,2026-08-04T11:18:45.593004+00:00,2026-08-04 11:00:00+00:00
2026-07-01 03:00:00+00:00,21.0,0.0,1016.2,2026-08-04T11:18:45.593004+00:00,2026-08-04 11:00:00+00:00
2026-07-01 04:00:00+00:00,20.8,0.0,1015.9,2026-08-04T11:18:45.593004+00:00,2026-08-04 11:00:00+00:00
2026-07-01 05:00:00+00:00,21.2,0.0,1015.8,2026-08-04T11:18:45.593004+00:00,2026-08-04 11:00:00+00:00
2026-07-01 06:00:00+00:00,21.1,0.0,1016.2,2026-08-04T11:18:45.593004+00:00,2026-08-04 11:00:00+00:00
2026-07-01 07:00:00+00:00,21.5,0.0,1016.1,2026-08-04T11:18:45.593004+00:00,2026-08-04 11:00:00+00:00
2026-07-01 08:00:00+00:00,20.8,0.0,1016.3,2026-08-04T11:18:45.593004+00:00,2026-08-04 11:00:00+00:00
2026-07-01 09:00:00+00:00,17.2,12.1,1018.8,2026-08-04T11:18:45.593004+00:00,2026-08-04 11:00:00+00:00
2026-07-01 10:00:00+00:00,17.3,3.4,1019.8,2026-08-04T11:18:45.593004+00:00,2026-08-04 11:00:00+00:00
2026-07-01 11:00:00+00:00,18.5,0.8,1019.7,2026-08-04T11:18:45.593004+00:00,2026-08-04 11:00:00+00:00
2026-07-01 12:00:00+00:00,18.6,0.2,1020.2,2026-08-04T11:18:45.593004+00:00,2026-08-04 11:00:00+00:00
2026-07-01 13:00:00+00:00,17.9,1.7,1020.5,2026-08-04T11:18:45.593004+00:00,2026-08-04 11:00:00+00:00
2026-07-01 14:00:00+00:00,16.8,11.5,1021.2,2026-08-04T11:18:45.593004+00:00,2026-08-04 11:00:00+00:00
2026-07-01 15:00:00+00:00,16.8,0.0,1021.1,2026-08-04T11:18:45.593004+00:00,2026-08-04 11:00:00+00:00
2026-07-01 16:00:00+00:00,17.3,0.0,1020.4,2026-08-04T11:18:45.593004+00:00,2026-08-04 11:00:00+00:00
2026-07-01 17:00:00+00:00,17.9,0.0,1019.9,2026-08-04T11:18:45.593004+00:00,2026-08-04 11:00:00+00:00
2026-07-01 18:00:00+00:00,18.5,0.0,1019.7,2026-08-04T11:18:45.593004+00:00,2026-08-04 11:00:00+00:00
2026-07-01 19:00:00+00:00,18.2,0.0,1020.2,2026-08-04T11:18:45.593004+00:00,2026-08-04 11:00:00+00:00
2026-07-01 20:00:00+00:00,17.6,0.0,1021.1,2026-08-04T11:18:45.593004+00:00,2026-08-04 11:00:00+00:00
2026-07-01 21:00:00+00:00,17.3,0.0,1021.4,2026-08-04T11:18:45.593004+00:00,2026-08-04 11:00:00+00:00
2026-07-01 22:00:00+00:00,16.7,0.0,1021.7,2026-08-04T11:18:45.593004+00:00,2026-08-04 11:00:00+00:00
2026-07-01 23:00:00+00:00,16.2,0.0,1022.2,2026-08-04T11:18:45.593004+00:00,2026-08-04 11:00:00+00:00
2026-07-02 00:00:00+00:00,15.7,0.0,1022.2,2026-08-04T11:18:45.593004+00:00,2026-08-04 11:00:00+00:00
2026-07-02 01:00:00+00:00,15.5,0.0,1022.1,2026-08-04T11:18:45.593004+00:00,2026-08-04 11:00:00+00:00
2026-07-02 02:00:00+00:00,14.6,0.0,1022.2,2026-08-04T11:18:45.593004+00:00,2026-08-04 11:00:00+00:00
2026-07-02 03:00:00+00:00,14.0,0.0,1022.3,2026-08-04T11:18:45.593004+00:00,2026-08-04 11:00:00+00:00
2026-07-02 04:00:00+00:00,14.1,0.0,1022.3,2026-08-04T11:18:45.593004+00:00,2026-08-04 11:00:00+00:00
2026-07-02 05:00:00+00:00,15.2,0.0,1022.2,2026-08-04T11:18:45.593004+00:00,2026-08-04 11:00:00+00:00
2026-07-02 06:00:00+00:00,17.1,0.0,1021.9,2026-08-04T11:18:45.593004+00:00,2026-08-04 11:00:00+00:00
2026-07-02 07:00:00+00:00,19.7,0.0,1021.4,2026-08-04T11:18:45.593004+00:00,2026-08-04 11:00:00+00:00
2026-07-02 08:00:00+00:00,21.4,0.0,1021.2,2026-08-04T11:18:45.593004+00:00,2026-08-04 11:00:00+00:00
2026-07-02 09:00:00+00:00,23.0,0.0,1020.9,2026-08-04T11:18:45.593004+00:00,2026-08-04 11:00:00+00:00
2026-07-02 10:00:00+00:00,24.0,0.0,1020.6,2026-08-04T11:18:45.593004+00:00,2026-08-04 11:00:00+00:00
2026-07-02 11:00:00+00:00,24.6,0.0,1020.2,2026-08-04T11:18:45.593004+00:00,2026-08-04 11:00:00+00:00
2026-07-02 12:00:00+00:00,25.1,0.0,1019.7,2026-08-04T11:18:45.593004+00:00,2026-08-04 11:00:00+00:00
2026-07-02 13:00:00+00:00,25.9,0.0,1019.0,2026-08-04T11:18:45.593004+00:00,2026-08-04 11:00:00+00:00
2026-07-02 14:00:00+00:00,26.8,0.0,1018.4,2026-08-04T11:18:45.593004+00:00,2026-08-04 11:00:00+00:00
2026-07-02 15:00:00+00:00,25.7,0.0,1018.3,2026-08-04T11:18:45.593004+00:00,2026-08-04 11:00:00+00:00
2026-07-02 16:00:00+00:00,26.0,0.0,1017.8,2026-08-04T11:18:45.593004+00:00,2026-08-04 11:00:00+00:00
2026-07-02 17:00:00+00:00,25.8,0.0,1017.6,2026-08-04T11:18:45.593004+00:00,2026-08-04 11:00:00+00:00
2026-07-02 18:00:00+00:00,25.2,0.0,1017.6,2026-08-04T11:18:45.593004+00:00,2026-08-04 11:00:00+00:00
2026-07-02 19:00:00+00:00,24.4,0.0,1018.1,2026-08-04T11:18:45.593004+00:00,2026-08-04 11:00:00+00:00
2026-07-02 20:00:00+00:00,23.5,0.0,1018.7,2026-08-04T11:18:45.593004+00:00,2026-08-04 11:00:00+00:00
2026-07-02 21:00:00+00:00,23.0,0.0,1019.1,2026-08-04T11:18:45.593004+00:00,2026-08-04 11:00:00+00:00
2026-07-02 22:00:00+00:00,21.2,0.0,1019.9,2026-08-04T11:18:45.593004+00:00,2026-08-04 11:00:00+00:00
2026-07-02 23:00:00+00:00,20.2,0.0,1020.3,2026-08-04T11:18:45.593004+00:00,2026-08-04 11:00:00+00:00
2026-07-03 00:00:00+00:00,20.6,0.0,1020.5,2026-08-04T11:18:45.593004+00:00,2026-08-04 11:00:00+00:00
2026-07-03 01:00:00+00:00,20.1,0.0,1021.0,2026-08-04T11:18:45.593004+00:00,2026-08-04 11:00:00+00:00
2026-07-03 02:00:00+00:00,19.5,0.0,1021.6,2026-08-04T11:18:45.593004+00:00,2026-08-04 11:00:00+00:00
2026-07-03 03:00:00+00:00,18.4,0.0,1022.3,2026-08-04T11:18:45.593004+00:00,2026-08-04 11:00:00+00:00
2026-07-03 04:00:00+00:00,17.6,0.0,1023.2,2026-08-04T11:18:45.593004+00:00,2026-08-04 11:00:00+00:00
2026-07-03 05:00:00+00:00,17.3,0.0,1023.9,2026-08-04T11:18:45.593004+00:00,2026-08-04 11:00:00+00:00
2026-07-03 06:00:00+00:00,17.7,0.0,1024.0,2026-08-04T11:18:45.593004+00:00,2026-08-04 11:00:00+00:00
2026-07-03 07:00:00+00:00,19.1,0.0,1024.3,2026-08-04T11:18:45.593004+00:00,2026-08-04 11:00:00+00:00
2026-07-03 08:00:00+00:00,19.2,0.0,1024.3,2026-08-04T11:18:45.593004+00:00,2026-08-04 11:00:00+00:00
2026-07-03 09:00:00+00:00,20.1,0.0,1024.4,2026-08-04T11:18:45.593004+00:00,2026-08-04 11:00:00+00:00
2026-07-03 10:00:00+00:00,21.4,0.0,1024.3,2026-08-04T11:18:45.593004+00:00,2026-08-04 11:00:00+00:00
2026-07-03 11:00:00+00:00,22.8,0.0,1024.09,2026-08-04T11:18:45.593004+00:00,2026-08-04 11:00:00+00:00
2026-07-03 12:00:00+00:00,23.7,0.0,1023.8,2026-08-04T11:18:45.593004+00:00,2026-08-04 11:00:00+00:00
2026-07-03 13:00:00+00:00,23.5,0.0,1023.6,2026-08-04T11:18:45.593004+00:00,2026-08-04 11:00:00+00:00
2026-07-03 14:00:00+00:00,25.1,0.0,1022.9,2026-08-04T11:18:45.593004+00:00,2026-08-04 11:00:00+00:00
2026-07-03 15:00:00+00:00,25.1,0.0,1022.7,2026-08-04T11:18:45.593004+00:00,2026-08-04 11:00:00+00:00
2026-07-03 16:00:00+00:00,24.4,0.0,1022.5,2026-08-04T11:18:45.593004+00:00,2026-08-04 11:00:00+00:00
2026-07-03 17:00:00+00:00,24.1,0.0,1022.4,2026-08-04T11:18:45.593004+00:00,2026-08-04 11:00:00+00:00
2026-07-03 18:00:00+00:00,23.6,0.0,1022.7,2026-08-04T11:18:45.593004+00:00,2026-08-04 11:00:00+00:00
2026-07-03 19:00:00+00:00,22.5,0.0,1022.9,2026-08-04T11:18:45.593004+00:00,2026-08-04 11:00:00+00:00
2026-07-03 20:00:00+00:00,19.2,0.0,1024.09,2026-08-04T11:18:45.593004+00:00,2026-08-04 11:00:00+00:00
2026-07-03 21:00:00+00:00,18.1,0.0,1024.7,2026-08-04T11:18:45.593004+00:00,2026-08-04 11:00:00+00:00
2026-07-03 22:00:00+00:00,16.9,0.0,1025.09,2026-08-04T11:18:45.593004+00:00,2026-08-04 11:00:00+00:00
2026-07-03 23:00:00+00:00,16.1,0.0,1025.4,2026-08-04T11:18:45.593004+00:00,2026-08-04 11:00:00+00:00
2026-07-04 00:00:00+00:00,16.8,0.0,1025.3,2026-08-04T11:18:45.593004+00:00,2026-08-04 11:00:00+00:00
2026-07-04 01:00:00+00:00,16.4,0.0,1025.4,2026-08-04T11:18:45.593004+00:00,2026-08-04 11:00:00+00:00
2026-07-04 02:00:00+00:00,15.4,0.0,1025.7,2026-08-04T11:18:45.593004+00:00,2026-08-04 11:00:00+00:00
2026-07-04 03:00:00+00:00,15.4,0.0,1025.59,2026-08-04T11:18:45.593004+00:00,2026-08-04 11:00:00+00:00
2026-07-04 04:00:00+00:00,14.5,0.0,1025.8,2026-08-04T11:18:45.593004+00:00,2026-08-04 11:00:00+00:00
2026-07-04 05:00:00+00:00,14.8,0.0,1026.3,2026-08-04T11:18:45.593004+00:00,2026-08-04 11:00:00+00:00
2026-07-04 06:00:00+00:00,17.0,0.0,1026.0,2026-08-04T11:18:45.593004+00:00,2026-08-04 11:00:00+00:00
2026-07-04 07:00:00+00:00,19.7,0.0,1025.3,2026-08-04T11:18:45.593004+00:00,2026-08-04 11:00:00+00:00
2026-07-04 08:00:00+00:00,21.1,0.0,1025.0,2026-08-04T11:18:45.593004+00:00,2026-08-04 11:00:00+00:00
2026-07-04 09:00:00+00:00,22.8,0.0,1024.4,2026-08-04T11:18:45.593004+00:00,2026-08-04 11:00:00+00:00
2026-07-04 10:00:00+00:00,23.2,0.0,1024.3,2026-08-04T11:18:45.593004+00:00,2026-08-04 11:00:00+00:00
2026-07-04 11:00:00+00:00,23.7,0.0,1023.8,2026-08-04T11:18:45.593004+00:00,2026-08-04 11:00:00+00:00
2026-07-04 12:00:00+00:00,25.0,0.0,1023.2,2026-08-04T11:18:45.593004+00:00,2026-08-04 11:00:00+00:00
2026-07-04 13:00:00+00:00,26.0,0.0,1022.4,2026-08-04T11:18:45.593004+00:00,2026-08-04 11:00:00+00:00
2026-07-04 14:00:00+00:00,25.7,0.0,1022.3,2026-08-04T11:18:45.593004+00:00,2026-08-04 11:00:00+00:00
2026-07-04 15:00:00+00:00,27.0,0.0,1021.4,2026-08-04T11:18:45.593004+00:00,2026-08-04 11:00:00+00:00
2026-07-04 16:00:00+00:00,26.5,0.0,1021.0,2026-08-04T11:18:45.593004+00:00,2026-08-04 11:00:00+00:00
2026-07-04 17:00:00+00:00,25.8,0.0,1020.9,2026-08-04T11:18:45.593004+00:00,2026-08-04 11:00:00+00:00
2026-07-04 18:00:00+00:00,25.1,0.0,1020.9,2026-08-04T11:18:45.593004+00:00,2026-08-04 11:00:00+00:00
2026-07-04 19:00:00+00:00,23.8,0.0,1021.4,2026-08-04T11:18:45.593004+00:00,2026-08-04 11:00:00+00:00
2026-07-04 20:00:00+00:00,21.2,0.0,1022.4,2026-08-04T11:18:45.593004+00:00,2026-08-04 11:00:00+00:00
2026-07-04 21:00:00+00:00,19.4,0.0,1022.8,2026-08-04T11:18:45.593004+00:00,2026-08-04 11:00:00+00:00
2026-07-04 22:00:00+00:00,18.4,0.0,1023.1,2026-08-04T11:18:45.593004+00:00,2026-08-04 11:00:00+00:00
2026-07-04 23:00:00+00:00,18.2,0.0,1022.9,2026-08-04T11:18:45.593004+00:00,2026-08-04 11:00:00+00:00
2026-07-05 00:00:00+00:00,18.3,0.0,1022.7,2026-08-04T11:18:45.593004+00:00,2026-08-04 11:00:00+00:00
2026-07-05 01:00:00+00:00,18.6,0.0,1022.2,2026-08-04T11:18:45.593004+00:00,2026-08-04 11:00:00+00:00
2026-07-05 02:00:00+00:00,18.6,0.0,1021.8,2026-08-04T11:18:45.593004+00:00,2026-08-04 11:00:00+00:00
2026-07-05 03:00:00+00:00,18.2,0.0,1021.9,2026-08-04T11:18:45.593004+00:00,2026-08-04 11:00:00+00:00
2026-07-05 04:00:00+00:00,17.9,0.0,1022.1,2026-08-04T11:18:45.593004+00:00,2026-08-04 11:00:00+00:00
2026-07-05 05:00:00+00:00,18.2,0.0,1022.0,2026-08-04T11:18:45.593004+00:00,2026-08-04 11:00:00+00:00
2026-07-05 06:00:00+00:00,18.9,0.0,1021.8,2026-08-04T11:18:45.593004+00:00,2026-08-04 11:00:00+00:00
2026-07-05 07:00:00+00:00,20.3,0.0,1021.3,2026-08-04T11:18:45.593004+00:00,2026-08-04 11:00:00+00:00
2026-07-05 08:00:00+00:00,21.1,0.0,1021.2,2026-08-04T11:18:45.593004+00:00,2026-08-04 11:00:00+00:00
2026-07-05 09:00:00+00:00,21.4,0.0,1020.9,2026-08-04T11:18:45.593004+00:00,2026-08-04 11:00:00+00:00
2026-07-05 10:00:00+00:00,22.7,0.0,1020.5,2026-08-04T11:18:45.593004+00:00,2026-08-04 11:00:00+00:00
2026-07-05 11:00:00+00:00,22.9,0.0,1020.2,2026-08-04T11:18:45.593004+00:00,2026-08-04 11:00:00+00:00
2026-07-05 12:00:00+00:00,23.1,0.0,1020.0,2026-08-04T11:18:45.593004+00:00,2026-08-04 11:00:00+00:00
2026-07-05 13:00:00+00:00,25.3,0.0,1018.9,2026-08-04T11:18:45.593004+00:00,2026-08-04 11:00:00+00:00
2026-07-05 14:00:00+00:00,19.7,0.1,1020.3,2026-08-04T11:18:45.593004+00:00,2026-08-04 11:00:00+00:00
2026-07-05 15:00:00+00:00,24.5,0.1,1018.6,2026-08-04T11:18:45.593004+00:00,2026-08-04 11:00:00+00:00
2026-07-05 16:00:00+00:00,23.9,0.0,1017.9,2026-08-04T11:18:45.593004+00:00,2026-08-04 11:00:00+00:00
2026-07-05 17:00:00+00:00,22.9,0.0,1017.7,2026-08-04T11:18:45.593004+00:00,2026-08-04 11:00:00+00:00
2026-07-05 18:00:00+00:00,16.8,5.4,1021.1,2026-08-04T11:18:45.593004+00:00,2026-08-04 11:00:00+00:00
2026-07-05 19:00:00+00:00,16.9,0.6,1020.4,2026-08-04T11:18:45.593004+00:00,2026-08-04 11:00:00+00:00
2026-07-05 20:00:00+00:00,16.8,0.0,1021.0,2026-08-04T11:18:45.593004+00:00,2026-08-04 11:00:00+00:00
2026-07-05 21:00:00+00:00,16.2,0.0,1021.5,2026-08-04T11:18:45.593004+00:00,2026-08-04 11:00:00+00:00
2026-07-05 22:00:00+00:00,16.5,0.0,1021.4,2026-08-04T11:18:45.593004+00:00,2026-08-04 11:00:00+00:00
2026-07-05 23:00:00+00:00,16.6,0.0,1021.1,2026-08-04T11:18:45.593004+00:00,2026-08-04 11:00:00+00:00
2026-07-06 00:00:00+00:00,16.7,0.0,1020.6,2026-08-04T11:18:45.593004+00:00,2026-08-04 11:00:00+00:00
2026-07-06 01:00:00+00:00,16.4,0.0,1020.5,2026-08-04T11:18:45.593004+00:00,2026-08-04 11:00:00+00:00
2026-07-06 02:00:00+00:00,16.1,0.8,1020.5,2026-08-04T11:18:45.593004+00:00,2026-08-04 11:00:00+00:00
2026-07-06 03:00:00+00:00,15.7,2.1,1020.6,2026-08-04T11:18:45.593004+00:00,2026-08-04 11:00:00+00:00
2026-07-06 04:00:00+00:00,15.7,0.0,1020.9,2026-08-04T11:18:45.593004+00:00,2026-08-04 11:00:00+00:00
2026-07-06 05:00:00+00:00,16.1,0.0,1021.1,2026-08-04T11:18:45.593004+00:00,2026-08-04 11:00:00+00:00
2026-07-06 06:00:00+00:00,16.9,0.0,1021.1,2026-08-04T11:18:45.593004+00:00,2026-08-04 11:00:00+00:00
2026-07-06 07:00:00+00:00,18.6,0.0,1021.0,2026-08-04T11:18:45.593004+00:00,2026-08-04 11:00:00+00:00
2026-07-06 08:00:00+00:00,19.6,0.0,1020.8,2026-08-04T11:18:45.593004+00:00,2026-08-04 11:00:00+00:00
2026-07-06 09:00:00+00:00,20.3,0.0,1020.7,2026-08-04T11:18:45.593004+00:00,2026-08-04 11:00:00+00:00
2026-07-06 10:00:00+00:00,20.4,0.0,1020.7,2026-08-04T11:18:45.593004+00:00,2026-08-04 11:00:00+00:00
2026-07-06 11:00:00+00:00,21.4,0.0,1020.4,2026-08-04T11:18:45.593004+00:00,2026-08-04 11:00:00+00:00
2026-07-06 12:00:00+00:00,23.4,0.0,1019.4,2026-08-04T11:18:45.593004+00:00,2026-08-04 11:00:00+00:00
2026-07-06 13:00:00+00:00,23.7,0.0,1019.0,2026-08-04T11:18:45.593004+00:00,2026-08-04 11:00:00+00:00
2026-07-06 14:00:00+00:00,23.7,0.0,1018.7,2026-08-04T11:18:45.593004+00:00,2026-08-04 11:00:00+00:00
2026-07-06 15:00:00+00:00,24.5,0.0,1018.3,2026-08-04T11:18:45.593004+00:00,2026-08-04 11:00:00+00:00
2026-07-06 16:00:00+00:00,25.1,0.0,1017.6,2026-08-04T11:18:45.593004+00:00,2026-08-04 11:00:00+00:00
2026-07-06 17:00:00+00:00,25.2,0.0,1017.1,2026-08-04T11:18:45.593004+00:00,2026-08-04 11:00:00+00:00
2026-07-06 18:00:00+00:00,24.6,0.0,1017.0,2026-08-04T11:18:45.593004+00:00,2026-08-04 11:00:00+00:00
2026-07-06 19:00:00+00:00,23.5,0.0,1017.1,2026-08-04T11:18:45.593004+00:00,2026-08-04 11:00:00+00:00
2026-07-06 20:00:00+00:00,21.1,0.0,1017.7,2026-08-04T11:18:45.593004+00:00,2026-08-04 11:00:00+00:00
2026-07-06 21:00:00+00:00,22.1,0.0,1017.6,2026-08-04T11:18:45.593004+00:00,2026-08-04 11:00:00+00:00
2026-07-06 22:00:00+00:00,21.6,0.0,1017.7,2026-08-04T11:18:45.593004+00:00,2026-08-04 11:00:00+00:00
2026-07-06 23:00:00+00:00,21.2,0.0,1017.9,2026-08-04T11:18:45.593004+00:00,2026-08-04 11:00:00+00:00
2026-07-07 00:00:00+00:00,21.1,0.0,1017.8,2026-08-04T11:18:45.593004+00:00,2026-08-04 11:00:00+00:00
2026-07-07 01:00:00+00:00,20.7,0.0,1017.7,2026-08-04T11:18:45.593004+00:00,2026-08-04 11:00:00+00:00
2026-07-07 02:00:00+00:00,19.9,0.0,1017.3,2026-08-04T11:18:45.593004+00:00,2026-08-04 11:00:00+00:00
2026-07-07 03:00:00+00:00,19.8,0.0,1017.2,2026-08-04T11:18:45.593004+00:00,2026-08-04 11:00:00+00:00
2026-07-07 04:00:00+00:00,19.7,0.0,1017.3,2026-08-04T11:18:45.593004+00:00,2026-08-04 11:00:00+00:00
2026-07-07 05:00:00+00:00,19.9,0.0,1017.3,2026-08-04T11:18:45.593004+00:00,2026-08-04 11:00:00+00:00
2026-07-07 06:00:00+00:00,21.0,0.0,1017.2,2026-08-04T11:18:45.593004+00:00,2026-08-04 11:00:00+00:00
2026-07-07 07:00:00+00:00,23.1,0.0,1016.6,2026-08-04T11:18:45.593004+00:00,2026-08-04 11:00:00+00:00
2026-07-07 08:00:00+00:00,25.9,0.0,1015.9,2026-08-04T11:18:45.593004+00:00,2026-08-04 11:00:00+00:00
2026-07-07 09:00:00+00:00,27.8,0.0,1015.3,2026-08-04T11:18:45.593004+00:00,2026-08-04 11:00:00+00:00
2026-07-07 10:00:00+00:00,28.5,0.0,1015.0,2026-08-04T11:18:45.593004+00:00,2026-08-04 11:00:00+00:00
2026-07-07 11:00:00+00:00,29.5,0.0,1014.4,2026-08-04T11:18:45.593004+00:00,2026-08-04 11:00:00+00:00
2026-07-07 12:00:00+00:00,27.9,0.0,1014.3,2026-08-04T11:18:45.593004+00:00,2026-08-04 11:00:00+00:00
2026-07-07 13:00:00+00:00,27.5,0.0,1013.9,2026-08-04T11:18:45.593004+00:00,2026-08-04 11:00:00+00:00
2026-07-07 14:00:00+00:00,28.1,0.0,1013.2,2026-08-04T11:18:45.593004+00:00,2026-08-04 11:00:00+00:00
2026-07-07 15:00:00+00:00,29.5,0.0,1012.2,2026-08-04T11:18:45.593004+00:00,2026-08-04 11:00:00+00:00
2026-07-07 16:00:00+00:00,29.2,0.0,1011.8,2026-08-04T11:18:45.593004+00:00,2026-08-04 11:00:00+00:00
2026-07-07 17:00:00+00:00,28.5,0.0,1011.7,2026-08-04T11:18:45.593004+00:00,2026-08-04 11:00:00+00:00
2026-07-07 18:00:00+00:00,27.9,0.0,1011.5,2026-08-04T11:18:45.593004+00:00,2026-08-04 11:00:00+00:00
2026-07-07 19:00:00+00:00,27.0,0.0,1011.9,2026-08-04T11:18:45.593004+00:00,2026-08-04 11:00:00+00:00
2026-07-07 20:00:00+00:00,25.8,0.0,1012.4,2026-08-04T11:18:45.593004+00:00,2026-08-04 11:00:00+00:00
2026-07-07 21:00:00+00:00,25.4,0.0,1012.7,2026-08-04T11:18:45.593004+00:00,2026-08-04 11:00:00+00:00
2026-07-07 22:00:00+00:00,24.7,0.0,1013.0,2026-08-04T11:18:45.593004+00:00,2026-08-04 11:00:00+00:00
2026-07-07 23:00:00+00:00,23.7,0.0,1013.0,2026-08-04T11:18:45.593004+00:00,2026-08-04 11:00:00+00:00
2026-07-08 00:00:00+00:00,23.2,0.0,1013.2,2026-08-04T11:18:45.593004+00:00,2026-08-04 11:00:00+00:00
2026-07-08 01:00:00+00:00,22.7,0.0,1013.3,2026-08-04T11:18:45.593004+00:00,2026-08-04 11:00:00+00:00
2026-07-08 02:00:00+00:00,22.4,0.0,1013.6,2026-08-04T11:18:45.593004+00:00,2026-08-04 11:00:00+00:00
2026-07-08 03:00:00+00:00,21.9,0.0,1013.9,2026-08-04T11:18:45.593004+00:00,2026-08-04 11:00:00+00:00
2026-07-08 04:00:00+00:00,20.5,0.0,1014.6,2026-08-04T11:18:45.593004+00:00,2026-08-04 11:00:00+00:00
2026-07-08 05:00:00+00:00,19.1,0.2,1015.0,2026-08-04T11:18:45.593004+00:00,2026-08-04 11:00:00+00:00
2026-07-08 06:00:00+00:00,17.7,0.4,1015.5,2026-08-04T11:18:45.593004+00:00,2026-08-04 11:00:00+00:00
2026-07-08 07:00:00+00:00,18.9,0.0,1015.7,2026-08-04T11:18:45.593004+00:00,2026-08-04 11:00:00+00:00
2026-07-08 08:00:00+00:00,20.3,0.0,1015.5,2026-08-04T11:18:45.593004+00:00,2026-08-04 11:00:00+00:00
2026-07-08 09:00:00+00:00,20.3,0.0,1015.9,2026-08-04T11:18:45.593004+00:00,2026-08-04 11:00:00+00:00
2026-07-08 10:00:00+00:00,21.0,0.0,1016.0,2026-08-04T11:18:45.593004+00:00,2026-08-04 11:00:00+00:00
2026-07-08 11:00:00+00:00,21.3,0.0,1016.1,2026-08-04T11:18:45.593004+00:00,2026-08-04 11:00:00+00:00
2026-07-08 12:00:00+00:00,20.7,0.0,1016.6,2026-08-04T11:18:45.593004+00:00,2026-08-04 11:00:00+00:00
2026-07-08 13:00:00+00:00,21.2,0.0,1016.3,2026-08-04T11:18:45.593004+00:00,2026-08-04 11:00:00+00:00
2026-07-08 14:00:00+00:00,21.2,0.0,1016.2,2026-08-04T11:18:45.593004+00:00,2026-08-04 11:00:00+00:00
2026-07-08 15:00:00+00:00,23.0,0.0,1015.5,2026-08-04T11:18:45.593004+00:00,2026-08-04 11:00:00+00:00
2026-07-08 16:00:00+00:00,22.8,0.0,1015.3,2026-08-04T11:18:45.593004+00:00,2026-08-04 11:00:00+00:00
2026-07-08 17:00:00+00:00,22.4,0.0,1015.7,2026-08-04T11:18:45.593004+00:00,2026-08-04 11:00:00+00:00
2026-07-08 18:00:00+00:00,21.9,0.0,1015.9,2026-08-04T11:18:45.593004+00:00,2026-08-04 11:00:00+00:00
2026-07-08 19:00:00+00:00,21.2,0.0,1016.2,2026-08-04T11:18:45.593004+00:00,2026-08-04 11:00:00+00:00
2026-07-08 20:00:00+00:00,19.8,0.0,1017.0,2026-08-04T11:18:45.593004+00:00,2026-08-04 11:00:00+00:00
2026-07-08 21:00:00+00:00,18.5,0.0,1017.3,2026-08-04T11:18:45.593004+00:00,2026-08-04 11:00:00+00:00
2026-07-08 22:00:00+00:00,17.4,0.0,1017.7,2026-08-04T11:18:45.593004+00:00,2026-08-04 11:00:00+00:00
2026-07-08 23:00:00+00:00,17.5,0.0,1017.5,2026-08-04T11:18:45.593004+00:00,2026-08-04 11:00:00+00:00
2026-07-09 00:00:00+00:00,16.9,0.0,1017.6,2026-08-04T11:18:45.593004+00:00,2026-08-04 11:00:00+00:00
2026-07-09 01:00:00+00:00,16.3,0.0,1017.3,2026-08-04T11:18:45.593004+00:00,2026-08-04 11:00:00+00:00
2026-07-09 02:00:00+00:00,15.5,0.0,1017.4,2026-08-04T11:18:45.593004+00:00,2026-08-04 11:00:00+00:00
2026-07-09 03:00:00+00:00,15.8,0.0,1017.4,2026-08-04T11:18:45.593004+00:00,2026-08-04 11:00:00+00:00
2026-07-09 04:00:00+00:00,15.7,0.0,1017.3,2026-08-04T11:18:45.593004+00:00,2026-08-04 11:00:00+00:00
2026-07-09 05:00:00+00:00,16.9,0.0,1017.2,2026-08-04T11:18:45.593004+00:00,2026-08-04 11:00:00+00:00
2026-07-09 06:00:00+00:00,17.5,0.0,1017.5,2026-08-04T11:18:45.593004+00:00,2026-08-04 11:00:00+00:00
2026-07-09 07:00:00+00:00,18.4,0.0,1017.3,2026-08-04T11:18:45.593004+00:00,2026-08-04 11:00:00+00:00
2026-07-09 08:00:00+00:00,20.1,0.0,1016.9,2026-08-04T11:18:45.593004+00:00,2026-08-04 11:00:00+00:00
2026-07-09 09:00:00+00:00,21.2,0.0,1016.6,2026-08-04T11:18:45.593004+00:00,2026-08-04 11:00:00+00:00
2026-07-09 10:00:00+00:00,22.1,0.0,1016.1,2026-08-04T11:18:45.593004+00:00,2026-08-04 11:00:00+00:00
2026-07-09 11:00:00+00:00,23.3,0.0,1015.6,2026-08-04T11:18:45.593004+00:00,2026-08-04 11:00:00+00:00
2026-07-09 12:00:00+00:00,24.5,0.0,1014.9,2026-08-04T11:18:45.593004+00:00,2026-08-04 11:00:00+00:00
2026-07-09 13:00:00+00:00,24.5,0.0,1014.6,2026-08-04T11:18:45.593004+00:00,2026-08-04 11:00:00+00:00
2026-07-09 14:00:00+00:00,25.0,0.0,1014.4,2026-08-04T11:18:45.593004+00:00,2026-08-04 11:00:00+00:00
2026-07-09 15:00:00+00:00,24.3,0.0,1014.5,2026-08-04T11:18:45.593004+00:00,2026-08-04 11:00:00+00:00
2026-07-09 16:00:00+00:00,25.0,0.0,1014.2,2026-08-04T11:18:45.593004+00:00,2026-08-04 11:00:00+00:00
2026-07-09 17:00:00+00:00,24.9,0.0,1014.0,2026-08-04T11:18:45.593004+00:00,2026-08-04 11:00:00+00:00
2026-07-09 18:00:00+00:00,24.3,0.0,1014.1,2026-08-04T11:18:45.593004+00:00,2026-08-04 11:00:00+00:00
2026-07-09 19:00:00+00:00,23.4,0.0,1014.3,2026-08-04T11:18:45.593004+00:00,2026-08-04 11:00:00+00:00
2026-07-09 20:00:00+00:00,21.4,0.0,1015.2,2026-08-04T11:18:45.593004+00:00,2026-08-04 11:00:00+00:00
2026-07-09 21:00:00+00:00,20.0,0.0,1015.7,2026-08-04T11:18:45.593004+00:00,2026-08-04 11:00:00+00:00
2026-07-09 22:00:00+00:00,18.6,0.0,1016.3,2026-08-04T11:18:45.593004+00:00,2026-08-04 11:00:00+00:00
2026-07-09 23:00:00+00:00,17.8,0.0,1016.6,2026-08-04T11:18:45.593004+00:00,2026-08-04 11:00:00+00:00
2026-07-10 00:00:00+00:00,16.6,0.0,1016.6,2026-08-04T11:18:45.593004+00:00,2026-08-04 11:00:00+00:00
2026-07-10 01:00:00+00:00,16.0,0.0,1016.6,2026-08-04T11:18:45.593004+00:00,2026-08-04 11:00:00+00:00
2026-07-10 02:00:00+00:00,15.3,0.0,1016.4,2026-08-04T11:18:45.593004+00:00,2026-08-04 11:00:00+00:00
2026-07-10 03:00:00+00:00,15.0,0.0,1016.2,2026-08-04T11:18:45.593004+00:00,2026-08-04 11:00:00+00:00
2026-07-10 04:00:00+00:00,14.6,0.0,1016.3,2026-08-04T11:18:45.593004+00:00,2026-08-04 11:00:00+00:00
2026-07-10 05:00:00+00:00,16.3,0.0,1016.0,2026-08-04T11:18:45.593004+00:00,2026-08-04 11:00:00+00:00
2026-07-10 06:00:00+00:00,18.7,0.0,1015.5,2026-08-04T11:18:45.593004+00:00,2026-08-04 11:00:00+00:00
2026-07-10 07:00:00+00:00,21.3,0.0,1015.0,2026-08-04T11:18:45.593004+00:00,2026-08-04 11:00:00+00:00
2026-07-10 08:00:00+00:00,23.6,0.0,1014.6,2026-08-04T11:18:45.593004+00:00,2026-08-04 11:00:00+00:00
2026-07-10 09:00:00+00:00,24.5,0.0,1014.3,2026-08-04T11:18:45.593004+00:00,2026-08-04 11:00:00+00:00
2026-07-10 10:00:00+00:00,24.6,0.0,1014.2,2026-08-04T11:18:45.593004+00:00,2026-08-04 11:00:00+00:00
2026-07-10 11:00:00+00:00,25.9,0.0,1013.9,2026-08-04T11:18:45.593004+00:00,2026-08-04 11:00:00+00:00
2026-07-10 12:00:00+00:00,26.9,0.0,1013.3,2026-08-04T11:18:45.593004+00:00,2026-08-04 11:00:00+00:00
2026-07-10 13:00:00+00:00,27.9,0.0,1012.9,2026-08-04T11:18:45.593004+00:00,2026-08-04 11:00:00+00:00
2026-07-10 14:00:00+00:00,28.4,0.0,1012.6,2026-08-04T11:18:45.593004+00:00,2026-08-04 11:00:00+00:00
2026-07-10 15:00:00+00:00,28.5,0.0,1012.5,2026-08-04T11:18:45.593004+00:00,2026-08-04 11:00:00+00:00
2026-07-10 16:00:00+00:00,27.7,0.0,1012.2,2026-08-04T11:18:45.593004+00:00,2026-08-04 11:00:00+00:00
2026-07-10 17:00:00+00:00,27.6,0.0,1012.2,2026-08-04T11:18:45.593004+00:00,2026-08-04 11:00:00+00:00
2026-07-10 18:00:00+00:00,26.9,0.0,1012.5,2026-08-04T11:18:45.593004+00:00,2026-08-04 11:00:00+00:00
2026-07-10 19:00:00+00:00,25.4,0.0,1012.9,2026-08-04T11:18:45.593004+00:00,2026-08-04 11:00:00+00:00
2026-07-10 20:00:00+00:00,23.0,0.0,1013.9,2026-08-04T11:18:45.593004+00:00,2026-08-04 11:00:00+00:00
2026-07-10 21:00:00+00:00,21.4,0.0,1014.3,2026-08-04T11:18:45.593004+00:00,2026-08-04 11:00:00+00:00
2026-07-10 22:00:00+00:00,20.1,0.0,1014.7,2026-08-04T11:18:45.593004+00:00,2026-08-04 11:00:00+00:00
2026-07-10 23:00:00+00:00,19.3,0.0,1015.0,2026-08-04T11:18:45.593004+00:00,2026-08-04 11:00:00+00:00
2026-07-11 00:00:00+00:00,19.1,0.0,1015.4,2026-08-04T11:18:45.593004+00:00,2026-08-04 11:00:00+00:00
2026-07-11 01:00:00+00:00,18.7,0.0,1015.4,2026-08-04T11:18:45.593004+00:00,2026-08-04 11:00:00+00:00
2026-07-11 02:00:00+00:00,17.6,0.0,1015.8,2026-08-04T11:18:45.593004+00:00,2026-08-04 11:00:00+00:00
2026-07-11 03:00:00+00:00,16.5,0.0,1016.2,2026-08-04T11:18:45.593004+00:00,2026-08-04 11:00:00+00:00
2026-07-11 04:00:00+00:00,16.1,0.0,1016.6,2026-08-04T11:18:45.593004+00:00,2026-08-04 11:00:00+00:00
2026-07-11 05:00:00+00:00,17.4,0.0,1016.8,2026-08-04T11:18:45.593004+00:00,2026-08-04 11:00:00+00:00
2026-07-11 06:00:00+00:00,18.8,0.0,1016.9,2026-08-04T11:18:45.593004+00:00,2026-08-04 11:00:00+00:00
2026-07-11 07:00:00+00:00,20.9,0.0,1016.7,2026-08-04T11:18:45.593004+00:00,2026-08-04 11:00:00+00:00
2026-07-11 08:00:00+00:00,22.8,0.0,1016.6,2026-08-04T11:18:45.593004+00:00,2026-08-04 11:00:00+00:00
2026-07-11 09:00:00+00:00,24.5,0.0,1016.3,2026-08-04T11:18:45.593004+00:00,2026-08-04 11:00:00+00:00
2026-07-11 10:00:00+00:00,25.1,0.0,1016.4,2026-08-04T11:18:45.593004+00:00,2026-08-04 11:00:00+00:00
2026-07-11 11:00:00+00:00,27.1,0.0,1015.9,2026-08-04T11:18:45.593004+00:00,2026-08-04 11:00:00+00:00
2026-07-11 12:00:00+00:00,28.2,0.0,1015.4,2026-08-04T11:18:45.593004+00:00,2026-08-04 11:00:00+00:00
2026-07-11 13:00:00+00:00,29.1,0.0,1015.2,2026-08-04T11:18:45.593004+00:00,2026-08-04 11:00:00+00:00
2026-07-11 14:00:00+00:00,28.9,0.0,1014.9,2026-08-04T11:18:45.593004+00:00,2026-08-04 11:00:00+00:00
2026-07-11 15:00:00+00:00,29.5,0.0,1014.7,2026-08-04T11:18:45.593004+00:00,2026-08-04 11:00:00+00:00
2026-07-11 16:00:00+00:00,28.6,0.0,1014.7,2026-08-04T11:18:45.593004+00:00,2026-08-04 11:00:00+00:00
2026-07-11 17:00:00+00:00,28.7,0.0,1014.7,2026-08-04T11:18:45.593004+00:00,2026-08-04 11:00:00+00:00
2026-07-11 18:00:00+00:00,27.9,0.0,1015.1,2026-08-04T11:18:45.593004+00:00,2026-08-04 11:00:00+00:00
2026-07-11 19:00:00+00:00,26.2,0.0,1015.6,2026-08-04T11:18:45.593004+00:00,2026-08-04 11:00:00+00:00
2026-07-11 20:00:00+00:00,23.3,0.0,1016.6,2026-08-04T11:18:45.593004+00:00,2026-08-04 11:00:00+00:00
2026-07-11 21:00:00+00:00,22.5,0.0,1017.0,2026-08-04T11:18:45.593004+00:00,2026-08-04 11:00:00+00:00
2026-07-11 22:00:00+00:00,21.4,0.0,1017.3,2026-08-04T11:18:45.593004+00:00,2026-08-04 11:00:00+00:00
2026-07-11 23:00:00+00:00,21.0,0.0,1018.0,2026-08-04T11:18:45.593004+00:00,2026-08-04 11:00:00+00:00
2026-07-12 00:00:00+00:00,20.0,0.0,1018.5,2026-08-04T11:18:45.593004+00:00,2026-08-04 11:00:00+00:00
2026-07-12 01:00:00+00:00,19.1,0.0,1018.8,2026-08-04T11:18:45.593004+00:00,2026-08-04 11:00:00+00:00
2026-07-12 02:00:00+00:00,18.2,0.0,1019.1,2026-08-04T11:18:45.593004+00:00,2026-08-04 11:00:00+00:00
2026-07-12 03:00:00+00:00,16.9,0.0,1019.6,2026-08-04T11:18:45.593004+00:00,2026-08-04 11:00:00+00:00
2026-07-12 04:00:00+00:00,15.5,0.0,1020.2,2026-08-04T11:18:45.593004+00:00,2026-08-04 11:00:00+00:00
2026-07-12 05:00:00+00:00,17.4,0.0,1020.2,2026-08-04T11:18:45.593004+00:00,2026-08-04 11:00:00+00:00
2026-07-12 06:00:00+00:00,19.5,0.0,1019.9,2026-08-04T11:18:45.593004+00:00,2026-08-04 11:00:00+00:00
2026-07-12 07:00:00+00:00,22.3,0.0,1019.7,2026-08-04T11:18:45.593004+00:00,2026-08-04 11:00:00+00:00
2026-07-12 08:00:00+00:00,23.2,0.0,1020.0,2026-08-04T11:18:45.593004+00:00,2026-08-04 11:00:00+00:00
2026-07-12 09:00:00+00:00,25.1,0.0,1019.8,2026-08-04T11:18:45.593004+00:00,2026-08-04 11:00:00+00:00
2026-07-12 10:00:00+00:00,25.3,0.0,1019.8,2026-08-04T11:18:45.593004+00:00,2026-08-04 11:00:00+00:00
2026-07-12 11:00:00+00:00,25.2,0.0,1019.8,2026-08-04T11:18:45.593004+00:00,2026-08-04 11:00:00+00:00
2026-07-12 12:00:00+00:00,26.6,0.0,1019.2,2026-08-04T11:18:45.593004+00:00,2026-08-04 11:00:00+00:00
2026-07-12 13:00:00+00:00,27.8,0.0,1018.6,2026-08-04T11:18:45.593004+00:00,2026-08-04 11:00:00+00:00
2026-07-12 14:00:00+00:00,27.4,0.0,1018.6,2026-08-04T11:18:45.593004+00:00,2026-08-04 11:00:00+00:00
2026-07-12 15:00:00+00:00,27.9,0.0,1018.3,2026-08-04T11:18:45.593004+00:00,2026-08-04 11:00:00+00:00
2026-07-12 16:00:00+00:00,26.9,0.0,1018.3,2026-08-04T11:18:45.593004+00:00,2026-08-04 11:00:00+00:00
2026-07-12 17:00:00+00:00,26.6,0.0,1018.6,2026-08-04T11:18:45.593004+00:00,2026-08-04 11:00:00+00:00
2026-07-12 18:00:00+00:00,26.1,0.0,1018.8,2026-08-04T11:18:45.593004+00:00,2026-08-04 11:00:00+00:00
2026-07-12 19:00:00+00:00,25.0,0.0,1019.2,2026-08-04T11:18:45.593004+00:00,2026-08-04 11:00:00+00:00
2026-07-12 20:00:00+00:00,23.1,0.0,1020.1,2026-08-04T11:18:45.593004+00:00,2026-08-04 11:00:00+00:00
2026-07-12 21:00:00+00:00,20.9,0.0,1020.2,2026-08-04T11:18:45.593004+00:00,2026-08-04 11:00:00+00:00
2026-07-12 22:00:00+00:00,19.6,0.0,1020.3,2026-08-04T11:18:45.593004+00:00,2026-08-04 11:00:00+00:00
2026-07-12 23:00:00+00:00,18.8,0.0,1020.2,2026-08-04T11:18:45.593004+00:00,2026-08-04 11:00:00+00:00
2026-07-13 00:00:00+00:00,17.9,0.0,1020.4,2026-08-04T11:18:45.593004+00:00,2026-08-04 11:00:00+00:00
2026-07-13 01:00:00+00:00,17.0,0.0,1020.3,2026-08-04T11:18:45.593004+00:00,2026-08-04 11:00:00+00:00
2026-07-13 02:00:00+00:00,16.4,0.0,1020.1,2026-08-04T11:18:45.593004+00:00,2026-08-04 11:00:00+00:00
2026-07-13 03:00:00+00:00,16.4,0.0,1019.9,2026-08-04T11:18:45.593004+00:00,2026-08-04 11:00:00+00:00
2026-07-13 04:00:00+00:00,15.6,0.0,1019.9,2026-08-04T11:18:45.593004+00:00,2026-08-04 11:00:00+00:00
2026-07-13 05:00:00+00:00,17.5,0.0,1019.3,2026-08-04T11:18:45.593004+00:00,2026-08-04 11:00:00+00:00
2026-07-13 06:00:00+00:00,20.6,0.0,1018.8,2026-08-04T11:18:45.593004+00:00,2026-08-04 11:00:00+00:00
2026-07-13 07:00:00+00:00,23.5,0.0,1018.2,2026-08-04T11:18:45.593004+00:00,2026-08-04 11:00:00+00:00
2026-07-13 08:00:00+00:00,25.3,0.0,1018.0,2026-08-04T11:18:45.593004+00:00,2026-08-04 11:00:00+00:00
2026-07-13 09:00:00+00:00,26.6,0.0,1017.2,2026-08-04T11:18:45.593004+00:00,2026-08-04 11:00:00+00:00
2026-07-13 10:00:00+00:00,28.0,0.0,1016.8,2026-08-04T11:18:45.593004+00:00,2026-08-04 11:00:00+00:00
2026-07-13 11:00:00+00:00,29.3,0.0,1016.0,2026-08-04T11:18:45.593004+00:00,2026-08-04 11:00:00+00:00
2026-07-13 12:00:00+00:00,29.2,0.0,1015.5,2026-08-04T11:18:45.593004+00:00,2026-08-04 11:00:00+00:00
2026-07-13 13:00:00+00:00,30.2,0.0,1014.9,2026-08-04T11:18:45.593004+00:00,2026-08-04 11:00:00+00:00
2026-07-13 14:00:00+00:00,30.4,0.0,1014.5,2026-08-04T11:18:45.593004+00:00,2026-08-04 11:00:00+00:00
2026-07-13 15:00:00+00:00,30.6,0.0,1014.2,2026-08-04T11:18:45.593004+00:00,2026-08-04 11:00:00+00:00
2026-07-13 16:00:00+00:00,29.5,0.0,1014.0,2026-08-04T11:18:45.593004+00:00,2026-08-04 11:00:00+00:00
2026-07-13 17:00:00+00:00,28.9,0.0,1013.6,2026-08-04T11:18:45.593004+00:00,2026-08-04 11:00:00+00:00
2026-07-13 18:00:00+00:00,28.3,0.0,1013.9,2026-08-04T11:18:45.593004+00:00,2026-08-04 11:00:00+00:00
2026-07-13 19:00:00+00:00,27.1,0.0,1014.2,2026-08-04T11:18:45.593004+00:00,2026-08-04 11:00:00+00:00
2026-07-13 20:00:00+00:00,25.7,0.0,1014.7,2026-08-04T11:18:45.593004+00:00,2026-08-04 11:00:00+00:00
2026-07-13 21:00:00+00:00,24.1,0.0,1014.6,2026-08-04T11:18:45.593004+00:00,2026-08-04 11:00:00+00:00
2026-07-13 22:00:00+00:00,22.8,0.0,1014.8,2026-08-04T11:18:45.593004+00:00,2026-08-04 11:00:00+00:00
2026-07-13 23:00:00+00:00,21.4,0.0,1014.9,2026-08-04T11:18:45.593004+00:00,2026-08-04 11:00:00+00:00
2026-07-14 00:00:00+00:00,19.9,0.0,1015.0,2026-08-04T11:18:45.593004+00:00,2026-08-04 11:00:00+00:00
2026-07-14 01:00:00+00:00,19.6,0.0,1015.2,2026-08-04T11:18:45.593004+00:00,2026-08-04 11:00:00+00:00
2026-07-14 02:00:00+00:00,18.8,0.0,1015.6,2026-08-04T11:18:45.593004+00:00,2026-08-04 11:00:00+00:00
2026-07-14 03:00:00+00:00,19.1,0.0,1015.4,2026-08-04T11:18:45.593004+00:00,2026-08-04 11:00:00+00:00
2026-07-14 04:00:00+00:00,18.4,0.0,1015.2,2026-08-04T11:18:45.593004+00:00,2026-08-04 11:00:00+00:00
2026-07-14 05:00:00+00:00,19.7,0.0,1015.1,2026-08-04T11:18:45.593004+00:00,2026-08-04 11:00:00+00:00
2026-07-14 06:00:00+00:00,22.7,0.0,1014.4,2026-08-04T11:18:45.593004+00:00,2026-08-04 11:00:00+00:00
2026-07-14 07:00:00+00:00,23.7,0.0,1014.0,2026-08-04T11:18:45.593004+00:00,2026-08-04 11:00:00+00:00
2026-07-14 08:00:00+00:00,23.3,0.0,1015.2,2026-08-04T11:18:45.593004+00:00,2026-08-04 11:00:00+00:00
2026-07-14 09:00:00+00:00,19.6,0.9,1018.0,2026-08-04T11:18:45.593004+00:00,2026-08-04 11:00:00+00:00
2026-07-14 10:00:00+00:00,19.3,1.0,1018.1,2026-08-04T11:18:45.593004+00:00,2026-08-04 11:00:00+00:00
2026-07-14 11:00:00+00:00,21.5,0.5,1016.8,2026-08-04T11:18:45.593004+00:00,2026-08-04 11:00:00+00:00
2026-07-14 12:00:00+00:00,22.7,0.0,1016.2,2026-08-04T11:18:45.593004+00:00,2026-08-04 11:00:00+00:00
2026-07-14 13:00:00+00:00,25.1,0.0,1015.2,2026-08-04T11:18:45.593004+00:00,2026-08-04 11:00:00+00:00
2026-07-14 14:00:00+00:00,27.3,0.0,1014.3,2026-08-04T11:18:45.593004+00:00,2026-08-04 11:00:00+00:00
2026-07-14 15:00:00+00:00,28.3,0.0,1013.7,2026-08-04T11:18:45.593004+00:00,2026-08-04 11:00:00+00:00
2026-07-14 16:00:00+00:00,28.5,0.0,1013.3,2026-08-04T11:18:45.593004+00:00,2026-08-04 11:00:00+00:00
2026-07-14 17:00:00+00:00,27.6,0.0,1013.1,2026-08-04T11:18:45.593004+00:00,2026-08-04 11:00:00+00:00
2026-07-14 18:00:00+00:00,27.3,0.0,1013.5,2026-08-04T11:18:45.593004+00:00,2026-08-04 11:00:00+00:00
2026-07-14 19:00:00+00:00,25.7,0.0,1013.9,2026-08-04T11:18:45.593004+00:00,2026-08-04 11:00:00+00:00
2026-07-14 20:00:00+00:00,24.3,0.0,1015.1,2026-08-04T11:18:45.593004+00:00,2026-08-04 11:00:00+00:00
2026-07-14 21:00:00+00:00,21.5,0.0,1016.5,2026-08-04T11:18:45.593004+00:00,2026-08-04 11:00:00+00:00
2026-07-14 22:00:00+00:00,17.3,18.4,1018.6,2026-08-04T11:18:45.593004+00:00,2026-08-04 11:00:00+00:00
2026-07-14 23:00:00+00:00,18.0,0.1,1018.3,2026-08-04T11:18:45.593004+00:00,2026-08-04 11:00:00+00:00
2026-07-15 00:00:00+00:00,18.4,0.0,1017.8,2026-08-04T11:18:45.593004+00:00,2026-08-04 11:00:00+00:00
2026-07-15 01:00:00+00:00,18.4,0.0,1017.5,2026-08-04T11:18:45.593004+00:00,2026-08-04 11:00:00+00:00
2026-07-15 02:00:00+00:00,17.2,0.0,1017.2,2026-08-04T11:18:45.593004+00:00,2026-08-04 11:00:00+00:00
2026-07-15 03:00:00+00:00,17.2,0.0,1016.9,2026-08-04T11:18:45.593004+00:00,2026-08-04 11:00:00+00:00
2026-07-15 04:00:00+00:00,17.4,0.0,1016.9,2026-08-04T11:18:45.593004+00:00,2026-08-04 11:00:00+00:00
2026-07-15 05:00:00+00:00,17.8,0.0,1017.6,2026-08-04T11:18:45.593004+00:00,2026-08-04 11:00:00+00:00
2026-07-15 06:00:00+00:00,18.1,0.0,1018.3,2026-08-04T11:18:45.593004+00:00,2026-08-04 11:00:00+00:00
2026-07-15 07:00:00+00:00,19.9,0.0,1018.2,2026-08-04T11:18:45.593004+00:00,2026-08-04 11:00:00+00:00
2026-07-15 08:00:00+00:00,20.5,0.0,1018.5,2026-08-04T11:18:45.593004+00:00,2026-08-04 11:00:00+00:00
2026-07-15 09:00:00+00:00,20.4,0.0,1019.0,2026-08-04T11:18:45.593004+00:00,2026-08-04 11:00:00+00:00
2026-07-15 10:00:00+00:00,21.1,0.2,1018.1,2026-08-04T11:18:45.593004+00:00,2026-08-04 11:00:00+00:00
2026-07-15 11:00:00+00:00,22.4,0.0,1017.7,2026-08-04T11:18:45.593004+00:00,2026-08-04 11:00:00+00:00
2026-07-15 12:00:00+00:00,23.3,0.0,1017.5,2026-08-04T11:18:45.593004+00:00,2026-08-04 11:00:00+00:00
2026-07-15 13:00:00+00:00,23.0,0.0,1017.6,2026-08-04T11:18:45.593004+00:00,2026-08-04 11:00:00+00:00
2026-07-15 14:00:00+00:00,24.6,0.0,1016.2,2026-08-04T11:18:45.593004+00:00,2026-08-04 11:00:00+00:00
2026-07-15 15:00:00+00:00,24.0,0.0,1016.7,2026-08-04T11:18:45.593004+00:00,2026-08-04 11:00:00+00:00
2026-07-15 16:00:00+00:00,23.2,0.0,1016.8,2026-08-04T11:18:45.593004+00:00,2026-08-04 11:00:00+00:00
2026-07-15 17:00:00+00:00,22.6,0.0,1016.8,2026-08-04T11:18:45.593004+00:00,2026-08-04 11:00:00+00:00
2026-07-15 18:00:00+00:00,22.1,0.0,1017.6,2026-08-04T11:18:45.593004+00:00,2026-08-04 11:00:00+00:00
2026-07-15 19:00:00+00:00,21.6,0.0,1017.0,2026-08-04T11:18:45.593004+00:00,2026-08-04 11:00:00+00:00
2026-07-15 20:00:00+00:00,21.0,0.0,1018.1,2026-08-04T11:18:45.593004+00:00,2026-08-04 11:00:00+00:00
2026-07-15 21:00:00+00:00,20.8,0.0,1018.3,2026-08-04T11:18:45.593004+00:00,2026-08-04 11:00:00+00:00
2026-07-15 22:00:00+00:00,20.0,0.0,1018.3,2026-08-04T11:18:45.593004+00:00,2026-08-04 11:00:00+00:00
2026-07-15 23:00:00+00:00,19.1,0.0,1018.1,2026-08-04T11:18:45.593004+00:00,2026-08-04 11:00:00+00:00
2026-07-16 00:00:00+00:00,18.4,0.0,1018.6,2026-08-04T11:18:45.593004+00:00,2026-08-04 11:00:00+00:00
2026-07-16 01:00:00+00:00,17.8,0.0,1018.8,2026-08-04T11:18:45.593004+00:00,2026-08-04 11:00:00+00:00
2026-07-16 02:00:00+00:00,17.7,0.0,1018.9,2026-08-04T11:18:45.593004+00:00,2026-08-04 11:00:00+00:00
2026-07-16 03:00:00+00:00,18.2,0.0,1018.9,2026-08-04T11:18:45.593004+00:00,2026-08-04 11:00:00+00:00
2026-07-16 04:00:00+00:00,18.1,0.0,1019.1,2026-08-04T11:18:45.593004+00:00,2026-08-04 11:00:00+00:00
2026-07-16 05:00:00+00:00,18.4,0.0,1018.9,2026-08-04T11:18:45.593004+00:00,2026-08-04 11:00:00+00:00
2026-07-16 06:00:00+00:00,20.3,0.0,1018.4,2026-08-04T11:18:45.593004+00:00,2026-08-04 11:00:00+00:00
2026-07-16 07:00:00+00:00,22.4,0.0,1018.4,2026-08-04T11:18:45.593004+00:00,2026-08-04 11:00:00+00:00
2026-07-16 08:00:00+00:00,23.4,0.0,1018.2,2026-08-04T11:18:45.593004+00:00,2026-08-04 11:00:00+00:00
2026-07-16 09:00:00+00:00,24.7,0.0,1018.2,2026-08-04T11:18:45.593004+00:00,2026-08-04 11:00:00+00:00
2026-07-16 10:00:00+00:00,25.9,0.0,1017.7,2026-08-04T11:18:45.593004+00:00,2026-08-04 11:00:00+00:00
2026-07-16 11:00:00+00:00,27.7,0.0,1016.9,2026-08-04T11:18:45.593004+00:00,2026-08-04 11:00:00+00:00
2026-07-16 12:00:00+00:00,28.4,0.0,1016.5,2026-08-04T11:18:45.593004+00:00,2026-08-04 11:00:00+00:00
2026-07-16 13:00:00+00:00,28.6,0.0,1015.9,2026-08-04T11:18:45.593004+00:00,2026-08-04 11:00:00+00:00
2026-07-16 14:00:00+00:00,29.9,0.0,1015.1,2026-08-04T11:18:45.593004+00:00,2026-08-04 11:00:00+00:00
2026-07-16 15:00:00+00:00,30.3,0.0,1014.3,2026-08-04T11:18:45.593004+00:00,2026-08-04 11:00:00+00:00
2026-07-16 16:00:00+00:00,30.2,0.0,1013.8,2026-08-04T11:18:45.593004+00:00,2026-08-04 11:00:00+00:00
2026-07-16 17:00:00+00:00,29.5,0.0,1013.3,2026-08-04T11:18:45.593004+00:00,2026-08-04 11:00:00+00:00
2026-07-16 18:00:00+00:00,28.5,0.0,1013.1,2026-08-04T11:18:45.593004+00:00,2026-08-04 11:00:00+00:00
2026-07-16 19:00:00+00:00,27.3,0.0,1013.2,2026-08-04T11:18:45.593004+00:00,2026-08-04 11:00:00+00:00
2026-07-16 20:00:00+00:00,26.0,0.0,1014.4,2026-08-04T11:18:45.593004+00:00,2026-08-04 11:00:00+00:00
2026-07-16 21:00:00+00:00,18.8,4.5,1017.8,2026-08-04T11:18:45.593004+00:00,2026-08-04 11:00:00+00:00
2026-07-16 22:00:00+00:00,18.6,0.4,1016.0,2026-08-04T11:18:45.593004+00:00,2026-08-04 11:00:00+00:00
2026-07-16 23:00:00+00:00,18.1,0.0,1017.8,2026-08-04T11:18:45.593004+00:00,2026-08-04 11:00:00+00:00
2026-07-17 00:00:00+00:00,17.3,0.0,1017.0,2026-08-04T11:18:45.593004+00:00,2026-08-04 11:00:00+00:00
2026-07-17 01:00:00+00:00,17.5,0.0,1016.2,2026-08-04T11:18:45.593004+00:00,2026-08-04 11:00:00+00:00
2026-07-17 02:00:00+00:00,18.1,0.0,1016.1,2026-08-04T11:18:45.593004+00:00,2026-08-04 11:00:00+00:00
2026-07-17 03:00:00+00:00,17.7,0.0,1015.4,2026-08-04T11:18:45.593004+00:00,2026-08-04 11:00:00+00:00
2026-07-17 04:00:00+00:00,17.6,0.0,1015.1,2026-08-04T11:18:45.593004+00:00,2026-08-04 11:00:00+00:00
2026-07-17 05:00:00+00:00,18.6,0.0,1014.9,2026-08-04T11:18:45.593004+00:00,2026-08-04 11:00:00+00:00
2026-07-17 06:00:00+00:00,19.7,0.0,1014.2,2026-08-04T11:18:45.593004+00:00,2026-08-04 11:00:00+00:00
2026-07-17 07:00:00+00:00,20.5,0.0,1014.3,2026-08-04T11:18:45.593004+00:00,2026-08-04 11:00:00+00:00
2026-07-17 08:00:00+00:00,21.3,0.0,1014.6,2026-08-04T11:18:45.593004+00:00,2026-08-04 11:00:00+00:00
2026-07-17 09:00:00+00:00,23.3,0.0,1013.6,2026-08-04T11:18:45.593004+00:00,2026-08-04 11:00:00+00:00
2026-07-17 10:00:00+00:00,25.4,0.0,1013.3,2026-08-04T11:18:45.593004+00:00,2026-08-04 11:00:00+00:00
2026-07-17 11:00:00+00:00,27.4,0.0,1012.7,2026-08-04T11:18:45.593004+00:00,2026-08-04 11:00:00+00:00
2026-07-17 12:00:00+00:00,28.1,0.0,1012.2,2026-08-04T11:18:45.593004+00:00,2026-08-04 11:00:00+00:00
2026-07-17 13:00:00+00:00,28.2,0.0,1011.3,2026-08-04T11:18:45.593004+00:00,2026-08-04 11:00:00+00:00
2026-07-17 14:00:00+00:00,29.2,0.0,1010.7,2026-08-04T11:18:45.593004+00:00,2026-08-04 11:00:00+00:00
2026-07-17 15:00:00+00:00,28.4,0.0,1010.5,2026-08-04T11:18:45.593004+00:00,2026-08-04 11:00:00+00:00
2026-07-17 16:00:00+00:00,27.8,0.0,1010.5,2026-08-04T11:18:45.593004+00:00,2026-08-04 11:00:00+00:00
2026-07-17 17:00:00+00:00,25.6,0.0,1010.9,2026-08-04T11:18:45.593004+00:00,2026-08-04 11:00:00+00:00
2026-07-17 18:00:00+00:00,23.8,0.0,1012.6,2026-08-04T11:18:45.593004+00:00,2026-08-04 11:00:00+00:00
2026-07-17 19:00:00+00:00,20.3,0.5,1012.9,2026-08-04T11:18:45.593004+00:00,2026-08-04 11:00:00+00:00
2026-07-17 20:00:00+00:00,19.6,0.0,1013.7,2026-08-04T11:18:45.593004+00:00,2026-08-04 11:00:00+00:00
2026-07-17 21:00:00+00:00,19.3,0.0,1014.4,2026-08-04T11:18:45.593004+00:00,2026-08-04 11:00:00+00:00
2026-07-17 22:00:00+00:00,19.0,0.0,1015.1,2026-08-04T11:18:45.593004+00:00,2026-08-04 11:00:00+00:00
2026-07-17 23:00:00+00:00,18.9,0.0,1015.3,2026-08-04T11:18:45.593004+00:00,2026-08-04 11:00:00+00:00
2026-07-18 00:00:00+00:00,19.3,0.0,1015.0,2026-08-04T11:18:45.593004+00:00,2026-08-04 11:00:00+00:00
2026-07-18 01:00:00+00:00,18.6,0.0,1014.8,2026-08-04T11:18:45.593004+00:00,2026-08-04 11:00:00+00:00
2026-07-18 02:00:00+00:00,18.8,0.0,1014.8,2026-08-04T11:18:45.593004+00:00,2026-08-04 11:00:00+00:00
2026-07-18 03:00:00+00:00,17.9,0.0,1014.8,2026-08-04T11:18:45.593004+00:00,2026-08-04 11:00:00+00:00
2026-07-18 04:00:00+00:00,17.6,0.0,1015.1,2026-08-04T11:18:45.593004+00:00,2026-08-04 11:00:00+00:00
2026-07-18 05:00:00+00:00,17.4,0.0,1015.4,2026-08-04T11:18:45.593004+00:00,2026-08-04 11:00:00+00:00
2026-07-18 06:00:00+00:00,18.9,0.0,1015.1,2026-08-04T11:18:45.593004+00:00,2026-08-04 11:00:00+00:00
2026-07-18 07:00:00+00:00,20.7,0.0,1015.0,2026-08-04T11:18:45.593004+00:00,2026-08-04 11:00:00+00:00
2026-07-18 08:00:00+00:00,22.3,0.0,1014.6,2026-08-04T11:18:45.593004+00:00,2026-08-04 11:00:00+00:00
2026-07-18 09:00:00+00:00,23.9,0.0,1014.3,2026-08-04T11:18:45.593004+00:00,2026-08-04 11:00:00+00:00
2026-07-18 10:00:00+00:00,24.0,0.0,1014.1,2026-08-04T11:18:45.593004+00:00,2026-08-04 11:00:00+00:00
2026-07-18 11:00:00+00:00,25.0,0.0,1013.5,2026-08-04T11:18:45.593004+00:00,2026-08-04 11:00:00+00:00
2026-07-18 12:00:00+00:00,24.7,0.0,1013.2,2026-08-04T11:18:45.593004+00:00,2026-08-04 11:00:00+00:00
2026-07-18 13:00:00+00:00,20.7,1.8,1014.1,2026-08-04T11:18:45.593004+00:00,2026-08-04 11:00:00+00:00
2026-07-18 14:00:00+00:00,20.4,6.9,1013.8,2026-08-04T11:18:45.593004+00:00,2026-08-04 11:00:00+00:00
2026-07-18 15:00:00+00:00,23.0,0.0,1013.2,2026-08-04T11:18:45.593004+00:00,2026-08-04 11:00:00+00:00
2026-07-18 16:00:00+00:00,24.3,0.0,1012.7,2026-08-04T11:18:45.593004+00:00,2026-08-04 11:00:00+00:00
2026-07-18 17:00:00+00:00,22.7,0.0,1013.0,2026-08-04T11:18:45.593004+00:00,2026-08-04 11:00:00+00:00
2026-07-18 18:00:00+00:00,22.5,0.0,1013.2,2026-08-04T11:18:45.593004+00:00,2026-08-04 11:00:00+00:00
2026-07-18 19:00:00+00:00,21.1,0.0,1013.5,2026-08-04T11:18:45.593004+00:00,2026-08-04 11:00:00+00:00
2026-07-18 20:00:00+00:00,20.6,0.0,1014.1,2026-08-04T11:18:45.593004+00:00,2026-08-04 11:00:00+00:00
2026-07-18 21:00:00+00:00,20.9,0.0,1014.3,2026-08-04T11:18:45.593004+00:00,2026-08-04 11:00:00+00:00
2026-07-18 22:00:00+00:00,20.1,0.0,1014.2,2026-08-04T11:18:45.593004+00:00,2026-08-04 11:00:00+00:00
2026-07-18 23:00:00+00:00,19.4,0.0,1014.2,2026-08-04T11:18:45.593004+00:00,2026-08-04 11:00:00+00:00
2026-07-19 00:00:00+00:00,18.4,0.0,1013.9,2026-08-04T11:18:45.593004+00:00,2026-08-04 11:00:00+00:00
2026-07-19 01:00:00+00:00,18.2,0.0,1013.9,2026-08-04T11:18:45.593004+00:00,2026-08-04 11:00:00+00:00
2026-07-19 02:00:00+00:00,17.8,0.0,1013.8,2026-08-04T11:18:45.593004+00:00,2026-08-04 11:00:00+00:00
2026-07-19 03:00:00+00:00,17.7,0.0,1013.9,2026-08-04T11:18:45.593004+00:00,2026-08-04 11:00:00+00:00
2026-07-19 04:00:00+00:00,17.7,0.0,1013.8,2026-08-04T11:18:45.593004+00:00,2026-08-04 11:00:00+00:00
2026-07-19 05:00:00+00:00,18.4,0.0,1013.9,2026-08-04T11:18:45.593004+00:00,2026-08-04 11:00:00+00:00
2026-07-19 06:00:00+00:00,17.9,0.0,1014.3,2026-08-04T11:18:45.593004+00:00,2026-08-04 11:00:00+00:00
2026-07-19 07:00:00+00:00,17.9,0.1,1014.6,2026-08-04T11:18:45.593004+00:00,2026-08-04 11:00:00+00:00
2026-07-19 08:00:00+00:00,17.9,0.4,1015.3,2026-08-04T11:18:45.593004+00:00,2026-08-04 11:00:00+00:00
2026-07-19 09:00:00+00:00,16.5,0.6,1017.2,2026-08-04T11:18:45.593004+00:00,2026-08-04 11:00:00+00:00
2026-07-19 10:00:00+00:00,17.9,0.0,1017.6,2026-08-04T11:18:45.593004+00:00,2026-08-04 11:00:00+00:00
2026-07-19 11:00:00+00:00,18.1,0.0,1017.9,2026-08-04T11:18:45.593004+00:00,2026-08-04 11:00:00+00:00
2026-07-19 12:00:00+00:00,20.1,0.0,1017.0,2026-08-04T11:18:45.593004+00:00,2026-08-04 11:00:00+00:00
2026-07-19 13:00:00+00:00,20.2,0.0,1017.0,2026-08-04T11:18:45.593004+00:00,2026-08-04 11:00:00+00:00
2026-07-19 14:00:00+00:00,20.7,0.0,1016.7,2026-08-04T11:18:45.593004+00:00,2026-08-04 11:00:00+00:00
2026-07-19 15:00:00+00:00,21.2,0.0,1016.7,2026-08-04T11:18:45.593004+00:00,2026-08-04 11:00:00+00:00
2026-07-19 16:00:00+00:00,22.1,0.0,1016.4,2026-08-04T11:18:45.593004+00:00,2026-08-04 11:00:00+00:00
2026-07-19 17:00:00+00:00,21.7,0.0,1016.7,2026-08-04T11:18:45.593004+00:00,2026-08-04 11:00:00+00:00
2026-07-19 18:00:00+00:00,21.1,0.0,1017.0,2026-08-04T11:18:45.593004+00:00,2026-08-04 11:00:00+00:00
2026-07-19 19:00:00+00:00,19.6,0.0,1017.6,2026-08-04T11:18:45.593004+00:00,2026-08-04 11:00:00+00:00
2026-07-19 20:00:00+00:00,17.7,0.0,1018.8,2026-08-04T11:18:45.593004+00:00,2026-08-04 11:00:00+00:00
2026-07-19 21:00:00+00:00,17.0,0.0,1019.2,2026-08-04T11:18:45.593004+00:00,2026-08-04 11:00:00+00:00
2026-07-19 22:00:00+00:00,15.7,0.0,1020.0,2026-08-04T11:18:45.593004+00:00,2026-08-04 11:00:00+00:00
2026-07-19 23:00:00+00:00,15.5,0.0,1020.1,2026-08-04T11:18:45.593004+00:00,2026-08-04 11:00:00+00:00
2026-07-20 00:00:00+00:00,14.2,0.0,1020.3,2026-08-04T11:18:45.593004+00:00,2026-08-04 11:00:00+00:00
2026-07-20 01:00:00+00:00,12.9,0.0,1020.4,2026-08-04T11:18:45.593004+00:00,2026-08-04 11:00:00+00:00
2026-07-20 02:00:00+00:00,13.9,0.0,1019.7,2026-08-04T11:18:45.593004+00:00,2026-08-04 11:00:00+00:00
2026-07-20 03:00:00+00:00,13.3,0.0,1019.9,2026-08-04T11:18:45.593004+00:00,2026-08-04 11:00:00+00:00
2026-07-20 04:00:00+00:00,14.0,0.0,1020.2,2026-08-04T11:18:45.593004+00:00,2026-08-04 11:00:00+00:00
2026-07-20 05:00:00+00:00,14.4,0.0,1020.2,2026-08-04T11:18:45.593004+00:00,2026-08-04 11:00:00+00:00
2026-07-20 06:00:00+00:00,16.4,0.0,1020.3,2026-08-04T11:18:45.593004+00:00,2026-08-04 11:00:00+00:00
2026-07-20 07:00:00+00:00,17.2,0.0,1020.4,2026-08-04T11:18:45.593004+00:00,2026-08-04 11:00:00+00:00
2026-07-20 08:00:00+00:00,17.9,0.0,1020.5,2026-08-04T11:18:45.593004+00:00,2026-08-04 11:00:00+00:00
2026-07-20 09:00:00+00:00,20.0,0.0,1020.0,2026-08-04T11:18:45.593004+00:00,2026-08-04 11:00:00+00:00
2026-07-20 10:00:00+00:00,20.8,0.0,1019.7,2026-08-04T11:18:45.593004+00:00,2026-08-04 11:00:00+00:00
2026-07-20 11:00:00+00:00,21.4,0.0,1019.2,2026-08-04T11:18:45.593004+00:00,2026-08-04 11:00:00+00:00
2026-07-20 12:00:00+00:00,21.5,0.0,1018.8,2026-08-04T11:18:45.593004+00:00,2026-08-04 11:00:00+00:00
2026-07-20 13:00:00+00:00,23.0,0.0,1018.1,2026-08-04T11:18:45.593004+00:00,2026-08-04 11:00:00+00:00
2026-07-20 14:00:00+00:00,22.7,0.0,1018.3,2026-08-04T11:18:45.593004+00:00,2026-08-04 11:00:00+00:00
2026-07-20 15:00:00+00:00,23.1,0.0,1017.9,2026-08-04T11:18:45.593004+00:00,2026-08-04 11:00:00+00:00
2026-07-20 16:00:00+00:00,22.6,0.0,1018.1,2026-08-04T11:18:45.593004+00:00,2026-08-04 11:00:00+00:00
2026-07-20 17:00:00+00:00,21.9,0.0,1018.4,2026-08-04T11:18:45.593004+00:00,2026-08-04 11:00:00+00:00
2026-07-20 18:00:00+00:00,21.2,0.0,1018.7,2026-08-04T11:18:45.593004+00:00,2026-08-04 11:00:00+00:00
2026-07-20 19:00:00+00:00,19.9,0.0,1019.3,2026-08-04T11:18:45.593004+00:00,2026-08-04 11:00:00+00:00
2026-07-20 20:00:00+00:00,18.2,0.0,1020.4,2026-08-04T11:18:45.593004+00:00,2026-08-04 11:00:00+00:00
2026-07-20 21:00:00+00:00,17.7,0.0,1021.1,2026-08-04T11:18:45.593004+00:00,2026-08-04 11:00:00+00:00
2026-07-20 22:00:00+00:00,16.5,0.0,1021.5,2026-08-04T11:18:45.593004+00:00,2026-08-04 11:00:00+00:00
2026-07-20 23:00:00+00:00,15.0,0.0,1021.8,2026-08-04T11:18:45.593004+00:00,2026-08-04 11:00:00+00:00
2026-07-21 00:00:00+00:00,13.4,0.0,1022.0,2026-08-04T11:18:45.593004+00:00,2026-08-04 11:00:00+00:00
2026-07-21 01:00:00+00:00,12.4,0.0,1022.0,2026-08-04T11:18:45.593004+00:00,2026-08-04 11:00:00+00:00
2026-07-21 02:00:00+00:00,11.8,0.0,1021.7,2026-08-04T11:18:45.593004+00:00,2026-08-04 11:00:00+00:00
2026-07-21 03:00:00+00:00,11.9,0.0,1021.7,2026-08-04T11:18:45.593004+00:00,2026-08-04 11:00:00+00:00
2026-07-21 04:00:00+00:00,11.3,0.0,1022.0,2026-08-04T11:18:45.593004+00:00,2026-08-04 11:00:00+00:00
2026-07-21 05:00:00+00:00,12.3,0.0,1022.0,2026-08-04T11:18:45.593004+00:00,2026-08-04 11:00:00+00:00
2026-07-21 06:00:00+00:00,14.2,0.0,1021.9,2026-08-04T11:18:45.593004+00:00,2026-08-04 11:00:00+00:00
2026-07-21 07:00:00+00:00,15.8,0.0,1021.8,2026-08-04T11:18:45.593004+00:00,2026-08-04 11:00:00+00:00
2026-07-21 08:00:00+00:00,17.6,0.0,1021.2,2026-08-04T11:18:45.593004+00:00,2026-08-04 11:00:00+00:00
2026-07-21 09:00:00+00:00,17.9,0.0,1021.0,2026-08-04T11:18:45.593004+00:00,2026-08-04 11:00:00+00:00
2026-07-21 10:00:00+00:00,18.4,0.0,1021.0,2026-08-04T11:18:45.593004+00:00,2026-08-04 11:00:00+00:00
2026-07-21 11:00:00+00:00,21.0,0.0,1020.0,2026-08-04T11:18:45.593004+00:00,2026-08-04 11:00:00+00:00
2026-07-21 12:00:00+00:00,21.6,0.0,1019.6,2026-08-04T11:18:45.593004+00:00,2026-08-04 11:00:00+00:00
2026-07-21 13:00:00+00:00,20.7,0.0,1019.8,2026-08-04T11:18:45.593004+00:00,2026-08-04 11:00:00+00:00
2026-07-21 14:00:00+00:00,22.3,0.0,1019.5,2026-08-04T11:18:45.593004+00:00,2026-08-04 11:00:00+00:00
2026-07-21 15:00:00+00:00,21.6,0.0,1019.6,2026-08-04T11:18:45.593004+00:00,2026-08-04 11:00:00+00:00
2026-07-21 16:00:00+00:00,22.1,0.0,1019.7,2026-08-04T11:18:45.593004+00:00,2026-08-04 11:00:00+00:00
2026-07-21 17:00:00+00:00,21.5,0.0,1020.1,2026-08-04T11:18:45.593004+00:00,2026-08-04 11:00:00+00:00
2026-07-21 18:00:00+00:00,20.2,0.0,1020.7,2026-08-04T11:18:45.593004+00:00,2026-08-04 11:00:00+00:00
2026-07-21 19:00:00+00:00,19.2,0.0,1021.4,2026-08-04T11:18:45.593004+00:00,2026-08-04 11:00:00+00:00
2026-07-21 20:00:00+00:00,18.5,0.0,1022.1,2026-08-04T11:18:45.593004+00:00,2026-08-04 11:00:00+00:00
2026-07-21 21:00:00+00:00,17.9,0.0,1022.5,2026-08-04T11:18:45.593004+00:00,2026-08-04 11:00:00+00:00
2026-07-21 22:00:00+00:00,16.3,0.0,1022.9,2026-08-04T11:18:45.593004+00:00,2026-08-04 11:00:00+00:00
2026-07-21 23:00:00+00:00,14.5,0.0,1023.2,2026-08-04T11:18:45.593004+00:00,2026-08-04 11:00:00+00:00
2026-07-22 00:00:00+00:00,13.6,0.0,1023.3,2026-08-04T11:18:45.593004+00:00,2026-08-04 11:00:00+00:00
2026-07-22 01:00:00+00:00,12.9,0.0,1023.1,2026-08-04T11:18:45.593004+00:00,2026-08-04 11:00:00+00:00
2026-07-22 02:00:00+00:00,12.0,0.0,1023.2,2026-08-04T11:18:45.593004+00:00,2026-08-04 11:00:00+00:00
2026-07-22 03:00:00+00:00,11.8,0.0,1023.0,2026-08-04T11:18:45.593004+00:00,2026-08-04 11:00:00+00:00
2026-07-22 04:00:00+00:00,11.5,0.0,1023.1,2026-08-04T11:18:45.593004+00:00,2026-08-04 11:00:00+00:00
2026-07-22 05:00:00+00:00,13.4,0.0,1022.6,2026-08-04T11:18:45.593004+00:00,2026-08-04 11:00:00+00:00
2026-07-22 06:00:00+00:00,15.7,0.0,1022.1,2026-08-04T11:18:45.593004+00:00,2026-08-04 11:00:00+00:00
2026-07-22 07:00:00+00:00,18.4,0.0,1021.4,2026-08-04T11:18:45.593004+00:00,2026-08-04 11:00:00+00:00
2026-07-22 08:00:00+00:00,19.8,0.0,1021.0,2026-08-04T11:18:45.593004+00:00,2026-08-04 11:00:00+00:00
2026-07-22 09:00:00+00:00,20.8,0.0,1020.6,2026-08-04T11:18:45.593004+00:00,2026-08-04 11:00:00+00:00
2026-07-22 10:00:00+00:00,21.6,0.0,1020.1,2026-08-04T11:18:45.593004+00:00,2026-08-04 11:00:00+00:00
2026-07-22 11:00:00+00:00,22.3,0.0,1019.6,2026-08-04T11:18:45.593004+00:00,2026-08-04 11:00:00+00:00
2026-07-22 12:00:00+00:00,22.8,0.0,1019.1,2026-08-04T11:18:45.593004+00:00,2026-08-04 11:00:00+00:00
2026-07-22 13:00:00+00:00,24.0,0.0,1018.3,2026-08-04T11:18:45.593004+00:00,2026-08-04 11:00:00+00:00
2026-07-22 14:00:00+00:00,23.3,0.0,1018.1,2026-08-04T11:18:45.593004+00:00,2026-08-04 11:00:00+00:00
2026-07-22 15:00:00+00:00,24.6,0.0,1017.2,2026-08-04T11:18:45.593004+00:00,2026-08-04 11:00:00+00:00
2026-07-22 16:00:00+00:00,24.4,0.0,1016.7,2026-08-04T11:18:45.593004+00:00,2026-08-04 11:00:00+00:00
2026-07-22 17:00:00+00:00,23.8,0.0,1016.4,2026-08-04T11:18:45.593004+00:00,2026-08-04 11:00:00+00:00
2026-07-22 18:00:00+00:00,23.1,0.0,1016.4,2026-08-04T11:18:45.593004+00:00,2026-08-04 11:00:00+00:00
2026-07-22 19:00:00+00:00,21.6,0.0,1016.8,2026-08-04T11:18:45.593004+00:00,2026-08-04 11:00:00+00:00
2026-07-22 20:00:00+00:00,20.6,0.0,1017.4,2026-08-04T11:18:45.593004+00:00,2026-08-04 11:00:00+00:00
2026-07-22 21:00:00+00:00,20.1,0.0,1017.8,2026-08-04T11:18:45.593004+00:00,2026-08-04 11:00:00+00:00
2026-07-22 22:00:00+00:00,18.9,0.0,1018.2,2026-08-04T11:18:45.593004+00:00,2026-08-04 11:00:00+00:00
2026-07-22 23:00:00+00:00,17.4,0.0,1018.7,2026-08-04T11:18:45.593004+00:00,2026-08-04 11:00:00+00:00
2026-07-23 00:00:00+00:00,17.0,0.0,1018.5,2026-08-04T11:18:45.593004+00:00,2026-08-04 11:00:00+00:00
2026-07-23 01:00:00+00:00,16.5,0.0,1018.6,2026-08-04T11:18:45.593004+00:00,2026-08-04 11:00:00+00:00
2026-07-23 02:00:00+00:00,16.0,0.0,1018.5,2026-08-04T11:18:45.593004+00:00,2026-08-04 11:00:00+00:00
2026-07-23 03:00:00+00:00,15.9,0.0,1018.6,2026-08-04T11:18:45.593004+00:00,2026-08-04 11:00:00+00:00
2026-07-23 04:00:00+00:00,15.5,0.0,1018.7,2026-08-04T11:18:45.593004+00:00,2026-08-04 11:00:00+00:00
2026-07-23 05:00:00+00:00,15.4,0.0,1018.8,2026-08-04T11:18:45.593004+00:00,2026-08-04 11:00:00+00:00
2026-07-23 06:00:00+00:00,16.1,0.0,1019.0,2026-08-04T11:18:45.593004+00:00,2026-08-04 11:00:00+00:00
2026-07-23 07:00:00+00:00,15.5,0.0,1019.3,2026-08-04T11:18:45.593004+00:00,2026-08-04 11:00:00+00:00
2026-07-23 08:00:00+00:00,17.0,0.0,1018.8,2026-08-04T11:18:45.593004+00:00,2026-08-04 11:00:00+00:00
2026-07-23 09:00:00+00:00,18.4,0.0,1018.4,2026-08-04T11:18:45.593004+00:00,2026-08-04 11:00:00+00:00
2026-07-23 10:00:00+00:00,20.3,0.0,1017.8,2026-08-04T11:18:45.593004+00:00,2026-08-04 11:00:00+00:00
2026-07-23 11:00:00+00:00,20.4,0.0,1017.6,2026-08-04T11:18:45.593004+00:00,2026-08-04 11:00:00+00:00
2026-07-23 12:00:00+00:00,20.6,0.0,1017.1,2026-08-04T11:18:45.593004+00:00,2026-08-04 11:00:00+00:00
2026-07-23 13:00:00+00:00,21.5,0.0,1016.7,2026-08-04T11:18:45.593004+00:00,2026-08-04 11:00:00+00:00
2026-07-23 14:00:00+00:00,21.4,0.0,1016.4,2026-08-04T11:18:45.593004+00:00,2026-08-04 11:00:00+00:00
2026-07-23 15:00:00+00:00,22.4,0.0,1016.0,2026-08-04T11:18:45.593004+00:00,2026-08-04 11:00:00+00:00
2026-07-23 16:00:00+00:00,22.0,0.0,1016.0,2026-08-04T11:18:45.593004+00:00,2026-08-04 11:00:00+00:00
2026-07-23 17:00:00+00:00,21.1,0.0,1016.1,2026-08-04T11:18:45.593004+00:00,2026-08-04 11:00:00+00:00
2026-07-23 18:00:00+00:00,19.8,0.0,1016.9,2026-08-04T11:18:45.593004+00:00,2026-08-04 11:00:00+00:00
2026-07-23 19:00:00+00:00,19.2,0.0,1017.3,2026-08-04T11:18:45.593004+00:00,2026-08-04 11:00:00+00:00
2026-07-23 20:00:00+00:00,17.4,0.0,1018.5,2026-08-04T11:18:45.593004+00:00,2026-08-04 11:00:00+00:00
2026-07-23 21:00:00+00:00,16.3,0.0,1019.4,2026-08-04T11:18:45.593004+00:00,2026-08-04 11:00:00+00:00
2026-07-23 22:00:00+00:00,14.8,0.0,1020.1,2026-08-04T11:18:45.593004+00:00,2026-08-04 11:00:00+00:00
2026-07-23 23:00:00+00:00,14.5,0.0,1020.3,2026-08-04T11:18:45.593004+00:00,2026-08-04 11:00:00+00:00
2026-07-24 00:00:00+00:00,13.1,0.0,1020.5,2026-08-04T11:18:45.593004+00:00,2026-08-04 11:00:00+00:00
2026-07-24 01:00:00+00:00,12.5,0.0,1020.6,2026-08-04T11:18:45.593004+00:00,2026-08-04 11:00:00+00:00
2026-07-24 02:00:00+00:00,11.4,0.0,1020.7,2026-08-04T11:18:45.593004+00:00,2026-08-04 11:00:00+00:00
2026-07-24 03:00:00+00:00,11.1,0.0,1020.4,2026-08-04T11:18:45.593004+00:00,2026-08-04 11:00:00+00:00
2026-07-24 04:00:00+00:00,11.3,0.0,1020.6,2026-08-04T11:18:45.593004+00:00,2026-08-04 11:00:00+00:00
2026-07-24 05:00:00+00:00,12.8,0.0,1020.3,2026-08-04T11:18:45.593004+00:00,2026-08-04 11:00:00+00:00
2026-07-24 06:00:00+00:00,14.8,0.0,1020.1,2026-08-04T11:18:45.593004+00:00,2026-08-04 11:00:00+00:00
2026-07-24 07:00:00+00:00,17.5,0.0,1019.6,2026-08-04T11:18:45.593004+00:00,2026-08-04 11:00:00+00:00
2026-07-24 08:00:00+00:00,18.9,0.0,1019.1,2026-08-04T11:18:45.593004+00:00,2026-08-04 11:00:00+00:00
2026-07-24 09:00:00+00:00,19.7,0.0,1018.5,2026-08-04T11:18:45.593004+00:00,2026-08-04 11:00:00+00:00
2026-07-24 10:00:00+00:00,20.9,0.0,1018.0,2026-08-04T11:18:45.593004+00:00,2026-08-04 11:00:00+00:00
2026-07-24 11:00:00+00:00,22.1,0.0,1017.1,2026-08-04T11:18:45.593004+00:00,2026-08-04 11:00:00+00:00
2026-07-24 12:00:00+00:00,22.8,0.0,1016.6,2026-08-04T11:18:45.593004+00:00,2026-08-04 11:00:00+00:00
2026-07-24 13:00:00+00:00,24.1,0.0,1015.7,2026-08-04T11:18:45.593004+00:00,2026-08-04 11:00:00+00:00
2026-07-24 14:00:00+00:00,24.1,0.0,1015.1,2026-08-04T11:18:45.593004+00:00,2026-08-04 11:00:00+00:00
2026-07-24 15:00:00+00:00,25.1,0.0,1014.3,2026-08-04T11:18:45.593004+00:00,2026-08-04 11:00:00+00:00
2026-07-24 16:00:00+00:00,24.9,0.0,1013.7,2026-08-04T11:18:45.593004+00:00,2026-08-04 11:00:00+00:00
2026-07-24 17:00:00+00:00,24.2,0.0,1013.3,2026-08-04T11:18:45.593004+00:00,2026-08-04 11:00:00+00:00
2026-07-24 18:00:00+00:00,23.5,0.0,1013.3,2026-08-04T11:18:45.593004+00:00,2026-08-04 11:00:00+00:00
2026-07-24 19:00:00+00:00,21.5,0.0,1013.7,2026-08-04T11:18:45.593004+00:00,2026-08-04 11:00:00+00:00
2026-07-24 20:00:00+00:00,19.3,0.0,1014.4,2026-08-04T11:18:45.593004+00:00,2026-08-04 11:00:00+00:00
2026-07-24 21:00:00+00:00,19.7,0.0,1013.9,2026-08-04T11:18:45.593004+00:00,2026-08-04 11:00:00+00:00
2026-07-24 22:00:00+00:00,19.3,0.0,1013.6,2026-08-04T11:18:45.593004+00:00,2026-08-04 11:00:00+00:00
2026-07-24 23:00:00+00:00,18.9,0.0,1013.3,2026-08-04T11:18:45.593004+00:00,2026-08-04 11:00:00+00:00
2026-07-25 00:00:00+00:00,17.8,0.0,1012.8,2026-08-04T11:18:45.593004+00:00,2026-08-04 11:00:00+00:00
2026-07-25 01:00:00+00:00,16.9,0.0,1012.7,2026-08-04T11:18:45.593004+00:00,2026-08-04 11:00:00+00:00
2026-07-25 02:00:00+00:00,15.6,0.0,1012.8,2026-08-04T11:18:45.593004+00:00,2026-08-04 11:00:00+00:00
2026-07-25 03:00:00+00:00,13.3,0.0,1012.8,2026-08-04T11:18:45.593004+00:00,2026-08-04 11:00:00+00:00
2026-07-25 04:00:00+00:00,12.6,0.0,1013.1,2026-08-04T11:18:45.593004+00:00,2026-08-04 11:00:00+00:00
2026-07-25 05:00:00+00:00,15.0,0.0,1012.5,2026-08-04T11:18:45.593004+00:00,2026-08-04 11:00:00+00:00
2026-07-25 06:00:00+00:00,17.0,0.0,1011.8,2026-08-04T11:18:45.593004+00:00,2026-08-04 11:00:00+00:00
2026-07-25 07:00:00+00:00,20.5,0.0,1010.8,2026-08-04T11:18:45.593004+00:00,2026-08-04 11:00:00+00:00
2026-07-25 08:00:00+00:00,23.4,0.0,1010.0,2026-08-04T11:18:45.593004+00:00,2026-08-04 11:00:00+00:00
2026-07-25 09:00:00+00:00,25.5,0.0,1009.1,2026-08-04T11:18:45.593004+00:00,2026-08-04 11:00:00+00:00
2026-07-25 10:00:00+00:00,27.2,0.0,1008.1,2026-08-04T11:18:45.593004+00:00,2026-08-04 11:00:00+00:00
2026-07-25 11:00:00+00:00,28.9,0.0,1006.9,2026-08-04T11:18:45.593004+00:00,2026-08-04 11:00:00+00:00
2026-07-25 12:00:00+00:00,29.8,0.0,1006.0,2026-08-04T11:18:45.593004+00:00,2026-08-04 11:00:00+00:00
2026-07-25 13:00:00+00:00,31.4,0.0,1004.9,2026-08-04T11:18:45.593004+00:00,2026-08-04 11:00:00+00:00
2026-07-25 14:00:00+00:00,31.6,0.0,1004.3,2026-08-04T11:18:45.593004+00:00,2026-08-04 11:00:00+00:00
2026-07-25 15:00:00+00:00,31.9,0.0,1004.0,2026-08-04T11:18:45.593004+00:00,2026-08-04 11:00:00+00:00
2026-07-25 16:00:00+00:00,30.9,0.0,1003.8,2026-08-04T11:18:45.593004+00:00,2026-08-04 11:00:00+00:00
2026-07-25 17:00:00+00:00,30.2,0.0,1003.6,2026-08-04T11:18:45.593004+00:00,2026-08-04 11:00:00+00:00
2026-07-25 18:00:00+00:00,29.1,0.0,1003.6,2026-08-04T11:18:45.593004+00:00,2026-08-04 11:00:00+00:00
2026-07-25 19:00:00+00:00,27.9,0.0,1004.2,2026-08-04T11:18:45.593004+00:00,2026-08-04 11:00:00+00:00
2026-07-25 20:00:00+00:00,26.7,0.0,1004.8,2026-08-04T11:18:45.593004+00:00,2026-08-04 11:00:00+00:00
2026-07-25 21:00:00+00:00,25.5,0.0,1005.7,2026-08-04T11:18:45.593004+00:00,2026-08-04 11:00:00+00:00
2026-07-25 22:00:00+00:00,24.4,0.0,1005.9,2026-08-04T11:18:45.593004+00:00,2026-08-04 11:00:00+00:00
2026-07-25 23:00:00+00:00,22.9,0.0,1006.2,2026-08-04T11:18:45.593004+00:00,2026-08-04 11:00:00+00:00
2026-07-26 00:00:00+00:00,22.6,0.0,1006.1,2026-08-04T11:18:45.593004+00:00,2026-08-04 11:00:00+00:00
2026-07-26 01:00:00+00:00,22.5,0.0,1006.3,2026-08-04T11:18:45.593004+00:00,2026-08-04 11:00:00+00:00
2026-07-26 02:00:00+00:00,22.1,0.0,1006.3,2026-08-04T11:18:45.593004+00:00,2026-08-04 11:00:00+00:00
2026-07-26 03:00:00+00:00,21.4,0.0,1006.4,2026-08-04T11:18:45.593004+00:00,2026-08-04 11:00:00+00:00
2026-07-26 04:00:00+00:00,19.9,0.1,1006.6,2026-08-04T11:18:45.593004+00:00,2026-08-04 11:00:00+00:00
2026-07-26 05:00:00+00:00,20.0,0.1,1007.0,2026-08-04T11:18:45.593004+00:00,2026-08-04 11:00:00+00:00
2026-07-26 06:00:00+00:00,20.1,0.0,1007.3,2026-08-04T11:18:45.593004+00:00,2026-08-04 11:00:00+00:00
2026-07-26 07:00:00+00:00,21.0,0.0,1007.5,2026-08-04T11:18:45.593004+00:00,2026-08-04 11:00:00+00:00
2026-07-26 08:00:00+00:00,21.1,0.0,1008.1,2026-08-04T11:18:45.593004+00:00,2026-08-04 11:00:00+00:00
2026-07-26 09:00:00+00:00,21.4,0.0,1008.4,2026-08-04T11:18:45.593004+00:00,2026-08-04 11:00:00+00:00
2026-07-26 10:00:00+00:00,22.2,0.0,1008.2,2026-08-04T11:18:45.593004+00:00,2026-08-04 11:00:00+00:00
2026-07-26 11:00:00+00:00,21.8,0.0,1008.4,2026-08-04T11:18:45.593004+00:00,2026-08-04 11:00:00+00:00
2026-07-26 12:00:00+00:00,21.4,0.0,1008.1,2026-08-04T11:18:45.593004+00:00,2026-08-04 11:00:00+00:00
2026-07-26 13:00:00+00:00,25.3,0.0,1006.7,2026-08-04T11:18:45.593004+00:00,2026-08-04 11:00:00+00:00
2026-07-26 14:00:00+00:00,26.7,0.0,1006.2,2026-08-04T11:18:45.593004+00:00,2026-08-04 11:00:00+00:00
2026-07-26 15:00:00+00:00,25.8,0.0,1006.3,2026-08-04T11:18:45.593004+00:00,2026-08-04 11:00:00+00:00
2026-07-26 16:00:00+00:00,25.4,0.0,1006.6,2026-08-04T11:18:45.593004+00:00,2026-08-04 11:00:00+00:00
2026-07-26 17:00:00+00:00,25.3,0.0,1006.4,2026-08-04T11:18:45.593004+00:00,2026-08-04 11:00:00+00:00
2026-07-26 18:00:00+00:00,24.8,0.0,1006.9,2026-08-04T11:18:45.593004+00:00,2026-08-04 11:00:00+00:00
2026-07-26 19:00:00+00:00,23.8,0.0,1007.1,2026-08-04T11:18:45.593004+00:00,2026-08-04 11:00:00+00:00
2026-07-26 20:00:00+00:00,23.0,0.0,1007.9,2026-08-04T11:18:45.593004+00:00,2026-08-04 11:00:00+00:00
2026-07-26 21:00:00+00:00,22.6,0.0,1008.5,2026-08-04T11:18:45.593004+00:00,2026-08-04 11:00:00+00:00
2026-07-26 22:00:00+00:00,22.7,0.0,1009.2,2026-08-04T11:18:45.593004+00:00,2026-08-04 11:00:00+00:00
2026-07-26 23:00:00+00:00,22.2,0.0,1009.4,2026-08-04T11:18:45.593004+00:00,2026-08-04 11:00:00+00:00
2026-07-27 00:00:00+00:00,21.5,0.0,1009.7,2026-08-04T11:18:45.593004+00:00,2026-08-04 11:00:00+00:00
2026-07-27 01:00:00+00:00,21.1,0.0,1009.9,2026-08-04T11:18:45.593004+00:00,2026-08-04 11:00:00+00:00
2026-07-27 02:00:00+00:00,21.2,0.0,1010.1,2026-08-04T11:18:45.593004+00:00,2026-08-04 11:00:00+00:00
2026-07-27 03:00:00+00:00,21.0,0.0,1010.6,2026-08-04T11:18:45.593004+00:00,2026-08-04 11:00:00+00:00
2026-07-27 04:00:00+00:00,21.1,0.0,1011.0,2026-08-04T11:18:45.593004+00:00,2026-08-04 11:00:00+00:00
2026-07-27 05:00:00+00:00,21.1,0.0,1011.1,2026-08-04T11:18:45.593004+00:00,2026-08-04 11:00:00+00:00
2026-07-27 06:00:00+00:00,21.7,0.0,1011.5,2026-08-04T11:18:45.593004+00:00,2026-08-04 11:00:00+00:00
2026-07-27 07:00:00+00:00,16.2,0.4,1014.7,2026-08-04T11:18:45.593004+00:00,2026-08-04 11:00:00+00:00
2026-07-27 08:00:00+00:00,15.0,0.2,1015.9,2026-08-04T11:18:45.593004+00:00,2026-08-04 11:00:00+00:00
2026-07-27 09:00:00+00:00,16.0,1.1,1016.2,2026-08-04T11:18:45.593004+00:00,2026-08-04 11:00:00+00:00
2026-07-27 10:00:00+00:00,16.5,0.2,1016.9,2026-08-04T11:18:45.593004+00:00,2026-08-04 11:00:00+00:00
2026-07-27 11:00:00+00:00,18.1,0.1,1016.9,2026-08-04T11:18:45.593004+00:00,2026-08-04 11:00:00+00:00
2026-07-27 12:00:00+00:00,21.2,0.0,1016.2,2026-08-04T11:18:45.593004+00:00,2026-08-04 11:00:00+00:00
2026-07-27 13:00:00+00:00,22.8,0.0,1015.8,2026-08-04T11:18:45.593004+00:00,2026-08-04 11:00:00+00:00
2026-07-27 14:00:00+00:00,23.7,0.0,1015.6,2026-08-04T11:18:45.593004+00:00,2026-08-04 11:00:00+00:00
2026-07-27 15:00:00+00:00,23.8,0.0,1015.8,2026-08-04T11:18:45.593004+00:00,2026-08-04 11:00:00+00:00
2026-07-27 16:00:00+00:00,23.5,0.0,1016.2,2026-08-04T11:18:45.593004+00:00,2026-08-04 11:00:00+00:00
2026-07-27 17:00:00+00:00,23.2,0.0,1016.5,2026-08-04T11:18:45.593004+00:00,2026-08-04 11:00:00+00:00
2026-07-27 18:00:00+00:00,22.5,0.0,1017.1,2026-08-04T11:18:45.593004+00:00,2026-08-04 11:00:00+00:00
2026-07-27 19:00:00+00:00,21.9,0.0,1017.9,2026-08-04T11:18:45.593004+00:00,2026-08-04 11:00:00+00:00
2026-07-27 20:00:00+00:00,20.1,0.0,1019.1,2026-08-04T11:18:45.593004+00:00,2026-08-04 11:00:00+00:00
2026-07-27 21:00:00+00:00,19.1,0.0,1019.8,2026-08-04T11:18:45.593004+00:00,2026-08-04 11:00:00+00:00
2026-07-27 22:00:00+00:00,18.8,0.0,1020.3,2026-08-04T11:18:45.593004+00:00,2026-08-04 11:00:00+00:00
2026-07-27 23:00:00+00:00,18.0,0.0,1020.8,2026-08-04T11:18:45.593004+00:00,2026-08-04 11:00:00+00:00
2026-07-28 00:00:00+00:00,16.8,0.0,1021.2,2026-08-04T11:18:45.593004+00:00,2026-08-04 11:00:00+00:00
2026-07-28 01:00:00+00:00,17.3,0.0,1021.6,2026-08-04T11:18:45.593004+00:00,2026-08-04 11:00:00+00:00
2026-07-28 02:00:00+00:00,16.5,0.0,1022.1,2026-08-04T11:18:45.593004+00:00,2026-08-04 11:00:00+00:00
2026-07-28 03:00:00+00:00,15.3,0.0,1022.3,2026-08-04T11:18:45.593004+00:00,2026-08-04 11:00:00+00:00
2026-07-28 04:00:00+00:00,14.4,0.0,1022.5,2026-08-04T11:18:45.593004+00:00,2026-08-04 11:00:00+00:00
2026-07-28 05:00:00+00:00,15.3,0.0,1022.6,2026-08-04T11:18:45.593004+00:00,2026-08-04 11:00:00+00:00
2026-07-28 06:00:00+00:00,18.2,0.0,1022.2,2026-08-04T11:18:45.593004+00:00,2026-08-04 11:00:00+00:00
2026-07-28 07:00:00+00:00,20.6,0.0,1022.0,2026-08-04T11:18:45.593004+00:00,2026-08-04 11:00:00+00:00
2026-07-28 08:00:00+00:00,22.2,0.0,1021.6,2026-08-04T11:18:45.593004+00:00,2026-08-04 11:00:00+00:00
2026-07-28 09:00:00+00:00,23.6,0.0,1021.2,2026-08-04T11:18:45.593004+00:00,2026-08-04 11:00:00+00:00
2026-07-28 10:00:00+00:00,24.4,0.0,1021.1,2026-08-04T11:18:45.593004+00:00,2026-08-04 11:00:00+00:00
2026-07-28 11:00:00+00:00,24.9,0.0,1020.9,2026-08-04T11:18:45.593004+00:00,2026-08-04 11:00:00+00:00
2026-07-28 12:00:00+00:00,26.9,0.0,1020.1,2026-08-04T11:18:45.593004+00:00,2026-08-04 11:00:00+00:00
2026-07-28 13:00:00+00:00,27.1,0.0,1019.4,2026-08-04T11:18:45.593004+00:00,2026-08-04 11:00:00+00:00
2026-07-28 14:00:00+00:00,28.3,0.0,1018.7,2026-08-04T11:18:45.593004+00:00,2026-08-04 11:00:00+00:00
2026-07-28 15:00:00+00:00,28.8,0.0,1018.2,2026-08-04T11:18:45.593004+00:00,2026-08-04 11:00:00+00:00
2026-07-28 16:00:00+00:00,28.7,0.0,1018.0,2026-08-04T11:18:45.593004+00:00,2026-08-04 11:00:00+00:00
2026-07-28 17:00:00+00:00,28.5,0.0,1017.7,2026-08-04T11:18:45.593004+00:00,2026-08-04 11:00:00+00:00
2026-07-28 18:00:00+00:00,26.9,0.0,1018.3,2026-08-04T11:18:45.593004+00:00,2026-08-04 11:00:00+00:00
2026-07-28 19:00:00+00:00,25.1,0.0,1018.8,2026-08-04T11:18:45.593004+00:00,2026-08-04 11:00:00+00:00
2026-07-28 20:00:00+00:00,22.4,0.0,1019.8,2026-08-04T11:18:45.593004+00:00,2026-08-04 11:00:00+00:00
2026-07-28 21:00:00+00:00,21.2,0.0,1020.3,2026-08-04T11:18:45.593004+00:00,2026-08-04 11:00:00+00:00
2026-07-28 22:00:00+00:00,19.8,0.0,1020.7,2026-08-04T11:18:45.593004+00:00,2026-08-04 11:00:00+00:00
2026-07-28 23:00:00+00:00,18.6,0.0,1021.3,2026-08-04T11:18:45.593004+00:00,2026-08-04 11:00:00+00:00
2026-07-29 00:00:00+00:00,18.0,0.0,1021.0,2026-08-04T11:18:45.593004+00:00,2026-08-04 11:00:00+00:00
2026-07-29 01:00:00+00:00,17.5,0.0,1020.7,2026-08-04T11:18:45.593004+00:00,2026-08-04 11:00:00+00:00
2026-07-29 02:00:00+00:00,17.7,0.0,1020.3,2026-08-04T11:18:45.593004+00:00,2026-08-04 11:00:00+00:00
2026-07-29 03:00:00+00:00,16.3,0.0,1020.3,2026-08-04T11:18:45.593004+00:00,2026-08-04 11:00:00+00:00
2026-07-29 04:00:00+00:00,15.8,0.0,1020.2,2026-08-04T11:18:45.593004+00:00,2026-08-04 11:00:00+00:00
2026-07-29 05:00:00+00:00,16.5,0.0,1020.1,2026-08-04T11:18:45.593004+00:00,2026-08-04 11:00:00+00:00
2026-07-29 06:00:00+00:00,19.8,0.0,1019.5,2026-08-04T11:18:45.593004+00:00,2026-08-04 11:00:00+00:00
2026-07-29 07:00:00+00:00,24.4,0.0,1018.7,2026-08-04T11:18:45.593004+00:00,2026-08-04 11:00:00+00:00
2026-07-29 08:00:00+00:00,25.9,0.0,1018.3,2026-08-04T11:18:45.593004+00:00,2026-08-04 11:00:00+00:00
2026-07-29 09:00:00+00:00,28.5,0.0,1017.9,2026-08-04T11:18:45.593004+00:00,2026-08-04 11:00:00+00:00
2026-07-29 10:00:00+00:00,30.0,0.0,1017.5,2026-08-04T11:18:45.593004+00:00,2026-08-04 11:00:00+00:00
2026-07-29 11:00:00+00:00,30.6,0.0,1017.1,2026-08-04T11:18:45.593004+00:00,2026-08-04 11:00:00+00:00
2026-07-29 12:00:00+00:00,32.1,0.0,1016.3,2026-08-04T11:18:45.593004+00:00,2026-08-04 11:00:00+00:00
2026-07-29 13:00:00+00:00,32.7,0.0,1015.6,2026-08-04T11:18:45.593004+00:00,2026-08-04 11:00:00+00:00
2026-07-29 14:00:00+00:00,34.2,0.0,1014.9,2026-08-04T11:18:45.593004+00:00,2026-08-04 11:00:00+00:00
2026-07-29 15:00:00+00:00,33.5,0.0,1014.7,2026-08-04T11:18:45.593004+00:00,2026-08-04 11:00:00+00:00
2026-07-29 16:00:00+00:00,33.6,0.0,1014.2,2026-08-04T11:18:45.593004+00:00,2026-08-04 11:00:00+00:00
2026-07-29 17:00:00+00:00,33.1,0.0,1014.0,2026-08-04T11:18:45.593004+00:00,2026-08-04 11:00:00+00:00
2026-07-29 18:00:00+00:00,32.0,0.0,1014.2,2026-08-04T11:18:45.593004+00:00,2026-08-04 11:00:00+00:00
2026-07-29 19:00:00+00:00,30.4,0.0,1014.7,2026-08-04T11:18:45.593004+00:00,2026-08-04 11:00:00+00:00
2026-07-29 20:00:00+00:00,29.1,0.0,1015.7,2026-08-04T11:18:45.593004+00:00,2026-08-04 11:00:00+00:00
2026-07-29 21:00:00+00:00,28.6,0.0,1016.1,2026-08-04T11:18:45.593004+00:00,2026-08-04 11:00:00+00:00
2026-07-29 22:00:00+00:00,27.7,0.0,1016.2,2026-08-04T11:18:45.593004+00:00,2026-08-04 11:00:00+00:00
2026-07-29 23:00:00+00:00,26.1,0.0,1016.7,2026-08-04T11:18:45.593004+00:00,2026-08-04 11:00:00+00:00
2026-07-30 00:00:00+00:00,25.7,0.0,1016.7,2026-08-04T11:18:45.593004+00:00,2026-08-04 11:00:00+00:00
2026-07-30 01:00:00+00:00,24.7,0.0,1016.8,2026-08-04T11:18:45.593004+00:00,2026-08-04 11:00:00+00:00
2026-07-30 02:00:00+00:00,24.6,0.0,1016.9,2026-08-04T11:18:45.593004+00:00,2026-08-04 11:00:00+00:00
2026-07-30 03:00:00+00:00,24.0,0.0,1017.1,2026-08-04T11:18:45.593004+00:00,2026-08-04 11:00:00+00:00
2026-07-30 04:00:00+00:00,23.6,0.0,1017.2,2026-08-04T11:18:45.593004+00:00,2026-08-04 11:00:00+00:00
2026-07-30 05:00:00+00:00,23.9,0.0,1017.6,2026-08-04T11:18:45.593004+00:00,2026-08-04 11:00:00+00:00
2026-07-30 06:00:00+00:00,25.3,0.0,1017.4,2026-08-04T11:18:45.593004+00:00,2026-08-04 11:00:00+00:00
2026-07-30 07:00:00+00:00,28.7,0.0,1017.0,2026-08-04T11:18:45.593004+00:00,2026-08-04 11:00:00+00:00
2026-07-30 08:00:00+00:00,31.1,0.0,1016.5,2026-08-04T11:18:45.593004+00:00,2026-08-04 11:00:00+00:00
2026-07-30 09:00:00+00:00,32.3,0.0,1016.1,2026-08-04T11:18:45.593004+00:00,2026-08-04 11:00:00+00:00
2026-07-30 10:00:00+00:00,34.0,0.0,1015.5,2026-08-04T11:18:45.593004+00:00,2026-08-04 11:00:00+00:00
2026-07-30 11:00:00+00:00,35.2,0.0,1014.9,2026-08-04T11:18:45.593004+00:00,2026-08-04 11:00:00+00:00
2026-07-30 12:00:00+00:00,34.8,0.0,1014.4,2026-08-04T11:18:45.593004+00:00,2026-08-04 11:00:00+00:00
2026-07-30 13:00:00+00:00,35.9,0.0,1013.7,2026-08-04T11:18:45.593004+00:00,2026-08-04 11:00:00+00:00
2026-07-30 14:00:00+00:00,35.8,0.0,1013.4,2026-08-04T11:18:45.593004+00:00,2026-08-04 11:00:00+00:00
2026-07-30 15:00:00+00:00,36.7,0.0,1012.7,2026-08-04T11:18:45.593004+00:00,2026-08-04 11:00:00+00:00
2026-07-30 16:00:00+00:00,36.0,0.0,1012.4,2026-08-04T11:18:45.593004+00:00,2026-08-04 11:00:00+00:00
2026-07-30 17:00:00+00:00,35.3,0.0,1012.5,2026-08-04T11:18:45.593004+00:00,2026-08-04 11:00:00+00:00
2026-07-30 18:00:00+00:00,33.8,0.0,1012.8,2026-08-04T11:18:45.593004+00:00,2026-08-04 11:00:00+00:00
2026-07-30 19:00:00+00:00,29.3,0.0,1014.1,2026-08-04T11:18:45.593004+00:00,2026-08-04 11:00:00+00:00
2026-07-30 20:00:00+00:00,27.6,0.0,1015.9,2026-08-04T11:18:45.593004+00:00,2026-08-04 11:00:00+00:00
2026-07-30 21:00:00+00:00,26.1,0.0,1016.9,2026-08-04T11:18:45.593004+00:00,2026-08-04 11:00:00+00:00
2026-07-30 22:00:00+00:00,24.9,0.0,1017.7,2026-08-04T11:18:45.593004+00:00,2026-08-04 11:00:00+00:00
2026-07-30 23:00:00+00:00,23.9,0.0,1017.9,2026-08-04T11:18:45.593004+00:00,2026-08-04 11:00:00+00:00
2026-07-31 00:00:00+00:00,22.2,0.0,1018.0,2026-08-04T11:18:45.593004+00:00,2026-08-04 11:00:00+00:00
2026-07-31 01:00:00+00:00,20.9,0.0,1018.0,2026-08-04T11:18:45.593004+00:00,2026-08-04 11:00:00+00:00
2026-07-31 02:00:00+00:00,20.4,0.0,1017.5,2026-08-04T11:18:45.593004+00:00,2026-08-04 11:00:00+00:00
2026-07-31 03:00:00+00:00,21.0,0.0,1017.1,2026-08-04T11:18:45.593004+00:00,2026-08-04 11:00:00+00:00
2026-07-31 04:00:00+00:00,19.3,0.0,1017.1,2026-08-04T11:18:45.593004+00:00,2026-08-04 11:00:00+00:00
2026-07-31 05:00:00+00:00,19.9,0.0,1016.7,2026-08-04T11:18:45.593004+00:00,2026-08-04 11:00:00+00:00
2026-07-31 06:00:00+00:00,23.3,0.0,1016.1,2026-08-04T11:18:45.593004+00:00,2026-08-04 11:00:00+00:00
2026-07-31 07:00:00+00:00,26.3,0.0,1015.5,2026-08-04T11:18:45.593004+00:00,2026-08-04 11:00:00+00:00
2026-07-31 08:00:00+00:00,28.2,0.0,1015.2,2026-08-04T11:18:45.593004+00:00,2026-08-04 11:00:00+00:00
2026-07-31 09:00:00+00:00,31.0,0.0,1014.0,2026-08-04T11:18:45.593004+00:00,2026-08-04 11:00:00+00:00
2026-07-31 10:00:00+00:00,32.7,0.0,1013.2,2026-08-04T11:18:45.593004+00:00,2026-08-04 11:00:00+00:00
2026-07-31 11:00:00+00:00,33.8,0.0,1012.3,2026-08-04T11:18:45.593004+00:00,2026-08-04 11:00:00+00:00
2026-07-31 12:00:00+00:00,35.4,0.0,1011.3,2026-08-04T11:18:45.593004+00:00,2026-08-04 11:00:00+00:00
2026-07-31 13:00:00+00:00,35.9,0.0,1010.6,2026-08-04T11:18:45.593004+00:00,2026-08-04 11:00:00+00:00
2026-07-31 14:00:00+00:00,35.4,0.0,1010.4,2026-08-04T11:18:45.593004+00:00,2026-08-04 11:00:00+00:00
2026-07-31 15:00:00+00:00,35.4,0.0,1010.1,2026-08-04T11:18:45.593004+00:00,2026-08-04 11:00:00+00:00
2026-07-31 16:00:00+00:00,34.0,0.0,1010.3,2026-08-04T11:18:45.593004+00:00,2026-08-04 11:00:00+00:00
2026-07-31 17:00:00+00:00,28.3,0.0,1012.9,2026-08-04T11:18:45.593004+00:00,2026-08-04 11:00:00+00:00
2026-07-31 18:00:00+00:00,28.0,0.0,1014.1,2026-08-04T11:18:45.593004+00:00,2026-08-04 11:00:00+00:00
2026-07-31 19:00:00+00:00,21.2,1.3,1016.2,2026-08-04T11:18:45.593004+00:00,2026-08-04 11:00:00+00:00
2026-07-31 20:00:00+00:00,21.6,0.1,1015.5,2026-08-04T11:18:45.593004+00:00,2026-08-04 11:00:00+00:00
2026-07-31 21:00:00+00:00,22.1,0.0,1015.4,2026-08-04T11:18:45.593004+00:00,2026-08-04 11:00:00+00:00
2026-07-31 22:00:00+00:00,21.3,0.0,1015.6,2026-08-04T11:18:45.593004+00:00,2026-08-04 11:00:00+00:00
2026-07-31 23:00:00+00:00,21.3,0.0,1014.7,2026-08-04T11:18:45.593004+00:00,2026-08-04 11:00:00+00:00
2026-08-01 00:00:00+00:00,19.4,0.0,1014.9,2026-08-04T11:18:45.593004+00:00,2026-08-04 11:00:00+00:00
2026-08-01 01:00:00+00:00,19.1,0.0,1015.2,2026-08-04T11:18:45.593004+00:00,2026-08-04 11:00:00+00:00
2026-08-01 02:00:00+00:00,19.0,0.0,1015.5,2026-08-04T11:18:45.593004+00:00,2026-08-04 11:00:00+00:00
2026-08-01 03:00:00+00:00,19.5,0.0,1016.0,2026-08-04T11:18:45.593004+00:00,2026-08-04 11:00:00+00:00
2026-08-01 04:00:00+00:00,19.9,0.0,1015.9,2026-08-04T11:18:45.593004+00:00,2026-08-04 11:00:00+00:00
2026-08-01 05:00:00+00:00,20.1,0.0,1015.6,2026-08-04T11:18:45.593004+00:00,2026-08-04 11:00:00+00:00
2026-08-01 06:00:00+00:00,20.7,0.0,1015.5,2026-08-04T11:18:45.593004+00:00,2026-08-04 11:00:00+00:00
2026-08-01 07:00:00+00:00,21.9,0.0,1015.4,2026-08-04T11:18:45.593004+00:00,2026-08-04 11:00:00+00:00
2026-08-01 08:00:00+00:00,23.7,0.0,1015.2,2026-08-04T11:18:45.593004+00:00,2026-08-04 11:00:00+00:00
2026-08-01 09:00:00+00:00,24.7,0.0,1015.0,2026-08-04T11:18:45.593004+00:00,2026-08-04 11:00:00+00:00
2026-08-01 10:00:00+00:00,25.9,0.0,1014.5,2026-08-04T11:18:45.593004+00:00,2026-08-04 11:00:00+00:00
2026-08-01 11:00:00+00:00,27.3,0.0,1014.4,2026-08-04T11:18:45.593004+00:00,2026-08-04 11:00:00+00:00
2026-08-01 12:00:00+00:00,28.7,0.0,1013.8,2026-08-04T11:18:45.593004+00:00,2026-08-04 11:00:00+00:00
2026-08-01 13:00:00+00:00,28.7,0.0,1013.4,2026-08-04T11:18:45.593004+00:00,2026-08-04 11:00:00+00:00
2026-08-01 14:00:00+00:00,27.8,0.0,1013.2,2026-08-04T11:18:45.593004+00:00,2026-08-04 11:00:00+00:00
2026-08-01 15:00:00+00:00,26.9,0.0,1013.6,2026-08-04T11:18:45.593004+00:00,2026-08-04 11:00:00+00:00
2026-08-01 16:00:00+00:00,21.1,20.7,1015.4,2026-08-04T11:18:45.593004+00:00,2026-08-04 11:00:00+00:00
2026-08-01 17:00:00+00:00,22.0,0.2,1015.2,2026-08-04T11:18:45.593004+00:00,2026-08-04 11:00:00+00:00
2026-08-01 18:00:00+00:00,22.8,0.2,1015.3,2026-08-04T11:18:45.593004+00:00,2026-08-04 11:00:00+00:00
2026-08-01 19:00:00+00:00,22.4,0.0,1016.2,2026-08-04T11:18:45.593004+00:00,2026-08-04 11:00:00+00:00
2026-08-01 20:00:00+00:00,20.7,0.0,1017.2,2026-08-04T11:18:45.593004+00:00,2026-08-04 11:00:00+00:00
2026-08-01 21:00:00+00:00,20.1,0.0,1017.4,2026-08-04T11:18:45.593004+00:00,2026-08-04 11:00:00+00:00
2026-08-01 22:00:00+00:00,19.5,0.0,1017.5,2026-08-04T11:18:45.593004+00:00,2026-08-04 11:00:00+00:00
2026-08-01 23:00:00+00:00,19.2,0.0,1017.5,2026-08-04T11:18:45.593004+00:00,2026-08-04 11:00:00+00:00
2026-08-02 00:00:00+00:00,19.2,0.0,1017.2,2026-08-04T11:18:45.593004+00:00,2026-08-04 11:00:00+00:00
2026-08-02 01:00:00+00:00,19.6,0.0,1016.9,2026-08-04T11:18:45.593004+00:00,2026-08-04 11:00:00+00:00
2026-08-02 02:00:00+00:00,19.2,0.0,1017.0,2026-08-04T11:18:45.593004+00:00,2026-08-04 11:00:00+00:00
2026-08-02 03:00:00+00:00,18.5,0.0,1017.2,2026-08-04T11:18:45.593004+00:00,2026-08-04 11:00:00+00:00
2026-08-02 04:00:00+00:00,17.9,0.0,1017.2,2026-08-04T11:18:45.593004+00:00,2026-08-04 11:00:00+00:00
2026-08-02 05:00:00+00:00,17.9,0.0,1017.3,2026-08-04T11:18:45.593004+00:00,2026-08-04 11:00:00+00:00
2026-08-02 06:00:00+00:00,18.3,0.0,1017.1,2026-08-04T11:18:45.593004+00:00,2026-08-04 11:00:00+00:00
2026-08-02 07:00:00+00:00,20.0,0.0,1016.5,2026-08-04T11:18:45.593004+00:00,2026-08-04 11:00:00+00:00
2026-08-02 08:00:00+00:00,21.6,0.0,1016.1,2026-08-04T11:18:45.593004+00:00,2026-08-04 11:00:00+00:00
2026-08-02 09:00:00+00:00,23.1,0.0,1015.8,2026-08-04T11:18:45.593004+00:00,2026-08-04 11:00:00+00:00
2026-08-02 10:00:00+00:00,25.2,0.0,1015.1,2026-08-04T11:18:45.593004+00:00,2026-08-04 11:00:00+00:00
2026-08-02 11:00:00+00:00,26.1,0.0,1014.7,2026-08-04T11:18:45.593004+00:00,2026-08-04 11:00:00+00:00
2026-08-02 12:00:00+00:00,27.3,0.0,1014.0,2026-08-04T11:18:45.593004+00:00,2026-08-04 11:00:00+00:00
2026-08-02 13:00:00+00:00,28.9,0.0,1013.2,2026-08-04T11:18:45.593004+00:00,2026-08-04 11:00:00+00:00
2026-08-02 14:00:00+00:00,28.9,0.0,1012.6,2026-08-04T11:18:45.593004+00:00,2026-08-04 11:00:00+00:00
2026-08-02 15:00:00+00:00,29.4,0.0,1012.2,2026-08-04T11:18:45.593004+00:00,2026-08-04 11:00:00+00:00
2026-08-02 16:00:00+00:00,29.2,0.0,1012.1,2026-08-04T11:18:45.593004+00:00,2026-08-04 11:00:00+00:00
2026-08-02 17:00:00+00:00,28.7,0.0,1012.3,2026-08-04T11:18:45.593004+00:00,2026-08-04 11:00:00+00:00
2026-08-02 18:00:00+00:00,28.4,0.0,1011.9,2026-08-04T11:18:45.593004+00:00,2026-08-04 11:00:00+00:00
2026-08-02 19:00:00+00:00,26.4,0.0,1012.4,2026-08-04T11:18:45.593004+00:00,2026-08-04 11:00:00+00:00
2026-08-02 20:00:00+00:00,24.4,0.0,1013.5,2026-08-04T11:18:45.593004+00:00,2026-08-04 11:00:00+00:00
2026-08-02 21:00:00+00:00,23.0,0.0,1013.9,2026-08-04T11:18:45.593004+00:00,2026-08-04 11:00:00+00:00
2026-08-02 22:00:00+00:00,22.3,0.0,1013.7,2026-08-04T11:18:45.593004+00:00,2026-08-04 11:00:00+00:00
2026-08-02 23:00:00+00:00,21.4,0.0,1013.6,2026-08-04T11:18:45.593004+00:00,2026-08-04 11:00:00+00:00
2026-08-03 00:00:00+00:00,20.2,0.0,1013.4,2026-08-04T11:18:45.593004+00:00,2026-08-04 11:00:00+00:00
2026-08-03 01:00:00+00:00,19.3,0.0,1013.5,2026-08-04T11:18:45.593004+00:00,2026-08-04 11:00:00+00:00
2026-08-03 02:00:00+00:00,18.4,0.0,1013.7,2026-08-04T11:18:45.593004+00:00,2026-08-04 11:00:00+00:00
2026-08-03 03:00:00+00:00,19.1,0.0,1013.5,2026-08-04T11:18:45.593004+00:00,2026-08-04 11:00:00+00:00
2026-08-03 04:00:00+00:00,18.4,0.0,1013.9,2026-08-04T11:18:45.593004+00:00,2026-08-04 11:00:00+00:00
2026-08-03 05:00:00+00:00,19.8,0.0,1013.6,2026-08-04T11:18:45.593004+00:00,2026-08-04 11:00:00+00:00
2026-08-03 06:00:00+00:00,20.6,0.0,1013.5,2026-08-04T11:18:45.593004+00:00,2026-08-04 11:00:00+00:00
2026-08-03 07:00:00+00:00,24.2,0.0,1013.0,2026-08-04T11:18:45.593004+00:00,2026-08-04 11:00:00+00:00
2026-08-03 08:00:00+00:00,25.6,0.0,1013.0,2026-08-04T11:18:45.593004+00:00,2026-08-04 11:00:00+00:00
2026-08-03 09:00:00+00:00,27.9,0.0,1012.5,2026-08-04T11:18:45.593004+00:00,2026-08-04 11:00:00+00:00
2026-08-03 10:00:00+00:00,31.5,0.0,1011.7,2026-08-04T11:18:45.593004+00:00,2026-08-04 11:00:00+00:00
2026-08-03 11:00:00+00:00,33.3,0.0,1011.3,2026-08-04T11:18:45.593004+00:00,2026-08-04 11:00:00+00:00
2026-08-03 12:00:00+00:00,34.2,0.0,1010.8,2026-08-04T11:18:45.593004+00:00,2026-08-04 11:00:00+00:00
2026-08-03 13:00:00+00:00,34.7,0.0,1010.3,2026-08-04T11:18:45.593004+00:00,2026-08-04 11:00:00+00:00
2026-08-03 14:00:00+00:00,35.5,0.0,1009.8,2026-08-04T11:18:45.593004+00:00,2026-08-04 11:00:00+00:00
2026-08-03 15:00:00+00:00,34.5,0.0,1009.5,2026-08-04T11:18:45.593004+00:00,2026-08-04 11:00:00+00:00
2026-08-03 16:00:00+00:00,33.5,0.0,1009.6,2026-08-04T11:18:45.593004+00:00,2026-08-04 11:00:00+00:00
2026-08-03 17:00:00+00:00,33.2,0.0,1009.2,2026-08-04T11:18:45.593004+00:00,2026-08-04 11:00:00+00:00
2026-08-03 18:00:00+00:00,32.2,0.0,1010.1,2026-08-04T11:18:45.593004+00:00,2026-08-04 11:00:00+00:00
2026-08-03 19:00:00+00:00,23.5,2.7,1012.4,2026-08-04T11:18:45.593004+00:00,2026-08-04 11:00:00+00:00
2026-08-03 20:00:00+00:00,23.3,0.0,1012.6,2026-08-04T11:18:45.593004+00:00,2026-08-04 11:00:00+00:00
2026-08-03 21:00:00+00:00,23.4,0.0,1012.3,2026-08-04T11:18:45.593004+00:00,2026-08-04 11:00:00+00:00
2026-08-03 22:00:00+00:00,21.6,0.0,1012.6,2026-08-04T11:18:45.593004+00:00,2026-08-04 11:00:00+00:00
2026-08-03 23:00:00+00:00,24.2,0.0,1011.8,2026-08-04T11:18:45.593004+00:00,2026-08-04 11:00:00+00:00
2026-08-04 00:00:00+00:00,21.0,0.0,1012.4,2026-08-04T11:18:45.593004+00:00,2026-08-04 11:00:00+00:00
2026-08-04 01:00:00+00:00,20.0,0.0,1012.6,2026-08-04T11:18:45.593004+00:00,2026-08-04 11:00:00+00:00
2026-08-04 02:00:00+00:00,20.7,0.0,1012.9,2026-08-04T11:18:45.593004+00:00,2026-08-04 11:00:00+00:00
2026-08-04 03:00:00+00:00,19.5,0.0,1013.1,2026-08-04T11:18:45.593004+00:00,2026-08-04 11:00:00+00:00
2026-08-04 04:00:00+00:00,19.5,0.0,1013.1,2026-08-04T11:18:45.593004+00:00,2026-08-04 11:00:00+00:00
2026-08-04 05:00:00+00:00,21.1,0.0,1013.1,2026-08-04T11:18:45.593004+00:00,2026-08-04 11:00:00+00:00
2026-08-04 06:00:00+00:00,24.2,0.0,1012.7,2026-08-04T11:18:45.593004+00:00,2026-08-04 11:00:00+00:00
2026-08-04 07:00:00+00:00,27.8,0.0,1012.2,2026-08-04T11:18:45.593004+00:00,2026-08-04 11:00:00+00:00
2026-08-04 08:00:00+00:00,30.0,0.0,1011.8,2026-08-04T11:18:45.593004+00:00,2026-08-04 11:00:00+00:00
2026-08-04 09:00:00+00:00,31.7,0.0,1011.8,2026-08-04T11:18:45.593004+00:00,2026-08-04 11:00:00+00:00
2026-08-04 10:00:00+00:00,32.8,0.0,1011.7,2026-08-04T11:18:45.593004+00:00,2026-08-04 11:00:00+00:00
2026-08-04 11:00:00+00:00,34.0,0.0,1011.4,2026-08-04T11:18:45.593004+00:00,2026-08-04 11:00:00+00:00
2026-08-04 12:00:00+00:00,34.8,0.0,1010.9,2026-08-04T11:18:45.593004+00:00,2026-08-04 11:00:00+00:00
2026-08-04 13:00:00+00:00,35.2,0.0,1010.2,2026-08-04T11:18:45.593004+00:00,2026-08-04 11:00:00+00:00
2026-08-04 14:00:00+00:00,35.6,0.0,1009.7,2026-08-04T11:18:45.593004+00:00,2026-08-04 11:00:00+00:00
2026-08-04 15:00:00+00:00,35.7,0.0,1009.2,2026-08-04T11:18:45.593004+00:00,2026-08-04 11:00:00+00:00
2026-08-04 16:00:00+00:00,35.0,0.0,1009.0,2026-08-04T11:18:45.593004+00:00,2026-08-04 11:00:00+00:00
2026-08-04 17:00:00+00:00,33.7,0.0,1009.1,2026-08-04T11:18:45.593004+00:00,2026-08-04 11:00:00+00:00
2026-08-04 18:00:00+00:00,31.9,0.0,1009.7,2026-08-04T11:18:45.593004+00:00,2026-08-04 11:00:00+00:00
2026-08-04 19:00:00+00:00,30.0,0.0,1010.6,2026-08-04T11:18:45.593004+00:00,2026-08-04 11:00:00+00:00
2026-08-04 20:00:00+00:00,28.1,0.0,1011.5,2026-08-04T11:18:45.593004+00:00,2026-08-04 11:00:00+00:00
2026-08-04 21:00:00+00:00,26.6,0.0,1012.3,2026-08-04T11:18:45.593004+00:00,2026-08-04 11:00:00+00:00
2026-08-04 22:00:00+00:00,25.3,0.0,1013.2,2026-08-04T11:18:45.593004+00:00,2026-08-04 11:00:00+00:00
2026-08-04 23:00:00+00:00,24.4,0.0,1013.7,2026-08-04T11:18:45.593004+00:00,2026-08-04 11:00:00+00:00
2026-08-05 00:00:00+00:00,23.8,0.0,1014.1,2026-08-04T11:18:45.593004+00:00,2026-08-04 11:00:00+00:00
2026-08-05 01:00:00+00:00,23.6,0.0,1014.8,2026-08-04T11:18:45.593004+00:00,2026-08-04 11:00:00+00:00
2026-08-05 02:00:00+00:00,23.1,0.0,1015.0,2026-08-04T11:18:45.593004+00:00,2026-08-04 11:00:00+00:00
2026-08-05 03:00:00+00:00,22.9,0.0,1015.2,2026-08-04T11:18:45.593004+00:00,2026-08-04 11:00:00+00:00
2026-08-05 04:00:00+00:00,22.7,0.0,1015.4,2026-08-04T11:18:45.593004+00:00,2026-08-04 11:00:00+00:00
2026-08-05 05:00:00+00:00,23.4,0.0,1015.6,2026-08-04T11:18:45.593004+00:00,2026-08-04 11:00:00+00:00
2026-08-05 06:00:00+00:00,24.2,0.0,1015.5,2026-08-04T11:18:45.593004+00:00,2026-08-04 11:00:00+00:00
2026-08-05 07:00:00+00:00,25.8,0.0,1015.6,2026-08-04T11:18:45.593004+00:00,2026-08-04 11:00:00+00:00
2026-08-05 08:00:00+00:00,27.3,0.0,1015.4,2026-08-04T11:18:45.593004+00:00,2026-08-04 11:00:00+00:00
2026-08-05 09:00:00+00:00,28.8,0.0,1015.3,2026-08-04T11:18:45.593004+00:00,2026-08-04 11:00:00+00:00
2026-08-05 10:00:00+00:00,30.0,0.0,1015.1,2026-08-04T11:18:45.593004+00:00,2026-08-04 11:00:00+00:00
2026-08-05 11:00:00+00:00,30.9,0.0,1014.4,2026-08-04T11:18:45.593004+00:00,2026-08-04 11:00:00+00:00
2026-08-05 12:00:00+00:00,31.2,0.0,1014.0,2026-08-04T11:18:45.593004+00:00,2026-08-04 11:00:00+00:00
2026-08-05 13:00:00+00:00,31.7,0.0,1013.5,2026-08-04T11:18:45.593004+00:00,2026-08-04 11:00:00+00:00
2026-08-05 14:00:00+00:00,31.6,0.0,1013.3,2026-08-04T11:18:45.593004+00:00,2026-08-04 11:00:00+00:00
2026-08-05 15:00:00+00:00,30.3,0.0,1013.1,2026-08-04T11:18:45.593004+00:00,2026-08-04 11:00:00+00:00
2026-08-05 16:00:00+00:00,29.1,0.0,1013.5,2026-08-04T11:18:45.593004+00:00,2026-08-04 11:00:00+00:00
2026-08-05 17:00:00+00:00,27.6,0.0,1014.1,2026-08-04T11:18:45.593004+00:00,2026-08-04 11:00:00+00:00
2026-08-05 18:00:00+00:00,26.2,0.0,1015.0,2026-08-04T11:18:45.593004+00:00,2026-08-04 11:00:00+00:00
2026-08-05 19:00:00+00:00,25.1,0.0,1015.9,2026-08-04T11:18:45.593004+00:00,2026-08-04 11:00:00+00:00
2026-08-05 20:00:00+00:00,24.0,0.0,1016.7,2026-08-04T11:18:45.593004+00:00,2026-08-04 11:00:00+00:00
2026-08-05 21:00:00+00:00,23.5,2.7,1017.2,2026-08-04T11:18:45.593004+00:00,2026-08-04 11:00:00+00:00
2026-08-05 22:00:00+00:00,22.8,0.0,1017.6,2026-08-04T11:18:45.593004+00:00,2026-08-04 11:00:00+00:00
2026-08-05 23:00:00+00:00,22.3,0.0,1017.7,2026-08-04T11:18:45.593004+00:00,2026-08-04 11:00:00+00:00
2026-08-06 00:00:00+00:00,21.9,0.0,1017.9,2026-08-04T11:18:45.593004+00:00,2026-08-04 11:00:00+00:00
2026-08-06 01:00:00+00:00,21.4,0.0,1018.1,2026-08-04T11:18:45.593004+00:00,2026-08-04 11:00:00+00:00
2026-08-06 02:00:00+00:00,21.1,0.0,1018.2,2026-08-04T11:18:45.593004+00:00,2026-08-04 11:00:00+00:00
2026-08-06 03:00:00+00:00,20.8,0.0,1018.4,2026-08-04T11:18:45.593004+00:00,2026-08-04 11:00:00+00:00
2026-08-06 04:00:00+00:00,20.8,0.0,1018.7,2026-08-04T11:18:45.593004+00:00,2026-08-04 11:00:00+00:00
2026-08-06 05:00:00+00:00,20.9,0.0,1018.8,2026-08-04T11:18:45.593004+00:00,2026-08-04 11:00:00+00:00
2026-08-06 06:00:00+00:00,21.3,0.0,1018.8,2026-08-04T11:18:45.593004+00:00,2026-08-04 11:00:00+00:00
2026-08-06 07:00:00+00:00,21.9,0.0,1018.9,2026-08-04T11:18:45.593004+00:00,2026-08-04 11:00:00+00:00
2026-08-06 08:00:00+00:00,22.8,0.0,1018.9,2026-08-04T11:18:45.593004+00:00,2026-08-04 11:00:00+00:00
2026-08-06 09:00:00+00:00,23.5,0.0,1019.0,2026-08-04T11:18:45.593004+00:00,2026-08-04 11:00:00+00:00
2026-08-06 10:00:00+00:00,24.2,0.0,1019.0,2026-08-04T11:18:45.593004+00:00,2026-08-04 11:00:00+00:00
2026-08-06 11:00:00+00:00,24.8,0.0,1018.3,2026-08-04T11:18:45.593004+00:00,2026-08-04 11:00:00+00:00
2026-08-06 12:00:00+00:00,25.4,0.0,1018.0,2026-08-04T11:18:45.593004+00:00,2026-08-04 11:00:00+00:00
2026-08-06 13:00:00+00:00,25.9,0.0,1017.7,2026-08-04T11:18:45.593004+00:00,2026-08-04 11:00:00+00:00
2026-08-06 14:00:00+00:00,26.0,0.0,1017.3,2026-08-04T11:18:45.593004+00:00,2026-08-04 11:00:00+00:00
2026-08-06 15:00:00+00:00,25.8,0.0,1017.1,2026-08-04T11:18:45.593004+00:00,2026-08-04 11:00:00+00:00
2026-08-06 16:00:00+00:00,25.5,0.0,1017.1,2026-08-04T11:18:45.593004+00:00,2026-08-04 11:00:00+00:00
2026-08-06 17:00:00+00:00,24.9,0.0,1017.3,2026-08-04T11:18:45.593004+00:00,2026-08-04 11:00:00+00:00
2026-08-06 18:00:00+00:00,24.2,0.0,1017.7,2026-08-04T11:18:45.593004+00:00,2026-08-04 11:00:00+00:00
2026-08-06 19:00:00+00:00,23.2,0.0,1018.3,2026-08-04T11:18:45.593004+00:00,2026-08-04 11:00:00+00:00
2026-08-06 20:00:00+00:00,22.3,0.0,1018.9,2026-08-04T11:18:45.593004+00:00,2026-08-04 11:00:00+00:00
2026-08-06 21:00:00+00:00,21.3,0.0,1019.3,2026-08-04T11:18:45.593004+00:00,2026-08-04 11:00:00+00:00
2026-08-06 22:00:00+00:00,20.5,0.0,1019.6,2026-08-04T11:18:45.593004+00:00,2026-08-04 11:00:00+00:00
2026-08-06 23:00:00+00:00,19.8,0.0,1020.0,2026-08-04T11:18:45.593004+00:00,2026-08-04 11:00:00+00:00
2026-08-07 00:00:00+00:00,19.2,0.0,1020.3,2026-08-04T11:18:45.593004+00:00,2026-08-04 11:00:00+00:00
2026-08-07 01:00:00+00:00,18.6,0.0,1020.2,2026-08-04T11:18:45.593004+00:00,2026-08-04 11:00:00+00:00
2026-08-07 02:00:00+00:00,18.0,0.0,1020.5,2026-08-04T11:18:45.593004+00:00,2026-08-04 11:00:00+00:00
2026-08-07 03:00:00+00:00,17.6,0.0,1020.6,2026-08-04T11:18:45.593004+00:00,2026-08-04 11:00:00+00:00
2026-08-07 04:00:00+00:00,17.4,0.0,1020.7,2026-08-04T11:18:45.593004+00:00,2026-08-04 11:00:00+00:00
2026-08-07 05:00:00+00:00,17.7,0.0,1020.7,2026-08-04T11:18:45.593004+00:00,2026-08-04 11:00:00+00:00
2026-08-07 06:00:00+00:00,18.1,0.0,1020.7,2026-08-04T11:18:45.593004+00:00,2026-08-04 11:00:00+00:00
2026-08-07 07:00:00+00:00,19.1,0.0,1020.3,2026-08-04T11:18:45.593004+00:00,2026-08-04 11:00:00+00:00
2026-08-07 08:00:00+00:00,20.4,0.0,1020.1,2026-08-04T11:18:45.593004+00:00,2026-08-04 11:00:00+00:00
2026-08-07 09:00:00+00:00,21.7,0.0,1019.8,2026-08-04T11:18:45.593004+00:00,2026-08-04 11:00:00+00:00
2026-08-07 10:00:00+00:00,22.9,0.0,1019.4,2026-08-04T11:18:45.593004+00:00,2026-08-04 11:00:00+00:00
2026-08-07 11:00:00+00:00,23.8,0.0,1019.1,2026-08-04T11:18:45.593004+00:00,2026-08-04 11:00:00+00:00
2026-08-07 12:00:00+00:00,24.7,0.0,1018.2,2026-08-04T11:18:45.593004+00:00,2026-08-04 11:00:00+00:00
2026-08-07 13:00:00+00:00,25.4,0.0,1017.7,2026-08-04T11:18:45.593004+00:00,2026-08-04 11:00:00+00:00
2026-08-07 14:00:00+00:00,25.8,0.0,1017.3,2026-08-04T11:18:45.593004+00:00,2026-08-04 11:00:00+00:00
2026-08-07 15:00:00+00:00,25.4,0.0,1016.9,2026-08-04T11:18:45.593004+00:00,2026-08-04 11:00:00+00:00
2026-08-07 16:00:00+00:00,25.4,0.0,1016.5,2026-08-04T11:18:45.593004+00:00,2026-08-04 11:00:00+00:00
2026-08-07 17:00:00+00:00,24.9,0.0,1016.6,2026-08-04T11:18:45.593004+00:00,2026-08-04 11:00:00+00:00
2026-08-07 18:00:00+00:00,23.5,0.0,1016.8,2026-08-04T11:18:45.593004+00:00,2026-08-04 11:00:00+00:00
2026-08-07 19:00:00+00:00,22.3,0.0,1017.2,2026-08-04T11:18:45.593004+00:00,2026-08-04 11:00:00+00:00
2026-08-07 20:00:00+00:00,21.1,0.0,1017.8,2026-08-04T11:18:45.593004+00:00,2026-08-04 11:00:00+00:00
2026-08-07 21:00:00+00:00,19.9,0.0,1018.1,2026-08-04T11:18:45.593004+00:00,2026-08-04 11:00:00+00:00
2026-08-07 22:00:00+00:00,19.0,0.0,1018.3,2026-08-04T11:18:45.593004+00:00,2026-08-04 11:00:00+00:00
2026-08-07 23:00:00+00:00,18.1,0.0,1018.4,2026-08-04T11:18:45.593004+00:00,2026-08-04 11:00:00+00:00
2026-08-08 00:00:00+00:00,17.6,0.0,1018.2,2026-08-04T11:18:45.593004+00:00,2026-08-04 11:00:00+00:00
2026-08-08 01:00:00+00:00,16.9,0.0,1018.3,2026-08-04T11:18:45.593004+00:00,2026-08-04 11:00:00+00:00
2026-08-08 02:00:00+00:00,16.2,0.0,1018.2,2026-08-04T11:18:45.593004+00:00,2026-08-04 11:00:00+00:00
2026-08-08 03:00:00+00:00,15.9,0.0,1018.3,2026-08-04T11:18:45.593004+00:00,2026-08-04 11:00:00+00:00
2026-08-08 04:00:00+00:00,15.9,0.0,1018.3,2026-08-04T11:18:45.593004+00:00,2026-08-04 11:00:00+00:00
2026-08-08 05:00:00+00:00,16.5,0.0,1018.2,2026-08-04T11:18:45.593004+00:00,2026-08-04 11:00:00+00:00
2026-08-08 06:00:00+00:00,18.3,0.0,1017.8,2026-08-04T11:18:45.593004+00:00,2026-08-04 11:00:00+00:00
2026-08-08 07:00:00+00:00,20.3,0.0,1017.4,2026-08-04T11:18:45.593004+00:00,2026-08-04 11:00:00+00:00
2026-08-08 08:00:00+00:00,22.2,0.0,1017.0,2026-08-04T11:18:45.593004+00:00,2026-08-04 11:00:00+00:00
2026-08-08 09:00:00+00:00,24.1,0.0,1016.5,2026-08-04T11:18:45.593004+00:00,2026-08-04 11:00:00+00:00
2026-08-08 10:00:00+00:00,25.5,0.0,1016.0,2026-08-04T11:18:45.593004+00:00,2026-08-04 11:00:00+00:00
2026-08-08 11:00:00+00:00,26.7,0.0,1015.6,2026-08-04T11:18:45.593004+00:00,2026-08-04 11:00:00+00:00
2026-08-08 12:00:00+00:00,27.6,0.0,1014.9,2026-08-04T11:18:45.593004+00:00,2026-08-04 11:00:00+00:00
2026-08-08 13:00:00+00:00,28.2,0.0,1014.4,2026-08-04T11:18:45.593004+00:00,2026-08-04 11:00:00+00:00
2026-08-08 14:00:00+00:00,28.7,0.0,1013.8,2026-08-04T11:18:45.593004+00:00,2026-08-04 11:00:00+00:00
2026-08-08 15:00:00+00:00,28.7,0.0,1013.4,2026-08-04T11:18:45.593004+00:00,2026-08-04 11:00:00+00:00
2026-08-08 16:00:00+00:00,28.6,0.0,1013.3,2026-08-04T11:18:45.593004+00:00,2026-08-04 11:00:00+00:00
2026-08-08 17:00:00+00:00,28.0,0.0,1013.4,2026-08-04T11:18:45.593004+00:00,2026-08-04 11:00:00+00:00
2026-08-08 18:00:00+00:00,26.7,0.0,1013.6,2026-08-04T11:18:45.593004+00:00,2026-08-04 11:00:00+00:00
2026-08-08 19:00:00+00:00,25.3,0.0,1014.2,2026-08-04T11:18:45.593004+00:00,2026-08-04 11:00:00+00:00
2026-08-08 20:00:00+00:00,23.6,0.0,1014.7,2026-08-04T11:18:45.593004+00:00,2026-08-04 11:00:00+00:00
2026-08-08 21:00:00+00:00,22.6,0.0,1015.2,2026-08-04T11:18:45.593004+00:00,2026-08-04 11:00:00+00:00
2026-08-08 22:00:00+00:00,21.7,0.0,1015.4,2026-08-04T11:18:45.593004+00:00,2026-08-04 11:00:00+00:00
2026-08-08 23:00:00+00:00,20.6,0.0,1015.4,2026-08-04T11:18:45.593004+00:00,2026-08-04 11:00:00+00:00
2026-08-09 00:00:00+00:00,19.9,0.0,1015.4,2026-08-04T11:18:45.593004+00:00,2026-08-04 11:00:00+00:00
2026-08-09 01:00:00+00:00,19.3,0.0,1015.3,2026-08-04T11:18:45.593004+00:00,2026-08-04 11:00:00+00:00
2026-08-09 02:00:00+00:00,18.6,0.0,1015.4,2026-08-04T11:18:45.593004+00:00,2026-08-04 11:00:00+00:00
2026-08-09 03:00:00+00:00,18.3,0.0,1015.5,2026-08-04T11:18:45.593004+00:00,2026-08-04 11:00:00+00:00
2026-08-09 04:00:00+00:00,18.3,0.0,1015.5,2026-08-04T11:18:45.593004+00:00,2026-08-04 11:00:00+00:00
2026-08-09 05:00:00+00:00,19.1,0.0,1015.5,2026-08-04T11:18:45.593004+00:00,2026-08-04 11:00:00+00:00
2026-08-09 06:00:00+00:00,20.8,0.0,1015.1,2026-08-04T11:18:45.593004+00:00,2026-08-04 11:00:00+00:00
2026-08-09 07:00:00+00:00,23.2,0.0,1014.8,2026-08-04T11:18:45.593004+00:00,2026-08-04 11:00:00+00:00
2026-08-09 08:00:00+00:00,25.4,0.0,1014.3,2026-08-04T11:18:45.593004+00:00,2026-08-04 11:00:00+00:00
2026-08-09 09:00:00+00:00,27.5,0.0,1013.6,2026-08-04T11:18:45.593004+00:00,2026-08-04 11:00:00+00:00
2026-08-09 10:00:00+00:00,29.0,0.0,1013.1,2026-08-04T11:18:45.593004+00:00,2026-08-04 11:00:00+00:00
2026-08-09 11:00:00+00:00,30.4,0.0,1012.8,2026-08-04T11:18:45.593004+00:00,2026-08-04 11:00:00+00:00
2026-08-09 12:00:00+00:00,31.2,0.0,1012.8,2026-08-04T11:18:45.593004+00:00,2026-08-04 11:00:00+00:00
2026-08-09 13:00:00+00:00,31.4,0.0,1012.4,2026-08-04T11:18:45.593004+00:00,2026-08-04 11:00:00+00:00
2026-08-09 14:00:00+00:00,31.4,0.0,1012.3,2026-08-04T11:18:45.593004+00:00,2026-08-04 11:00:00+00:00
2026-08-09 15:00:00+00:00,30.9,0.0,1012.1,2026-08-04T11:18:45.593004+00:00,2026-08-04 11:00:00+00:00
2026-08-09 16:00:00+00:00,30.2,0.0,1012.2,2026-08-04T11:18:45.593004+00:00,2026-08-04 11:00:00+00:00
2026-08-09 17:00:00+00:00,29.1,0.0,1012.6,2026-08-04T11:18:45.593004+00:00,2026-08-04 11:00:00+00:00
2026-08-09 18:00:00+00:00,27.6,0.0,1013.1,2026-08-04T11:18:45.593004+00:00,2026-08-04 11:00:00+00:00
2026-08-09 19:00:00+00:00,25.9,0.0,1013.5,2026-08-04T11:18:45.593004+00:00,2026-08-04 11:00:00+00:00
2026-08-09 20:00:00+00:00,24.4,0.4,1014.0,2026-08-04T11:18:45.593004+00:00,2026-08-04 11:00:00+00:00
2026-08-09 21:00:00+00:00,22.8,0.5,1014.7,2026-08-04T11:18:45.593004+00:00,2026-08-04 11:00:00+00:00
2026-08-09 22:00:00+00:00,21.9,0.8,1015.0,2026-08-04T11:18:45.593004+00:00,2026-08-04 11:00:00+00:00
2026-08-09 23:00:00+00:00,21.5,0.7,1015.3,2026-08-04T11:18:45.593004+00:00,2026-08-04 11:00:00+00:00
2026-08-10 00:00:00+00:00,20.7,2.8,1015.2,2026-08-04T11:18:45.593004+00:00,2026-08-04 11:00:00+00:00
2026-08-10 01:00:00+00:00,20.4,0.0,1015.2,2026-08-04T11:18:45.593004+00:00,2026-08-04 11:00:00+00:00
2026-08-10 02:00:00+00:00,20.1,0.0,1015.4,2026-08-04T11:18:45.593004+00:00,2026-08-04 11:00:00+00:00
2026-08-10 03:00:00+00:00,19.8,0.0,1015.3,2026-08-04T11:18:45.593004+00:00,2026-08-04 11:00:00+00:00
2026-08-10 04:00:00+00:00,19.8,0.0,1015.4,2026-08-04T11:18:45.593004+00:00,2026-08-04 11:00:00+00:00
2026-08-10 05:00:00+00:00,20.2,0.0,1015.5,2026-08-04T11:18:45.593004+00:00,2026-08-04 11:00:00+00:00
2026-08-10 06:00:00+00:00,20.9,0.0,1015.5,2026-08-04T11:18:45.593004+00:00,2026-08-04 11:00:00+00:00
2026-08-10 07:00:00+00:00,22.5,0.0,1015.5,2026-08-04T11:18:45.593004+00:00,2026-08-04 11:00:00+00:00
2026-08-10 08:00:00+00:00,24.4,0.0,1015.5,2026-08-04T11:18:45.593004+00:00,2026-08-04 11:00:00+00:00
2026-08-10 09:00:00+00:00,25.3,0.0,1015.5,2026-08-04T11:18:45.593004+00:00,2026-08-04 11:00:00+00:00
2026-08-10 10:00:00+00:00,26.2,0.4,1015.4,2026-08-04T11:18:45.593004+00:00,2026-08-04 11:00:00+00:00
2026-08-10 11:00:00+00:00,27.1,0.8,1015.1,2026-08-04T11:18:45.593004+00:00,2026-08-04 11:00:00+00:00
2026-08-10 12:00:00+00:00,27.0,0.6,1015.1,2026-08-04T11:18:45.593004+00:00,2026-08-04 11:00:00+00:00
2026-08-10 13:00:00+00:00,27.0,0.2,1014.8,2026-08-04T11:18:45.593004+00:00,2026-08-04 11:00:00+00:00
2026-08-10 14:00:00+00:00,27.2,0.4,1014.6,2026-08-04T11:18:45.593004+00:00,2026-08-04 11:00:00+00:00
2026-08-10 15:00:00+00:00,27.0,0.5,1014.7,2026-08-04T11:18:45.593004+00:00,2026-08-04 11:00:00+00:00
2026-08-10 16:00:00+00:00,26.5,0.7,1014.7,2026-08-04T11:18:45.593004+00:00,2026-08-04 11:00:00+00:00
2026-08-10 17:00:00+00:00,25.4,0.8,1015.1,2026-08-04T11:18:45.593004+00:00,2026-08-04 11:00:00+00:00
2026-08-10 18:00:00+00:00,24.2,0.4,1015.7,2026-08-04T11:18:45.593004+00:00,2026-08-04 11:00:00+00:00
2026-08-10 19:00:00+00:00,22.7,0.0,1016.5,2026-08-04T11:18:45.593004+00:00,2026-08-04 11:00:00+00:00
2026-08-10 20:00:00+00:00,21.3,0.0,1017.1,2026-08-04T11:18:45.593004+00:00,2026-08-04 11:00:00+00:00
2026-08-10 21:00:00+00:00,20.7,0.0,1017.7,2026-08-04T11:18:45.593004+00:00,2026-08-04 11:00:00+00:00
2026-08-10 22:00:00+00:00,20.0,0.0,1018.0,2026-08-04T11:18:45.593004+00:00,2026-08-04 11:00:00+00:00
2026-08-10 23:00:00+00:00,19.4,0.0,1018.3,2026-08-04T11:18:45.593004+00:00,2026-08-04 11:00:00+00:00
2026-08-11 00:00:00+00:00,18.6,0.0,1018.1,2026-08-04T11:18:45.593004+00:00,2026-08-04 11:00:00+00:00
2026-08-11 01:00:00+00:00,18.2,0.0,1018.4,2026-08-04T11:18:45.593004+00:00,2026-08-04 11:00:00+00:00
2026-08-11 02:00:00+00:00,17.9,0.0,1018.5,2026-08-04T11:18:45.593004+00:00,2026-08-04 11:00:00+00:00
2026-08-11 03:00:00+00:00,17.5,0.0,1018.5,2026-08-04T11:18:45.593004+00:00,2026-08-04 11:00:00+00:00
2026-08-11 04:00:00+00:00,17.6,0.0,1018.6,2026-08-04T11:18:45.593004+00:00,2026-08-04 11:00:00+00:00
2026-08-11 05:00:00+00:00,18.1,0.0,1018.8,2026-08-04T11:18:45.593004+00:00,2026-08-04 11:00:00+00:00
2026-08-11 06:00:00+00:00,19.3,0.0,1019.1,2026-08-04T11:18:45.593004+00:00,2026-08-04 11:00:00+00:00
2026-08-11 07:00:00+00:00,20.8,0.0,1018.8,2026-08-04T11:18:45.593004+00:00,2026-08-04 11:00:00+00:00
2026-08-11 08:00:00+00:00,22.8,0.0,1018.6,2026-08-04T11:18:45.593004+00:00,2026-08-04 11:00:00+00:00
2026-08-11 09:00:00+00:00,24.3,0.0,1018.3,2026-08-04T11:18:45.593004+00:00,2026-08-04 11:00:00+00:00
2026-08-11 10:00:00+00:00,25.6,0.0,1017.9,2026-08-04T11:18:45.593004+00:00,2026-08-04 11:00:00+00:00
2026-08-11 11:00:00+00:00,26.5,0.0,1017.6,2026-08-04T11:18:45.593004+00:00,2026-08-04 11:00:00+00:00
2026-08-11 12:00:00+00:00,27.4,0.0,1017.2,2026-08-04T11:18:45.593004+00:00,2026-08-04 11:00:00+00:00
2026-08-11 13:00:00+00:00,28.0,0.0,1016.7,2026-08-04T11:18:45.593004+00:00,2026-08-04 11:00:00+00:00
2026-08-11 14:00:00+00:00,28.3,0.0,1016.3,2026-08-04T11:18:45.593004+00:00,2026-08-04 11:00:00+00:00
2026-08-11 15:00:00+00:00,28.3,0.0,1016.1,2026-08-04T11:18:45.593004+00:00,2026-08-04 11:00:00+00:00
2026-08-11 16:00:00+00:00,27.8,0.0,1016.0,2026-08-04T11:18:45.593004+00:00,2026-08-04 11:00:00+00:00
2026-08-11 17:00:00+00:00,26.5,0.0,1015.9,2026-08-04T11:18:45.593004+00:00,2026-08-04 11:00:00+00:00
2026-08-11 18:00:00+00:00,25.1,0.0,1016.4,2026-08-04T11:18:45.593004+00:00,2026-08-04 11:00:00+00:00
2026-08-11 19:00:00+00:00,23.4,0.0,1016.9,2026-08-04T11:18:45.593004+00:00,2026-08-04 11:00:00+00:00
2026-08-11 20:00:00+00:00,22.0,0.0,1017.4,2026-08-04T11:18:45.593004+00:00,2026-08-04 11:00:00+00:00
2026-08-11 21:00:00+00:00,21.0,0.0,1017.7,2026-08-04T11:18:45.593004+00:00,2026-08-04 11:00:00+00:00
2026-08-11 22:00:00+00:00,20.2,0.0,1018.0,2026-08-04T11:18:45.593004+00:00,2026-08-04 11:00:00+00:00
2026-08-11 23:00:00+00:00,19.7,0.0,1018.1,2026-08-04T11:18:45.593004+00:00,2026-08-04 11:00:00+00:00
2026-08-12 00:00:00+00:00,18.8,0.0,1018.2,2026-08-04T11:18:45.593004+00:00,2026-08-04 11:00:00+00:00
2026-08-12 01:00:00+00:00,18.6,0.0,1018.1,2026-08-04T11:18:45.593004+00:00,2026-08-04 11:00:00+00:00
2026-08-12 02:00:00+00:00,18.0,0.0,1018.1,2026-08-04T11:18:45.593004+00:00,2026-08-04 11:00:00+00:00
2026-08-12 03:00:00+00:00,17.7,0.0,1018.1,2026-08-04T11:18:45.593004+00:00,2026-08-04 11:00:00+00:00
2026-08-12 04:00:00+00:00,17.7,0.0,1018.1,2026-08-04T11:18:45.593004+00:00,2026-08-04 11:00:00+00:00
2026-08-12 05:00:00+00:00,18.1,0.0,1018.2,2026-08-04T11:18:45.593004+00:00,2026-08-04 11:00:00+00:00
2026-08-12 06:00:00+00:00,19.6,0.0,1018.0,2026-08-04T11:18:45.593004+00:00,2026-08-04 11:00:00+00:00
2026-08-12 07:00:00+00:00,21.3,0.0,1017.9,2026-08-04T11:18:45.593004+00:00,2026-08-04 11:00:00+00:00
2026-08-12 08:00:00+00:00,23.0,0.0,1017.6,2026-08-04T11:18:45.593004+00:00,2026-08-04 11:00:00+00:00
2026-08-12 09:00:00+00:00,24.6,0.0,1017.2,2026-08-04T11:18:45.593004+00:00,2026-08-04 11:00:00+00:00
2026-08-12 10:00:00+00:00,25.8,0.0,1016.9,2026-08-04T11:18:45.593004+00:00,2026-08-04 11:00:00+00:00
2026-08-12 11:00:00+00:00,27.0,0.0,1016.3,2026-08-04T11:18:45.593004+00:00,2026-08-04 11:00:00+00:00
2026-06-25 13:00:00+00:00,33.6,0.0,1015.0,2026-08-04T12:02:14.850049+00:00,2026-08-04 12:00:00+00:00
2026-06-25 14:00:00+00:00,33.9,0.0,1014.6,2026-08-04T12:02:14.850049+00:00,2026-08-04 12:00:00+00:00
2026-06-25 15:00:00+00:00,33.9,0.0,1014.3,2026-08-04T12:02:14.850049+00:00,2026-08-04 12:00:00+00:00
2026-06-25 16:00:00+00:00,33.5,0.0,1014.3,2026-08-04T12:02:14.850049+00:00,2026-08-04 12:00:00+00:00
2026-06-25 17:00:00+00:00,32.6,0.0,1014.3,2026-08-04T12:02:14.850049+00:00,2026-08-04 12:00:00+00:00
2026-06-25 18:00:00+00:00,31.5,0.0,1014.6,2026-08-04T12:02:14.850049+00:00,2026-08-04 12:00:00+00:00
2026-06-25 19:00:00+00:00,30.1,0.0,1014.9,2026-08-04T12:02:14.850049+00:00,2026-08-04 12:00:00+00:00
2026-06-25 20:00:00+00:00,28.2,0.0,1015.9,2026-08-04T12:02:14.850049+00:00,2026-08-04 12:00:00+00:00
2026-06-25 21:00:00+00:00,27.9,0.0,1016.3,2026-08-04T12:02:14.850049+00:00,2026-08-04 12:00:00+00:00
2026-06-25 22:00:00+00:00,27.5,0.0,1016.5,2026-08-04T12:02:14.850049+00:00,2026-08-04 12:00:00+00:00
2026-06-25 23:00:00+00:00,26.5,0.0,1016.8,2026-08-04T12:02:14.850049+00:00,2026-08-04 12:00:00+00:00
2026-06-26 00:00:00+00:00,25.2,0.0,1016.8,2026-08-04T12:02:14.850049+00:00,2026-08-04 12:00:00+00:00
2026-06-26 01:00:00+00:00,22.9,0.0,1017.2,2026-08-04T12:02:14.850049+00:00,2026-08-04 12:00:00+00:00
2026-06-26 02:00:00+00:00,21.5,0.0,1017.7,2026-08-04T12:02:14.850049+00:00,2026-08-04 12:00:00+00:00
2026-06-26 03:00:00+00:00,20.5,0.0,1018.2,2026-08-04T12:02:14.850049+00:00,2026-08-04 12:00:00+00:00
2026-06-26 04:00:00+00:00,20.1,0.0,1018.3,2026-08-04T12:02:14.850049+00:00,2026-08-04 12:00:00+00:00
2026-06-26 05:00:00+00:00,22.1,0.0,1018.1,2026-08-04T12:02:14.850049+00:00,2026-08-04 12:00:00+00:00
2026-06-26 06:00:00+00:00,25.0,0.0,1017.9,2026-08-04T12:02:14.850049+00:00,2026-08-04 12:00:00+00:00
2026-06-26 07:00:00+00:00,28.3,0.0,1017.6,2026-08-04T12:02:14.850049+00:00,2026-08-04 12:00:00+00:00
2026-06-26 08:00:00+00:00,29.8,0.0,1017.5,2026-08-04T12:02:14.850049+00:00,2026-08-04 12:00:00+00:00
2026-06-26 09:00:00+00:00,31.4,0.0,1017.2,2026-08-04T12:02:14.850049+00:00,2026-08-04 12:00:00+00:00
2026-06-26 10:00:00+00:00,31.8,0.0,1017.3,2026-08-04T12:02:14.850049+00:00,2026-08-04 12:00:00+00:00
2026-06-26 11:00:00+00:00,33.6,0.0,1016.6,2026-08-04T12:02:14.850049+00:00,2026-08-04 12:00:00+00:00
2026-06-26 12:00:00+00:00,33.6,0.0,1016.4,2026-08-04T12:02:14.850049+00:00,2026-08-04 12:00:00+00:00
2026-06-26 13:00:00+00:00,33.3,0.0,1016.2,2026-08-04T12:02:14.850049+00:00,2026-08-04 12:00:00+00:00
2026-06-26 14:00:00+00:00,33.9,0.0,1015.9,2026-08-04T12:02:14.850049+00:00,2026-08-04 12:00:00+00:00
2026-06-26 15:00:00+00:00,34.2,0.0,1015.7,2026-08-04T12:02:14.850049+00:00,2026-08-04 12:00:00+00:00
2026-06-26 16:00:00+00:00,34.0,0.0,1015.5,2026-08-04T12:02:14.850049+00:00,2026-08-04 12:00:00+00:00
2026-06-26 17:00:00+00:00,33.3,0.0,1015.4,2026-08-04T12:02:14.850049+00:00,2026-08-04 12:00:00+00:00
2026-06-26 18:00:00+00:00,32.4,0.0,1015.7,2026-08-04T12:02:14.850049+00:00,2026-08-04 12:00:00+00:00
2026-06-26 19:00:00+00:00,30.7,0.0,1016.2,2026-08-04T12:02:14.850049+00:00,2026-08-04 12:00:00+00:00
2026-06-26 20:00:00+00:00,27.1,0.0,1017.4,2026-08-04T12:02:14.850049+00:00,2026-08-04 12:00:00+00:00
2026-06-26 21:00:00+00:00,25.2,0.0,1017.8,2026-08-04T12:02:14.850049+00:00,2026-08-04 12:00:00+00:00
2026-06-26 22:00:00+00:00,23.1,0.0,1018.4,2026-08-04T12:02:14.850049+00:00,2026-08-04 12:00:00+00:00
2026-06-26 23:00:00+00:00,22.2,0.0,1018.5,2026-08-04T12:02:14.850049+00:00,2026-08-04 12:00:00+00:00
2026-06-27 00:00:00+00:00,21.2,0.0,1018.5,2026-08-04T12:02:14.850049+00:00,2026-08-04 12:00:00+00:00
2026-06-27 01:00:00+00:00,20.9,0.0,1018.7,2026-08-04T12:02:14.850049+00:00,2026-08-04 12:00:00+00:00
2026-06-27 02:00:00+00:00,19.8,0.0,1018.7,2026-08-04T12:02:14.850049+00:00,2026-08-04 12:00:00+00:00
2026-06-27 03:00:00+00:00,19.6,0.0,1018.9,2026-08-04T12:02:14.850049+00:00,2026-08-04 12:00:00+00:00
2026-06-27 04:00:00+00:00,19.3,0.0,1019.2,2026-08-04T12:02:14.850049+00:00,2026-08-04 12:00:00+00:00
2026-06-27 05:00:00+00:00,22.5,0.0,1018.6,2026-08-04T12:02:14.850049+00:00,2026-08-04 12:00:00+00:00
2026-06-27 06:00:00+00:00,24.3,0.0,1018.6,2026-08-04T12:02:14.850049+00:00,2026-08-04 12:00:00+00:00
2026-06-27 07:00:00+00:00,27.1,0.0,1018.0,2026-08-04T12:02:14.850049+00:00,2026-08-04 12:00:00+00:00
2026-06-27 08:00:00+00:00,29.9,0.0,1017.6,2026-08-04T12:02:14.850049+00:00,2026-08-04 12:00:00+00:00
2026-06-27 09:00:00+00:00,31.5,0.0,1017.2,2026-08-04T12:02:14.850049+00:00,2026-08-04 12:00:00+00:00
2026-06-27 10:00:00+00:00,33.1,0.0,1016.4,2026-08-04T12:02:14.850049+00:00,2026-08-04 12:00:00+00:00
2026-06-27 11:00:00+00:00,34.6,0.0,1015.9,2026-08-04T12:02:14.850049+00:00,2026-08-04 12:00:00+00:00
2026-06-27 12:00:00+00:00,35.9,0.0,1015.3,2026-08-04T12:02:14.850049+00:00,2026-08-04 12:00:00+00:00
2026-06-27 13:00:00+00:00,36.3,0.0,1014.7,2026-08-04T12:02:14.850049+00:00,2026-08-04 12:00:00+00:00
2026-06-27 14:00:00+00:00,36.3,0.0,1014.5,2026-08-04T12:02:14.850049+00:00,2026-08-04 12:00:00+00:00
2026-06-27 15:00:00+00:00,35.6,0.0,1014.1,2026-08-04T12:02:14.850049+00:00,2026-08-04 12:00:00+00:00
2026-06-27 16:00:00+00:00,35.9,0.0,1013.6,2026-08-04T12:02:14.850049+00:00,2026-08-04 12:00:00+00:00
2026-06-27 17:00:00+00:00,35.5,0.0,1013.7,2026-08-04T12:02:14.850049+00:00,2026-08-04 12:00:00+00:00
2026-06-27 18:00:00+00:00,34.5,0.0,1013.8,2026-08-04T12:02:14.850049+00:00,2026-08-04 12:00:00+00:00
2026-06-27 19:00:00+00:00,32.9,0.0,1014.4,2026-08-04T12:02:14.850049+00:00,2026-08-04 12:00:00+00:00
2026-06-27 20:00:00+00:00,29.3,0.0,1015.4,2026-08-04T12:02:14.850049+00:00,2026-08-04 12:00:00+00:00
2026-06-27 21:00:00+00:00,27.5,0.0,1015.6,2026-08-04T12:02:14.850049+00:00,2026-08-04 12:00:00+00:00
2026-06-27 22:00:00+00:00,26.2,0.0,1016.2,2026-08-04T12:02:14.850049+00:00,2026-08-04 12:00:00+00:00
2026-06-27 23:00:00+00:00,25.4,0.0,1016.3,2026-08-04T12:02:14.850049+00:00,2026-08-04 12:00:00+00:00
2026-06-28 00:00:00+00:00,26.1,0.0,1015.9,2026-08-04T12:02:14.850049+00:00,2026-08-04 12:00:00+00:00
2026-06-28 01:00:00+00:00,25.8,0.0,1015.6,2026-08-04T12:02:14.850049+00:00,2026-08-04 12:00:00+00:00
2026-06-28 02:00:00+00:00,24.5,0.0,1016.1,2026-08-04T12:02:14.850049+00:00,2026-08-04 12:00:00+00:00
2026-06-28 03:00:00+00:00,25.2,0.0,1016.1,2026-08-04T12:02:14.850049+00:00,2026-08-04 12:00:00+00:00
2026-06-28 04:00:00+00:00,23.5,0.0,1016.9,2026-08-04T12:02:14.850049+00:00,2026-08-04 12:00:00+00:00
2026-06-28 05:00:00+00:00,25.8,0.0,1016.7,2026-08-04T12:02:14.850049+00:00,2026-08-04 12:00:00+00:00
2026-06-28 06:00:00+00:00,28.3,0.0,1016.5,2026-08-04T12:02:14.850049+00:00,2026-08-04 12:00:00+00:00
2026-06-28 07:00:00+00:00,30.9,0.0,1016.2,2026-08-04T12:02:14.850049+00:00,2026-08-04 12:00:00+00:00
2026-06-28 08:00:00+00:00,32.1,0.0,1016.2,2026-08-04T12:02:14.850049+00:00,2026-08-04 12:00:00+00:00
2026-06-28 09:00:00+00:00,33.5,0.0,1016.4,2026-08-04T12:02:14.850049+00:00,2026-08-04 12:00:00+00:00
2026-06-28 10:00:00+00:00,33.8,0.0,1017.1,2026-08-04T12:02:14.850049+00:00,2026-08-04 12:00:00+00:00
2026-06-28 11:00:00+00:00,33.1,0.0,1017.3,2026-08-04T12:02:14.850049+00:00,2026-08-04 12:00:00+00:00
2026-06-28 12:00:00+00:00,32.5,0.0,1017.2,2026-08-04T12:02:14.850049+00:00,2026-08-04 12:00:00+00:00
2026-06-28 13:00:00+00:00,35.1,0.0,1016.3,2026-08-04T12:02:14.850049+00:00,2026-08-04 12:00:00+00:00
2026-06-28 14:00:00+00:00,35.1,0.0,1015.9,2026-08-04T12:02:14.850049+00:00,2026-08-04 12:00:00+00:00
2026-06-28 15:00:00+00:00,33.7,0.0,1015.8,2026-08-04T12:02:14.850049+00:00,2026-08-04 12:00:00+00:00
2026-06-28 16:00:00+00:00,31.9,0.0,1016.4,2026-08-04T12:02:14.850049+00:00,2026-08-04 12:00:00+00:00
2026-06-28 17:00:00+00:00,31.4,0.0,1016.6,2026-08-04T12:02:14.850049+00:00,2026-08-04 12:00:00+00:00
2026-06-28 18:00:00+00:00,30.6,0.0,1017.0,2026-08-04T12:02:14.850049+00:00,2026-08-04 12:00:00+00:00
2026-06-28 19:00:00+00:00,28.9,0.0,1017.8,2026-08-04T12:02:14.850049+00:00,2026-08-04 12:00:00+00:00
2026-06-28 20:00:00+00:00,27.8,0.0,1018.3,2026-08-04T12:02:14.850049+00:00,2026-08-04 12:00:00+00:00
2026-06-28 21:00:00+00:00,25.9,0.0,1017.9,2026-08-04T12:02:14.850049+00:00,2026-08-04 12:00:00+00:00
2026-06-28 22:00:00+00:00,24.7,0.0,1018.8,2026-08-04T12:02:14.850049+00:00,2026-08-04 12:00:00+00:00
2026-06-28 23:00:00+00:00,24.4,0.0,1018.8,2026-08-04T12:02:14.850049+00:00,2026-08-04 12:00:00+00:00
2026-06-29 00:00:00+00:00,23.3,0.0,1018.6,2026-08-04T12:02:14.850049+00:00,2026-08-04 12:00:00+00:00
2026-06-29 01:00:00+00:00,22.9,0.0,1018.5,2026-08-04T12:02:14.850049+00:00,2026-08-04 12:00:00+00:00
2026-06-29 02:00:00+00:00,22.0,0.0,1018.6,2026-08-04T12:02:14.850049+00:00,2026-08-04 12:00:00+00:00
2026-06-29 03:00:00+00:00,23.0,0.0,1018.4,2026-08-04T12:02:14.850049+00:00,2026-08-04 12:00:00+00:00
2026-06-29 04:00:00+00:00,23.4,0.0,1018.2,2026-08-04T12:02:14.850049+00:00,2026-08-04 12:00:00+00:00
2026-06-29 05:00:00+00:00,24.0,0.0,1017.9,2026-08-04T12:02:14.850049+00:00,2026-08-04 12:00:00+00:00
2026-06-29 06:00:00+00:00,24.0,0.0,1018.4,2026-08-04T12:02:14.850049+00:00,2026-08-04 12:00:00+00:00
2026-06-29 07:00:00+00:00,23.4,0.0,1020.1,2026-08-04T12:02:14.850049+00:00,2026-08-04 12:00:00+00:00
2026-06-29 08:00:00+00:00,25.6,0.0,1020.3,2026-08-04T12:02:14.850049+00:00,2026-08-04 12:00:00+00:00
2026-06-29 09:00:00+00:00,27.6,0.0,1020.6,2026-08-04T12:02:14.850049+00:00,2026-08-04 12:00:00+00:00
2026-06-29 10:00:00+00:00,28.5,0.0,1020.4,2026-08-04T12:02:14.850049+00:00,2026-08-04 12:00:00+00:00
2026-06-29 11:00:00+00:00,28.7,0.0,1020.3,2026-08-04T12:02:14.850049+00:00,2026-08-04 12:00:00+00:00
2026-06-29 12:00:00+00:00,30.3,0.0,1019.6,2026-08-04T12:02:14.850049+00:00,2026-08-04 12:00:00+00:00
2026-06-29 13:00:00+00:00,29.9,0.0,1019.0,2026-08-04T12:02:14.850049+00:00,2026-08-04 12:00:00+00:00
2026-06-29 14:00:00+00:00,29.8,0.0,1018.6,2026-08-04T12:02:14.850049+00:00,2026-08-04 12:00:00+00:00
2026-06-29 15:00:00+00:00,29.3,0.0,1018.6,2026-08-04T12:02:14.850049+00:00,2026-08-04 12:00:00+00:00
2026-06-29 16:00:00+00:00,29.8,0.0,1018.6,2026-08-04T12:02:14.850049+00:00,2026-08-04 12:00:00+00:00
2026-06-29 17:00:00+00:00,28.8,0.0,1018.9,2026-08-04T12:02:14.850049+00:00,2026-08-04 12:00:00+00:00
2026-06-29 18:00:00+00:00,27.5,0.0,1018.9,2026-08-04T12:02:14.850049+00:00,2026-08-04 12:00:00+00:00
2026-06-29 19:00:00+00:00,18.5,24.2,1023.3,2026-08-04T12:02:14.850049+00:00,2026-08-04 12:00:00+00:00
2026-06-29 20:00:00+00:00,18.9,4.1,1022.6,2026-08-04T12:02:14.850049+00:00,2026-08-04 12:00:00+00:00
2026-06-29 21:00:00+00:00,19.0,3.1,1022.7,2026-08-04T12:02:14.850049+00:00,2026-08-04 12:00:00+00:00
2026-06-29 22:00:00+00:00,18.8,1.7,1023.2,2026-08-04T12:02:14.850049+00:00,2026-08-04 12:00:00+00:00
2026-06-29 23:00:00+00:00,18.8,0.5,1023.2,2026-08-04T12:02:14.850049+00:00,2026-08-04 12:00:00+00:00
2026-06-30 00:00:00+00:00,19.0,0.2,1022.2,2026-08-04T12:02:14.850049+00:00,2026-08-04 12:00:00+00:00
2026-06-30 01:00:00+00:00,19.3,0.1,1021.2,2026-08-04T12:02:14.850049+00:00,2026-08-04 12:00:00+00:00
2026-06-30 02:00:00+00:00,19.1,0.0,1021.7,2026-08-04T12:02:14.850049+00:00,2026-08-04 12:00:00+00:00
2026-06-30 03:00:00+00:00,18.7,0.0,1021.7,2026-08-04T12:02:14.850049+00:00,2026-08-04 12:00:00+00:00
2026-06-30 04:00:00+00:00,18.8,0.0,1021.6,2026-08-04T12:02:14.850049+00:00,2026-08-04 12:00:00+00:00
2026-06-30 05:00:00+00:00,19.1,0.0,1021.6,2026-08-04T12:02:14.850049+00:00,2026-08-04 12:00:00+00:00
2026-06-30 06:00:00+00:00,20.2,0.0,1021.4,2026-08-04T12:02:14.850049+00:00,2026-08-04 12:00:00+00:00
2026-06-30 07:00:00+00:00,20.9,0.0,1021.2,2026-08-04T12:02:14.850049+00:00,2026-08-04 12:00:00+00:00
2026-06-30 08:00:00+00:00,23.9,0.0,1020.6,2026-08-04T12:02:14.850049+00:00,2026-08-04 12:00:00+00:00
2026-06-30 09:00:00+00:00,24.2,0.0,1020.1,2026-08-04T12:02:14.850049+00:00,2026-08-04 12:00:00+00:00
2026-06-30 10:00:00+00:00,24.5,0.0,1019.7,2026-08-04T12:02:14.850049+00:00,2026-08-04 12:00:00+00:00
2026-06-30 11:00:00+00:00,26.2,0.0,1019.0,2026-08-04T12:02:14.850049+00:00,2026-08-04 12:00:00+00:00
2026-06-30 12:00:00+00:00,28.0,0.0,1018.2,2026-08-04T12:02:14.850049+00:00,2026-08-04 12:00:00+00:00
2026-06-30 13:00:00+00:00,27.6,0.0,1017.5,2026-08-04T12:02:14.850049+00:00,2026-08-04 12:00:00+00:00
2026-06-30 14:00:00+00:00,27.3,0.0,1016.9,2026-08-04T12:02:14.850049+00:00,2026-08-04 12:00:00+00:00
2026-06-30 15:00:00+00:00,27.3,0.0,1016.7,2026-08-04T12:02:14.850049+00:00,2026-08-04 12:00:00+00:00
2026-06-30 16:00:00+00:00,27.6,0.0,1015.9,2026-08-04T12:02:14.850049+00:00,2026-08-04 12:00:00+00:00
2026-06-30 17:00:00+00:00,27.3,0.0,1015.7,2026-08-04T12:02:14.850049+00:00,2026-08-04 12:00:00+00:00
2026-06-30 18:00:00+00:00,26.6,0.0,1015.7,2026-08-04T12:02:14.850049+00:00,2026-08-04 12:00:00+00:00
2026-06-30 19:00:00+00:00,25.8,0.0,1016.1,2026-08-04T12:02:14.850049+00:00,2026-08-04 12:00:00+00:00
2026-06-30 20:00:00+00:00,25.1,0.0,1016.7,2026-08-04T12:02:14.850049+00:00,2026-08-04 12:00:00+00:00
2026-06-30 21:00:00+00:00,24.3,0.0,1016.5,2026-08-04T12:02:14.850049+00:00,2026-08-04 12:00:00+00:00
2026-06-30 22:00:00+00:00,23.9,0.0,1016.8,2026-08-04T12:02:14.850049+00:00,2026-08-04 12:00:00+00:00
2026-06-30 23:00:00+00:00,22.5,0.0,1016.9,2026-08-04T12:02:14.850049+00:00,2026-08-04 12:00:00+00:00
2026-07-01 00:00:00+00:00,21.6,0.0,1016.7,2026-08-04T12:02:14.850049+00:00,2026-08-04 12:00:00+00:00
2026-07-01 01:00:00+00:00,21.5,0.0,1016.3,2026-08-04T12:02:14.850049+00:00,2026-08-04 12:00:00+00:00
2026-07-01 02:00:00+00:00,21.1,0.0,1016.3,2026-08-04T12:02:14.850049+00:00,2026-08-04 12:00:00+00:00
2026-07-01 03:00:00+00:00,21.0,0.0,1016.2,2026-08-04T12:02:14.850049+00:00,2026-08-04 12:00:00+00:00
2026-07-01 04:00:00+00:00,20.8,0.0,1015.9,2026-08-04T12:02:14.850049+00:00,2026-08-04 12:00:00+00:00
2026-07-01 05:00:00+00:00,21.2,0.0,1015.8,2026-08-04T12:02:14.850049+00:00,2026-08-04 12:00:00+00:00
2026-07-01 06:00:00+00:00,21.1,0.0,1016.2,2026-08-04T12:02:14.850049+00:00,2026-08-04 12:00:00+00:00
2026-07-01 07:00:00+00:00,21.5,0.0,1016.1,2026-08-04T12:02:14.850049+00:00,2026-08-04 12:00:00+00:00
2026-07-01 08:00:00+00:00,20.8,0.0,1016.3,2026-08-04T12:02:14.850049+00:00,2026-08-04 12:00:00+00:00
2026-07-01 09:00:00+00:00,17.2,12.1,1018.8,2026-08-04T12:02:14.850049+00:00,2026-08-04 12:00:00+00:00
2026-07-01 10:00:00+00:00,17.3,3.4,1019.8,2026-08-04T12:02:14.850049+00:00,2026-08-04 12:00:00+00:00
2026-07-01 11:00:00+00:00,18.5,0.8,1019.7,2026-08-04T12:02:14.850049+00:00,2026-08-04 12:00:00+00:00
2026-07-01 12:00:00+00:00,18.6,0.2,1020.2,2026-08-04T12:02:14.850049+00:00,2026-08-04 12:00:00+00:00
2026-07-01 13:00:00+00:00,17.9,1.7,1020.5,2026-08-04T12:02:14.850049+00:00,2026-08-04 12:00:00+00:00
2026-07-01 14:00:00+00:00,16.8,11.5,1021.2,2026-08-04T12:02:14.850049+00:00,2026-08-04 12:00:00+00:00
2026-07-01 15:00:00+00:00,16.8,0.0,1021.1,2026-08-04T12:02:14.850049+00:00,2026-08-04 12:00:00+00:00
2026-07-01 16:00:00+00:00,17.3,0.0,1020.4,2026-08-04T12:02:14.850049+00:00,2026-08-04 12:00:00+00:00
2026-07-01 17:00:00+00:00,17.9,0.0,1019.9,2026-08-04T12:02:14.850049+00:00,2026-08-04 12:00:00+00:00
2026-07-01 18:00:00+00:00,18.5,0.0,1019.7,2026-08-04T12:02:14.850049+00:00,2026-08-04 12:00:00+00:00
2026-07-01 19:00:00+00:00,18.2,0.0,1020.2,2026-08-04T12:02:14.850049+00:00,2026-08-04 12:00:00+00:00
2026-07-01 20:00:00+00:00,17.6,0.0,1021.1,2026-08-04T12:02:14.850049+00:00,2026-08-04 12:00:00+00:00
2026-07-01 21:00:00+00:00,17.3,0.0,1021.4,2026-08-04T12:02:14.850049+00:00,2026-08-04 12:00:00+00:00
2026-07-01 22:00:00+00:00,16.7,0.0,1021.7,2026-08-04T12:02:14.850049+00:00,2026-08-04 12:00:00+00:00
2026-07-01 23:00:00+00:00,16.2,0.0,1022.2,2026-08-04T12:02:14.850049+00:00,2026-08-04 12:00:00+00:00
2026-07-02 00:00:00+00:00,15.7,0.0,1022.2,2026-08-04T12:02:14.850049+00:00,2026-08-04 12:00:00+00:00
2026-07-02 01:00:00+00:00,15.5,0.0,1022.1,2026-08-04T12:02:14.850049+00:00,2026-08-04 12:00:00+00:00
2026-07-02 02:00:00+00:00,14.6,0.0,1022.2,2026-08-04T12:02:14.850049+00:00,2026-08-04 12:00:00+00:00
2026-07-02 03:00:00+00:00,14.0,0.0,1022.3,2026-08-04T12:02:14.850049+00:00,2026-08-04 12:00:00+00:00
2026-07-02 04:00:00+00:00,14.1,0.0,1022.3,2026-08-04T12:02:14.850049+00:00,2026-08-04 12:00:00+00:00
2026-07-02 05:00:00+00:00,15.2,0.0,1022.2,2026-08-04T12:02:14.850049+00:00,2026-08-04 12:00:00+00:00
2026-07-02 06:00:00+00:00,17.1,0.0,1021.9,2026-08-04T12:02:14.850049+00:00,2026-08-04 12:00:00+00:00
2026-07-02 07:00:00+00:00,19.7,0.0,1021.4,2026-08-04T12:02:14.850049+00:00,2026-08-04 12:00:00+00:00
2026-07-02 08:00:00+00:00,21.4,0.0,1021.2,2026-08-04T12:02:14.850049+00:00,2026-08-04 12:00:00+00:00
2026-07-02 09:00:00+00:00,23.0,0.0,1020.9,2026-08-04T12:02:14.850049+00:00,2026-08-04 12:00:00+00:00
2026-07-02 10:00:00+00:00,24.0,0.0,1020.6,2026-08-04T12:02:14.850049+00:00,2026-08-04 12:00:00+00:00
2026-07-02 11:00:00+00:00,24.6,0.0,1020.2,2026-08-04T12:02:14.850049+00:00,2026-08-04 12:00:00+00:00
2026-07-02 12:00:00+00:00,25.1,0.0,1019.7,2026-08-04T12:02:14.850049+00:00,2026-08-04 12:00:00+00:00
2026-07-02 13:00:00+00:00,25.9,0.0,1019.0,2026-08-04T12:02:14.850049+00:00,2026-08-04 12:00:00+00:00
2026-07-02 14:00:00+00:00,26.8,0.0,1018.4,2026-08-04T12:02:14.850049+00:00,2026-08-04 12:00:00+00:00
2026-07-02 15:00:00+00:00,25.7,0.0,1018.3,2026-08-04T12:02:14.850049+00:00,2026-08-04 12:00:00+00:00
2026-07-02 16:00:00+00:00,26.0,0.0,1017.8,2026-08-04T12:02:14.850049+00:00,2026-08-04 12:00:00+00:00
2026-07-02 17:00:00+00:00,25.8,0.0,1017.6,2026-08-04T12:02:14.850049+00:00,2026-08-04 12:00:00+00:00
2026-07-02 18:00:00+00:00,25.2,0.0,1017.6,2026-08-04T12:02:14.850049+00:00,2026-08-04 12:00:00+00:00
2026-07-02 19:00:00+00:00,24.4,0.0,1018.1,2026-08-04T12:02:14.850049+00:00,2026-08-04 12:00:00+00:00
2026-07-02 20:00:00+00:00,23.5,0.0,1018.7,2026-08-04T12:02:14.850049+00:00,2026-08-04 12:00:00+00:00
2026-07-02 21:00:00+00:00,23.0,0.0,1019.1,2026-08-04T12:02:14.850049+00:00,2026-08-04 12:00:00+00:00
2026-07-02 22:00:00+00:00,21.2,0.0,1019.9,2026-08-04T12:02:14.850049+00:00,2026-08-04 12:00:00+00:00
2026-07-02 23:00:00+00:00,20.2,0.0,1020.3,2026-08-04T12:02:14.850049+00:00,2026-08-04 12:00:00+00:00
2026-07-03 00:00:00+00:00,20.6,0.0,1020.5,2026-08-04T12:02:14.850049+00:00,2026-08-04 12:00:00+00:00
2026-07-03 01:00:00+00:00,20.1,0.0,1021.0,2026-08-04T12:02:14.850049+00:00,2026-08-04 12:00:00+00:00
2026-07-03 02:00:00+00:00,19.5,0.0,1021.6,2026-08-04T12:02:14.850049+00:00,2026-08-04 12:00:00+00:00
2026-07-03 03:00:00+00:00,18.4,0.0,1022.3,2026-08-04T12:02:14.850049+00:00,2026-08-04 12:00:00+00:00
2026-07-03 04:00:00+00:00,17.6,0.0,1023.2,2026-08-04T12:02:14.850049+00:00,2026-08-04 12:00:00+00:00
2026-07-03 05:00:00+00:00,17.3,0.0,1023.9,2026-08-04T12:02:14.850049+00:00,2026-08-04 12:00:00+00:00
2026-07-03 06:00:00+00:00,17.7,0.0,1024.0,2026-08-04T12:02:14.850049+00:00,2026-08-04 12:00:00+00:00
2026-07-03 07:00:00+00:00,19.1,0.0,1024.3,2026-08-04T12:02:14.850049+00:00,2026-08-04 12:00:00+00:00
2026-07-03 08:00:00+00:00,19.2,0.0,1024.3,2026-08-04T12:02:14.850049+00:00,2026-08-04 12:00:00+00:00
2026-07-03 09:00:00+00:00,20.1,0.0,1024.4,2026-08-04T12:02:14.850049+00:00,2026-08-04 12:00:00+00:00
2026-07-03 10:00:00+00:00,21.4,0.0,1024.3,2026-08-04T12:02:14.850049+00:00,2026-08-04 12:00:00+00:00
2026-07-03 11:00:00+00:00,22.8,0.0,1024.09,2026-08-04T12:02:14.850049+00:00,2026-08-04 12:00:00+00:00
2026-07-03 12:00:00+00:00,23.7,0.0,1023.8,2026-08-04T12:02:14.850049+00:00,2026-08-04 12:00:00+00:00
2026-07-03 13:00:00+00:00,23.5,0.0,1023.6,2026-08-04T12:02:14.850049+00:00,2026-08-04 12:00:00+00:00
2026-07-03 14:00:00+00:00,25.1,0.0,1022.9,2026-08-04T12:02:14.850049+00:00,2026-08-04 12:00:00+00:00
2026-07-03 15:00:00+00:00,25.1,0.0,1022.7,2026-08-04T12:02:14.850049+00:00,2026-08-04 12:00:00+00:00
2026-07-03 16:00:00+00:00,24.4,0.0,1022.5,2026-08-04T12:02:14.850049+00:00,2026-08-04 12:00:00+00:00
2026-07-03 17:00:00+00:00,24.1,0.0,1022.4,2026-08-04T12:02:14.850049+00:00,2026-08-04 12:00:00+00:00
2026-07-03 18:00:00+00:00,23.6,0.0,1022.7,2026-08-04T12:02:14.850049+00:00,2026-08-04 12:00:00+00:00
2026-07-03 19:00:00+00:00,22.5,0.0,1022.9,2026-08-04T12:02:14.850049+00:00,2026-08-04 12:00:00+00:00
2026-07-03 20:00:00+00:00,19.2,0.0,1024.09,2026-08-04T12:02:14.850049+00:00,2026-08-04 12:00:00+00:00
2026-07-03 21:00:00+00:00,18.1,0.0,1024.7,2026-08-04T12:02:14.850049+00:00,2026-08-04 12:00:00+00:00
2026-07-03 22:00:00+00:00,16.9,0.0,1025.09,2026-08-04T12:02:14.850049+00:00,2026-08-04 12:00:00+00:00
2026-07-03 23:00:00+00:00,16.1,0.0,1025.4,2026-08-04T12:02:14.850049+00:00,2026-08-04 12:00:00+00:00
2026-07-04 00:00:00+00:00,16.8,0.0,1025.3,2026-08-04T12:02:14.850049+00:00,2026-08-04 12:00:00+00:00
2026-07-04 01:00:00+00:00,16.4,0.0,1025.4,2026-08-04T12:02:14.850049+00:00,2026-08-04 12:00:00+00:00
2026-07-04 02:00:00+00:00,15.4,0.0,1025.7,2026-08-04T12:02:14.850049+00:00,2026-08-04 12:00:00+00:00
2026-07-04 03:00:00+00:00,15.4,0.0,1025.59,2026-08-04T12:02:14.850049+00:00,2026-08-04 12:00:00+00:00
2026-07-04 04:00:00+00:00,14.5,0.0,1025.8,2026-08-04T12:02:14.850049+00:00,2026-08-04 12:00:00+00:00
2026-07-04 05:00:00+00:00,14.8,0.0,1026.3,2026-08-04T12:02:14.850049+00:00,2026-08-04 12:00:00+00:00
2026-07-04 06:00:00+00:00,17.0,0.0,1026.0,2026-08-04T12:02:14.850049+00:00,2026-08-04 12:00:00+00:00
2026-07-04 07:00:00+00:00,19.7,0.0,1025.3,2026-08-04T12:02:14.850049+00:00,2026-08-04 12:00:00+00:00
2026-07-04 08:00:00+00:00,21.1,0.0,1025.0,2026-08-04T12:02:14.850049+00:00,2026-08-04 12:00:00+00:00
2026-07-04 09:00:00+00:00,22.8,0.0,1024.4,2026-08-04T12:02:14.850049+00:00,2026-08-04 12:00:00+00:00
2026-07-04 10:00:00+00:00,23.2,0.0,1024.3,2026-08-04T12:02:14.850049+00:00,2026-08-04 12:00:00+00:00
2026-07-04 11:00:00+00:00,23.7,0.0,1023.8,2026-08-04T12:02:14.850049+00:00,2026-08-04 12:00:00+00:00
2026-07-04 12:00:00+00:00,25.0,0.0,1023.2,2026-08-04T12:02:14.850049+00:00,2026-08-04 12:00:00+00:00
2026-07-04 13:00:00+00:00,26.0,0.0,1022.4,2026-08-04T12:02:14.850049+00:00,2026-08-04 12:00:00+00:00
2026-07-04 14:00:00+00:00,25.7,0.0,1022.3,2026-08-04T12:02:14.850049+00:00,2026-08-04 12:00:00+00:00
2026-07-04 15:00:00+00:00,27.0,0.0,1021.4,2026-08-04T12:02:14.850049+00:00,2026-08-04 12:00:00+00:00
2026-07-04 16:00:00+00:00,26.5,0.0,1021.0,2026-08-04T12:02:14.850049+00:00,2026-08-04 12:00:00+00:00
2026-07-04 17:00:00+00:00,25.8,0.0,1020.9,2026-08-04T12:02:14.850049+00:00,2026-08-04 12:00:00+00:00
2026-07-04 18:00:00+00:00,25.1,0.0,1020.9,2026-08-04T12:02:14.850049+00:00,2026-08-04 12:00:00+00:00
2026-07-04 19:00:00+00:00,23.8,0.0,1021.4,2026-08-04T12:02:14.850049+00:00,2026-08-04 12:00:00+00:00
2026-07-04 20:00:00+00:00,21.2,0.0,1022.4,2026-08-04T12:02:14.850049+00:00,2026-08-04 12:00:00+00:00
2026-07-04 21:00:00+00:00,19.4,0.0,1022.8,2026-08-04T12:02:14.850049+00:00,2026-08-04 12:00:00+00:00
2026-07-04 22:00:00+00:00,18.4,0.0,1023.1,2026-08-04T12:02:14.850049+00:00,2026-08-04 12:00:00+00:00
2026-07-04 23:00:00+00:00,18.2,0.0,1022.9,2026-08-04T12:02:14.850049+00:00,2026-08-04 12:00:00+00:00
2026-07-05 00:00:00+00:00,18.3,0.0,1022.7,2026-08-04T12:02:14.850049+00:00,2026-08-04 12:00:00+00:00
2026-07-05 01:00:00+00:00,18.6,0.0,1022.2,2026-08-04T12:02:14.850049+00:00,2026-08-04 12:00:00+00:00
2026-07-05 02:00:00+00:00,18.6,0.0,1021.8,2026-08-04T12:02:14.850049+00:00,2026-08-04 12:00:00+00:00
2026-07-05 03:00:00+00:00,18.2,0.0,1021.9,2026-08-04T12:02:14.850049+00:00,2026-08-04 12:00:00+00:00
2026-07-05 04:00:00+00:00,17.9,0.0,1022.1,2026-08-04T12:02:14.850049+00:00,2026-08-04 12:00:00+00:00
2026-07-05 05:00:00+00:00,18.2,0.0,1022.0,2026-08-04T12:02:14.850049+00:00,2026-08-04 12:00:00+00:00
2026-07-05 06:00:00+00:00,18.9,0.0,1021.8,2026-08-04T12:02:14.850049+00:00,2026-08-04 12:00:00+00:00
2026-07-05 07:00:00+00:00,20.3,0.0,1021.3,2026-08-04T12:02:14.850049+00:00,2026-08-04 12:00:00+00:00
2026-07-05 08:00:00+00:00,21.1,0.0,1021.2,2026-08-04T12:02:14.850049+00:00,2026-08-04 12:00:00+00:00
2026-07-05 09:00:00+00:00,21.4,0.0,1020.9,2026-08-04T12:02:14.850049+00:00,2026-08-04 12:00:00+00:00
2026-07-05 10:00:00+00:00,22.7,0.0,1020.5,2026-08-04T12:02:14.850049+00:00,2026-08-04 12:00:00+00:00
2026-07-05 11:00:00+00:00,22.9,0.0,1020.2,2026-08-04T12:02:14.850049+00:00,2026-08-04 12:00:00+00:00
2026-07-05 12:00:00+00:00,23.1,0.0,1020.0,2026-08-04T12:02:14.850049+00:00,2026-08-04 12:00:00+00:00
2026-07-05 13:00:00+00:00,25.3,0.0,1018.9,2026-08-04T12:02:14.850049+00:00,2026-08-04 12:00:00+00:00
2026-07-05 14:00:00+00:00,19.7,0.1,1020.3,2026-08-04T12:02:14.850049+00:00,2026-08-04 12:00:00+00:00
2026-07-05 15:00:00+00:00,24.5,0.1,1018.6,2026-08-04T12:02:14.850049+00:00,2026-08-04 12:00:00+00:00
2026-07-05 16:00:00+00:00,23.9,0.0,1017.9,2026-08-04T12:02:14.850049+00:00,2026-08-04 12:00:00+00:00
2026-07-05 17:00:00+00:00,22.9,0.0,1017.7,2026-08-04T12:02:14.850049+00:00,2026-08-04 12:00:00+00:00
2026-07-05 18:00:00+00:00,16.8,5.4,1021.1,2026-08-04T12:02:14.850049+00:00,2026-08-04 12:00:00+00:00
2026-07-05 19:00:00+00:00,16.9,0.6,1020.4,2026-08-04T12:02:14.850049+00:00,2026-08-04 12:00:00+00:00
2026-07-05 20:00:00+00:00,16.8,0.0,1021.0,2026-08-04T12:02:14.850049+00:00,2026-08-04 12:00:00+00:00
2026-07-05 21:00:00+00:00,16.2,0.0,1021.5,2026-08-04T12:02:14.850049+00:00,2026-08-04 12:00:00+00:00
2026-07-05 22:00:00+00:00,16.5,0.0,1021.4,2026-08-04T12:02:14.850049+00:00,2026-08-04 12:00:00+00:00
2026-07-05 23:00:00+00:00,16.6,0.0,1021.1,2026-08-04T12:02:14.850049+00:00,2026-08-04 12:00:00+00:00
2026-07-06 00:00:00+00:00,16.7,0.0,1020.6,2026-08-04T12:02:14.850049+00:00,2026-08-04 12:00:00+00:00
2026-07-06 01:00:00+00:00,16.4,0.0,1020.5,2026-08-04T12:02:14.850049+00:00,2026-08-04 12:00:00+00:00
2026-07-06 02:00:00+00:00,16.1,0.8,1020.5,2026-08-04T12:02:14.850049+00:00,2026-08-04 12:00:00+00:00
2026-07-06 03:00:00+00:00,15.7,2.1,1020.6,2026-08-04T12:02:14.850049+00:00,2026-08-04 12:00:00+00:00
2026-07-06 04:00:00+00:00,15.7,0.0,1020.9,2026-08-04T12:02:14.850049+00:00,2026-08-04 12:00:00+00:00
2026-07-06 05:00:00+00:00,16.1,0.0,1021.1,2026-08-04T12:02:14.850049+00:00,2026-08-04 12:00:00+00:00
2026-07-06 06:00:00+00:00,16.9,0.0,1021.1,2026-08-04T12:02:14.850049+00:00,2026-08-04 12:00:00+00:00
2026-07-06 07:00:00+00:00,18.6,0.0,1021.0,2026-08-04T12:02:14.850049+00:00,2026-08-04 12:00:00+00:00
2026-07-06 08:00:00+00:00,19.6,0.0,1020.8,2026-08-04T12:02:14.850049+00:00,2026-08-04 12:00:00+00:00
2026-07-06 09:00:00+00:00,20.3,0.0,1020.7,2026-08-04T12:02:14.850049+00:00,2026-08-04 12:00:00+00:00
2026-07-06 10:00:00+00:00,20.4,0.0,1020.7,2026-08-04T12:02:14.850049+00:00,2026-08-04 12:00:00+00:00
2026-07-06 11:00:00+00:00,21.4,0.0,1020.4,2026-08-04T12:02:14.850049+00:00,2026-08-04 12:00:00+00:00
2026-07-06 12:00:00+00:00,23.4,0.0,1019.4,2026-08-04T12:02:14.850049+00:00,2026-08-04 12:00:00+00:00
2026-07-06 13:00:00+00:00,23.7,0.0,1019.0,2026-08-04T12:02:14.850049+00:00,2026-08-04 12:00:00+00:00
2026-07-06 14:00:00+00:00,23.7,0.0,1018.7,2026-08-04T12:02:14.850049+00:00,2026-08-04 12:00:00+00:00
2026-07-06 15:00:00+00:00,24.5,0.0,1018.3,2026-08-04T12:02:14.850049+00:00,2026-08-04 12:00:00+00:00
2026-07-06 16:00:00+00:00,25.1,0.0,1017.6,2026-08-04T12:02:14.850049+00:00,2026-08-04 12:00:00+00:00
2026-07-06 17:00:00+00:00,25.2,0.0,1017.1,2026-08-04T12:02:14.850049+00:00,2026-08-04 12:00:00+00:00
2026-07-06 18:00:00+00:00,24.6,0.0,1017.0,2026-08-04T12:02:14.850049+00:00,2026-08-04 12:00:00+00:00
2026-07-06 19:00:00+00:00,23.5,0.0,1017.1,2026-08-04T12:02:14.850049+00:00,2026-08-04 12:00:00+00:00
2026-07-06 20:00:00+00:00,21.1,0.0,1017.7,2026-08-04T12:02:14.850049+00:00,2026-08-04 12:00:00+00:00
2026-07-06 21:00:00+00:00,22.1,0.0,1017.6,2026-08-04T12:02:14.850049+00:00,2026-08-04 12:00:00+00:00
2026-07-06 22:00:00+00:00,21.6,0.0,1017.7,2026-08-04T12:02:14.850049+00:00,2026-08-04 12:00:00+00:00
2026-07-06 23:00:00+00:00,21.2,0.0,1017.9,2026-08-04T12:02:14.850049+00:00,2026-08-04 12:00:00+00:00
2026-07-07 00:00:00+00:00,21.1,0.0,1017.8,2026-08-04T12:02:14.850049+00:00,2026-08-04 12:00:00+00:00
2026-07-07 01:00:00+00:00,20.7,0.0,1017.7,2026-08-04T12:02:14.850049+00:00,2026-08-04 12:00:00+00:00
2026-07-07 02:00:00+00:00,19.9,0.0,1017.3,2026-08-04T12:02:14.850049+00:00,2026-08-04 12:00:00+00:00
2026-07-07 03:00:00+00:00,19.8,0.0,1017.2,2026-08-04T12:02:14.850049+00:00,2026-08-04 12:00:00+00:00
2026-07-07 04:00:00+00:00,19.7,0.0,1017.3,2026-08-04T12:02:14.850049+00:00,2026-08-04 12:00:00+00:00
2026-07-07 05:00:00+00:00,19.9,0.0,1017.3,2026-08-04T12:02:14.850049+00:00,2026-08-04 12:00:00+00:00
2026-07-07 06:00:00+00:00,21.0,0.0,1017.2,2026-08-04T12:02:14.850049+00:00,2026-08-04 12:00:00+00:00
2026-07-07 07:00:00+00:00,23.1,0.0,1016.6,2026-08-04T12:02:14.850049+00:00,2026-08-04 12:00:00+00:00
2026-07-07 08:00:00+00:00,25.9,0.0,1015.9,2026-08-04T12:02:14.850049+00:00,2026-08-04 12:00:00+00:00
2026-07-07 09:00:00+00:00,27.8,0.0,1015.3,2026-08-04T12:02:14.850049+00:00,2026-08-04 12:00:00+00:00
2026-07-07 10:00:00+00:00,28.5,0.0,1015.0,2026-08-04T12:02:14.850049+00:00,2026-08-04 12:00:00+00:00
2026-07-07 11:00:00+00:00,29.5,0.0,1014.4,2026-08-04T12:02:14.850049+00:00,2026-08-04 12:00:00+00:00
2026-07-07 12:00:00+00:00,27.9,0.0,1014.3,2026-08-04T12:02:14.850049+00:00,2026-08-04 12:00:00+00:00
2026-07-07 13:00:00+00:00,27.5,0.0,1013.9,2026-08-04T12:02:14.850049+00:00,2026-08-04 12:00:00+00:00
2026-07-07 14:00:00+00:00,28.1,0.0,1013.2,2026-08-04T12:02:14.850049+00:00,2026-08-04 12:00:00+00:00
2026-07-07 15:00:00+00:00,29.5,0.0,1012.2,2026-08-04T12:02:14.850049+00:00,2026-08-04 12:00:00+00:00
2026-07-07 16:00:00+00:00,29.2,0.0,1011.8,2026-08-04T12:02:14.850049+00:00,2026-08-04 12:00:00+00:00
2026-07-07 17:00:00+00:00,28.5,0.0,1011.7,2026-08-04T12:02:14.850049+00:00,2026-08-04 12:00:00+00:00
2026-07-07 18:00:00+00:00,27.9,0.0,1011.5,2026-08-04T12:02:14.850049+00:00,2026-08-04 12:00:00+00:00
2026-07-07 19:00:00+00:00,27.0,0.0,1011.9,2026-08-04T12:02:14.850049+00:00,2026-08-04 12:00:00+00:00
2026-07-07 20:00:00+00:00,25.8,0.0,1012.4,2026-08-04T12:02:14.850049+00:00,2026-08-04 12:00:00+00:00
2026-07-07 21:00:00+00:00,25.4,0.0,1012.7,2026-08-04T12:02:14.850049+00:00,2026-08-04 12:00:00+00:00
2026-07-07 22:00:00+00:00,24.7,0.0,1013.0,2026-08-04T12:02:14.850049+00:00,2026-08-04 12:00:00+00:00
2026-07-07 23:00:00+00:00,23.7,0.0,1013.0,2026-08-04T12:02:14.850049+00:00,2026-08-04 12:00:00+00:00
2026-07-08 00:00:00+00:00,23.2,0.0,1013.2,2026-08-04T12:02:14.850049+00:00,2026-08-04 12:00:00+00:00
2026-07-08 01:00:00+00:00,22.7,0.0,1013.3,2026-08-04T12:02:14.850049+00:00,2026-08-04 12:00:00+00:00
2026-07-08 02:00:00+00:00,22.4,0.0,1013.6,2026-08-04T12:02:14.850049+00:00,2026-08-04 12:00:00+00:00
2026-07-08 03:00:00+00:00,21.9,0.0,1013.9,2026-08-04T12:02:14.850049+00:00,2026-08-04 12:00:00+00:00
2026-07-08 04:00:00+00:00,20.5,0.0,1014.6,2026-08-04T12:02:14.850049+00:00,2026-08-04 12:00:00+00:00
2026-07-08 05:00:00+00:00,19.1,0.2,1015.0,2026-08-04T12:02:14.850049+00:00,2026-08-04 12:00:00+00:00
2026-07-08 06:00:00+00:00,17.7,0.4,1015.5,2026-08-04T12:02:14.850049+00:00,2026-08-04 12:00:00+00:00
2026-07-08 07:00:00+00:00,18.9,0.0,1015.7,2026-08-04T12:02:14.850049+00:00,2026-08-04 12:00:00+00:00
2026-07-08 08:00:00+00:00,20.3,0.0,1015.5,2026-08-04T12:02:14.850049+00:00,2026-08-04 12:00:00+00:00
2026-07-08 09:00:00+00:00,20.3,0.0,1015.9,2026-08-04T12:02:14.850049+00:00,2026-08-04 12:00:00+00:00
2026-07-08 10:00:00+00:00,21.0,0.0,1016.0,2026-08-04T12:02:14.850049+00:00,2026-08-04 12:00:00+00:00
2026-07-08 11:00:00+00:00,21.3,0.0,1016.1,2026-08-04T12:02:14.850049+00:00,2026-08-04 12:00:00+00:00
2026-07-08 12:00:00+00:00,20.7,0.0,1016.6,2026-08-04T12:02:14.850049+00:00,2026-08-04 12:00:00+00:00
2026-07-08 13:00:00+00:00,21.2,0.0,1016.3,2026-08-04T12:02:14.850049+00:00,2026-08-04 12:00:00+00:00
2026-07-08 14:00:00+00:00,21.2,0.0,1016.2,2026-08-04T12:02:14.850049+00:00,2026-08-04 12:00:00+00:00
2026-07-08 15:00:00+00:00,23.0,0.0,1015.5,2026-08-04T12:02:14.850049+00:00,2026-08-04 12:00:00+00:00
2026-07-08 16:00:00+00:00,22.8,0.0,1015.3,2026-08-04T12:02:14.850049+00:00,2026-08-04 12:00:00+00:00
2026-07-08 17:00:00+00:00,22.4,0.0,1015.7,2026-08-04T12:02:14.850049+00:00,2026-08-04 12:00:00+00:00
2026-07-08 18:00:00+00:00,21.9,0.0,1015.9,2026-08-04T12:02:14.850049+00:00,2026-08-04 12:00:00+00:00
2026-07-08 19:00:00+00:00,21.2,0.0,1016.2,2026-08-04T12:02:14.850049+00:00,2026-08-04 12:00:00+00:00
2026-07-08 20:00:00+00:00,19.8,0.0,1017.0,2026-08-04T12:02:14.850049+00:00,2026-08-04 12:00:00+00:00
2026-07-08 21:00:00+00:00,18.5,0.0,1017.3,2026-08-04T12:02:14.850049+00:00,2026-08-04 12:00:00+00:00
2026-07-08 22:00:00+00:00,17.4,0.0,1017.7,2026-08-04T12:02:14.850049+00:00,2026-08-04 12:00:00+00:00
2026-07-08 23:00:00+00:00,17.5,0.0,1017.5,2026-08-04T12:02:14.850049+00:00,2026-08-04 12:00:00+00:00
2026-07-09 00:00:00+00:00,16.9,0.0,1017.6,2026-08-04T12:02:14.850049+00:00,2026-08-04 12:00:00+00:00
2026-07-09 01:00:00+00:00,16.3,0.0,1017.3,2026-08-04T12:02:14.850049+00:00,2026-08-04 12:00:00+00:00
2026-07-09 02:00:00+00:00,15.5,0.0,1017.4,2026-08-04T12:02:14.850049+00:00,2026-08-04 12:00:00+00:00
2026-07-09 03:00:00+00:00,15.8,0.0,1017.4,2026-08-04T12:02:14.850049+00:00,2026-08-04 12:00:00+00:00
2026-07-09 04:00:00+00:00,15.7,0.0,1017.3,2026-08-04T12:02:14.850049+00:00,2026-08-04 12:00:00+00:00
2026-07-09 05:00:00+00:00,16.9,0.0,1017.2,2026-08-04T12:02:14.850049+00:00,2026-08-04 12:00:00+00:00
2026-07-09 06:00:00+00:00,17.5,0.0,1017.5,2026-08-04T12:02:14.850049+00:00,2026-08-04 12:00:00+00:00
2026-07-09 07:00:00+00:00,18.4,0.0,1017.3,2026-08-04T12:02:14.850049+00:00,2026-08-04 12:00:00+00:00
2026-07-09 08:00:00+00:00,20.1,0.0,1016.9,2026-08-04T12:02:14.850049+00:00,2026-08-04 12:00:00+00:00
2026-07-09 09:00:00+00:00,21.2,0.0,1016.6,2026-08-04T12:02:14.850049+00:00,2026-08-04 12:00:00+00:00
2026-07-09 10:00:00+00:00,22.1,0.0,1016.1,2026-08-04T12:02:14.850049+00:00,2026-08-04 12:00:00+00:00
2026-07-09 11:00:00+00:00,23.3,0.0,1015.6,2026-08-04T12:02:14.850049+00:00,2026-08-04 12:00:00+00:00
2026-07-09 12:00:00+00:00,24.5,0.0,1014.9,2026-08-04T12:02:14.850049+00:00,2026-08-04 12:00:00+00:00
2026-07-09 13:00:00+00:00,24.5,0.0,1014.6,2026-08-04T12:02:14.850049+00:00,2026-08-04 12:00:00+00:00
2026-07-09 14:00:00+00:00,25.0,0.0,1014.4,2026-08-04T12:02:14.850049+00:00,2026-08-04 12:00:00+00:00
2026-07-09 15:00:00+00:00,24.3,0.0,1014.5,2026-08-04T12:02:14.850049+00:00,2026-08-04 12:00:00+00:00
2026-07-09 16:00:00+00:00,25.0,0.0,1014.2,2026-08-04T12:02:14.850049+00:00,2026-08-04 12:00:00+00:00
2026-07-09 17:00:00+00:00,24.9,0.0,1014.0,2026-08-04T12:02:14.850049+00:00,2026-08-04 12:00:00+00:00
2026-07-09 18:00:00+00:00,24.3,0.0,1014.1,2026-08-04T12:02:14.850049+00:00,2026-08-04 12:00:00+00:00
2026-07-09 19:00:00+00:00,23.4,0.0,1014.3,2026-08-04T12:02:14.850049+00:00,2026-08-04 12:00:00+00:00
2026-07-09 20:00:00+00:00,21.4,0.0,1015.2,2026-08-04T12:02:14.850049+00:00,2026-08-04 12:00:00+00:00
2026-07-09 21:00:00+00:00,20.0,0.0,1015.7,2026-08-04T12:02:14.850049+00:00,2026-08-04 12:00:00+00:00
2026-07-09 22:00:00+00:00,18.6,0.0,1016.3,2026-08-04T12:02:14.850049+00:00,2026-08-04 12:00:00+00:00
2026-07-09 23:00:00+00:00,17.8,0.0,1016.6,2026-08-04T12:02:14.850049+00:00,2026-08-04 12:00:00+00:00
2026-07-10 00:00:00+00:00,16.6,0.0,1016.6,2026-08-04T12:02:14.850049+00:00,2026-08-04 12:00:00+00:00
2026-07-10 01:00:00+00:00,16.0,0.0,1016.6,2026-08-04T12:02:14.850049+00:00,2026-08-04 12:00:00+00:00
2026-07-10 02:00:00+00:00,15.3,0.0,1016.4,2026-08-04T12:02:14.850049+00:00,2026-08-04 12:00:00+00:00
2026-07-10 03:00:00+00:00,15.0,0.0,1016.2,2026-08-04T12:02:14.850049+00:00,2026-08-04 12:00:00+00:00
2026-07-10 04:00:00+00:00,14.6,0.0,1016.3,2026-08-04T12:02:14.850049+00:00,2026-08-04 12:00:00+00:00
2026-07-10 05:00:00+00:00,16.3,0.0,1016.0,2026-08-04T12:02:14.850049+00:00,2026-08-04 12:00:00+00:00
2026-07-10 06:00:00+00:00,18.7,0.0,1015.5,2026-08-04T12:02:14.850049+00:00,2026-08-04 12:00:00+00:00
2026-07-10 07:00:00+00:00,21.3,0.0,1015.0,2026-08-04T12:02:14.850049+00:00,2026-08-04 12:00:00+00:00
2026-07-10 08:00:00+00:00,23.6,0.0,1014.6,2026-08-04T12:02:14.850049+00:00,2026-08-04 12:00:00+00:00
2026-07-10 09:00:00+00:00,24.5,0.0,1014.3,2026-08-04T12:02:14.850049+00:00,2026-08-04 12:00:00+00:00
2026-07-10 10:00:00+00:00,24.6,0.0,1014.2,2026-08-04T12:02:14.850049+00:00,2026-08-04 12:00:00+00:00
2026-07-10 11:00:00+00:00,25.9,0.0,1013.9,2026-08-04T12:02:14.850049+00:00,2026-08-04 12:00:00+00:00
2026-07-10 12:00:00+00:00,26.9,0.0,1013.3,2026-08-04T12:02:14.850049+00:00,2026-08-04 12:00:00+00:00
2026-07-10 13:00:00+00:00,27.9,0.0,1012.9,2026-08-04T12:02:14.850049+00:00,2026-08-04 12:00:00+00:00
2026-07-10 14:00:00+00:00,28.4,0.0,1012.6,2026-08-04T12:02:14.850049+00:00,2026-08-04 12:00:00+00:00
2026-07-10 15:00:00+00:00,28.5,0.0,1012.5,2026-08-04T12:02:14.850049+00:00,2026-08-04 12:00:00+00:00
2026-07-10 16:00:00+00:00,27.7,0.0,1012.2,2026-08-04T12:02:14.850049+00:00,2026-08-04 12:00:00+00:00
2026-07-10 17:00:00+00:00,27.6,0.0,1012.2,2026-08-04T12:02:14.850049+00:00,2026-08-04 12:00:00+00:00
2026-07-10 18:00:00+00:00,26.9,0.0,1012.5,2026-08-04T12:02:14.850049+00:00,2026-08-04 12:00:00+00:00
2026-07-10 19:00:00+00:00,25.4,0.0,1012.9,2026-08-04T12:02:14.850049+00:00,2026-08-04 12:00:00+00:00
2026-07-10 20:00:00+00:00,23.0,0.0,1013.9,2026-08-04T12:02:14.850049+00:00,2026-08-04 12:00:00+00:00
2026-07-10 21:00:00+00:00,21.4,0.0,1014.3,2026-08-04T12:02:14.850049+00:00,2026-08-04 12:00:00+00:00
2026-07-10 22:00:00+00:00,20.1,0.0,1014.7,2026-08-04T12:02:14.850049+00:00,2026-08-04 12:00:00+00:00
2026-07-10 23:00:00+00:00,19.3,0.0,1015.0,2026-08-04T12:02:14.850049+00:00,2026-08-04 12:00:00+00:00
2026-07-11 00:00:00+00:00,19.1,0.0,1015.4,2026-08-04T12:02:14.850049+00:00,2026-08-04 12:00:00+00:00
2026-07-11 01:00:00+00:00,18.7,0.0,1015.4,2026-08-04T12:02:14.850049+00:00,2026-08-04 12:00:00+00:00
2026-07-11 02:00:00+00:00,17.6,0.0,1015.8,2026-08-04T12:02:14.850049+00:00,2026-08-04 12:00:00+00:00
2026-07-11 03:00:00+00:00,16.5,0.0,1016.2,2026-08-04T12:02:14.850049+00:00,2026-08-04 12:00:00+00:00
2026-07-11 04:00:00+00:00,16.1,0.0,1016.6,2026-08-04T12:02:14.850049+00:00,2026-08-04 12:00:00+00:00
2026-07-11 05:00:00+00:00,17.4,0.0,1016.8,2026-08-04T12:02:14.850049+00:00,2026-08-04 12:00:00+00:00
2026-07-11 06:00:00+00:00,18.8,0.0,1016.9,2026-08-04T12:02:14.850049+00:00,2026-08-04 12:00:00+00:00
2026-07-11 07:00:00+00:00,20.9,0.0,1016.7,2026-08-04T12:02:14.850049+00:00,2026-08-04 12:00:00+00:00
2026-07-11 08:00:00+00:00,22.8,0.0,1016.6,2026-08-04T12:02:14.850049+00:00,2026-08-04 12:00:00+00:00
2026-07-11 09:00:00+00:00,24.5,0.0,1016.3,2026-08-04T12:02:14.850049+00:00,2026-08-04 12:00:00+00:00
2026-07-11 10:00:00+00:00,25.1,0.0,1016.4,2026-08-04T12:02:14.850049+00:00,2026-08-04 12:00:00+00:00
2026-07-11 11:00:00+00:00,27.1,0.0,1015.9,2026-08-04T12:02:14.850049+00:00,2026-08-04 12:00:00+00:00
2026-07-11 12:00:00+00:00,28.2,0.0,1015.4,2026-08-04T12:02:14.850049+00:00,2026-08-04 12:00:00+00:00
2026-07-11 13:00:00+00:00,29.1,0.0,1015.2,2026-08-04T12:02:14.850049+00:00,2026-08-04 12:00:00+00:00
2026-07-11 14:00:00+00:00,28.9,0.0,1014.9,2026-08-04T12:02:14.850049+00:00,2026-08-04 12:00:00+00:00
2026-07-11 15:00:00+00:00,29.5,0.0,1014.7,2026-08-04T12:02:14.850049+00:00,2026-08-04 12:00:00+00:00
2026-07-11 16:00:00+00:00,28.6,0.0,1014.7,2026-08-04T12:02:14.850049+00:00,2026-08-04 12:00:00+00:00
2026-07-11 17:00:00+00:00,28.7,0.0,1014.7,2026-08-04T12:02:14.850049+00:00,2026-08-04 12:00:00+00:00
2026-07-11 18:00:00+00:00,27.9,0.0,1015.1,2026-08-04T12:02:14.850049+00:00,2026-08-04 12:00:00+00:00
2026-07-11 19:00:00+00:00,26.2,0.0,1015.6,2026-08-04T12:02:14.850049+00:00,2026-08-04 12:00:00+00:00
2026-07-11 20:00:00+00:00,23.3,0.0,1016.6,2026-08-04T12:02:14.850049+00:00,2026-08-04 12:00:00+00:00
2026-07-11 21:00:00+00:00,22.5,0.0,1017.0,2026-08-04T12:02:14.850049+00:00,2026-08-04 12:00:00+00:00
2026-07-11 22:00:00+00:00,21.4,0.0,1017.3,2026-08-04T12:02:14.850049+00:00,2026-08-04 12:00:00+00:00
2026-07-11 23:00:00+00:00,21.0,0.0,1018.0,2026-08-04T12:02:14.850049+00:00,2026-08-04 12:00:00+00:00
2026-07-12 00:00:00+00:00,20.0,0.0,1018.5,2026-08-04T12:02:14.850049+00:00,2026-08-04 12:00:00+00:00
2026-07-12 01:00:00+00:00,19.1,0.0,1018.8,2026-08-04T12:02:14.850049+00:00,2026-08-04 12:00:00+00:00
2026-07-12 02:00:00+00:00,18.2,0.0,1019.1,2026-08-04T12:02:14.850049+00:00,2026-08-04 12:00:00+00:00
2026-07-12 03:00:00+00:00,16.9,0.0,1019.6,2026-08-04T12:02:14.850049+00:00,2026-08-04 12:00:00+00:00
2026-07-12 04:00:00+00:00,15.5,0.0,1020.2,2026-08-04T12:02:14.850049+00:00,2026-08-04 12:00:00+00:00
2026-07-12 05:00:00+00:00,17.4,0.0,1020.2,2026-08-04T12:02:14.850049+00:00,2026-08-04 12:00:00+00:00
2026-07-12 06:00:00+00:00,19.5,0.0,1019.9,2026-08-04T12:02:14.850049+00:00,2026-08-04 12:00:00+00:00
2026-07-12 07:00:00+00:00,22.3,0.0,1019.7,2026-08-04T12:02:14.850049+00:00,2026-08-04 12:00:00+00:00
2026-07-12 08:00:00+00:00,23.2,0.0,1020.0,2026-08-04T12:02:14.850049+00:00,2026-08-04 12:00:00+00:00
2026-07-12 09:00:00+00:00,25.1,0.0,1019.8,2026-08-04T12:02:14.850049+00:00,2026-08-04 12:00:00+00:00
2026-07-12 10:00:00+00:00,25.3,0.0,1019.8,2026-08-04T12:02:14.850049+00:00,2026-08-04 12:00:00+00:00
2026-07-12 11:00:00+00:00,25.2,0.0,1019.8,2026-08-04T12:02:14.850049+00:00,2026-08-04 12:00:00+00:00
2026-07-12 12:00:00+00:00,26.6,0.0,1019.2,2026-08-04T12:02:14.850049+00:00,2026-08-04 12:00:00+00:00
2026-07-12 13:00:00+00:00,27.8,0.0,1018.6,2026-08-04T12:02:14.850049+00:00,2026-08-04 12:00:00+00:00
2026-07-12 14:00:00+00:00,27.4,0.0,1018.6,2026-08-04T12:02:14.850049+00:00,2026-08-04 12:00:00+00:00
2026-07-12 15:00:00+00:00,27.9,0.0,1018.3,2026-08-04T12:02:14.850049+00:00,2026-08-04 12:00:00+00:00
2026-07-12 16:00:00+00:00,26.9,0.0,1018.3,2026-08-04T12:02:14.850049+00:00,2026-08-04 12:00:00+00:00
2026-07-12 17:00:00+00:00,26.6,0.0,1018.6,2026-08-04T12:02:14.850049+00:00,2026-08-04 12:00:00+00:00
2026-07-12 18:00:00+00:00,26.1,0.0,1018.8,2026-08-04T12:02:14.850049+00:00,2026-08-04 12:00:00+00:00
2026-07-12 19:00:00+00:00,25.0,0.0,1019.2,2026-08-04T12:02:14.850049+00:00,2026-08-04 12:00:00+00:00
2026-07-12 20:00:00+00:00,23.1,0.0,1020.1,2026-08-04T12:02:14.850049+00:00,2026-08-04 12:00:00+00:00
2026-07-12 21:00:00+00:00,20.9,0.0,1020.2,2026-08-04T12:02:14.850049+00:00,2026-08-04 12:00:00+00:00
2026-07-12 22:00:00+00:00,19.6,0.0,1020.3,2026-08-04T12:02:14.850049+00:00,2026-08-04 12:00:00+00:00
2026-07-12 23:00:00+00:00,18.8,0.0,1020.2,2026-08-04T12:02:14.850049+00:00,2026-08-04 12:00:00+00:00
2026-07-13 00:00:00+00:00,17.9,0.0,1020.4,2026-08-04T12:02:14.850049+00:00,2026-08-04 12:00:00+00:00
2026-07-13 01:00:00+00:00,17.0,0.0,1020.3,2026-08-04T12:02:14.850049+00:00,2026-08-04 12:00:00+00:00
2026-07-13 02:00:00+00:00,16.4,0.0,1020.1,2026-08-04T12:02:14.850049+00:00,2026-08-04 12:00:00+00:00
2026-07-13 03:00:00+00:00,16.4,0.0,1019.9,2026-08-04T12:02:14.850049+00:00,2026-08-04 12:00:00+00:00
2026-07-13 04:00:00+00:00,15.6,0.0,1019.9,2026-08-04T12:02:14.850049+00:00,2026-08-04 12:00:00+00:00
2026-07-13 05:00:00+00:00,17.5,0.0,1019.3,2026-08-04T12:02:14.850049+00:00,2026-08-04 12:00:00+00:00
2026-07-13 06:00:00+00:00,20.6,0.0,1018.8,2026-08-04T12:02:14.850049+00:00,2026-08-04 12:00:00+00:00
2026-07-13 07:00:00+00:00,23.5,0.0,1018.2,2026-08-04T12:02:14.850049+00:00,2026-08-04 12:00:00+00:00
2026-07-13 08:00:00+00:00,25.3,0.0,1018.0,2026-08-04T12:02:14.850049+00:00,2026-08-04 12:00:00+00:00
2026-07-13 09:00:00+00:00,26.6,0.0,1017.2,2026-08-04T12:02:14.850049+00:00,2026-08-04 12:00:00+00:00
2026-07-13 10:00:00+00:00,28.0,0.0,1016.8,2026-08-04T12:02:14.850049+00:00,2026-08-04 12:00:00+00:00
2026-07-13 11:00:00+00:00,29.3,0.0,1016.0,2026-08-04T12:02:14.850049+00:00,2026-08-04 12:00:00+00:00
2026-07-13 12:00:00+00:00,29.2,0.0,1015.5,2026-08-04T12:02:14.850049+00:00,2026-08-04 12:00:00+00:00
2026-07-13 13:00:00+00:00,30.2,0.0,1014.9,2026-08-04T12:02:14.850049+00:00,2026-08-04 12:00:00+00:00
2026-07-13 14:00:00+00:00,30.4,0.0,1014.5,2026-08-04T12:02:14.850049+00:00,2026-08-04 12:00:00+00:00
2026-07-13 15:00:00+00:00,30.6,0.0,1014.2,2026-08-04T12:02:14.850049+00:00,2026-08-04 12:00:00+00:00
2026-07-13 16:00:00+00:00,29.5,0.0,1014.0,2026-08-04T12:02:14.850049+00:00,2026-08-04 12:00:00+00:00
2026-07-13 17:00:00+00:00,28.9,0.0,1013.6,2026-08-04T12:02:14.850049+00:00,2026-08-04 12:00:00+00:00
2026-07-13 18:00:00+00:00,28.3,0.0,1013.9,2026-08-04T12:02:14.850049+00:00,2026-08-04 12:00:00+00:00
2026-07-13 19:00:00+00:00,27.1,0.0,1014.2,2026-08-04T12:02:14.850049+00:00,2026-08-04 12:00:00+00:00
2026-07-13 20:00:00+00:00,25.7,0.0,1014.7,2026-08-04T12:02:14.850049+00:00,2026-08-04 12:00:00+00:00
2026-07-13 21:00:00+00:00,24.1,0.0,1014.6,2026-08-04T12:02:14.850049+00:00,2026-08-04 12:00:00+00:00
2026-07-13 22:00:00+00:00,22.8,0.0,1014.8,2026-08-04T12:02:14.850049+00:00,2026-08-04 12:00:00+00:00
2026-07-13 23:00:00+00:00,21.4,0.0,1014.9,2026-08-04T12:02:14.850049+00:00,2026-08-04 12:00:00+00:00
2026-07-14 00:00:00+00:00,19.9,0.0,1015.0,2026-08-04T12:02:14.850049+00:00,2026-08-04 12:00:00+00:00
2026-07-14 01:00:00+00:00,19.6,0.0,1015.2,2026-08-04T12:02:14.850049+00:00,2026-08-04 12:00:00+00:00
2026-07-14 02:00:00+00:00,18.8,0.0,1015.6,2026-08-04T12:02:14.850049+00:00,2026-08-04 12:00:00+00:00
2026-07-14 03:00:00+00:00,19.1,0.0,1015.4,2026-08-04T12:02:14.850049+00:00,2026-08-04 12:00:00+00:00
2026-07-14 04:00:00+00:00,18.4,0.0,1015.2,2026-08-04T12:02:14.850049+00:00,2026-08-04 12:00:00+00:00
2026-07-14 05:00:00+00:00,19.7,0.0,1015.1,2026-08-04T12:02:14.850049+00:00,2026-08-04 12:00:00+00:00
2026-07-14 06:00:00+00:00,22.7,0.0,1014.4,2026-08-04T12:02:14.850049+00:00,2026-08-04 12:00:00+00:00
2026-07-14 07:00:00+00:00,23.7,0.0,1014.0,2026-08-04T12:02:14.850049+00:00,2026-08-04 12:00:00+00:00
2026-07-14 08:00:00+00:00,23.3,0.0,1015.2,2026-08-04T12:02:14.850049+00:00,2026-08-04 12:00:00+00:00
2026-07-14 09:00:00+00:00,19.6,0.9,1018.0,2026-08-04T12:02:14.850049+00:00,2026-08-04 12:00:00+00:00
2026-07-14 10:00:00+00:00,19.3,1.0,1018.1,2026-08-04T12:02:14.850049+00:00,2026-08-04 12:00:00+00:00
2026-07-14 11:00:00+00:00,21.5,0.5,1016.8,2026-08-04T12:02:14.850049+00:00,2026-08-04 12:00:00+00:00
2026-07-14 12:00:00+00:00,22.7,0.0,1016.2,2026-08-04T12:02:14.850049+00:00,2026-08-04 12:00:00+00:00
2026-07-14 13:00:00+00:00,25.1,0.0,1015.2,2026-08-04T12:02:14.850049+00:00,2026-08-04 12:00:00+00:00
2026-07-14 14:00:00+00:00,27.3,0.0,1014.3,2026-08-04T12:02:14.850049+00:00,2026-08-04 12:00:00+00:00
2026-07-14 15:00:00+00:00,28.3,0.0,1013.7,2026-08-04T12:02:14.850049+00:00,2026-08-04 12:00:00+00:00
2026-07-14 16:00:00+00:00,28.5,0.0,1013.3,2026-08-04T12:02:14.850049+00:00,2026-08-04 12:00:00+00:00
2026-07-14 17:00:00+00:00,27.6,0.0,1013.1,2026-08-04T12:02:14.850049+00:00,2026-08-04 12:00:00+00:00
2026-07-14 18:00:00+00:00,27.3,0.0,1013.5,2026-08-04T12:02:14.850049+00:00,2026-08-04 12:00:00+00:00
2026-07-14 19:00:00+00:00,25.7,0.0,1013.9,2026-08-04T12:02:14.850049+00:00,2026-08-04 12:00:00+00:00
2026-07-14 20:00:00+00:00,24.3,0.0,1015.1,2026-08-04T12:02:14.850049+00:00,2026-08-04 12:00:00+00:00
2026-07-14 21:00:00+00:00,21.5,0.0,1016.5,2026-08-04T12:02:14.850049+00:00,2026-08-04 12:00:00+00:00
2026-07-14 22:00:00+00:00,17.3,18.4,1018.6,2026-08-04T12:02:14.850049+00:00,2026-08-04 12:00:00+00:00
2026-07-14 23:00:00+00:00,18.0,0.1,1018.3,2026-08-04T12:02:14.850049+00:00,2026-08-04 12:00:00+00:00
2026-07-15 00:00:00+00:00,18.4,0.0,1017.8,2026-08-04T12:02:14.850049+00:00,2026-08-04 12:00:00+00:00
2026-07-15 01:00:00+00:00,18.4,0.0,1017.5,2026-08-04T12:02:14.850049+00:00,2026-08-04 12:00:00+00:00
2026-07-15 02:00:00+00:00,17.2,0.0,1017.2,2026-08-04T12:02:14.850049+00:00,2026-08-04 12:00:00+00:00
2026-07-15 03:00:00+00:00,17.2,0.0,1016.9,2026-08-04T12:02:14.850049+00:00,2026-08-04 12:00:00+00:00
2026-07-15 04:00:00+00:00,17.4,0.0,1016.9,2026-08-04T12:02:14.850049+00:00,2026-08-04 12:00:00+00:00
2026-07-15 05:00:00+00:00,17.8,0.0,1017.6,2026-08-04T12:02:14.850049+00:00,2026-08-04 12:00:00+00:00
2026-07-15 06:00:00+00:00,18.1,0.0,1018.3,2026-08-04T12:02:14.850049+00:00,2026-08-04 12:00:00+00:00
2026-07-15 07:00:00+00:00,19.9,0.0,1018.2,2026-08-04T12:02:14.850049+00:00,2026-08-04 12:00:00+00:00
2026-07-15 08:00:00+00:00,20.5,0.0,1018.5,2026-08-04T12:02:14.850049+00:00,2026-08-04 12:00:00+00:00
2026-07-15 09:00:00+00:00,20.4,0.0,1019.0,2026-08-04T12:02:14.850049+00:00,2026-08-04 12:00:00+00:00
2026-07-15 10:00:00+00:00,21.1,0.2,1018.1,2026-08-04T12:02:14.850049+00:00,2026-08-04 12:00:00+00:00
2026-07-15 11:00:00+00:00,22.4,0.0,1017.7,2026-08-04T12:02:14.850049+00:00,2026-08-04 12:00:00+00:00
2026-07-15 12:00:00+00:00,23.3,0.0,1017.5,2026-08-04T12:02:14.850049+00:00,2026-08-04 12:00:00+00:00
2026-07-15 13:00:00+00:00,23.0,0.0,1017.6,2026-08-04T12:02:14.850049+00:00,2026-08-04 12:00:00+00:00
2026-07-15 14:00:00+00:00,24.6,0.0,1016.2,2026-08-04T12:02:14.850049+00:00,2026-08-04 12:00:00+00:00
2026-07-15 15:00:00+00:00,24.0,0.0,1016.7,2026-08-04T12:02:14.850049+00:00,2026-08-04 12:00:00+00:00
2026-07-15 16:00:00+00:00,23.2,0.0,1016.8,2026-08-04T12:02:14.850049+00:00,2026-08-04 12:00:00+00:00
2026-07-15 17:00:00+00:00,22.6,0.0,1016.8,2026-08-04T12:02:14.850049+00:00,2026-08-04 12:00:00+00:00
2026-07-15 18:00:00+00:00,22.1,0.0,1017.6,2026-08-04T12:02:14.850049+00:00,2026-08-04 12:00:00+00:00
2026-07-15 19:00:00+00:00,21.6,0.0,1017.0,2026-08-04T12:02:14.850049+00:00,2026-08-04 12:00:00+00:00
2026-07-15 20:00:00+00:00,21.0,0.0,1018.1,2026-08-04T12:02:14.850049+00:00,2026-08-04 12:00:00+00:00
2026-07-15 21:00:00+00:00,20.8,0.0,1018.3,2026-08-04T12:02:14.850049+00:00,2026-08-04 12:00:00+00:00
2026-07-15 22:00:00+00:00,20.0,0.0,1018.3,2026-08-04T12:02:14.850049+00:00,2026-08-04 12:00:00+00:00
2026-07-15 23:00:00+00:00,19.1,0.0,1018.1,2026-08-04T12:02:14.850049+00:00,2026-08-04 12:00:00+00:00
2026-07-16 00:00:00+00:00,18.4,0.0,1018.6,2026-08-04T12:02:14.850049+00:00,2026-08-04 12:00:00+00:00
2026-07-16 01:00:00+00:00,17.8,0.0,1018.8,2026-08-04T12:02:14.850049+00:00,2026-08-04 12:00:00+00:00
2026-07-16 02:00:00+00:00,17.7,0.0,1018.9,2026-08-04T12:02:14.850049+00:00,2026-08-04 12:00:00+00:00
2026-07-16 03:00:00+00:00,18.2,0.0,1018.9,2026-08-04T12:02:14.850049+00:00,2026-08-04 12:00:00+00:00
2026-07-16 04:00:00+00:00,18.1,0.0,1019.1,2026-08-04T12:02:14.850049+00:00,2026-08-04 12:00:00+00:00
2026-07-16 05:00:00+00:00,18.4,0.0,1018.9,2026-08-04T12:02:14.850049+00:00,2026-08-04 12:00:00+00:00
2026-07-16 06:00:00+00:00,20.3,0.0,1018.4,2026-08-04T12:02:14.850049+00:00,2026-08-04 12:00:00+00:00
2026-07-16 07:00:00+00:00,22.4,0.0,1018.4,2026-08-04T12:02:14.850049+00:00,2026-08-04 12:00:00+00:00
2026-07-16 08:00:00+00:00,23.4,0.0,1018.2,2026-08-04T12:02:14.850049+00:00,2026-08-04 12:00:00+00:00
2026-07-16 09:00:00+00:00,24.7,0.0,1018.2,2026-08-04T12:02:14.850049+00:00,2026-08-04 12:00:00+00:00
2026-07-16 10:00:00+00:00,25.9,0.0,1017.7,2026-08-04T12:02:14.850049+00:00,2026-08-04 12:00:00+00:00
2026-07-16 11:00:00+00:00,27.7,0.0,1016.9,2026-08-04T12:02:14.850049+00:00,2026-08-04 12:00:00+00:00
2026-07-16 12:00:00+00:00,28.4,0.0,1016.5,2026-08-04T12:02:14.850049+00:00,2026-08-04 12:00:00+00:00
2026-07-16 13:00:00+00:00,28.6,0.0,1015.9,2026-08-04T12:02:14.850049+00:00,2026-08-04 12:00:00+00:00
2026-07-16 14:00:00+00:00,29.9,0.0,1015.1,2026-08-04T12:02:14.850049+00:00,2026-08-04 12:00:00+00:00
2026-07-16 15:00:00+00:00,30.3,0.0,1014.3,2026-08-04T12:02:14.850049+00:00,2026-08-04 12:00:00+00:00
2026-07-16 16:00:00+00:00,30.2,0.0,1013.8,2026-08-04T12:02:14.850049+00:00,2026-08-04 12:00:00+00:00
2026-07-16 17:00:00+00:00,29.5,0.0,1013.3,2026-08-04T12:02:14.850049+00:00,2026-08-04 12:00:00+00:00
2026-07-16 18:00:00+00:00,28.5,0.0,1013.1,2026-08-04T12:02:14.850049+00:00,2026-08-04 12:00:00+00:00
2026-07-16 19:00:00+00:00,27.3,0.0,1013.2,2026-08-04T12:02:14.850049+00:00,2026-08-04 12:00:00+00:00
2026-07-16 20:00:00+00:00,26.0,0.0,1014.4,2026-08-04T12:02:14.850049+00:00,2026-08-04 12:00:00+00:00
2026-07-16 21:00:00+00:00,18.8,4.5,1017.8,2026-08-04T12:02:14.850049+00:00,2026-08-04 12:00:00+00:00
2026-07-16 22:00:00+00:00,18.6,0.4,1016.0,2026-08-04T12:02:14.850049+00:00,2026-08-04 12:00:00+00:00
2026-07-16 23:00:00+00:00,18.1,0.0,1017.8,2026-08-04T12:02:14.850049+00:00,2026-08-04 12:00:00+00:00
2026-07-17 00:00:00+00:00,17.3,0.0,1017.0,2026-08-04T12:02:14.850049+00:00,2026-08-04 12:00:00+00:00
2026-07-17 01:00:00+00:00,17.5,0.0,1016.2,2026-08-04T12:02:14.850049+00:00,2026-08-04 12:00:00+00:00
2026-07-17 02:00:00+00:00,18.1,0.0,1016.1,2026-08-04T12:02:14.850049+00:00,2026-08-04 12:00:00+00:00
2026-07-17 03:00:00+00:00,17.7,0.0,1015.4,2026-08-04T12:02:14.850049+00:00,2026-08-04 12:00:00+00:00
2026-07-17 04:00:00+00:00,17.6,0.0,1015.1,2026-08-04T12:02:14.850049+00:00,2026-08-04 12:00:00+00:00
2026-07-17 05:00:00+00:00,18.6,0.0,1014.9,2026-08-04T12:02:14.850049+00:00,2026-08-04 12:00:00+00:00
2026-07-17 06:00:00+00:00,19.7,0.0,1014.2,2026-08-04T12:02:14.850049+00:00,2026-08-04 12:00:00+00:00
2026-07-17 07:00:00+00:00,20.5,0.0,1014.3,2026-08-04T12:02:14.850049+00:00,2026-08-04 12:00:00+00:00
2026-07-17 08:00:00+00:00,21.3,0.0,1014.6,2026-08-04T12:02:14.850049+00:00,2026-08-04 12:00:00+00:00
2026-07-17 09:00:00+00:00,23.3,0.0,1013.6,2026-08-04T12:02:14.850049+00:00,2026-08-04 12:00:00+00:00
2026-07-17 10:00:00+00:00,25.4,0.0,1013.3,2026-08-04T12:02:14.850049+00:00,2026-08-04 12:00:00+00:00
2026-07-17 11:00:00+00:00,27.4,0.0,1012.7,2026-08-04T12:02:14.850049+00:00,2026-08-04 12:00:00+00:00
2026-07-17 12:00:00+00:00,28.1,0.0,1012.2,2026-08-04T12:02:14.850049+00:00,2026-08-04 12:00:00+00:00
2026-07-17 13:00:00+00:00,28.2,0.0,1011.3,2026-08-04T12:02:14.850049+00:00,2026-08-04 12:00:00+00:00
2026-07-17 14:00:00+00:00,29.2,0.0,1010.7,2026-08-04T12:02:14.850049+00:00,2026-08-04 12:00:00+00:00
2026-07-17 15:00:00+00:00,28.4,0.0,1010.5,2026-08-04T12:02:14.850049+00:00,2026-08-04 12:00:00+00:00
2026-07-17 16:00:00+00:00,27.8,0.0,1010.5,2026-08-04T12:02:14.850049+00:00,2026-08-04 12:00:00+00:00
2026-07-17 17:00:00+00:00,25.6,0.0,1010.9,2026-08-04T12:02:14.850049+00:00,2026-08-04 12:00:00+00:00
2026-07-17 18:00:00+00:00,23.8,0.0,1012.6,2026-08-04T12:02:14.850049+00:00,2026-08-04 12:00:00+00:00
2026-07-17 19:00:00+00:00,20.3,0.5,1012.9,2026-08-04T12:02:14.850049+00:00,2026-08-04 12:00:00+00:00
2026-07-17 20:00:00+00:00,19.6,0.0,1013.7,2026-08-04T12:02:14.850049+00:00,2026-08-04 12:00:00+00:00
2026-07-17 21:00:00+00:00,19.3,0.0,1014.4,2026-08-04T12:02:14.850049+00:00,2026-08-04 12:00:00+00:00
2026-07-17 22:00:00+00:00,19.0,0.0,1015.1,2026-08-04T12:02:14.850049+00:00,2026-08-04 12:00:00+00:00
2026-07-17 23:00:00+00:00,18.9,0.0,1015.3,2026-08-04T12:02:14.850049+00:00,2026-08-04 12:00:00+00:00
2026-07-18 00:00:00+00:00,19.3,0.0,1015.0,2026-08-04T12:02:14.850049+00:00,2026-08-04 12:00:00+00:00
2026-07-18 01:00:00+00:00,18.6,0.0,1014.8,2026-08-04T12:02:14.850049+00:00,2026-08-04 12:00:00+00:00
2026-07-18 02:00:00+00:00,18.8,0.0,1014.8,2026-08-04T12:02:14.850049+00:00,2026-08-04 12:00:00+00:00
2026-07-18 03:00:00+00:00,17.9,0.0,1014.8,2026-08-04T12:02:14.850049+00:00,2026-08-04 12:00:00+00:00
2026-07-18 04:00:00+00:00,17.6,0.0,1015.1,2026-08-04T12:02:14.850049+00:00,2026-08-04 12:00:00+00:00
2026-07-18 05:00:00+00:00,17.4,0.0,1015.4,2026-08-04T12:02:14.850049+00:00,2026-08-04 12:00:00+00:00
2026-07-18 06:00:00+00:00,18.9,0.0,1015.1,2026-08-04T12:02:14.850049+00:00,2026-08-04 12:00:00+00:00
2026-07-18 07:00:00+00:00,20.7,0.0,1015.0,2026-08-04T12:02:14.850049+00:00,2026-08-04 12:00:00+00:00
2026-07-18 08:00:00+00:00,22.3,0.0,1014.6,2026-08-04T12:02:14.850049+00:00,2026-08-04 12:00:00+00:00
2026-07-18 09:00:00+00:00,23.9,0.0,1014.3,2026-08-04T12:02:14.850049+00:00,2026-08-04 12:00:00+00:00
2026-07-18 10:00:00+00:00,24.0,0.0,1014.1,2026-08-04T12:02:14.850049+00:00,2026-08-04 12:00:00+00:00
2026-07-18 11:00:00+00:00,25.0,0.0,1013.5,2026-08-04T12:02:14.850049+00:00,2026-08-04 12:00:00+00:00
2026-07-18 12:00:00+00:00,24.7,0.0,1013.2,2026-08-04T12:02:14.850049+00:00,2026-08-04 12:00:00+00:00
2026-07-18 13:00:00+00:00,20.7,1.8,1014.1,2026-08-04T12:02:14.850049+00:00,2026-08-04 12:00:00+00:00
2026-07-18 14:00:00+00:00,20.4,6.9,1013.8,2026-08-04T12:02:14.850049+00:00,2026-08-04 12:00:00+00:00
2026-07-18 15:00:00+00:00,23.0,0.0,1013.2,2026-08-04T12:02:14.850049+00:00,2026-08-04 12:00:00+00:00
2026-07-18 16:00:00+00:00,24.3,0.0,1012.7,2026-08-04T12:02:14.850049+00:00,2026-08-04 12:00:00+00:00
2026-07-18 17:00:00+00:00,22.7,0.0,1013.0,2026-08-04T12:02:14.850049+00:00,2026-08-04 12:00:00+00:00
2026-07-18 18:00:00+00:00,22.5,0.0,1013.2,2026-08-04T12:02:14.850049+00:00,2026-08-04 12:00:00+00:00
2026-07-18 19:00:00+00:00,21.1,0.0,1013.5,2026-08-04T12:02:14.850049+00:00,2026-08-04 12:00:00+00:00
2026-07-18 20:00:00+00:00,20.6,0.0,1014.1,2026-08-04T12:02:14.850049+00:00,2026-08-04 12:00:00+00:00
2026-07-18 21:00:00+00:00,20.9,0.0,1014.3,2026-08-04T12:02:14.850049+00:00,2026-08-04 12:00:00+00:00
2026-07-18 22:00:00+00:00,20.1,0.0,1014.2,2026-08-04T12:02:14.850049+00:00,2026-08-04 12:00:00+00:00
2026-07-18 23:00:00+00:00,19.4,0.0,1014.2,2026-08-04T12:02:14.850049+00:00,2026-08-04 12:00:00+00:00
2026-07-19 00:00:00+00:00,18.4,0.0,1013.9,2026-08-04T12:02:14.850049+00:00,2026-08-04 12:00:00+00:00
2026-07-19 01:00:00+00:00,18.2,0.0,1013.9,2026-08-04T12:02:14.850049+00:00,2026-08-04 12:00:00+00:00
2026-07-19 02:00:00+00:00,17.8,0.0,1013.8,2026-08-04T12:02:14.850049+00:00,2026-08-04 12:00:00+00:00
2026-07-19 03:00:00+00:00,17.7,0.0,1013.9,2026-08-04T12:02:14.850049+00:00,2026-08-04 12:00:00+00:00
2026-07-19 04:00:00+00:00,17.7,0.0,1013.8,2026-08-04T12:02:14.850049+00:00,2026-08-04 12:00:00+00:00
2026-07-19 05:00:00+00:00,18.4,0.0,1013.9,2026-08-04T12:02:14.850049+00:00,2026-08-04 12:00:00+00:00
2026-07-19 06:00:00+00:00,17.9,0.0,1014.3,2026-08-04T12:02:14.850049+00:00,2026-08-04 12:00:00+00:00
2026-07-19 07:00:00+00:00,17.9,0.1,1014.6,2026-08-04T12:02:14.850049+00:00,2026-08-04 12:00:00+00:00
2026-07-19 08:00:00+00:00,17.9,0.4,1015.3,2026-08-04T12:02:14.850049+00:00,2026-08-04 12:00:00+00:00
2026-07-19 09:00:00+00:00,16.5,0.6,1017.2,2026-08-04T12:02:14.850049+00:00,2026-08-04 12:00:00+00:00
2026-07-19 10:00:00+00:00,17.9,0.0,1017.6,2026-08-04T12:02:14.850049+00:00,2026-08-04 12:00:00+00:00
2026-07-19 11:00:00+00:00,18.1,0.0,1017.9,2026-08-04T12:02:14.850049+00:00,2026-08-04 12:00:00+00:00
2026-07-19 12:00:00+00:00,20.1,0.0,1017.0,2026-08-04T12:02:14.850049+00:00,2026-08-04 12:00:00+00:00
2026-07-19 13:00:00+00:00,20.2,0.0,1017.0,2026-08-04T12:02:14.850049+00:00,2026-08-04 12:00:00+00:00
2026-07-19 14:00:00+00:00,20.7,0.0,1016.7,2026-08-04T12:02:14.850049+00:00,2026-08-04 12:00:00+00:00
2026-07-19 15:00:00+00:00,21.2,0.0,1016.7,2026-08-04T12:02:14.850049+00:00,2026-08-04 12:00:00+00:00
2026-07-19 16:00:00+00:00,22.1,0.0,1016.4,2026-08-04T12:02:14.850049+00:00,2026-08-04 12:00:00+00:00
2026-07-19 17:00:00+00:00,21.7,0.0,1016.7,2026-08-04T12:02:14.850049+00:00,2026-08-04 12:00:00+00:00
2026-07-19 18:00:00+00:00,21.1,0.0,1017.0,2026-08-04T12:02:14.850049+00:00,2026-08-04 12:00:00+00:00
2026-07-19 19:00:00+00:00,19.6,0.0,1017.6,2026-08-04T12:02:14.850049+00:00,2026-08-04 12:00:00+00:00
2026-07-19 20:00:00+00:00,17.7,0.0,1018.8,2026-08-04T12:02:14.850049+00:00,2026-08-04 12:00:00+00:00
2026-07-19 21:00:00+00:00,17.0,0.0,1019.2,2026-08-04T12:02:14.850049+00:00,2026-08-04 12:00:00+00:00
2026-07-19 22:00:00+00:00,15.7,0.0,1020.0,2026-08-04T12:02:14.850049+00:00,2026-08-04 12:00:00+00:00
2026-07-19 23:00:00+00:00,15.5,0.0,1020.1,2026-08-04T12:02:14.850049+00:00,2026-08-04 12:00:00+00:00
2026-07-20 00:00:00+00:00,14.2,0.0,1020.3,2026-08-04T12:02:14.850049+00:00,2026-08-04 12:00:00+00:00
2026-07-20 01:00:00+00:00,12.9,0.0,1020.4,2026-08-04T12:02:14.850049+00:00,2026-08-04 12:00:00+00:00
2026-07-20 02:00:00+00:00,13.9,0.0,1019.7,2026-08-04T12:02:14.850049+00:00,2026-08-04 12:00:00+00:00
2026-07-20 03:00:00+00:00,13.3,0.0,1019.9,2026-08-04T12:02:14.850049+00:00,2026-08-04 12:00:00+00:00
2026-07-20 04:00:00+00:00,14.0,0.0,1020.2,2026-08-04T12:02:14.850049+00:00,2026-08-04 12:00:00+00:00
2026-07-20 05:00:00+00:00,14.4,0.0,1020.2,2026-08-04T12:02:14.850049+00:00,2026-08-04 12:00:00+00:00
2026-07-20 06:00:00+00:00,16.4,0.0,1020.3,2026-08-04T12:02:14.850049+00:00,2026-08-04 12:00:00+00:00
2026-07-20 07:00:00+00:00,17.2,0.0,1020.4,2026-08-04T12:02:14.850049+00:00,2026-08-04 12:00:00+00:00
2026-07-20 08:00:00+00:00,17.9,0.0,1020.5,2026-08-04T12:02:14.850049+00:00,2026-08-04 12:00:00+00:00
2026-07-20 09:00:00+00:00,20.0,0.0,1020.0,2026-08-04T12:02:14.850049+00:00,2026-08-04 12:00:00+00:00
2026-07-20 10:00:00+00:00,20.8,0.0,1019.7,2026-08-04T12:02:14.850049+00:00,2026-08-04 12:00:00+00:00
2026-07-20 11:00:00+00:00,21.4,0.0,1019.2,2026-08-04T12:02:14.850049+00:00,2026-08-04 12:00:00+00:00
2026-07-20 12:00:00+00:00,21.5,0.0,1018.8,2026-08-04T12:02:14.850049+00:00,2026-08-04 12:00:00+00:00
2026-07-20 13:00:00+00:00,23.0,0.0,1018.1,2026-08-04T12:02:14.850049+00:00,2026-08-04 12:00:00+00:00
2026-07-20 14:00:00+00:00,22.7,0.0,1018.3,2026-08-04T12:02:14.850049+00:00,2026-08-04 12:00:00+00:00
2026-07-20 15:00:00+00:00,23.1,0.0,1017.9,2026-08-04T12:02:14.850049+00:00,2026-08-04 12:00:00+00:00
2026-07-20 16:00:00+00:00,22.6,0.0,1018.1,2026-08-04T12:02:14.850049+00:00,2026-08-04 12:00:00+00:00
2026-07-20 17:00:00+00:00,21.9,0.0,1018.4,2026-08-04T12:02:14.850049+00:00,2026-08-04 12:00:00+00:00
2026-07-20 18:00:00+00:00,21.2,0.0,1018.7,2026-08-04T12:02:14.850049+00:00,2026-08-04 12:00:00+00:00
2026-07-20 19:00:00+00:00,19.9,0.0,1019.3,2026-08-04T12:02:14.850049+00:00,2026-08-04 12:00:00+00:00
2026-07-20 20:00:00+00:00,18.2,0.0,1020.4,2026-08-04T12:02:14.850049+00:00,2026-08-04 12:00:00+00:00
2026-07-20 21:00:00+00:00,17.7,0.0,1021.1,2026-08-04T12:02:14.850049+00:00,2026-08-04 12:00:00+00:00
2026-07-20 22:00:00+00:00,16.5,0.0,1021.5,2026-08-04T12:02:14.850049+00:00,2026-08-04 12:00:00+00:00
2026-07-20 23:00:00+00:00,15.0,0.0,1021.8,2026-08-04T12:02:14.850049+00:00,2026-08-04 12:00:00+00:00
2026-07-21 00:00:00+00:00,13.4,0.0,1022.0,2026-08-04T12:02:14.850049+00:00,2026-08-04 12:00:00+00:00
2026-07-21 01:00:00+00:00,12.4,0.0,1022.0,2026-08-04T12:02:14.850049+00:00,2026-08-04 12:00:00+00:00
2026-07-21 02:00:00+00:00,11.8,0.0,1021.7,2026-08-04T12:02:14.850049+00:00,2026-08-04 12:00:00+00:00
2026-07-21 03:00:00+00:00,11.9,0.0,1021.7,2026-08-04T12:02:14.850049+00:00,2026-08-04 12:00:00+00:00
2026-07-21 04:00:00+00:00,11.3,0.0,1022.0,2026-08-04T12:02:14.850049+00:00,2026-08-04 12:00:00+00:00
2026-07-21 05:00:00+00:00,12.3,0.0,1022.0,2026-08-04T12:02:14.850049+00:00,2026-08-04 12:00:00+00:00
2026-07-21 06:00:00+00:00,14.2,0.0,1021.9,2026-08-04T12:02:14.850049+00:00,2026-08-04 12:00:00+00:00
2026-07-21 07:00:00+00:00,15.8,0.0,1021.8,2026-08-04T12:02:14.850049+00:00,2026-08-04 12:00:00+00:00
2026-07-21 08:00:00+00:00,17.6,0.0,1021.2,2026-08-04T12:02:14.850049+00:00,2026-08-04 12:00:00+00:00
2026-07-21 09:00:00+00:00,17.9,0.0,1021.0,2026-08-04T12:02:14.850049+00:00,2026-08-04 12:00:00+00:00
2026-07-21 10:00:00+00:00,18.4,0.0,1021.0,2026-08-04T12:02:14.850049+00:00,2026-08-04 12:00:00+00:00
2026-07-21 11:00:00+00:00,21.0,0.0,1020.0,2026-08-04T12:02:14.850049+00:00,2026-08-04 12:00:00+00:00
2026-07-21 12:00:00+00:00,21.6,0.0,1019.6,2026-08-04T12:02:14.850049+00:00,2026-08-04 12:00:00+00:00
2026-07-21 13:00:00+00:00,20.7,0.0,1019.8,2026-08-04T12:02:14.850049+00:00,2026-08-04 12:00:00+00:00
2026-07-21 14:00:00+00:00,22.3,0.0,1019.5,2026-08-04T12:02:14.850049+00:00,2026-08-04 12:00:00+00:00
2026-07-21 15:00:00+00:00,21.6,0.0,1019.6,2026-08-04T12:02:14.850049+00:00,2026-08-04 12:00:00+00:00
2026-07-21 16:00:00+00:00,22.1,0.0,1019.7,2026-08-04T12:02:14.850049+00:00,2026-08-04 12:00:00+00:00
2026-07-21 17:00:00+00:00,21.5,0.0,1020.1,2026-08-04T12:02:14.850049+00:00,2026-08-04 12:00:00+00:00
2026-07-21 18:00:00+00:00,20.2,0.0,1020.7,2026-08-04T12:02:14.850049+00:00,2026-08-04 12:00:00+00:00
2026-07-21 19:00:00+00:00,19.2,0.0,1021.4,2026-08-04T12:02:14.850049+00:00,2026-08-04 12:00:00+00:00
2026-07-21 20:00:00+00:00,18.5,0.0,1022.1,2026-08-04T12:02:14.850049+00:00,2026-08-04 12:00:00+00:00
2026-07-21 21:00:00+00:00,17.9,0.0,1022.5,2026-08-04T12:02:14.850049+00:00,2026-08-04 12:00:00+00:00
2026-07-21 22:00:00+00:00,16.3,0.0,1022.9,2026-08-04T12:02:14.850049+00:00,2026-08-04 12:00:00+00:00
2026-07-21 23:00:00+00:00,14.5,0.0,1023.2,2026-08-04T12:02:14.850049+00:00,2026-08-04 12:00:00+00:00
2026-07-22 00:00:00+00:00,13.6,0.0,1023.3,2026-08-04T12:02:14.850049+00:00,2026-08-04 12:00:00+00:00
2026-07-22 01:00:00+00:00,12.9,0.0,1023.1,2026-08-04T12:02:14.850049+00:00,2026-08-04 12:00:00+00:00
2026-07-22 02:00:00+00:00,12.0,0.0,1023.2,2026-08-04T12:02:14.850049+00:00,2026-08-04 12:00:00+00:00
2026-07-22 03:00:00+00:00,11.8,0.0,1023.0,2026-08-04T12:02:14.850049+00:00,2026-08-04 12:00:00+00:00
2026-07-22 04:00:00+00:00,11.5,0.0,1023.1,2026-08-04T12:02:14.850049+00:00,2026-08-04 12:00:00+00:00
2026-07-22 05:00:00+00:00,13.4,0.0,1022.6,2026-08-04T12:02:14.850049+00:00,2026-08-04 12:00:00+00:00
2026-07-22 06:00:00+00:00,15.7,0.0,1022.1,2026-08-04T12:02:14.850049+00:00,2026-08-04 12:00:00+00:00
2026-07-22 07:00:00+00:00,18.4,0.0,1021.4,2026-08-04T12:02:14.850049+00:00,2026-08-04 12:00:00+00:00
2026-07-22 08:00:00+00:00,19.8,0.0,1021.0,2026-08-04T12:02:14.850049+00:00,2026-08-04 12:00:00+00:00
2026-07-22 09:00:00+00:00,20.8,0.0,1020.6,2026-08-04T12:02:14.850049+00:00,2026-08-04 12:00:00+00:00
2026-07-22 10:00:00+00:00,21.6,0.0,1020.1,2026-08-04T12:02:14.850049+00:00,2026-08-04 12:00:00+00:00
2026-07-22 11:00:00+00:00,22.3,0.0,1019.6,2026-08-04T12:02:14.850049+00:00,2026-08-04 12:00:00+00:00
2026-07-22 12:00:00+00:00,22.8,0.0,1019.1,2026-08-04T12:02:14.850049+00:00,2026-08-04 12:00:00+00:00
2026-07-22 13:00:00+00:00,24.0,0.0,1018.3,2026-08-04T12:02:14.850049+00:00,2026-08-04 12:00:00+00:00
2026-07-22 14:00:00+00:00,23.3,0.0,1018.1,2026-08-04T12:02:14.850049+00:00,2026-08-04 12:00:00+00:00
2026-07-22 15:00:00+00:00,24.6,0.0,1017.2,2026-08-04T12:02:14.850049+00:00,2026-08-04 12:00:00+00:00
2026-07-22 16:00:00+00:00,24.4,0.0,1016.7,2026-08-04T12:02:14.850049+00:00,2026-08-04 12:00:00+00:00
2026-07-22 17:00:00+00:00,23.8,0.0,1016.4,2026-08-04T12:02:14.850049+00:00,2026-08-04 12:00:00+00:00
2026-07-22 18:00:00+00:00,23.1,0.0,1016.4,2026-08-04T12:02:14.850049+00:00,2026-08-04 12:00:00+00:00
2026-07-22 19:00:00+00:00,21.6,0.0,1016.8,2026-08-04T12:02:14.850049+00:00,2026-08-04 12:00:00+00:00
2026-07-22 20:00:00+00:00,20.6,0.0,1017.4,2026-08-04T12:02:14.850049+00:00,2026-08-04 12:00:00+00:00
2026-07-22 21:00:00+00:00,20.1,0.0,1017.8,2026-08-04T12:02:14.850049+00:00,2026-08-04 12:00:00+00:00
2026-07-22 22:00:00+00:00,18.9,0.0,1018.2,2026-08-04T12:02:14.850049+00:00,2026-08-04 12:00:00+00:00
2026-07-22 23:00:00+00:00,17.4,0.0,1018.7,2026-08-04T12:02:14.850049+00:00,2026-08-04 12:00:00+00:00
2026-07-23 00:00:00+00:00,17.0,0.0,1018.5,2026-08-04T12:02:14.850049+00:00,2026-08-04 12:00:00+00:00
2026-07-23 01:00:00+00:00,16.5,0.0,1018.6,2026-08-04T12:02:14.850049+00:00,2026-08-04 12:00:00+00:00
2026-07-23 02:00:00+00:00,16.0,0.0,1018.5,2026-08-04T12:02:14.850049+00:00,2026-08-04 12:00:00+00:00
2026-07-23 03:00:00+00:00,15.9,0.0,1018.6,2026-08-04T12:02:14.850049+00:00,2026-08-04 12:00:00+00:00
2026-07-23 04:00:00+00:00,15.5,0.0,1018.7,2026-08-04T12:02:14.850049+00:00,2026-08-04 12:00:00+00:00
2026-07-23 05:00:00+00:00,15.4,0.0,1018.8,2026-08-04T12:02:14.850049+00:00,2026-08-04 12:00:00+00:00
2026-07-23 06:00:00+00:00,16.1,0.0,1019.0,2026-08-04T12:02:14.850049+00:00,2026-08-04 12:00:00+00:00
2026-07-23 07:00:00+00:00,15.5,0.0,1019.3,2026-08-04T12:02:14.850049+00:00,2026-08-04 12:00:00+00:00
2026-07-23 08:00:00+00:00,17.0,0.0,1018.8,2026-08-04T12:02:14.850049+00:00,2026-08-04 12:00:00+00:00
2026-07-23 09:00:00+00:00,18.4,0.0,1018.4,2026-08-04T12:02:14.850049+00:00,2026-08-04 12:00:00+00:00
2026-07-23 10:00:00+00:00,20.3,0.0,1017.8,2026-08-04T12:02:14.850049+00:00,2026-08-04 12:00:00+00:00
2026-07-23 11:00:00+00:00,20.4,0.0,1017.6,2026-08-04T12:02:14.850049+00:00,2026-08-04 12:00:00+00:00
2026-07-23 12:00:00+00:00,20.6,0.0,1017.1,2026-08-04T12:02:14.850049+00:00,2026-08-04 12:00:00+00:00
2026-07-23 13:00:00+00:00,21.5,0.0,1016.7,2026-08-04T12:02:14.850049+00:00,2026-08-04 12:00:00+00:00
2026-07-23 14:00:00+00:00,21.4,0.0,1016.4,2026-08-04T12:02:14.850049+00:00,2026-08-04 12:00:00+00:00
2026-07-23 15:00:00+00:00,22.4,0.0,1016.0,2026-08-04T12:02:14.850049+00:00,2026-08-04 12:00:00+00:00
2026-07-23 16:00:00+00:00,22.0,0.0,1016.0,2026-08-04T12:02:14.850049+00:00,2026-08-04 12:00:00+00:00
2026-07-23 17:00:00+00:00,21.1,0.0,1016.1,2026-08-04T12:02:14.850049+00:00,2026-08-04 12:00:00+00:00
2026-07-23 18:00:00+00:00,19.8,0.0,1016.9,2026-08-04T12:02:14.850049+00:00,2026-08-04 12:00:00+00:00
2026-07-23 19:00:00+00:00,19.2,0.0,1017.3,2026-08-04T12:02:14.850049+00:00,2026-08-04 12:00:00+00:00
2026-07-23 20:00:00+00:00,17.4,0.0,1018.5,2026-08-04T12:02:14.850049+00:00,2026-08-04 12:00:00+00:00
2026-07-23 21:00:00+00:00,16.3,0.0,1019.4,2026-08-04T12:02:14.850049+00:00,2026-08-04 12:00:00+00:00
2026-07-23 22:00:00+00:00,14.8,0.0,1020.1,2026-08-04T12:02:14.850049+00:00,2026-08-04 12:00:00+00:00
2026-07-23 23:00:00+00:00,14.5,0.0,1020.3,2026-08-04T12:02:14.850049+00:00,2026-08-04 12:00:00+00:00
2026-07-24 00:00:00+00:00,13.1,0.0,1020.5,2026-08-04T12:02:14.850049+00:00,2026-08-04 12:00:00+00:00
2026-07-24 01:00:00+00:00,12.5,0.0,1020.6,2026-08-04T12:02:14.850049+00:00,2026-08-04 12:00:00+00:00
2026-07-24 02:00:00+00:00,11.4,0.0,1020.7,2026-08-04T12:02:14.850049+00:00,2026-08-04 12:00:00+00:00
2026-07-24 03:00:00+00:00,11.1,0.0,1020.4,2026-08-04T12:02:14.850049+00:00,2026-08-04 12:00:00+00:00
2026-07-24 04:00:00+00:00,11.3,0.0,1020.6,2026-08-04T12:02:14.850049+00:00,2026-08-04 12:00:00+00:00
2026-07-24 05:00:00+00:00,12.8,0.0,1020.3,2026-08-04T12:02:14.850049+00:00,2026-08-04 12:00:00+00:00
2026-07-24 06:00:00+00:00,14.8,0.0,1020.1,2026-08-04T12:02:14.850049+00:00,2026-08-04 12:00:00+00:00
2026-07-24 07:00:00+00:00,17.5,0.0,1019.6,2026-08-04T12:02:14.850049+00:00,2026-08-04 12:00:00+00:00
2026-07-24 08:00:00+00:00,18.9,0.0,1019.1,2026-08-04T12:02:14.850049+00:00,2026-08-04 12:00:00+00:00
2026-07-24 09:00:00+00:00,19.7,0.0,1018.5,2026-08-04T12:02:14.850049+00:00,2026-08-04 12:00:00+00:00
2026-07-24 10:00:00+00:00,20.9,0.0,1018.0,2026-08-04T12:02:14.850049+00:00,2026-08-04 12:00:00+00:00
2026-07-24 11:00:00+00:00,22.1,0.0,1017.1,2026-08-04T12:02:14.850049+00:00,2026-08-04 12:00:00+00:00
2026-07-24 12:00:00+00:00,22.8,0.0,1016.6,2026-08-04T12:02:14.850049+00:00,2026-08-04 12:00:00+00:00
2026-07-24 13:00:00+00:00,24.1,0.0,1015.7,2026-08-04T12:02:14.850049+00:00,2026-08-04 12:00:00+00:00
2026-07-24 14:00:00+00:00,24.1,0.0,1015.1,2026-08-04T12:02:14.850049+00:00,2026-08-04 12:00:00+00:00
2026-07-24 15:00:00+00:00,25.1,0.0,1014.3,2026-08-04T12:02:14.850049+00:00,2026-08-04 12:00:00+00:00
2026-07-24 16:00:00+00:00,24.9,0.0,1013.7,2026-08-04T12:02:14.850049+00:00,2026-08-04 12:00:00+00:00
2026-07-24 17:00:00+00:00,24.2,0.0,1013.3,2026-08-04T12:02:14.850049+00:00,2026-08-04 12:00:00+00:00
2026-07-24 18:00:00+00:00,23.5,0.0,1013.3,2026-08-04T12:02:14.850049+00:00,2026-08-04 12:00:00+00:00
2026-07-24 19:00:00+00:00,21.5,0.0,1013.7,2026-08-04T12:02:14.850049+00:00,2026-08-04 12:00:00+00:00
2026-07-24 20:00:00+00:00,19.3,0.0,1014.4,2026-08-04T12:02:14.850049+00:00,2026-08-04 12:00:00+00:00
2026-07-24 21:00:00+00:00,19.7,0.0,1013.9,2026-08-04T12:02:14.850049+00:00,2026-08-04 12:00:00+00:00
2026-07-24 22:00:00+00:00,19.3,0.0,1013.6,2026-08-04T12:02:14.850049+00:00,2026-08-04 12:00:00+00:00
2026-07-24 23:00:00+00:00,18.9,0.0,1013.3,2026-08-04T12:02:14.850049+00:00,2026-08-04 12:00:00+00:00
2026-07-25 00:00:00+00:00,17.8,0.0,1012.8,2026-08-04T12:02:14.850049+00:00,2026-08-04 12:00:00+00:00
2026-07-25 01:00:00+00:00,16.9,0.0,1012.7,2026-08-04T12:02:14.850049+00:00,2026-08-04 12:00:00+00:00
2026-07-25 02:00:00+00:00,15.6,0.0,1012.8,2026-08-04T12:02:14.850049+00:00,2026-08-04 12:00:00+00:00
2026-07-25 03:00:00+00:00,13.3,0.0,1012.8,2026-08-04T12:02:14.850049+00:00,2026-08-04 12:00:00+00:00
2026-07-25 04:00:00+00:00,12.6,0.0,1013.1,2026-08-04T12:02:14.850049+00:00,2026-08-04 12:00:00+00:00
2026-07-25 05:00:00+00:00,15.0,0.0,1012.5,2026-08-04T12:02:14.850049+00:00,2026-08-04 12:00:00+00:00
2026-07-25 06:00:00+00:00,17.0,0.0,1011.8,2026-08-04T12:02:14.850049+00:00,2026-08-04 12:00:00+00:00
2026-07-25 07:00:00+00:00,20.5,0.0,1010.8,2026-08-04T12:02:14.850049+00:00,2026-08-04 12:00:00+00:00
2026-07-25 08:00:00+00:00,23.4,0.0,1010.0,2026-08-04T12:02:14.850049+00:00,2026-08-04 12:00:00+00:00
2026-07-25 09:00:00+00:00,25.5,0.0,1009.1,2026-08-04T12:02:14.850049+00:00,2026-08-04 12:00:00+00:00
2026-07-25 10:00:00+00:00,27.2,0.0,1008.1,2026-08-04T12:02:14.850049+00:00,2026-08-04 12:00:00+00:00
2026-07-25 11:00:00+00:00,28.9,0.0,1006.9,2026-08-04T12:02:14.850049+00:00,2026-08-04 12:00:00+00:00
2026-07-25 12:00:00+00:00,29.8,0.0,1006.0,2026-08-04T12:02:14.850049+00:00,2026-08-04 12:00:00+00:00
2026-07-25 13:00:00+00:00,31.4,0.0,1004.9,2026-08-04T12:02:14.850049+00:00,2026-08-04 12:00:00+00:00
2026-07-25 14:00:00+00:00,31.6,0.0,1004.3,2026-08-04T12:02:14.850049+00:00,2026-08-04 12:00:00+00:00
2026-07-25 15:00:00+00:00,31.9,0.0,1004.0,2026-08-04T12:02:14.850049+00:00,2026-08-04 12:00:00+00:00
2026-07-25 16:00:00+00:00,30.9,0.0,1003.8,2026-08-04T12:02:14.850049+00:00,2026-08-04 12:00:00+00:00
2026-07-25 17:00:00+00:00,30.2,0.0,1003.6,2026-08-04T12:02:14.850049+00:00,2026-08-04 12:00:00+00:00
2026-07-25 18:00:00+00:00,29.1,0.0,1003.6,2026-08-04T12:02:14.850049+00:00,2026-08-04 12:00:00+00:00
2026-07-25 19:00:00+00:00,27.9,0.0,1004.2,2026-08-04T12:02:14.850049+00:00,2026-08-04 12:00:00+00:00
2026-07-25 20:00:00+00:00,26.7,0.0,1004.8,2026-08-04T12:02:14.850049+00:00,2026-08-04 12:00:00+00:00
2026-07-25 21:00:00+00:00,25.5,0.0,1005.7,2026-08-04T12:02:14.850049+00:00,2026-08-04 12:00:00+00:00
2026-07-25 22:00:00+00:00,24.4,0.0,1005.9,2026-08-04T12:02:14.850049+00:00,2026-08-04 12:00:00+00:00
2026-07-25 23:00:00+00:00,22.9,0.0,1006.2,2026-08-04T12:02:14.850049+00:00,2026-08-04 12:00:00+00:00
2026-07-26 00:00:00+00:00,22.6,0.0,1006.1,2026-08-04T12:02:14.850049+00:00,2026-08-04 12:00:00+00:00
2026-07-26 01:00:00+00:00,22.5,0.0,1006.3,2026-08-04T12:02:14.850049+00:00,2026-08-04 12:00:00+00:00
2026-07-26 02:00:00+00:00,22.1,0.0,1006.3,2026-08-04T12:02:14.850049+00:00,2026-08-04 12:00:00+00:00
2026-07-26 03:00:00+00:00,21.4,0.0,1006.4,2026-08-04T12:02:14.850049+00:00,2026-08-04 12:00:00+00:00
2026-07-26 04:00:00+00:00,19.9,0.1,1006.6,2026-08-04T12:02:14.850049+00:00,2026-08-04 12:00:00+00:00
2026-07-26 05:00:00+00:00,20.0,0.1,1007.0,2026-08-04T12:02:14.850049+00:00,2026-08-04 12:00:00+00:00
2026-07-26 06:00:00+00:00,20.1,0.0,1007.3,2026-08-04T12:02:14.850049+00:00,2026-08-04 12:00:00+00:00
2026-07-26 07:00:00+00:00,21.0,0.0,1007.5,2026-08-04T12:02:14.850049+00:00,2026-08-04 12:00:00+00:00
2026-07-26 08:00:00+00:00,21.1,0.0,1008.1,2026-08-04T12:02:14.850049+00:00,2026-08-04 12:00:00+00:00
2026-07-26 09:00:00+00:00,21.4,0.0,1008.4,2026-08-04T12:02:14.850049+00:00,2026-08-04 12:00:00+00:00
2026-07-26 10:00:00+00:00,22.2,0.0,1008.2,2026-08-04T12:02:14.850049+00:00,2026-08-04 12:00:00+00:00
2026-07-26 11:00:00+00:00,21.8,0.0,1008.4,2026-08-04T12:02:14.850049+00:00,2026-08-04 12:00:00+00:00
2026-07-26 12:00:00+00:00,21.4,0.0,1008.1,2026-08-04T12:02:14.850049+00:00,2026-08-04 12:00:00+00:00
2026-07-26 13:00:00+00:00,25.3,0.0,1006.7,2026-08-04T12:02:14.850049+00:00,2026-08-04 12:00:00+00:00
2026-07-26 14:00:00+00:00,26.7,0.0,1006.2,2026-08-04T12:02:14.850049+00:00,2026-08-04 12:00:00+00:00
2026-07-26 15:00:00+00:00,25.8,0.0,1006.3,2026-08-04T12:02:14.850049+00:00,2026-08-04 12:00:00+00:00
2026-07-26 16:00:00+00:00,25.4,0.0,1006.6,2026-08-04T12:02:14.850049+00:00,2026-08-04 12:00:00+00:00
2026-07-26 17:00:00+00:00,25.3,0.0,1006.4,2026-08-04T12:02:14.850049+00:00,2026-08-04 12:00:00+00:00
2026-07-26 18:00:00+00:00,24.8,0.0,1006.9,2026-08-04T12:02:14.850049+00:00,2026-08-04 12:00:00+00:00
2026-07-26 19:00:00+00:00,23.8,0.0,1007.1,2026-08-04T12:02:14.850049+00:00,2026-08-04 12:00:00+00:00
2026-07-26 20:00:00+00:00,23.0,0.0,1007.9,2026-08-04T12:02:14.850049+00:00,2026-08-04 12:00:00+00:00
2026-07-26 21:00:00+00:00,22.6,0.0,1008.5,2026-08-04T12:02:14.850049+00:00,2026-08-04 12:00:00+00:00
2026-07-26 22:00:00+00:00,22.7,0.0,1009.2,2026-08-04T12:02:14.850049+00:00,2026-08-04 12:00:00+00:00
2026-07-26 23:00:00+00:00,22.2,0.0,1009.4,2026-08-04T12:02:14.850049+00:00,2026-08-04 12:00:00+00:00
2026-07-27 00:00:00+00:00,21.5,0.0,1009.7,2026-08-04T12:02:14.850049+00:00,2026-08-04 12:00:00+00:00
2026-07-27 01:00:00+00:00,21.1,0.0,1009.9,2026-08-04T12:02:14.850049+00:00,2026-08-04 12:00:00+00:00
2026-07-27 02:00:00+00:00,21.2,0.0,1010.1,2026-08-04T12:02:14.850049+00:00,2026-08-04 12:00:00+00:00
2026-07-27 03:00:00+00:00,21.0,0.0,1010.6,2026-08-04T12:02:14.850049+00:00,2026-08-04 12:00:00+00:00
2026-07-27 04:00:00+00:00,21.1,0.0,1011.0,2026-08-04T12:02:14.850049+00:00,2026-08-04 12:00:00+00:00
2026-07-27 05:00:00+00:00,21.1,0.0,1011.1,2026-08-04T12:02:14.850049+00:00,2026-08-04 12:00:00+00:00
2026-07-27 06:00:00+00:00,21.7,0.0,1011.5,2026-08-04T12:02:14.850049+00:00,2026-08-04 12:00:00+00:00
2026-07-27 07:00:00+00:00,16.2,0.4,1014.7,2026-08-04T12:02:14.850049+00:00,2026-08-04 12:00:00+00:00
2026-07-27 08:00:00+00:00,15.0,0.2,1015.9,2026-08-04T12:02:14.850049+00:00,2026-08-04 12:00:00+00:00
2026-07-27 09:00:00+00:00,16.0,1.1,1016.2,2026-08-04T12:02:14.850049+00:00,2026-08-04 12:00:00+00:00
2026-07-27 10:00:00+00:00,16.5,0.2,1016.9,2026-08-04T12:02:14.850049+00:00,2026-08-04 12:00:00+00:00
2026-07-27 11:00:00+00:00,18.1,0.1,1016.9,2026-08-04T12:02:14.850049+00:00,2026-08-04 12:00:00+00:00
2026-07-27 12:00:00+00:00,21.2,0.0,1016.2,2026-08-04T12:02:14.850049+00:00,2026-08-04 12:00:00+00:00
2026-07-27 13:00:00+00:00,22.8,0.0,1015.8,2026-08-04T12:02:14.850049+00:00,2026-08-04 12:00:00+00:00
2026-07-27 14:00:00+00:00,23.7,0.0,1015.6,2026-08-04T12:02:14.850049+00:00,2026-08-04 12:00:00+00:00
2026-07-27 15:00:00+00:00,23.8,0.0,1015.8,2026-08-04T12:02:14.850049+00:00,2026-08-04 12:00:00+00:00
2026-07-27 16:00:00+00:00,23.5,0.0,1016.2,2026-08-04T12:02:14.850049+00:00,2026-08-04 12:00:00+00:00
2026-07-27 17:00:00+00:00,23.2,0.0,1016.5,2026-08-04T12:02:14.850049+00:00,2026-08-04 12:00:00+00:00
2026-07-27 18:00:00+00:00,22.5,0.0,1017.1,2026-08-04T12:02:14.850049+00:00,2026-08-04 12:00:00+00:00
2026-07-27 19:00:00+00:00,21.9,0.0,1017.9,2026-08-04T12:02:14.850049+00:00,2026-08-04 12:00:00+00:00
2026-07-27 20:00:00+00:00,20.1,0.0,1019.1,2026-08-04T12:02:14.850049+00:00,2026-08-04 12:00:00+00:00
2026-07-27 21:00:00+00:00,19.1,0.0,1019.8,2026-08-04T12:02:14.850049+00:00,2026-08-04 12:00:00+00:00
2026-07-27 22:00:00+00:00,18.8,0.0,1020.3,2026-08-04T12:02:14.850049+00:00,2026-08-04 12:00:00+00:00
2026-07-27 23:00:00+00:00,18.0,0.0,1020.8,2026-08-04T12:02:14.850049+00:00,2026-08-04 12:00:00+00:00
2026-07-28 00:00:00+00:00,16.8,0.0,1021.2,2026-08-04T12:02:14.850049+00:00,2026-08-04 12:00:00+00:00
2026-07-28 01:00:00+00:00,17.3,0.0,1021.6,2026-08-04T12:02:14.850049+00:00,2026-08-04 12:00:00+00:00
2026-07-28 02:00:00+00:00,16.5,0.0,1022.1,2026-08-04T12:02:14.850049+00:00,2026-08-04 12:00:00+00:00
2026-07-28 03:00:00+00:00,15.3,0.0,1022.3,2026-08-04T12:02:14.850049+00:00,2026-08-04 12:00:00+00:00
2026-07-28 04:00:00+00:00,14.4,0.0,1022.5,2026-08-04T12:02:14.850049+00:00,2026-08-04 12:00:00+00:00
2026-07-28 05:00:00+00:00,15.3,0.0,1022.6,2026-08-04T12:02:14.850049+00:00,2026-08-04 12:00:00+00:00
2026-07-28 06:00:00+00:00,18.2,0.0,1022.2,2026-08-04T12:02:14.850049+00:00,2026-08-04 12:00:00+00:00
2026-07-28 07:00:00+00:00,20.6,0.0,1022.0,2026-08-04T12:02:14.850049+00:00,2026-08-04 12:00:00+00:00
2026-07-28 08:00:00+00:00,22.2,0.0,1021.6,2026-08-04T12:02:14.850049+00:00,2026-08-04 12:00:00+00:00
2026-07-28 09:00:00+00:00,23.6,0.0,1021.2,2026-08-04T12:02:14.850049+00:00,2026-08-04 12:00:00+00:00
2026-07-28 10:00:00+00:00,24.4,0.0,1021.1,2026-08-04T12:02:14.850049+00:00,2026-08-04 12:00:00+00:00
2026-07-28 11:00:00+00:00,24.9,0.0,1020.9,2026-08-04T12:02:14.850049+00:00,2026-08-04 12:00:00+00:00
2026-07-28 12:00:00+00:00,26.9,0.0,1020.1,2026-08-04T12:02:14.850049+00:00,2026-08-04 12:00:00+00:00
2026-07-28 13:00:00+00:00,27.1,0.0,1019.4,2026-08-04T12:02:14.850049+00:00,2026-08-04 12:00:00+00:00
2026-07-28 14:00:00+00:00,28.3,0.0,1018.7,2026-08-04T12:02:14.850049+00:00,2026-08-04 12:00:00+00:00
2026-07-28 15:00:00+00:00,28.8,0.0,1018.2,2026-08-04T12:02:14.850049+00:00,2026-08-04 12:00:00+00:00
2026-07-28 16:00:00+00:00,28.7,0.0,1018.0,2026-08-04T12:02:14.850049+00:00,2026-08-04 12:00:00+00:00
2026-07-28 17:00:00+00:00,28.5,0.0,1017.7,2026-08-04T12:02:14.850049+00:00,2026-08-04 12:00:00+00:00
2026-07-28 18:00:00+00:00,26.9,0.0,1018.3,2026-08-04T12:02:14.850049+00:00,2026-08-04 12:00:00+00:00
2026-07-28 19:00:00+00:00,25.1,0.0,1018.8,2026-08-04T12:02:14.850049+00:00,2026-08-04 12:00:00+00:00
2026-07-28 20:00:00+00:00,22.4,0.0,1019.8,2026-08-04T12:02:14.850049+00:00,2026-08-04 12:00:00+00:00
2026-07-28 21:00:00+00:00,21.2,0.0,1020.3,2026-08-04T12:02:14.850049+00:00,2026-08-04 12:00:00+00:00
2026-07-28 22:00:00+00:00,19.8,0.0,1020.7,2026-08-04T12:02:14.850049+00:00,2026-08-04 12:00:00+00:00
2026-07-28 23:00:00+00:00,18.6,0.0,1021.3,2026-08-04T12:02:14.850049+00:00,2026-08-04 12:00:00+00:00
2026-07-29 00:00:00+00:00,18.0,0.0,1021.0,2026-08-04T12:02:14.850049+00:00,2026-08-04 12:00:00+00:00
2026-07-29 01:00:00+00:00,17.5,0.0,1020.7,2026-08-04T12:02:14.850049+00:00,2026-08-04 12:00:00+00:00
2026-07-29 02:00:00+00:00,17.7,0.0,1020.3,2026-08-04T12:02:14.850049+00:00,2026-08-04 12:00:00+00:00
2026-07-29 03:00:00+00:00,16.3,0.0,1020.3,2026-08-04T12:02:14.850049+00:00,2026-08-04 12:00:00+00:00
2026-07-29 04:00:00+00:00,15.8,0.0,1020.2,2026-08-04T12:02:14.850049+00:00,2026-08-04 12:00:00+00:00
2026-07-29 05:00:00+00:00,16.5,0.0,1020.1,2026-08-04T12:02:14.850049+00:00,2026-08-04 12:00:00+00:00
2026-07-29 06:00:00+00:00,19.8,0.0,1019.5,2026-08-04T12:02:14.850049+00:00,2026-08-04 12:00:00+00:00
2026-07-29 07:00:00+00:00,24.4,0.0,1018.7,2026-08-04T12:02:14.850049+00:00,2026-08-04 12:00:00+00:00
2026-07-29 08:00:00+00:00,25.9,0.0,1018.3,2026-08-04T12:02:14.850049+00:00,2026-08-04 12:00:00+00:00
2026-07-29 09:00:00+00:00,28.5,0.0,1017.9,2026-08-04T12:02:14.850049+00:00,2026-08-04 12:00:00+00:00
2026-07-29 10:00:00+00:00,30.0,0.0,1017.5,2026-08-04T12:02:14.850049+00:00,2026-08-04 12:00:00+00:00
2026-07-29 11:00:00+00:00,30.6,0.0,1017.1,2026-08-04T12:02:14.850049+00:00,2026-08-04 12:00:00+00:00
2026-07-29 12:00:00+00:00,32.1,0.0,1016.3,2026-08-04T12:02:14.850049+00:00,2026-08-04 12:00:00+00:00
2026-07-29 13:00:00+00:00,32.7,0.0,1015.6,2026-08-04T12:02:14.850049+00:00,2026-08-04 12:00:00+00:00
2026-07-29 14:00:00+00:00,34.2,0.0,1014.9,2026-08-04T12:02:14.850049+00:00,2026-08-04 12:00:00+00:00
2026-07-29 15:00:00+00:00,33.5,0.0,1014.7,2026-08-04T12:02:14.850049+00:00,2026-08-04 12:00:00+00:00
2026-07-29 16:00:00+00:00,33.6,0.0,1014.2,2026-08-04T12:02:14.850049+00:00,2026-08-04 12:00:00+00:00
2026-07-29 17:00:00+00:00,33.1,0.0,1014.0,2026-08-04T12:02:14.850049+00:00,2026-08-04 12:00:00+00:00
2026-07-29 18:00:00+00:00,32.0,0.0,1014.2,2026-08-04T12:02:14.850049+00:00,2026-08-04 12:00:00+00:00
2026-07-29 19:00:00+00:00,30.4,0.0,1014.7,2026-08-04T12:02:14.850049+00:00,2026-08-04 12:00:00+00:00
2026-07-29 20:00:00+00:00,29.1,0.0,1015.7,2026-08-04T12:02:14.850049+00:00,2026-08-04 12:00:00+00:00
2026-07-29 21:00:00+00:00,28.6,0.0,1016.1,2026-08-04T12:02:14.850049+00:00,2026-08-04 12:00:00+00:00
2026-07-29 22:00:00+00:00,27.7,0.0,1016.2,2026-08-04T12:02:14.850049+00:00,2026-08-04 12:00:00+00:00
2026-07-29 23:00:00+00:00,26.1,0.0,1016.7,2026-08-04T12:02:14.850049+00:00,2026-08-04 12:00:00+00:00
2026-07-30 00:00:00+00:00,25.7,0.0,1016.7,2026-08-04T12:02:14.850049+00:00,2026-08-04 12:00:00+00:00
2026-07-30 01:00:00+00:00,24.7,0.0,1016.8,2026-08-04T12:02:14.850049+00:00,2026-08-04 12:00:00+00:00
2026-07-30 02:00:00+00:00,24.6,0.0,1016.9,2026-08-04T12:02:14.850049+00:00,2026-08-04 12:00:00+00:00
2026-07-30 03:00:00+00:00,24.0,0.0,1017.1,2026-08-04T12:02:14.850049+00:00,2026-08-04 12:00:00+00:00
2026-07-30 04:00:00+00:00,23.6,0.0,1017.2,2026-08-04T12:02:14.850049+00:00,2026-08-04 12:00:00+00:00
2026-07-30 05:00:00+00:00,23.9,0.0,1017.6,2026-08-04T12:02:14.850049+00:00,2026-08-04 12:00:00+00:00
2026-07-30 06:00:00+00:00,25.3,0.0,1017.4,2026-08-04T12:02:14.850049+00:00,2026-08-04 12:00:00+00:00
2026-07-30 07:00:00+00:00,28.7,0.0,1017.0,2026-08-04T12:02:14.850049+00:00,2026-08-04 12:00:00+00:00
2026-07-30 08:00:00+00:00,31.1,0.0,1016.5,2026-08-04T12:02:14.850049+00:00,2026-08-04 12:00:00+00:00
2026-07-30 09:00:00+00:00,32.3,0.0,1016.1,2026-08-04T12:02:14.850049+00:00,2026-08-04 12:00:00+00:00
2026-07-30 10:00:00+00:00,34.0,0.0,1015.5,2026-08-04T12:02:14.850049+00:00,2026-08-04 12:00:00+00:00
2026-07-30 11:00:00+00:00,35.2,0.0,1014.9,2026-08-04T12:02:14.850049+00:00,2026-08-04 12:00:00+00:00
2026-07-30 12:00:00+00:00,34.8,0.0,1014.4,2026-08-04T12:02:14.850049+00:00,2026-08-04 12:00:00+00:00
2026-07-30 13:00:00+00:00,35.9,0.0,1013.7,2026-08-04T12:02:14.850049+00:00,2026-08-04 12:00:00+00:00
2026-07-30 14:00:00+00:00,35.8,0.0,1013.4,2026-08-04T12:02:14.850049+00:00,2026-08-04 12:00:00+00:00
2026-07-30 15:00:00+00:00,36.7,0.0,1012.7,2026-08-04T12:02:14.850049+00:00,2026-08-04 12:00:00+00:00
2026-07-30 16:00:00+00:00,36.0,0.0,1012.4,2026-08-04T12:02:14.850049+00:00,2026-08-04 12:00:00+00:00
2026-07-30 17:00:00+00:00,35.3,0.0,1012.5,2026-08-04T12:02:14.850049+00:00,2026-08-04 12:00:00+00:00
2026-07-30 18:00:00+00:00,33.8,0.0,1012.8,2026-08-04T12:02:14.850049+00:00,2026-08-04 12:00:00+00:00
2026-07-30 19:00:00+00:00,29.3,0.0,1014.1,2026-08-04T12:02:14.850049+00:00,2026-08-04 12:00:00+00:00
2026-07-30 20:00:00+00:00,27.6,0.0,1015.9,2026-08-04T12:02:14.850049+00:00,2026-08-04 12:00:00+00:00
2026-07-30 21:00:00+00:00,26.1,0.0,1016.9,2026-08-04T12:02:14.850049+00:00,2026-08-04 12:00:00+00:00
2026-07-30 22:00:00+00:00,24.9,0.0,1017.7,2026-08-04T12:02:14.850049+00:00,2026-08-04 12:00:00+00:00
2026-07-30 23:00:00+00:00,23.9,0.0,1017.9,2026-08-04T12:02:14.850049+00:00,2026-08-04 12:00:00+00:00
2026-07-31 00:00:00+00:00,22.2,0.0,1018.0,2026-08-04T12:02:14.850049+00:00,2026-08-04 12:00:00+00:00
2026-07-31 01:00:00+00:00,20.9,0.0,1018.0,2026-08-04T12:02:14.850049+00:00,2026-08-04 12:00:00+00:00
2026-07-31 02:00:00+00:00,20.4,0.0,1017.5,2026-08-04T12:02:14.850049+00:00,2026-08-04 12:00:00+00:00
2026-07-31 03:00:00+00:00,21.0,0.0,1017.1,2026-08-04T12:02:14.850049+00:00,2026-08-04 12:00:00+00:00
2026-07-31 04:00:00+00:00,19.3,0.0,1017.1,2026-08-04T12:02:14.850049+00:00,2026-08-04 12:00:00+00:00
2026-07-31 05:00:00+00:00,19.9,0.0,1016.7,2026-08-04T12:02:14.850049+00:00,2026-08-04 12:00:00+00:00
2026-07-31 06:00:00+00:00,23.3,0.0,1016.1,2026-08-04T12:02:14.850049+00:00,2026-08-04 12:00:00+00:00
2026-07-31 07:00:00+00:00,26.3,0.0,1015.5,2026-08-04T12:02:14.850049+00:00,2026-08-04 12:00:00+00:00
2026-07-31 08:00:00+00:00,28.2,0.0,1015.2,2026-08-04T12:02:14.850049+00:00,2026-08-04 12:00:00+00:00
2026-07-31 09:00:00+00:00,31.0,0.0,1014.0,2026-08-04T12:02:14.850049+00:00,2026-08-04 12:00:00+00:00
2026-07-31 10:00:00+00:00,32.7,0.0,1013.2,2026-08-04T12:02:14.850049+00:00,2026-08-04 12:00:00+00:00
2026-07-31 11:00:00+00:00,33.8,0.0,1012.3,2026-08-04T12:02:14.850049+00:00,2026-08-04 12:00:00+00:00
2026-07-31 12:00:00+00:00,35.4,0.0,1011.3,2026-08-04T12:02:14.850049+00:00,2026-08-04 12:00:00+00:00
2026-07-31 13:00:00+00:00,35.9,0.0,1010.6,2026-08-04T12:02:14.850049+00:00,2026-08-04 12:00:00+00:00
2026-07-31 14:00:00+00:00,35.4,0.0,1010.4,2026-08-04T12:02:14.850049+00:00,2026-08-04 12:00:00+00:00
2026-07-31 15:00:00+00:00,35.4,0.0,1010.1,2026-08-04T12:02:14.850049+00:00,2026-08-04 12:00:00+00:00
2026-07-31 16:00:00+00:00,34.0,0.0,1010.3,2026-08-04T12:02:14.850049+00:00,2026-08-04 12:00:00+00:00
2026-07-31 17:00:00+00:00,28.3,0.0,1012.9,2026-08-04T12:02:14.850049+00:00,2026-08-04 12:00:00+00:00
2026-07-31 18:00:00+00:00,28.0,0.0,1014.1,2026-08-04T12:02:14.850049+00:00,2026-08-04 12:00:00+00:00
2026-07-31 19:00:00+00:00,21.2,1.3,1016.2,2026-08-04T12:02:14.850049+00:00,2026-08-04 12:00:00+00:00
2026-07-31 20:00:00+00:00,21.6,0.1,1015.5,2026-08-04T12:02:14.850049+00:00,2026-08-04 12:00:00+00:00
2026-07-31 21:00:00+00:00,22.1,0.0,1015.4,2026-08-04T12:02:14.850049+00:00,2026-08-04 12:00:00+00:00
2026-07-31 22:00:00+00:00,21.3,0.0,1015.6,2026-08-04T12:02:14.850049+00:00,2026-08-04 12:00:00+00:00
2026-07-31 23:00:00+00:00,21.3,0.0,1014.7,2026-08-04T12:02:14.850049+00:00,2026-08-04 12:00:00+00:00
2026-08-01 00:00:00+00:00,19.4,0.0,1014.9,2026-08-04T12:02:14.850049+00:00,2026-08-04 12:00:00+00:00
2026-08-01 01:00:00+00:00,19.1,0.0,1015.2,2026-08-04T12:02:14.850049+00:00,2026-08-04 12:00:00+00:00
2026-08-01 02:00:00+00:00,19.0,0.0,1015.5,2026-08-04T12:02:14.850049+00:00,2026-08-04 12:00:00+00:00
2026-08-01 03:00:00+00:00,19.5,0.0,1016.0,2026-08-04T12:02:14.850049+00:00,2026-08-04 12:00:00+00:00
2026-08-01 04:00:00+00:00,19.9,0.0,1015.9,2026-08-04T12:02:14.850049+00:00,2026-08-04 12:00:00+00:00
2026-08-01 05:00:00+00:00,20.1,0.0,1015.6,2026-08-04T12:02:14.850049+00:00,2026-08-04 12:00:00+00:00
2026-08-01 06:00:00+00:00,20.7,0.0,1015.5,2026-08-04T12:02:14.850049+00:00,2026-08-04 12:00:00+00:00
2026-08-01 07:00:00+00:00,21.9,0.0,1015.4,2026-08-04T12:02:14.850049+00:00,2026-08-04 12:00:00+00:00
2026-08-01 08:00:00+00:00,23.7,0.0,1015.2,2026-08-04T12:02:14.850049+00:00,2026-08-04 12:00:00+00:00
2026-08-01 09:00:00+00:00,24.7,0.0,1015.0,2026-08-04T12:02:14.850049+00:00,2026-08-04 12:00:00+00:00
2026-08-01 10:00:00+00:00,25.9,0.0,1014.5,2026-08-04T12:02:14.850049+00:00,2026-08-04 12:00:00+00:00
2026-08-01 11:00:00+00:00,27.3,0.0,1014.4,2026-08-04T12:02:14.850049+00:00,2026-08-04 12:00:00+00:00
2026-08-01 12:00:00+00:00,28.7,0.0,1013.8,2026-08-04T12:02:14.850049+00:00,2026-08-04 12:00:00+00:00
2026-08-01 13:00:00+00:00,28.7,0.0,1013.4,2026-08-04T12:02:14.850049+00:00,2026-08-04 12:00:00+00:00
2026-08-01 14:00:00+00:00,27.8,0.0,1013.2,2026-08-04T12:02:14.850049+00:00,2026-08-04 12:00:00+00:00
2026-08-01 15:00:00+00:00,26.9,0.0,1013.6,2026-08-04T12:02:14.850049+00:00,2026-08-04 12:00:00+00:00
2026-08-01 16:00:00+00:00,21.1,20.7,1015.4,2026-08-04T12:02:14.850049+00:00,2026-08-04 12:00:00+00:00
2026-08-01 17:00:00+00:00,22.0,0.2,1015.2,2026-08-04T12:02:14.850049+00:00,2026-08-04 12:00:00+00:00
2026-08-01 18:00:00+00:00,22.8,0.2,1015.3,2026-08-04T12:02:14.850049+00:00,2026-08-04 12:00:00+00:00
2026-08-01 19:00:00+00:00,22.4,0.0,1016.2,2026-08-04T12:02:14.850049+00:00,2026-08-04 12:00:00+00:00
2026-08-01 20:00:00+00:00,20.7,0.0,1017.2,2026-08-04T12:02:14.850049+00:00,2026-08-04 12:00:00+00:00
2026-08-01 21:00:00+00:00,20.1,0.0,1017.4,2026-08-04T12:02:14.850049+00:00,2026-08-04 12:00:00+00:00
2026-08-01 22:00:00+00:00,19.5,0.0,1017.5,2026-08-04T12:02:14.850049+00:00,2026-08-04 12:00:00+00:00
2026-08-01 23:00:00+00:00,19.2,0.0,1017.5,2026-08-04T12:02:14.850049+00:00,2026-08-04 12:00:00+00:00
2026-08-02 00:00:00+00:00,19.2,0.0,1017.2,2026-08-04T12:02:14.850049+00:00,2026-08-04 12:00:00+00:00
2026-08-02 01:00:00+00:00,19.6,0.0,1016.9,2026-08-04T12:02:14.850049+00:00,2026-08-04 12:00:00+00:00
2026-08-02 02:00:00+00:00,19.2,0.0,1017.0,2026-08-04T12:02:14.850049+00:00,2026-08-04 12:00:00+00:00
2026-08-02 03:00:00+00:00,18.5,0.0,1017.2,2026-08-04T12:02:14.850049+00:00,2026-08-04 12:00:00+00:00
2026-08-02 04:00:00+00:00,17.9,0.0,1017.2,2026-08-04T12:02:14.850049+00:00,2026-08-04 12:00:00+00:00
2026-08-02 05:00:00+00:00,17.9,0.0,1017.3,2026-08-04T12:02:14.850049+00:00,2026-08-04 12:00:00+00:00
2026-08-02 06:00:00+00:00,18.3,0.0,1017.1,2026-08-04T12:02:14.850049+00:00,2026-08-04 12:00:00+00:00
2026-08-02 07:00:00+00:00,20.0,0.0,1016.5,2026-08-04T12:02:14.850049+00:00,2026-08-04 12:00:00+00:00
2026-08-02 08:00:00+00:00,21.6,0.0,1016.1,2026-08-04T12:02:14.850049+00:00,2026-08-04 12:00:00+00:00
2026-08-02 09:00:00+00:00,23.1,0.0,1015.8,2026-08-04T12:02:14.850049+00:00,2026-08-04 12:00:00+00:00
2026-08-02 10:00:00+00:00,25.2,0.0,1015.1,2026-08-04T12:02:14.850049+00:00,2026-08-04 12:00:00+00:00
2026-08-02 11:00:00+00:00,26.1,0.0,1014.7,2026-08-04T12:02:14.850049+00:00,2026-08-04 12:00:00+00:00
2026-08-02 12:00:00+00:00,27.3,0.0,1014.0,2026-08-04T12:02:14.850049+00:00,2026-08-04 12:00:00+00:00
2026-08-02 13:00:00+00:00,28.9,0.0,1013.2,2026-08-04T12:02:14.850049+00:00,2026-08-04 12:00:00+00:00
2026-08-02 14:00:00+00:00,28.9,0.0,1012.6,2026-08-04T12:02:14.850049+00:00,2026-08-04 12:00:00+00:00
2026-08-02 15:00:00+00:00,29.4,0.0,1012.2,2026-08-04T12:02:14.850049+00:00,2026-08-04 12:00:00+00:00
2026-08-02 16:00:00+00:00,29.2,0.0,1012.1,2026-08-04T12:02:14.850049+00:00,2026-08-04 12:00:00+00:00
2026-08-02 17:00:00+00:00,28.7,0.0,1012.3,2026-08-04T12:02:14.850049+00:00,2026-08-04 12:00:00+00:00
2026-08-02 18:00:00+00:00,28.4,0.0,1011.9,2026-08-04T12:02:14.850049+00:00,2026-08-04 12:00:00+00:00
2026-08-02 19:00:00+00:00,26.4,0.0,1012.4,2026-08-04T12:02:14.850049+00:00,2026-08-04 12:00:00+00:00
2026-08-02 20:00:00+00:00,24.4,0.0,1013.5,2026-08-04T12:02:14.850049+00:00,2026-08-04 12:00:00+00:00
2026-08-02 21:00:00+00:00,23.0,0.0,1013.9,2026-08-04T12:02:14.850049+00:00,2026-08-04 12:00:00+00:00
2026-08-02 22:00:00+00:00,22.3,0.0,1013.7,2026-08-04T12:02:14.850049+00:00,2026-08-04 12:00:00+00:00
2026-08-02 23:00:00+00:00,21.4,0.0,1013.6,2026-08-04T12:02:14.850049+00:00,2026-08-04 12:00:00+00:00
2026-08-03 00:00:00+00:00,20.2,0.0,1013.4,2026-08-04T12:02:14.850049+00:00,2026-08-04 12:00:00+00:00
2026-08-03 01:00:00+00:00,19.3,0.0,1013.5,2026-08-04T12:02:14.850049+00:00,2026-08-04 12:00:00+00:00
2026-08-03 02:00:00+00:00,18.4,0.0,1013.7,2026-08-04T12:02:14.850049+00:00,2026-08-04 12:00:00+00:00
2026-08-03 03:00:00+00:00,19.1,0.0,1013.5,2026-08-04T12:02:14.850049+00:00,2026-08-04 12:00:00+00:00
2026-08-03 04:00:00+00:00,18.4,0.0,1013.9,2026-08-04T12:02:14.850049+00:00,2026-08-04 12:00:00+00:00
2026-08-03 05:00:00+00:00,19.8,0.0,1013.6,2026-08-04T12:02:14.850049+00:00,2026-08-04 12:00:00+00:00
2026-08-03 06:00:00+00:00,20.6,0.0,1013.5,2026-08-04T12:02:14.850049+00:00,2026-08-04 12:00:00+00:00
2026-08-03 07:00:00+00:00,24.2,0.0,1013.0,2026-08-04T12:02:14.850049+00:00,2026-08-04 12:00:00+00:00
2026-08-03 08:00:00+00:00,25.6,0.0,1013.0,2026-08-04T12:02:14.850049+00:00,2026-08-04 12:00:00+00:00
2026-08-03 09:00:00+00:00,27.9,0.0,1012.5,2026-08-04T12:02:14.850049+00:00,2026-08-04 12:00:00+00:00
2026-08-03 10:00:00+00:00,31.5,0.0,1011.7,2026-08-04T12:02:14.850049+00:00,2026-08-04 12:00:00+00:00
2026-08-03 11:00:00+00:00,33.3,0.0,1011.3,2026-08-04T12:02:14.850049+00:00,2026-08-04 12:00:00+00:00
2026-08-03 12:00:00+00:00,34.2,0.0,1010.8,2026-08-04T12:02:14.850049+00:00,2026-08-04 12:00:00+00:00
2026-08-03 13:00:00+00:00,34.7,0.0,1010.3,2026-08-04T12:02:14.850049+00:00,2026-08-04 12:00:00+00:00
2026-08-03 14:00:00+00:00,35.5,0.0,1009.8,2026-08-04T12:02:14.850049+00:00,2026-08-04 12:00:00+00:00
2026-08-03 15:00:00+00:00,34.5,0.0,1009.5,2026-08-04T12:02:14.850049+00:00,2026-08-04 12:00:00+00:00
2026-08-03 16:00:00+00:00,33.5,0.0,1009.6,2026-08-04T12:02:14.850049+00:00,2026-08-04 12:00:00+00:00
2026-08-03 17:00:00+00:00,33.2,0.0,1009.2,2026-08-04T12:02:14.850049+00:00,2026-08-04 12:00:00+00:00
2026-08-03 18:00:00+00:00,32.2,0.0,1010.1,2026-08-04T12:02:14.850049+00:00,2026-08-04 12:00:00+00:00
2026-08-03 19:00:00+00:00,23.5,2.7,1012.4,2026-08-04T12:02:14.850049+00:00,2026-08-04 12:00:00+00:00
2026-08-03 20:00:00+00:00,23.3,0.0,1012.6,2026-08-04T12:02:14.850049+00:00,2026-08-04 12:00:00+00:00
2026-08-03 21:00:00+00:00,23.4,0.0,1012.3,2026-08-04T12:02:14.850049+00:00,2026-08-04 12:00:00+00:00
2026-08-03 22:00:00+00:00,21.6,0.0,1012.6,2026-08-04T12:02:14.850049+00:00,2026-08-04 12:00:00+00:00
2026-08-03 23:00:00+00:00,24.2,0.0,1011.8,2026-08-04T12:02:14.850049+00:00,2026-08-04 12:00:00+00:00
2026-08-04 00:00:00+00:00,21.0,0.0,1012.4,2026-08-04T12:02:14.850049+00:00,2026-08-04 12:00:00+00:00
2026-08-04 01:00:00+00:00,20.0,0.0,1012.6,2026-08-04T12:02:14.850049+00:00,2026-08-04 12:00:00+00:00
2026-08-04 02:00:00+00:00,20.7,0.0,1012.9,2026-08-04T12:02:14.850049+00:00,2026-08-04 12:00:00+00:00
2026-08-04 03:00:00+00:00,19.5,0.0,1013.1,2026-08-04T12:02:14.850049+00:00,2026-08-04 12:00:00+00:00
2026-08-04 04:00:00+00:00,19.5,0.0,1013.1,2026-08-04T12:02:14.850049+00:00,2026-08-04 12:00:00+00:00
2026-08-04 05:00:00+00:00,21.1,0.0,1013.1,2026-08-04T12:02:14.850049+00:00,2026-08-04 12:00:00+00:00
2026-08-04 06:00:00+00:00,24.2,0.0,1012.7,2026-08-04T12:02:14.850049+00:00,2026-08-04 12:00:00+00:00
2026-08-04 07:00:00+00:00,27.8,0.0,1012.2,2026-08-04T12:02:14.850049+00:00,2026-08-04 12:00:00+00:00
2026-08-04 08:00:00+00:00,30.0,0.0,1011.8,2026-08-04T12:02:14.850049+00:00,2026-08-04 12:00:00+00:00
2026-08-04 09:00:00+00:00,31.7,0.0,1011.8,2026-08-04T12:02:14.850049+00:00,2026-08-04 12:00:00+00:00
2026-08-04 10:00:00+00:00,32.8,0.0,1011.7,2026-08-04T12:02:14.850049+00:00,2026-08-04 12:00:00+00:00
2026-08-04 11:00:00+00:00,33.7,0.0,1011.3,2026-08-04T12:02:14.850049+00:00,2026-08-04 12:00:00+00:00
2026-08-04 12:00:00+00:00,34.8,0.0,1010.9,2026-08-04T12:02:14.850049+00:00,2026-08-04 12:00:00+00:00
2026-08-04 13:00:00+00:00,35.1,0.0,1010.2,2026-08-04T12:02:14.850049+00:00,2026-08-04 12:00:00+00:00
2026-08-04 14:00:00+00:00,35.5,0.0,1009.6,2026-08-04T12:02:14.850049+00:00,2026-08-04 12:00:00+00:00
2026-08-04 15:00:00+00:00,35.5,0.0,1009.1,2026-08-04T12:02:14.850049+00:00,2026-08-04 12:00:00+00:00
2026-08-04 16:00:00+00:00,34.9,0.0,1009.0,2026-08-04T12:02:14.850049+00:00,2026-08-04 12:00:00+00:00
2026-08-04 17:00:00+00:00,33.7,0.0,1009.0,2026-08-04T12:02:14.850049+00:00,2026-08-04 12:00:00+00:00
2026-08-04 18:00:00+00:00,31.8,0.0,1009.6,2026-08-04T12:02:14.850049+00:00,2026-08-04 12:00:00+00:00
2026-08-04 19:00:00+00:00,29.9,0.0,1010.6,2026-08-04T12:02:14.850049+00:00,2026-08-04 12:00:00+00:00
2026-08-04 20:00:00+00:00,28.1,0.0,1011.5,2026-08-04T12:02:14.850049+00:00,2026-08-04 12:00:00+00:00
2026-08-04 21:00:00+00:00,26.6,0.0,1012.3,2026-08-04T12:02:14.850049+00:00,2026-08-04 12:00:00+00:00
2026-08-04 22:00:00+00:00,25.4,0.0,1013.2,2026-08-04T12:02:14.850049+00:00,2026-08-04 12:00:00+00:00
2026-08-04 23:00:00+00:00,24.4,0.0,1013.7,2026-08-04T12:02:14.850049+00:00,2026-08-04 12:00:00+00:00
2026-08-05 00:00:00+00:00,24.0,0.0,1014.2,2026-08-04T12:02:14.850049+00:00,2026-08-04 12:00:00+00:00
2026-08-05 01:00:00+00:00,23.7,0.0,1014.7,2026-08-04T12:02:14.850049+00:00,2026-08-04 12:00:00+00:00
2026-08-05 02:00:00+00:00,23.2,0.0,1015.0,2026-08-04T12:02:14.850049+00:00,2026-08-04 12:00:00+00:00
2026-08-05 03:00:00+00:00,23.0,0.0,1015.3,2026-08-04T12:02:14.850049+00:00,2026-08-04 12:00:00+00:00
2026-08-05 04:00:00+00:00,22.8,0.0,1015.4,2026-08-04T12:02:14.850049+00:00,2026-08-04 12:00:00+00:00
2026-08-05 05:00:00+00:00,23.4,0.0,1015.6,2026-08-04T12:02:14.850049+00:00,2026-08-04 12:00:00+00:00
2026-08-05 06:00:00+00:00,24.2,0.0,1015.6,2026-08-04T12:02:14.850049+00:00,2026-08-04 12:00:00+00:00
2026-08-05 07:00:00+00:00,25.7,0.0,1015.6,2026-08-04T12:02:14.850049+00:00,2026-08-04 12:00:00+00:00
2026-08-05 08:00:00+00:00,27.4,0.0,1015.4,2026-08-04T12:02:14.850049+00:00,2026-08-04 12:00:00+00:00
2026-08-05 09:00:00+00:00,28.8,0.0,1015.3,2026-08-04T12:02:14.850049+00:00,2026-08-04 12:00:00+00:00
2026-08-05 10:00:00+00:00,29.9,0.0,1015.1,2026-08-04T12:02:14.850049+00:00,2026-08-04 12:00:00+00:00
2026-08-05 11:00:00+00:00,30.9,0.0,1014.9,2026-08-04T12:02:14.850049+00:00,2026-08-04 12:00:00+00:00
2026-08-05 12:00:00+00:00,31.2,0.0,1014.0,2026-08-04T12:02:14.850049+00:00,2026-08-04 12:00:00+00:00
2026-08-05 13:00:00+00:00,31.7,0.0,1013.5,2026-08-04T12:02:14.850049+00:00,2026-08-04 12:00:00+00:00
2026-08-05 14:00:00+00:00,31.6,0.0,1013.3,2026-08-04T12:02:14.850049+00:00,2026-08-04 12:00:00+00:00
2026-08-05 15:00:00+00:00,30.3,0.0,1013.1,2026-08-04T12:02:14.850049+00:00,2026-08-04 12:00:00+00:00
2026-08-05 16:00:00+00:00,29.1,0.0,1013.5,2026-08-04T12:02:14.850049+00:00,2026-08-04 12:00:00+00:00
2026-08-05 17:00:00+00:00,27.6,0.0,1014.1,2026-08-04T12:02:14.850049+00:00,2026-08-04 12:00:00+00:00
2026-08-05 18:00:00+00:00,26.2,0.0,1015.0,2026-08-04T12:02:14.850049+00:00,2026-08-04 12:00:00+00:00
2026-08-05 19:00:00+00:00,25.1,0.0,1015.9,2026-08-04T12:02:14.850049+00:00,2026-08-04 12:00:00+00:00
2026-08-05 20:00:00+00:00,24.0,0.0,1016.7,2026-08-04T12:02:14.850049+00:00,2026-08-04 12:00:00+00:00
2026-08-05 21:00:00+00:00,23.5,2.7,1017.2,2026-08-04T12:02:14.850049+00:00,2026-08-04 12:00:00+00:00
2026-08-05 22:00:00+00:00,22.8,0.0,1017.6,2026-08-04T12:02:14.850049+00:00,2026-08-04 12:00:00+00:00
2026-08-05 23:00:00+00:00,22.3,0.0,1017.7,2026-08-04T12:02:14.850049+00:00,2026-08-04 12:00:00+00:00
2026-08-06 00:00:00+00:00,21.9,0.0,1017.9,2026-08-04T12:02:14.850049+00:00,2026-08-04 12:00:00+00:00
2026-08-06 01:00:00+00:00,21.4,0.0,1018.1,2026-08-04T12:02:14.850049+00:00,2026-08-04 12:00:00+00:00
2026-08-06 02:00:00+00:00,21.1,0.0,1018.2,2026-08-04T12:02:14.850049+00:00,2026-08-04 12:00:00+00:00
2026-08-06 03:00:00+00:00,20.8,0.0,1018.4,2026-08-04T12:02:14.850049+00:00,2026-08-04 12:00:00+00:00
2026-08-06 04:00:00+00:00,20.8,0.0,1018.7,2026-08-04T12:02:14.850049+00:00,2026-08-04 12:00:00+00:00
2026-08-06 05:00:00+00:00,20.9,0.0,1018.8,2026-08-04T12:02:14.850049+00:00,2026-08-04 12:00:00+00:00
2026-08-06 06:00:00+00:00,21.3,0.0,1018.8,2026-08-04T12:02:14.850049+00:00,2026-08-04 12:00:00+00:00
2026-08-06 07:00:00+00:00,21.9,0.0,1018.9,2026-08-04T12:02:14.850049+00:00,2026-08-04 12:00:00+00:00
2026-08-06 08:00:00+00:00,22.8,0.0,1018.9,2026-08-04T12:02:14.850049+00:00,2026-08-04 12:00:00+00:00
2026-08-06 09:00:00+00:00,23.5,0.0,1019.0,2026-08-04T12:02:14.850049+00:00,2026-08-04 12:00:00+00:00
2026-08-06 10:00:00+00:00,24.2,0.0,1019.0,2026-08-04T12:02:14.850049+00:00,2026-08-04 12:00:00+00:00
2026-08-06 11:00:00+00:00,24.8,0.0,1018.3,2026-08-04T12:02:14.850049+00:00,2026-08-04 12:00:00+00:00
2026-08-06 12:00:00+00:00,25.4,0.0,1018.0,2026-08-04T12:02:14.850049+00:00,2026-08-04 12:00:00+00:00
2026-08-06 13:00:00+00:00,25.9,0.0,1017.7,2026-08-04T12:02:14.850049+00:00,2026-08-04 12:00:00+00:00
2026-08-06 14:00:00+00:00,26.0,0.0,1017.3,2026-08-04T12:02:14.850049+00:00,2026-08-04 12:00:00+00:00
2026-08-06 15:00:00+00:00,25.8,0.0,1017.1,2026-08-04T12:02:14.850049+00:00,2026-08-04 12:00:00+00:00
2026-08-06 16:00:00+00:00,25.5,0.0,1017.1,2026-08-04T12:02:14.850049+00:00,2026-08-04 12:00:00+00:00
2026-08-06 17:00:00+00:00,24.9,0.0,1017.3,2026-08-04T12:02:14.850049+00:00,2026-08-04 12:00:00+00:00
2026-08-06 18:00:00+00:00,24.2,0.0,1017.7,2026-08-04T12:02:14.850049+00:00,2026-08-04 12:00:00+00:00
2026-08-06 19:00:00+00:00,23.2,0.0,1018.3,2026-08-04T12:02:14.850049+00:00,2026-08-04 12:00:00+00:00
2026-08-06 20:00:00+00:00,22.3,0.0,1018.9,2026-08-04T12:02:14.850049+00:00,2026-08-04 12:00:00+00:00
2026-08-06 21:00:00+00:00,21.3,0.0,1019.3,2026-08-04T12:02:14.850049+00:00,2026-08-04 12:00:00+00:00
2026-08-06 22:00:00+00:00,20.5,0.0,1019.6,2026-08-04T12:02:14.850049+00:00,2026-08-04 12:00:00+00:00
2026-08-06 23:00:00+00:00,19.8,0.0,1020.0,2026-08-04T12:02:14.850049+00:00,2026-08-04 12:00:00+00:00
2026-08-07 00:00:00+00:00,19.2,0.0,1020.3,2026-08-04T12:02:14.850049+00:00,2026-08-04 12:00:00+00:00
2026-08-07 01:00:00+00:00,18.6,0.0,1020.2,2026-08-04T12:02:14.850049+00:00,2026-08-04 12:00:00+00:00
2026-08-07 02:00:00+00:00,18.0,0.0,1020.5,2026-08-04T12:02:14.850049+00:00,2026-08-04 12:00:00+00:00
2026-08-07 03:00:00+00:00,17.6,0.0,1020.6,2026-08-04T12:02:14.850049+00:00,2026-08-04 12:00:00+00:00
2026-08-07 04:00:00+00:00,17.4,0.0,1020.7,2026-08-04T12:02:14.850049+00:00,2026-08-04 12:00:00+00:00
2026-08-07 05:00:00+00:00,17.7,0.0,1020.7,2026-08-04T12:02:14.850049+00:00,2026-08-04 12:00:00+00:00
2026-08-07 06:00:00+00:00,18.1,0.0,1020.7,2026-08-04T12:02:14.850049+00:00,2026-08-04 12:00:00+00:00
2026-08-07 07:00:00+00:00,19.1,0.0,1020.3,2026-08-04T12:02:14.850049+00:00,2026-08-04 12:00:00+00:00
2026-08-07 08:00:00+00:00,20.4,0.0,1020.1,2026-08-04T12:02:14.850049+00:00,2026-08-04 12:00:00+00:00
2026-08-07 09:00:00+00:00,21.7,0.0,1019.8,2026-08-04T12:02:14.850049+00:00,2026-08-04 12:00:00+00:00
2026-08-07 10:00:00+00:00,22.9,0.0,1019.4,2026-08-04T12:02:14.850049+00:00,2026-08-04 12:00:00+00:00
2026-08-07 11:00:00+00:00,23.8,0.0,1019.1,2026-08-04T12:02:14.850049+00:00,2026-08-04 12:00:00+00:00
2026-08-07 12:00:00+00:00,24.7,0.0,1018.2,2026-08-04T12:02:14.850049+00:00,2026-08-04 12:00:00+00:00
2026-08-07 13:00:00+00:00,25.4,0.0,1017.7,2026-08-04T12:02:14.850049+00:00,2026-08-04 12:00:00+00:00
2026-08-07 14:00:00+00:00,25.8,0.0,1017.3,2026-08-04T12:02:14.850049+00:00,2026-08-04 12:00:00+00:00
2026-08-07 15:00:00+00:00,25.4,0.0,1016.9,2026-08-04T12:02:14.850049+00:00,2026-08-04 12:00:00+00:00
2026-08-07 16:00:00+00:00,25.4,0.0,1016.5,2026-08-04T12:02:14.850049+00:00,2026-08-04 12:00:00+00:00
2026-08-07 17:00:00+00:00,24.9,0.0,1016.6,2026-08-04T12:02:14.850049+00:00,2026-08-04 12:00:00+00:00
2026-08-07 18:00:00+00:00,23.5,0.0,1016.8,2026-08-04T12:02:14.850049+00:00,2026-08-04 12:00:00+00:00
2026-08-07 19:00:00+00:00,22.3,0.0,1017.2,2026-08-04T12:02:14.850049+00:00,2026-08-04 12:00:00+00:00
2026-08-07 20:00:00+00:00,21.1,0.0,1017.8,2026-08-04T12:02:14.850049+00:00,2026-08-04 12:00:00+00:00
2026-08-07 21:00:00+00:00,19.9,0.0,1018.1,2026-08-04T12:02:14.850049+00:00,2026-08-04 12:00:00+00:00
2026-08-07 22:00:00+00:00,19.0,0.0,1018.3,2026-08-04T12:02:14.850049+00:00,2026-08-04 12:00:00+00:00
2026-08-07 23:00:00+00:00,18.1,0.0,1018.4,2026-08-04T12:02:14.850049+00:00,2026-08-04 12:00:00+00:00
2026-08-08 00:00:00+00:00,17.6,0.0,1018.2,2026-08-04T12:02:14.850049+00:00,2026-08-04 12:00:00+00:00
2026-08-08 01:00:00+00:00,16.9,0.0,1018.3,2026-08-04T12:02:14.850049+00:00,2026-08-04 12:00:00+00:00
2026-08-08 02:00:00+00:00,16.2,0.0,1018.2,2026-08-04T12:02:14.850049+00:00,2026-08-04 12:00:00+00:00
2026-08-08 03:00:00+00:00,15.9,0.0,1018.3,2026-08-04T12:02:14.850049+00:00,2026-08-04 12:00:00+00:00
2026-08-08 04:00:00+00:00,15.9,0.0,1018.3,2026-08-04T12:02:14.850049+00:00,2026-08-04 12:00:00+00:00
2026-08-08 05:00:00+00:00,16.5,0.0,1018.2,2026-08-04T12:02:14.850049+00:00,2026-08-04 12:00:00+00:00
2026-08-08 06:00:00+00:00,18.3,0.0,1017.8,2026-08-04T12:02:14.850049+00:00,2026-08-04 12:00:00+00:00
2026-08-08 07:00:00+00:00,20.3,0.0,1017.4,2026-08-04T12:02:14.850049+00:00,2026-08-04 12:00:00+00:00
2026-08-08 08:00:00+00:00,22.2,0.0,1017.0,2026-08-04T12:02:14.850049+00:00,2026-08-04 12:00:00+00:00
2026-08-08 09:00:00+00:00,24.1,0.0,1016.5,2026-08-04T12:02:14.850049+00:00,2026-08-04 12:00:00+00:00
2026-08-08 10:00:00+00:00,25.5,0.0,1016.0,2026-08-04T12:02:14.850049+00:00,2026-08-04 12:00:00+00:00
2026-08-08 11:00:00+00:00,26.7,0.0,1015.6,2026-08-04T12:02:14.850049+00:00,2026-08-04 12:00:00+00:00
2026-08-08 12:00:00+00:00,27.6,0.0,1014.9,2026-08-04T12:02:14.850049+00:00,2026-08-04 12:00:00+00:00
2026-08-08 13:00:00+00:00,28.2,0.0,1014.4,2026-08-04T12:02:14.850049+00:00,2026-08-04 12:00:00+00:00
2026-08-08 14:00:00+00:00,28.7,0.0,1013.8,2026-08-04T12:02:14.850049+00:00,2026-08-04 12:00:00+00:00
2026-08-08 15:00:00+00:00,28.7,0.0,1013.4,2026-08-04T12:02:14.850049+00:00,2026-08-04 12:00:00+00:00
2026-08-08 16:00:00+00:00,28.6,0.0,1013.3,2026-08-04T12:02:14.850049+00:00,2026-08-04 12:00:00+00:00
2026-08-08 17:00:00+00:00,28.0,0.0,1013.4,2026-08-04T12:02:14.850049+00:00,2026-08-04 12:00:00+00:00
2026-08-08 18:00:00+00:00,26.7,0.0,1013.6,2026-08-04T12:02:14.850049+00:00,2026-08-04 12:00:00+00:00
2026-08-08 19:00:00+00:00,25.3,0.0,1014.2,2026-08-04T12:02:14.850049+00:00,2026-08-04 12:00:00+00:00
2026-08-08 20:00:00+00:00,23.6,0.0,1014.7,2026-08-04T12:02:14.850049+00:00,2026-08-04 12:00:00+00:00
2026-08-08 21:00:00+00:00,22.6,0.0,1015.2,2026-08-04T12:02:14.850049+00:00,2026-08-04 12:00:00+00:00
2026-08-08 22:00:00+00:00,21.7,0.0,1015.4,2026-08-04T12:02:14.850049+00:00,2026-08-04 12:00:00+00:00
2026-08-08 23:00:00+00:00,20.6,0.0,1015.4,2026-08-04T12:02:14.850049+00:00,2026-08-04 12:00:00+00:00
2026-08-09 00:00:00+00:00,19.9,0.0,1015.4,2026-08-04T12:02:14.850049+00:00,2026-08-04 12:00:00+00:00
2026-08-09 01:00:00+00:00,19.3,0.0,1015.3,2026-08-04T12:02:14.850049+00:00,2026-08-04 12:00:00+00:00
2026-08-09 02:00:00+00:00,18.6,0.0,1015.4,2026-08-04T12:02:14.850049+00:00,2026-08-04 12:00:00+00:00
2026-08-09 03:00:00+00:00,18.3,0.0,1015.5,2026-08-04T12:02:14.850049+00:00,2026-08-04 12:00:00+00:00
2026-08-09 04:00:00+00:00,18.3,0.0,1015.5,2026-08-04T12:02:14.850049+00:00,2026-08-04 12:00:00+00:00
2026-08-09 05:00:00+00:00,19.1,0.0,1015.5,2026-08-04T12:02:14.850049+00:00,2026-08-04 12:00:00+00:00
2026-08-09 06:00:00+00:00,20.8,0.0,1015.1,2026-08-04T12:02:14.850049+00:00,2026-08-04 12:00:00+00:00
2026-08-09 07:00:00+00:00,23.2,0.0,1014.8,2026-08-04T12:02:14.850049+00:00,2026-08-04 12:00:00+00:00
2026-08-09 08:00:00+00:00,25.4,0.0,1014.3,2026-08-04T12:02:14.850049+00:00,2026-08-04 12:00:00+00:00
2026-08-09 09:00:00+00:00,27.5,0.0,1013.6,2026-08-04T12:02:14.850049+00:00,2026-08-04 12:00:00+00:00
2026-08-09 10:00:00+00:00,29.0,0.0,1013.1,2026-08-04T12:02:14.850049+00:00,2026-08-04 12:00:00+00:00
2026-08-09 11:00:00+00:00,30.4,0.0,1012.8,2026-08-04T12:02:14.850049+00:00,2026-08-04 12:00:00+00:00
2026-08-09 12:00:00+00:00,31.2,0.0,1012.8,2026-08-04T12:02:14.850049+00:00,2026-08-04 12:00:00+00:00
2026-08-09 13:00:00+00:00,31.4,0.0,1012.4,2026-08-04T12:02:14.850049+00:00,2026-08-04 12:00:00+00:00
2026-08-09 14:00:00+00:00,31.4,0.0,1012.3,2026-08-04T12:02:14.850049+00:00,2026-08-04 12:00:00+00:00
2026-08-09 15:00:00+00:00,30.9,0.0,1012.1,2026-08-04T12:02:14.850049+00:00,2026-08-04 12:00:00+00:00
2026-08-09 16:00:00+00:00,30.2,0.0,1012.2,2026-08-04T12:02:14.850049+00:00,2026-08-04 12:00:00+00:00
2026-08-09 17:00:00+00:00,29.1,0.0,1012.6,2026-08-04T12:02:14.850049+00:00,2026-08-04 12:00:00+00:00
2026-08-09 18:00:00+00:00,27.6,0.0,1013.1,2026-08-04T12:02:14.850049+00:00,2026-08-04 12:00:00+00:00
2026-08-09 19:00:00+00:00,25.9,0.0,1013.5,2026-08-04T12:02:14.850049+00:00,2026-08-04 12:00:00+00:00
2026-08-09 20:00:00+00:00,24.4,0.4,1014.0,2026-08-04T12:02:14.850049+00:00,2026-08-04 12:00:00+00:00
2026-08-09 21:00:00+00:00,22.8,0.5,1014.7,2026-08-04T12:02:14.850049+00:00,2026-08-04 12:00:00+00:00
2026-08-09 22:00:00+00:00,21.9,0.8,1015.0,2026-08-04T12:02:14.850049+00:00,2026-08-04 12:00:00+00:00
2026-08-09 23:00:00+00:00,21.5,0.7,1015.3,2026-08-04T12:02:14.850049+00:00,2026-08-04 12:00:00+00:00
2026-08-10 00:00:00+00:00,20.7,2.8,1015.2,2026-08-04T12:02:14.850049+00:00,2026-08-04 12:00:00+00:00
2026-08-10 01:00:00+00:00,20.4,0.0,1015.2,2026-08-04T12:02:14.850049+00:00,2026-08-04 12:00:00+00:00
2026-08-10 02:00:00+00:00,20.1,0.0,1015.4,2026-08-04T12:02:14.850049+00:00,2026-08-04 12:00:00+00:00
2026-08-10 03:00:00+00:00,19.8,0.0,1015.3,2026-08-04T12:02:14.850049+00:00,2026-08-04 12:00:00+00:00
2026-08-10 04:00:00+00:00,19.8,0.0,1015.4,2026-08-04T12:02:14.850049+00:00,2026-08-04 12:00:00+00:00
2026-08-10 05:00:00+00:00,20.2,0.0,1015.5,2026-08-04T12:02:14.850049+00:00,2026-08-04 12:00:00+00:00
2026-08-10 06:00:00+00:00,20.9,0.0,1015.5,2026-08-04T12:02:14.850049+00:00,2026-08-04 12:00:00+00:00
2026-08-10 07:00:00+00:00,22.5,0.0,1015.5,2026-08-04T12:02:14.850049+00:00,2026-08-04 12:00:00+00:00
2026-08-10 08:00:00+00:00,24.4,0.0,1015.5,2026-08-04T12:02:14.850049+00:00,2026-08-04 12:00:00+00:00
2026-08-10 09:00:00+00:00,25.3,0.0,1015.5,2026-08-04T12:02:14.850049+00:00,2026-08-04 12:00:00+00:00
2026-08-10 10:00:00+00:00,26.2,0.4,1015.4,2026-08-04T12:02:14.850049+00:00,2026-08-04 12:00:00+00:00
2026-08-10 11:00:00+00:00,27.1,0.8,1015.1,2026-08-04T12:02:14.850049+00:00,2026-08-04 12:00:00+00:00
2026-08-10 12:00:00+00:00,27.0,0.6,1015.1,2026-08-04T12:02:14.850049+00:00,2026-08-04 12:00:00+00:00
2026-08-10 13:00:00+00:00,27.0,0.2,1014.8,2026-08-04T12:02:14.850049+00:00,2026-08-04 12:00:00+00:00
2026-08-10 14:00:00+00:00,27.2,0.4,1014.6,2026-08-04T12:02:14.850049+00:00,2026-08-04 12:00:00+00:00
2026-08-10 15:00:00+00:00,27.0,0.5,1014.7,2026-08-04T12:02:14.850049+00:00,2026-08-04 12:00:00+00:00
2026-08-10 16:00:00+00:00,26.5,0.7,1014.7,2026-08-04T12:02:14.850049+00:00,2026-08-04 12:00:00+00:00
2026-08-10 17:00:00+00:00,25.4,0.8,1015.1,2026-08-04T12:02:14.850049+00:00,2026-08-04 12:00:00+00:00
2026-08-10 18:00:00+00:00,24.2,0.4,1015.7,2026-08-04T12:02:14.850049+00:00,2026-08-04 12:00:00+00:00
2026-08-10 19:00:00+00:00,22.7,0.0,1016.5,2026-08-04T12:02:14.850049+00:00,2026-08-04 12:00:00+00:00
2026-08-10 20:00:00+00:00,21.3,0.0,1017.1,2026-08-04T12:02:14.850049+00:00,2026-08-04 12:00:00+00:00
2026-08-10 21:00:00+00:00,20.7,0.0,1017.7,2026-08-04T12:02:14.850049+00:00,2026-08-04 12:00:00+00:00
2026-08-10 22:00:00+00:00,20.0,0.0,1018.0,2026-08-04T12:02:14.850049+00:00,2026-08-04 12:00:00+00:00
2026-08-10 23:00:00+00:00,19.4,0.0,1018.3,2026-08-04T12:02:14.850049+00:00,2026-08-04 12:00:00+00:00
2026-08-11 00:00:00+00:00,18.6,0.0,1018.1,2026-08-04T12:02:14.850049+00:00,2026-08-04 12:00:00+00:00
2026-08-11 01:00:00+00:00,18.2,0.0,1018.4,2026-08-04T12:02:14.850049+00:00,2026-08-04 12:00:00+00:00
2026-08-11 02:00:00+00:00,17.9,0.0,1018.5,2026-08-04T12:02:14.850049+00:00,2026-08-04 12:00:00+00:00
2026-08-11 03:00:00+00:00,17.5,0.0,1018.5,2026-08-04T12:02:14.850049+00:00,2026-08-04 12:00:00+00:00
2026-08-11 04:00:00+00:00,17.6,0.0,1018.6,2026-08-04T12:02:14.850049+00:00,2026-08-04 12:00:00+00:00
2026-08-11 05:00:00+00:00,18.1,0.0,1018.8,2026-08-04T12:02:14.850049+00:00,2026-08-04 12:00:00+00:00
2026-08-11 06:00:00+00:00,19.3,0.0,1019.1,2026-08-04T12:02:14.850049+00:00,2026-08-04 12:00:00+00:00
2026-08-11 07:00:00+00:00,20.8,0.0,1018.8,2026-08-04T12:02:14.850049+00:00,2026-08-04 12:00:00+00:00
2026-08-11 08:00:00+00:00,22.8,0.0,1018.6,2026-08-04T12:02:14.850049+00:00,2026-08-04 12:00:00+00:00
2026-08-11 09:00:00+00:00,24.3,0.0,1018.3,2026-08-04T12:02:14.850049+00:00,2026-08-04 12:00:00+00:00
2026-08-11 10:00:00+00:00,25.6,0.0,1017.9,2026-08-04T12:02:14.850049+00:00,2026-08-04 12:00:00+00:00
2026-08-11 11:00:00+00:00,26.5,0.0,1017.6,2026-08-04T12:02:14.850049+00:00,2026-08-04 12:00:00+00:00
2026-08-11 12:00:00+00:00,27.4,0.0,1017.2,2026-08-04T12:02:14.850049+00:00,2026-08-04 12:00:00+00:00
2026-08-11 13:00:00+00:00,28.0,0.0,1016.7,2026-08-04T12:02:14.850049+00:00,2026-08-04 12:00:00+00:00
2026-08-11 14:00:00+00:00,28.3,0.0,1016.3,2026-08-04T12:02:14.850049+00:00,2026-08-04 12:00:00+00:00
2026-08-11 15:00:00+00:00,28.3,0.0,1016.1,2026-08-04T12:02:14.850049+00:00,2026-08-04 12:00:00+00:00
2026-08-11 16:00:00+00:00,27.8,0.0,1016.0,2026-08-04T12:02:14.850049+00:00,2026-08-04 12:00:00+00:00
2026-08-11 17:00:00+00:00,26.5,0.0,1015.9,2026-08-04T12:02:14.850049+00:00,2026-08-04 12:00:00+00:00
2026-08-11 18:00:00+00:00,25.1,0.0,1016.4,2026-08-04T12:02:14.850049+00:00,2026-08-04 12:00:00+00:00
2026-08-11 19:00:00+00:00,23.4,0.0,1016.9,2026-08-04T12:02:14.850049+00:00,2026-08-04 12:00:00+00:00
2026-08-11 20:00:00+00:00,22.0,0.0,1017.4,2026-08-04T12:02:14.850049+00:00,2026-08-04 12:00:00+00:00
2026-08-11 21:00:00+00:00,21.0,0.0,1017.7,2026-08-04T12:02:14.850049+00:00,2026-08-04 12:00:00+00:00
2026-08-11 22:00:00+00:00,20.2,0.0,1018.0,2026-08-04T12:02:14.850049+00:00,2026-08-04 12:00:00+00:00
2026-08-11 23:00:00+00:00,19.7,0.0,1018.1,2026-08-04T12:02:14.850049+00:00,2026-08-04 12:00:00+00:00
2026-08-12 00:00:00+00:00,18.8,0.0,1018.2,2026-08-04T12:02:14.850049+00:00,2026-08-04 12:00:00+00:00
2026-08-12 01:00:00+00:00,18.6,0.0,1018.1,2026-08-04T12:02:14.850049+00:00,2026-08-04 12:00:00+00:00
2026-08-12 02:00:00+00:00,18.0,0.0,1018.1,2026-08-04T12:02:14.850049+00:00,2026-08-04 12:00:00+00:00
2026-08-12 03:00:00+00:00,17.7,0.0,1018.1,2026-08-04T12:02:14.850049+00:00,2026-08-04 12:00:00+00:00
2026-08-12 04:00:00+00:00,17.7,0.0,1018.1,2026-08-04T12:02:14.850049+00:00,2026-08-04 12:00:00+00:00
2026-08-12 05:00:00+00:00,18.1,0.0,1018.2,2026-08-04T12:02:14.850049+00:00,2026-08-04 12:00:00+00:00
2026-08-12 06:00:00+00:00,19.6,0.0,1018.0,2026-08-04T12:02:14.850049+00:00,2026-08-04 12:00:00+00:00
2026-08-12 07:00:00+00:00,21.3,0.0,1017.9,2026-08-04T12:02:14.850049+00:00,2026-08-04 12:00:00+00:00
2026-08-12 08:00:00+00:00,23.0,0.0,1017.6,2026-08-04T12:02:14.850049+00:00,2026-08-04 12:00:00+00:00
2026-08-12 09:00:00+00:00,24.6,0.0,1017.2,2026-08-04T12:02:14.850049+00:00,2026-08-04 12:00:00+00:00
2026-08-12 10:00:00+00:00,25.8,0.0,1016.9,2026-08-04T12:02:14.850049+00:00,2026-08-04 12:00:00+00:00
2026-08-12 11:00:00+00:00,27.0,0.0,1016.3,2026-08-04T12:02:14.850049+00:00,2026-08-04 12:00:00+00:00
2026-08-12 12:00:00+00:00,27.9,0.0,1016.0,2026-08-04T12:02:14.850049+00:00,2026-08-04 12:00:00+00:00
