date,cols,data
2026-03-21 23:00:00+00:00,wassertemp,6.8
2026-03-22 00:00:00+00:00,wassertemp,6.8
2026-03-22 01:00:00+00:00,wassertemp,6.8
2026-03-22 02:00:00+00:00,wassertemp,6.8
2026-03-22 03:00:00+00:00,wassertemp,6.8
2026-03-22 04:00:00+00:00,wassertemp,6.8
2026-03-22 05:00:00+00:00,wassertemp,6.8
2026-03-22 06:00:00+00:00,wassertemp,6.8
2026-03-22 07:00:00+00:00,wassertemp,6.9
2026-03-22 08:00:00+00:00,wassertemp,7.0
2026-03-22 09:00:00+00:00,wassertemp,7.5
2026-03-22 10:00:00+00:00,wassertemp,7.8
2026-03-22 11:00:00+00:00,wassertemp,7.7
2026-03-22 12:00:00+00:00,wassertemp,7.9
2026-03-22 13:00:00+00:00,wassertemp,8.1
2026-03-22 14:00:00+00:00,wassertemp,8.3
2026-03-22 15:00:00+00:00,wassertemp,8.3
2026-03-22 16:00:00+00:00,wassertemp,8.2
2026-03-22 17:00:00+00:00,wassertemp,8.1
2026-03-22 18:00:00+00:00,wassertemp,8.6
2026-03-22 19:00:00+00:00,wassertemp,8.1
2026-03-22 20:00:00+00:00,wassertemp,7.8
2026-03-22 21:00:00+00:00,wassertemp,7.8
2026-03-22 22:00:00+00:00,wassertemp,7.8
2026-03-22 23:00:00+00:00,wassertemp,7.8
2026-03-23 00:00:00+00:00,wassertemp,7.7
2026-03-23 01:00:00+00:00,wassertemp,7.6
2026-03-23 02:00:00+00:00,wassertemp,7.5
2026-03-23 03:00:00+00:00,wassertemp,7.4
2026-03-23 04:00:00+00:00,wassertemp,7.2
2026-03-23 05:00:00+00:00,wassertemp,7.1
2026-03-23 06:00:00+00:00,wassertemp,7.0
2026-03-23 07:00:00+00:00,wassertemp,7.1
2026-03-23 08:00:00+00:00,wassertemp,7.1
2026-03-23 09:00:00+00:00,wassertemp,7.4
2026-03-23 10:00:00+00:00,wassertemp,7.7
2026-03-23 11:00:00+00:00,wassertemp,7.9
2026-03-23 12:00:00+00:00,wassertemp,8.1
2026-03-23 13:00:00+00:00,wassertemp,8.3
2026-03-23 14:00:00+00:00,wassertemp,8.2
2026-03-23 15:00:00+00:00,wassertemp,8.2
2026-03-23 16:00:00+00:00,wassertemp,8.0
2026-03-23 17:00:00+00:00,wassertemp,8.4
2026-03-23 18:00:00+00:00,wassertemp,8.2
2026-03-23 19:00:00+00:00,wassertemp,8.1
2026-03-23 20:00:00+00:00,wassertemp,8.1
2026-03-23 21:00:00+00:00,wassertemp,8.2
2026-03-23 22:00:00+00:00,wassertemp,8.3
2026-03-23 23:00:00+00:00,wassertemp,8.2
2026-03-24 00:00:00+00:00,wassertemp,8.4
2026-03-24 01:00:00+00:00,wassertemp,8.4
2026-03-24 02:00:00+00:00,wassertemp,7.7
2026-03-24 03:00:00+00:00,wassertemp,7.4
2026-03-24 04:00:00+00:00,wassertemp,7.3
2026-03-24 05:00:00+00:00,wassertemp,7.2
2026-03-24 06:00:00+00:00,wassertemp,7.2
2026-03-24 07:00:00+00:00,wassertemp,7.3
2026-03-24 08:00:00+00:00,wassertemp,7.5
2026-03-24 09:00:00+00:00,wassertemp,7.8
2026-03-24 10:00:00+00:00,wassertemp,8.4
2026-03-24 11:00:00+00:00,wassertemp,9.0
2026-03-24 12:00:00+00:00,wassertemp,8.2
2026-03-24 13:00:00+00:00,wassertemp,8.4
2026-03-24 14:00:00+00:00,wassertemp,8.5
2026-03-24 15:00:00+00:00,wassertemp,8.5
2026-03-24 16:00:00+00:00,wassertemp,8.5
2026-03-24 17:00:00+00:00,wassertemp,8.3
2026-03-24 18:00:00+00:00,wassertemp,8.2
2026-03-24 19:00:00+00:00,wassertemp,8.2
2026-03-24 20:00:00+00:00,wassertemp,8.4
2026-03-24 21:00:00+00:00,wassertemp,8.1
2026-03-24 22:00:00+00:00,wassertemp,8.0
2026-03-24 23:00:00+00:00,wassertemp,8.0
2026-03-25 00:00:00+00:00,wassertemp,7.8
2026-03-25 01:00:00+00:00,wassertemp,7.8
2026-03-25 02:00:00+00:00,wassertemp,7.6
2026-03-25 03:00:00+00:00,wassertemp,7.6
2026-03-25 04:00:00+00:00,wassertemp,7.4
2026-03-25 05:00:00+00:00,wassertemp,7.3
2026-03-25 06:00:00+00:00,wassertemp,7.2
2026-03-25 07:00:00+00:00,wassertemp,7.2
2026-03-25 08:00:00+00:00,wassertemp,7.4
2026-03-25 09:00:00+00:00,wassertemp,7.5
2026-03-25 10:00:00+00:00,wassertemp,7.9
2026-03-25 11:00:00+00:00,wassertemp,8.1
2026-03-25 12:00:00+00:00,wassertemp,8.2
2026-03-25 13:00:00+00:00,wassertemp,8.2
2026-03-25 14:00:00+00:00,wassertemp,8.2
2026-03-25 15:00:00+00:00,wassertemp,8.2
2026-03-25 16:00:00+00:00,wassertemp,7.9
2026-03-25 17:00:00+00:00,wassertemp,7.8
2026-03-25 18:00:00+00:00,wassertemp,7.7
2026-03-25 19:00:00+00:00,wassertemp,7.5
2026-03-25 20:00:00+00:00,wassertemp,7.5
2026-03-25 21:00:00+00:00,wassertemp,7.5
2026-03-25 22:00:00+00:00,wassertemp,7.4
2026-03-25 23:00:00+00:00,wassertemp,7.3
2026-03-26 00:00:00+00:00,wassertemp,7.2
2026-03-26 01:00:00+00:00,wassertemp,7.1
2026-03-26 02:00:00+00:00,wassertemp,7.0
2026-03-26 03:00:00+00:00,wassertemp,7.0
2026-03-26 04:00:00+00:00,wassertemp,6.9
2026-03-26 05:00:00+00:00,wassertemp,6.9
2026-03-26 06:00:00+00:00,wassertemp,7.0
2026-03-26 07:00:00+00:00,wassertemp,7.0
2026-03-26 08:00:00+00:00,wassertemp,7.1
2026-03-26 09:00:00+00:00,wassertemp,7.2
2026-03-26 10:00:00+00:00,wassertemp,7.2
2026-03-26 11:00:00+00:00,wassertemp,7.3
2026-03-26 12:00:00+00:00,wassertemp,7.3
2026-03-26 13:00:00+00:00,wassertemp,7.2
2026-03-26 14:00:00+00:00,wassertemp,7.2
2026-03-26 15:00:00+00:00,wassertemp,7.1
2026-03-26 16:00:00+00:00,wassertemp,7.0
2026-03-26 17:00:00+00:00,wassertemp,7.0
2026-03-26 18:00:00+00:00,wassertemp,6.9
2026-03-26 19:00:00+00:00,wassertemp,6.8
2026-03-26 20:00:00+00:00,wassertemp,6.8
2026-03-26 21:00:00+00:00,wassertemp,6.6
2026-03-26 22:00:00+00:00,wassertemp,6.6
2026-03-26 23:00:00+00:00,wassertemp,6.5
2026-03-27 00:00:00+00:00,wassertemp,6.5
2026-03-27 01:00:00+00:00,wassertemp,6.4
2026-03-27 02:00:00+00:00,wassertemp,6.3
2026-03-27 03:00:00+00:00,wassertemp,6.2
2026-03-27 04:00:00+00:00,wassertemp,6.2
2026-03-27 05:00:00+00:00,wassertemp,6.1
2026-03-27 06:00:00+00:00,wassertemp,6.1
2026-03-27 07:00:00+00:00,wassertemp,6.0
2026-03-27 08:00:00+00:00,wassertemp,6.0
2026-03-27 09:00:00+00:00,wassertemp,6.2
2026-03-27 10:00:00+00:00,wassertemp,6.3
2026-03-27 11:00:00+00:00,wassertemp,6.3
2026-03-27 12:00:00+00:00,wassertemp,6.4
2026-03-27 13:00:00+00:00,wassertemp,6.4
2026-03-27 14:00:00+00:00,wassertemp,6.5
2026-03-27 15:00:00+00:00,wassertemp,6.5
2026-03-27 16:00:00+00:00,wassertemp,6.5
2026-03-27 17:00:00+00:00,wassertemp,6.4
2026-03-27 18:00:00+00:00,wassertemp,6.3
2026-03-27 19:00:00+00:00,wassertemp,6.2
2026-03-27 20:00:00+00:00,wassertemp,6.2
2026-03-27 21:00:00+00:00,wassertemp,6.1
2026-03-27 22:00:00+00:00,wassertemp,6.0
2026-03-27 23:00:00+00:00,wassertemp,6.0
2026-03-28 00:00:00+00:00,wassertemp,5.9
2026-03-28 01:00:00+00:00,wassertemp,5.9
2026-03-28 02:00:00+00:00,wassertemp,5.7
2026-03-28 03:00:00+00:00,wassertemp,5.5
2026-03-28 04:00:00+00:00,wassertemp,5.5
2026-03-28 05:00:00+00:00,wassertemp,5.3
2026-03-28 06:00:00+00:00,wassertemp,5.1
2026-03-28 07:00:00+00:00,wassertemp,5.1
2026-03-28 08:00:00+00:00,wassertemp,5.2
2026-03-28 09:00:00+00:00,wassertemp,5.4
2026-03-28 10:00:00+00:00,wassertemp,5.7
2026-03-28 11:00:00+00:00,wassertemp,5.9
2026-03-28 12:00:00+00:00,wassertemp,6.2
2026-03-28 13:00:00+00:00,wassertemp,6.4
2026-03-28 14:00:00+00:00,wassertemp,6.5
2026-03-28 15:00:00+00:00,wassertemp,6.6
2026-03-28 16:00:00+00:00,wassertemp,6.6
2026-03-28 17:00:00+00:00,wassertemp,6.5
2026-03-28 18:00:00+00:00,wassertemp,6.4
2026-03-28 19:00:00+00:00,wassertemp,6.3
2026-03-28 20:00:00+00:00,wassertemp,6.2
2026-03-28 21:00:00+00:00,wassertemp,6.3
2026-03-28 22:00:00+00:00,wassertemp,6.3
2026-03-28 23:00:00+00:00,wassertemp,6.3
2026-03-29 00:00:00+00:00,wassertemp,6.3
2026-03-29 01:00:00+00:00,wassertemp,6.199999999999999
2026-03-29 02:00:00+00:00,wassertemp,6.1
2026-03-29 03:00:00+00:00,wassertemp,6.0
2026-03-29 04:00:00+00:00,wassertemp,5.9
2026-03-29 05:00:00+00:00,wassertemp,5.8
2026-03-29 06:00:00+00:00,wassertemp,5.8
2026-03-29 07:00:00+00:00,wassertemp,5.9
2026-03-29 08:00:00+00:00,wassertemp,6.1
2026-03-29 09:00:00+00:00,wassertemp,6.2
2026-03-29 10:00:00+00:00,wassertemp,6.2
2026-03-29 11:00:00+00:00,wassertemp,6.3
2026-03-29 12:00:00+00:00,wassertemp,6.3
2026-03-29 13:00:00+00:00,wassertemp,6.3
2026-03-29 14:00:00+00:00,wassertemp,6.2
2026-03-29 15:00:00+00:00,wassertemp,6.2
2026-03-29 16:00:00+00:00,wassertemp,6.2
2026-03-29 17:00:00+00:00,wassertemp,6.1
2026-03-29 18:00:00+00:00,wassertemp,6.0
2026-03-29 19:00:00+00:00,wassertemp,5.9
2026-03-29 20:00:00+00:00,wassertemp,5.9
2026-03-29 21:00:00+00:00,wassertemp,5.9
2026-03-29 22:00:00+00:00,wassertemp,5.8
2026-03-29 23:00:00+00:00,wassertemp,5.8
2026-03-30 00:00:00+00:00,wassertemp,5.8
2026-03-30 01:00:00+00:00,wassertemp,5.7
2026-03-30 02:00:00+00:00,wassertemp,5.7
2026-03-30 03:00:00+00:00,wassertemp,5.7
2026-03-30 04:00:00+00:00,wassertemp,5.7
2026-03-30 05:00:00+00:00,wassertemp,5.6
2026-03-30 06:00:00+00:00,wassertemp,5.6
2026-03-30 07:00:00+00:00,wassertemp,5.6
2026-03-30 08:00:00+00:00,wassertemp,5.6
2026-03-30 09:00:00+00:00,wassertemp,5.7
2026-03-30 10:00:00+00:00,wassertemp,5.8
2026-03-30 11:00:00+00:00,wassertemp,5.9
2026-03-30 12:00:00+00:00,wassertemp,6.1
2026-03-30 13:00:00+00:00,wassertemp,6.3
2026-03-30 14:00:00+00:00,wassertemp,6.3
2026-03-30 15:00:00+00:00,wassertemp,6.4
2026-03-30 16:00:00+00:00,wassertemp,6.4
2026-03-30 17:00:00+00:00,wassertemp,6.3
2026-03-30 18:00:00+00:00,wassertemp,6.1
2026-03-30 19:00:00+00:00,wassertemp,6.0
2026-03-30 20:00:00+00:00,wassertemp,5.8
2026-03-30 21:00:00+00:00,wassertemp,5.6
2026-03-30 22:00:00+00:00,wassertemp,5.5
2026-03-30 23:00:00+00:00,wassertemp,5.6
2026-03-31 00:00:00+00:00,wassertemp,5.6
2026-03-31 01:00:00+00:00,wassertemp,5.6
2026-03-31 02:00:00+00:00,wassertemp,5.6
2026-03-31 03:00:00+00:00,wassertemp,5.5
2026-03-31 04:00:00+00:00,wassertemp,5.4
2026-03-31 05:00:00+00:00,wassertemp,5.3
2026-03-31 06:00:00+00:00,wassertemp,5.3
2026-03-31 07:00:00+00:00,wassertemp,5.4
2026-03-31 08:00:00+00:00,wassertemp,5.5
2026-03-31 09:00:00+00:00,wassertemp,5.6
2026-03-31 10:00:00+00:00,wassertemp,5.8
2026-03-31 11:00:00+00:00,wassertemp,5.8
2026-03-31 12:00:00+00:00,wassertemp,5.9
2026-03-31 13:00:00+00:00,wassertemp,5.9
2026-03-31 14:00:00+00:00,wassertemp,5.9
2026-03-31 15:00:00+00:00,wassertemp,5.9
2026-03-31 16:00:00+00:00,wassertemp,5.9
2026-03-31 17:00:00+00:00,wassertemp,5.8
2026-03-31 18:00:00+00:00,wassertemp,5.8
2026-03-31 19:00:00+00:00,wassertemp,5.8
2026-03-31 20:00:00+00:00,wassertemp,5.8
2026-03-31 21:00:00+00:00,wassertemp,5.8
2026-03-31 22:00:00+00:00,wassertemp,5.9
2026-03-31 23:00:00+00:00,wassertemp,5.9
2026-04-01 00:00:00+00:00,wassertemp,5.8
2026-04-01 01:00:00+00:00,wassertemp,5.8
2026-04-01 02:00:00+00:00,wassertemp,6.0
2026-04-01 03:00:00+00:00,wassertemp,6.7
2026-04-01 04:00:00+00:00,wassertemp,6.6
2026-04-01 05:00:00+00:00,wassertemp,6.7
2026-04-01 06:00:00+00:00,wassertemp,6.7
2026-04-01 07:00:00+00:00,wassertemp,6.7
2026-04-01 08:00:00+00:00,wassertemp,6.9
2026-04-01 09:00:00+00:00,wassertemp,6.7
2026-04-01 10:00:00+00:00,wassertemp,6.4
2026-04-01 11:00:00+00:00,wassertemp,6.5
2026-04-01 12:00:00+00:00,wassertemp,6.4
2026-04-01 13:00:00+00:00,wassertemp,6.4
2026-04-01 14:00:00+00:00,wassertemp,6.4
2026-04-01 15:00:00+00:00,wassertemp,6.3
2026-04-01 16:00:00+00:00,wassertemp,6.2
2026-04-01 17:00:00+00:00,wassertemp,6.0
2026-04-01 18:00:00+00:00,wassertemp,6.1
2026-04-01 19:00:00+00:00,wassertemp,6.1
2026-04-01 20:00:00+00:00,wassertemp,6.2
2026-04-01 21:00:00+00:00,wassertemp,6.2
2026-04-01 22:00:00+00:00,wassertemp,6.2
2026-04-01 23:00:00+00:00,wassertemp,6.1
2026-04-02 00:00:00+00:00,wassertemp,6.1
2026-04-02 01:00:00+00:00,wassertemp,6.1
2026-04-02 02:00:00+00:00,wassertemp,6.1
2026-04-02 03:00:00+00:00,wassertemp,6.1
2026-04-02 04:00:00+00:00,wassertemp,6.1
2026-04-02 05:00:00+00:00,wassertemp,6.2
2026-04-02 06:00:00+00:00,wassertemp,6.2
2026-04-02 07:00:00+00:00,wassertemp,6.2
2026-04-02 08:00:00+00:00,wassertemp,6.3
2026-04-02 09:00:00+00:00,wassertemp,6.5
2026-04-02 10:00:00+00:00,wassertemp,6.6
2026-04-02 11:00:00+00:00,wassertemp,6.6
2026-04-02 12:00:00+00:00,wassertemp,6.7
2026-04-02 13:00:00+00:00,wassertemp,6.6
2026-04-02 14:00:00+00:00,wassertemp,6.6
2026-04-02 15:00:00+00:00,wassertemp,6.5
2026-04-02 16:00:00+00:00,wassertemp,6.4
2026-04-02 17:00:00+00:00,wassertemp,6.4
2026-04-02 18:00:00+00:00,wassertemp,6.5
2026-04-02 19:00:00+00:00,wassertemp,6.5
2026-04-02 20:00:00+00:00,wassertemp,6.6
2026-04-02 21:00:00+00:00,wassertemp,6.6
2026-04-02 22:00:00+00:00,wassertemp,6.6
2026-04-02 23:00:00+00:00,wassertemp,6.6
2026-04-03 00:00:00+00:00,wassertemp,6.6
2026-04-03 01:00:00+00:00,wassertemp,6.5
2026-04-03 02:00:00+00:00,wassertemp,6.5
2026-04-03 03:00:00+00:00,wassertemp,6.5
2026-04-03 04:00:00+00:00,wassertemp,6.5
2026-04-03 05:00:00+00:00,wassertemp,6.5
2026-04-03 06:00:00+00:00,wassertemp,6.4
2026-04-03 07:00:00+00:00,wassertemp,6.4
2026-04-03 08:00:00+00:00,wassertemp,6.5
2026-04-03 09:00:00+00:00,wassertemp,6.8
2026-04-03 10:00:00+00:00,wassertemp,7.0
2026-04-03 11:00:00+00:00,wassertemp,7.4
2026-04-03 12:00:00+00:00,wassertemp,7.3
2026-04-03 13:00:00+00:00,wassertemp,7.4
2026-04-03 14:00:00+00:00,wassertemp,7.5
2026-04-03 15:00:00+00:00,wassertemp,7.5
2026-04-03 16:00:00+00:00,wassertemp,7.6
2026-04-03 17:00:00+00:00,wassertemp,7.6
2026-04-03 18:00:00+00:00,wassertemp,7.5
2026-04-03 19:00:00+00:00,wassertemp,7.5
2026-04-03 20:00:00+00:00,wassertemp,7.6
2026-04-03 21:00:00+00:00,wassertemp,7.6
2026-04-03 22:00:00+00:00,wassertemp,7.6
2026-04-03 23:00:00+00:00,wassertemp,7.7
2026-04-04 00:00:00+00:00,wassertemp,7.6
2026-04-04 01:00:00+00:00,wassertemp,7.5
2026-04-04 02:00:00+00:00,wassertemp,7.5
2026-04-04 03:00:00+00:00,wassertemp,7.5
2026-04-04 04:00:00+00:00,wassertemp,8.1
2026-04-04 05:00:00+00:00,wassertemp,7.8
2026-04-04 06:00:00+00:00,wassertemp,7.6
2026-04-04 07:00:00+00:00,wassertemp,7.7
2026-04-04 08:00:00+00:00,wassertemp,7.7
2026-04-04 09:00:00+00:00,wassertemp,7.7
2026-04-04 10:00:00+00:00,wassertemp,7.7
2026-04-04 11:00:00+00:00,wassertemp,7.8
2026-04-04 12:00:00+00:00,wassertemp,7.9
2026-04-04 13:00:00+00:00,wassertemp,7.8
2026-04-04 14:00:00+00:00,wassertemp,8.0
2026-04-04 15:00:00+00:00,wassertemp,7.8
2026-04-04 16:00:00+00:00,wassertemp,7.8
2026-04-04 17:00:00+00:00,wassertemp,7.8
2026-04-04 18:00:00+00:00,wassertemp,7.8
2026-04-04 19:00:00+00:00,wassertemp,7.9
2026-04-04 20:00:00+00:00,wassertemp,8.0
2026-04-04 21:00:00+00:00,wassertemp,8.0
2026-04-04 22:00:00+00:00,wassertemp,8.0
2026-04-04 23:00:00+00:00,wassertemp,8.0
2026-04-05 00:00:00+00:00,wassertemp,8.0
2026-04-05 01:00:00+00:00,wassertemp,7.9
2026-04-05 02:00:00+00:00,wassertemp,7.8
2026-04-05 03:00:00+00:00,wassertemp,7.8
2026-04-05 04:00:00+00:00,wassertemp,7.8
2026-04-05 05:00:00+00:00,wassertemp,7.7
2026-04-05 06:00:00+00:00,wassertemp,7.6
2026-04-05 07:00:00+00:00,wassertemp,7.6
2026-04-05 08:00:00+00:00,wassertemp,7.6
2026-04-05 09:00:00+00:00,wassertemp,7.7
2026-04-05 10:00:00+00:00,wassertemp,7.8
2026-04-05 11:00:00+00:00,wassertemp,7.9
2026-04-05 12:00:00+00:00,wassertemp,8.1
2026-04-05 13:00:00+00:00,wassertemp,8.3
2026-04-05 14:00:00+00:00,wassertemp,8.6
2026-04-05 15:00:00+00:00,wassertemp,8.7
2026-04-05 16:00:00+00:00,wassertemp,8.8
2026-04-05 17:00:00+00:00,wassertemp,9.0
2026-04-05 18:00:00+00:00,wassertemp,9.0
2026-04-05 19:00:00+00:00,wassertemp,9.1
2026-04-05 20:00:00+00:00,wassertemp,9.1
2026-04-05 21:00:00+00:00,wassertemp,9.1
2026-04-05 22:00:00+00:00,wassertemp,9.1
2026-04-05 23:00:00+00:00,wassertemp,9.1
2026-04-06 00:00:00+00:00,wassertemp,9.1
2026-04-06 01:00:00+00:00,wassertemp,9.0
2026-04-06 02:00:00+00:00,wassertemp,9.0
2026-04-06 03:00:00+00:00,wassertemp,9.0
2026-04-06 04:00:00+00:00,wassertemp,8.8
2026-04-06 05:00:00+00:00,wassertemp,8.5
2026-04-06 06:00:00+00:00,wassertemp,8.3
2026-04-06 07:00:00+00:00,wassertemp,8.2
2026-04-06 08:00:00+00:00,wassertemp,8.3
2026-04-06 09:00:00+00:00,wassertemp,8.5
2026-04-06 10:00:00+00:00,wassertemp,8.8
2026-04-06 11:00:00+00:00,wassertemp,9.0
2026-04-06 12:00:00+00:00,wassertemp,9.2
2026-04-06 13:00:00+00:00,wassertemp,9.3
2026-04-06 14:00:00+00:00,wassertemp,9.4
2026-04-06 15:00:00+00:00,wassertemp,9.2
2026-04-06 16:00:00+00:00,wassertemp,9.3
2026-04-06 17:00:00+00:00,wassertemp,9.3
2026-04-06 18:00:00+00:00,wassertemp,9.7
2026-04-06 19:00:00+00:00,wassertemp,9.4
2026-04-06 20:00:00+00:00,wassertemp,9.5
2026-04-06 21:00:00+00:00,wassertemp,9.5
2026-04-06 22:00:00+00:00,wassertemp,9.5
2026-04-06 23:00:00+00:00,wassertemp,9.6
2026-04-07 00:00:00+00:00,wassertemp,9.2
2026-04-07 01:00:00+00:00,wassertemp,8.9
2026-04-07 02:00:00+00:00,wassertemp,8.6
2026-04-07 03:00:00+00:00,wassertemp,8.3
2026-04-07 04:00:00+00:00,wassertemp,8.2
2026-04-07 05:00:00+00:00,wassertemp,7.8
2026-04-07 06:00:00+00:00,wassertemp,7.5
2026-04-07 07:00:00+00:00,wassertemp,7.5
2026-04-07 08:00:00+00:00,wassertemp,7.8
2026-04-07 09:00:00+00:00,wassertemp,7.8
2026-04-07 10:00:00+00:00,wassertemp,8.0
2026-04-07 11:00:00+00:00,wassertemp,8.2
2026-04-07 12:00:00+00:00,wassertemp,8.5
2026-04-07 13:00:00+00:00,wassertemp,8.7
2026-04-07 14:00:00+00:00,wassertemp,9.0
2026-04-07 15:00:00+00:00,wassertemp,9.2
2026-04-07 16:00:00+00:00,wassertemp,9.3
2026-04-07 17:00:00+00:00,wassertemp,9.4
2026-04-07 18:00:00+00:00,wassertemp,9.6
2026-04-07 19:00:00+00:00,wassertemp,9.8
2026-04-07 20:00:00+00:00,wassertemp,9.7
2026-04-07 21:00:00+00:00,wassertemp,9.7
2026-04-07 22:00:00+00:00,wassertemp,9.7
2026-04-07 23:00:00+00:00,wassertemp,9.6
2026-04-08 00:00:00+00:00,wassertemp,9.4
2026-04-08 01:00:00+00:00,wassertemp,9.1
2026-04-08 02:00:00+00:00,wassertemp,8.8
2026-04-08 03:00:00+00:00,wassertemp,8.8
2026-04-08 04:00:00+00:00,wassertemp,8.5
2026-04-08 05:00:00+00:00,wassertemp,8.2
2026-04-08 06:00:00+00:00,wassertemp,8.0
2026-04-08 07:00:00+00:00,wassertemp,8.0
2026-04-08 08:00:00+00:00,wassertemp,8.2
2026-04-08 09:00:00+00:00,wassertemp,8.7
2026-04-08 10:00:00+00:00,wassertemp,8.6
2026-04-08 11:00:00+00:00,wassertemp,8.8
2026-04-08 12:00:00+00:00,wassertemp,9.0
2026-04-08 13:00:00+00:00,wassertemp,9.3
2026-04-08 14:00:00+00:00,wassertemp,9.5
2026-04-08 15:00:00+00:00,wassertemp,9.6
2026-04-08 16:00:00+00:00,wassertemp,9.7
2026-04-08 17:00:00+00:00,wassertemp,10.1
2026-04-08 18:00:00+00:00,wassertemp,9.9
2026-04-08 19:00:00+00:00,wassertemp,10.0
2026-04-08 20:00:00+00:00,wassertemp,10.0
2026-04-08 21:00:00+00:00,wassertemp,9.9
2026-04-08 22:00:00+00:00,wassertemp,9.9
2026-04-08 23:00:00+00:00,wassertemp,9.7
2026-04-09 00:00:00+00:00,wassertemp,9.5
2026-04-09 01:00:00+00:00,wassertemp,9.2
2026-04-09 02:00:00+00:00,wassertemp,8.9
2026-04-09 03:00:00+00:00,wassertemp,8.7
2026-04-09 04:00:00+00:00,wassertemp,8.5
2026-04-09 05:00:00+00:00,wassertemp,8.2
2026-04-09 06:00:00+00:00,wassertemp,8.1
2026-04-09 07:00:00+00:00,wassertemp,7.9
2026-04-09 08:00:00+00:00,wassertemp,8.0
2026-04-09 09:00:00+00:00,wassertemp,8.3
2026-04-09 10:00:00+00:00,wassertemp,9.0
2026-04-09 11:00:00+00:00,wassertemp,8.5
2026-04-09 12:00:00+00:00,wassertemp,8.7
2026-04-09 13:00:00+00:00,wassertemp,8.8
2026-04-09 14:00:00+00:00,wassertemp,8.9
2026-04-09 15:00:00+00:00,wassertemp,9.0
2026-04-09 16:00:00+00:00,wassertemp,9.0
2026-04-09 17:00:00+00:00,wassertemp,9.2
2026-04-09 18:00:00+00:00,wassertemp,9.2
2026-04-09 19:00:00+00:00,wassertemp,9.3
2026-04-09 20:00:00+00:00,wassertemp,9.4
2026-04-09 21:00:00+00:00,wassertemp,9.4
2026-04-09 22:00:00+00:00,wassertemp,9.4
2026-04-09 23:00:00+00:00,wassertemp,9.4
2026-04-10 00:00:00+00:00,wassertemp,9.3
2026-04-10 01:00:00+00:00,wassertemp,9.2
2026-04-10 02:00:00+00:00,wassertemp,9.0
2026-04-10 03:00:00+00:00,wassertemp,8.9
2026-04-10 04:00:00+00:00,wassertemp,8.8
2026-04-10 05:00:00+00:00,wassertemp,8.6
2026-04-10 06:00:00+00:00,wassertemp,8.4
2026-04-10 07:00:00+00:00,wassertemp,8.3
2026-04-10 08:00:00+00:00,wassertemp,8.2
2026-04-10 09:00:00+00:00,wassertemp,8.3
2026-04-10 10:00:00+00:00,wassertemp,8.3
2026-04-10 11:00:00+00:00,wassertemp,8.3
2026-04-10 12:00:00+00:00,wassertemp,8.5
2026-04-10 13:00:00+00:00,wassertemp,8.5
2026-04-10 14:00:00+00:00,wassertemp,8.6
2026-04-10 15:00:00+00:00,wassertemp,8.7
2026-04-10 16:00:00+00:00,wassertemp,8.8
2026-04-10 17:00:00+00:00,wassertemp,8.8
2026-04-10 18:00:00+00:00,wassertemp,8.8
2026-04-10 19:00:00+00:00,wassertemp,8.8
2026-04-10 20:00:00+00:00,wassertemp,8.8
2026-04-10 21:00:00+00:00,wassertemp,8.8
2026-04-10 22:00:00+00:00,wassertemp,8.8
2026-04-10 23:00:00+00:00,wassertemp,8.8
2026-04-11 00:00:00+00:00,wassertemp,8.7
2026-04-11 01:00:00+00:00,wassertemp,8.6
2026-04-11 02:00:00+00:00,wassertemp,8.5
2026-04-11 03:00:00+00:00,wassertemp,8.4
2026-04-11 04:00:00+00:00,wassertemp,8.2
2026-04-11 05:00:00+00:00,wassertemp,8.1
2026-04-11 06:00:00+00:00,wassertemp,8.1
2026-04-11 07:00:00+00:00,wassertemp,8.1
2026-04-11 08:00:00+00:00,wassertemp,8.8
2026-04-11 09:00:00+00:00,wassertemp,8.6
2026-04-11 10:00:00+00:00,wassertemp,8.5
2026-04-11 11:00:00+00:00,wassertemp,8.8
2026-04-11 12:00:00+00:00,wassertemp,9.0
2026-04-11 13:00:00+00:00,wassertemp,9.3
2026-04-11 14:00:00+00:00,wassertemp,9.5
2026-04-11 15:00:00+00:00,wassertemp,9.7
2026-04-11 16:00:00+00:00,wassertemp,9.8
2026-04-11 17:00:00+00:00,wassertemp,9.9
2026-04-11 18:00:00+00:00,wassertemp,10.0
2026-04-11 19:00:00+00:00,wassertemp,10.1
2026-04-11 20:00:00+00:00,wassertemp,10.1
2026-04-11 21:00:00+00:00,wassertemp,10.2
2026-04-11 22:00:00+00:00,wassertemp,10.3
2026-04-11 23:00:00+00:00,wassertemp,10.4
2026-04-12 00:00:00+00:00,wassertemp,10.4
2026-04-12 01:00:00+00:00,wassertemp,10.4
2026-04-12 02:00:00+00:00,wassertemp,10.3
2026-04-12 03:00:00+00:00,wassertemp,10.3
2026-04-12 04:00:00+00:00,wassertemp,10.1
2026-04-12 05:00:00+00:00,wassertemp,9.9
2026-04-12 06:00:00+00:00,wassertemp,9.7
2026-04-12 07:00:00+00:00,wassertemp,9.6
2026-04-12 08:00:00+00:00,wassertemp,9.5
2026-04-12 09:00:00+00:00,wassertemp,9.5
2026-04-12 10:00:00+00:00,wassertemp,9.5
2026-04-12 11:00:00+00:00,wassertemp,9.6
2026-04-12 12:00:00+00:00,wassertemp,9.7
2026-04-12 13:00:00+00:00,wassertemp,9.8
2026-04-12 14:00:00+00:00,wassertemp,9.8
2026-04-12 15:00:00+00:00,wassertemp,9.8
2026-04-12 16:00:00+00:00,wassertemp,10.6
2026-04-12 17:00:00+00:00,wassertemp,10.4
2026-04-12 18:00:00+00:00,wassertemp,10.2
2026-04-12 19:00:00+00:00,wassertemp,10.0
2026-04-12 20:00:00+00:00,wassertemp,9.7
2026-04-12 21:00:00+00:00,wassertemp,9.6
2026-04-12 22:00:00+00:00,wassertemp,9.7
2026-04-12 23:00:00+00:00,wassertemp,9.8
2026-04-13 00:00:00+00:00,wassertemp,9.7
2026-04-13 01:00:00+00:00,wassertemp,9.6
2026-04-13 02:00:00+00:00,wassertemp,9.4
2026-04-13 03:00:00+00:00,wassertemp,9.4
2026-04-13 04:00:00+00:00,wassertemp,9.3
2026-04-13 05:00:00+00:00,wassertemp,9.2
2026-04-13 06:00:00+00:00,wassertemp,9.1
2026-04-13 07:00:00+00:00,wassertemp,9.0
2026-04-13 08:00:00+00:00,wassertemp,9.0
2026-04-13 09:00:00+00:00,wassertemp,9.0
2026-04-13 10:00:00+00:00,wassertemp,9.1
2026-04-13 11:00:00+00:00,wassertemp,9.1
2026-04-13 12:00:00+00:00,wassertemp,9.2
2026-04-13 13:00:00+00:00,wassertemp,9.3
2026-04-13 14:00:00+00:00,wassertemp,9.4
2026-04-13 15:00:00+00:00,wassertemp,9.5
2026-04-13 16:00:00+00:00,wassertemp,9.5
2026-04-13 17:00:00+00:00,wassertemp,9.5
2026-04-13 18:00:00+00:00,wassertemp,9.5
2026-04-13 19:00:00+00:00,wassertemp,9.5
2026-04-13 20:00:00+00:00,wassertemp,9.4
2026-04-13 21:00:00+00:00,wassertemp,9.4
2026-04-13 22:00:00+00:00,wassertemp,9.3
2026-04-13 23:00:00+00:00,wassertemp,9.2
2026-04-14 00:00:00+00:00,wassertemp,9.1
2026-04-14 01:00:00+00:00,wassertemp,9.0
2026-04-14 02:00:00+00:00,wassertemp,8.9
2026-04-14 03:00:00+00:00,wassertemp,8.8
2026-04-14 04:00:00+00:00,wassertemp,8.7
2026-04-14 05:00:00+00:00,wassertemp,8.6
2026-04-14 06:00:00+00:00,wassertemp,8.5
2026-04-14 07:00:00+00:00,wassertemp,8.4
2026-04-14 08:00:00+00:00,wassertemp,8.4
2026-04-14 09:00:00+00:00,wassertemp,8.4
2026-04-14 10:00:00+00:00,wassertemp,8.4
2026-04-14 11:00:00+00:00,wassertemp,8.4
2026-04-14 12:00:00+00:00,wassertemp,8.5
2026-04-14 13:00:00+00:00,wassertemp,8.5
2026-04-14 14:00:00+00:00,wassertemp,8.6
2026-04-14 15:00:00+00:00,wassertemp,8.6
2026-04-14 16:00:00+00:00,wassertemp,8.7
2026-04-14 17:00:00+00:00,wassertemp,8.7
2026-04-14 18:00:00+00:00,wassertemp,8.7
2026-04-14 19:00:00+00:00,wassertemp,8.7
2026-04-14 20:00:00+00:00,wassertemp,8.7
2026-04-14 21:00:00+00:00,wassertemp,8.8
2026-04-14 22:00:00+00:00,wassertemp,8.8
2026-04-14 23:00:00+00:00,wassertemp,8.9
2026-04-15 00:00:00+00:00,wassertemp,9.0
2026-04-15 01:00:00+00:00,wassertemp,9.0
2026-04-15 02:00:00+00:00,wassertemp,9.0
2026-04-15 03:00:00+00:00,wassertemp,9.0
2026-04-15 04:00:00+00:00,wassertemp,9.0
2026-04-15 05:00:00+00:00,wassertemp,8.6
2026-04-15 06:00:00+00:00,wassertemp,8.5
2026-04-15 07:00:00+00:00,wassertemp,8.5
2026-04-15 08:00:00+00:00,wassertemp,8.6
2026-04-15 09:00:00+00:00,wassertemp,8.6
2026-04-15 10:00:00+00:00,wassertemp,8.6
2026-04-15 11:00:00+00:00,wassertemp,8.7
2026-04-15 12:00:00+00:00,wassertemp,8.9
2026-04-15 13:00:00+00:00,wassertemp,8.8
2026-04-15 14:00:00+00:00,wassertemp,8.8
2026-04-15 15:00:00+00:00,wassertemp,8.8
2026-04-15 16:00:00+00:00,wassertemp,8.8
2026-04-15 17:00:00+00:00,wassertemp,8.9
2026-04-15 18:00:00+00:00,wassertemp,8.8
2026-04-15 19:00:00+00:00,wassertemp,9.0
2026-04-15 20:00:00+00:00,wassertemp,9.0
2026-04-15 21:00:00+00:00,wassertemp,9.0
2026-04-15 22:00:00+00:00,wassertemp,9.1
2026-04-15 23:00:00+00:00,wassertemp,9.1
2026-04-16 00:00:00+00:00,wassertemp,9.1
2026-04-16 01:00:00+00:00,wassertemp,9.1
2026-04-16 02:00:00+00:00,wassertemp,9.1
2026-04-16 03:00:00+00:00,wassertemp,9.1
2026-04-16 04:00:00+00:00,wassertemp,9.0
2026-04-16 05:00:00+00:00,wassertemp,9.0
2026-04-16 06:00:00+00:00,wassertemp,8.8
2026-04-16 07:00:00+00:00,wassertemp,8.8
2026-04-16 08:00:00+00:00,wassertemp,8.8
2026-04-16 09:00:00+00:00,wassertemp,8.9
2026-04-16 10:00:00+00:00,wassertemp,9.4
2026-04-16 11:00:00+00:00,wassertemp,9.5
2026-04-16 12:00:00+00:00,wassertemp,9.7
2026-04-16 13:00:00+00:00,wassertemp,9.9
2026-04-16 14:00:00+00:00,wassertemp,10.1
2026-04-16 15:00:00+00:00,wassertemp,10.3
2026-04-16 16:00:00+00:00,wassertemp,10.7
2026-04-16 17:00:00+00:00,wassertemp,11.0
2026-04-16 18:00:00+00:00,wassertemp,11.1
2026-04-16 19:00:00+00:00,wassertemp,11.0
2026-04-16 20:00:00+00:00,wassertemp,11.1
2026-04-16 21:00:00+00:00,wassertemp,11.0
2026-04-16 22:00:00+00:00,wassertemp,11.2
2026-04-16 23:00:00+00:00,wassertemp,11.1
2026-04-17 00:00:00+00:00,wassertemp,11.2
2026-04-17 01:00:00+00:00,wassertemp,11.0
2026-04-17 02:00:00+00:00,wassertemp,10.8
2026-04-17 03:00:00+00:00,wassertemp,10.5
2026-04-17 04:00:00+00:00,wassertemp,10.2
2026-04-17 05:00:00+00:00,wassertemp,9.9
2026-04-17 06:00:00+00:00,wassertemp,9.6
2026-04-17 07:00:00+00:00,wassertemp,9.5
2026-04-17 08:00:00+00:00,wassertemp,9.5
2026-04-17 09:00:00+00:00,wassertemp,9.7
2026-04-17 10:00:00+00:00,wassertemp,10.1
2026-04-17 11:00:00+00:00,wassertemp,10.0
2026-04-17 12:00:00+00:00,wassertemp,10.0
2026-04-17 13:00:00+00:00,wassertemp,10.3
2026-04-17 14:00:00+00:00,wassertemp,10.7
2026-04-17 15:00:00+00:00,wassertemp,10.9
2026-04-17 16:00:00+00:00,wassertemp,11.1
2026-04-17 17:00:00+00:00,wassertemp,11.9
2026-04-17 18:00:00+00:00,wassertemp,11.8
2026-04-17 19:00:00+00:00,wassertemp,12.0
2026-04-17 20:00:00+00:00,wassertemp,11.9
2026-04-17 21:00:00+00:00,wassertemp,11.9
2026-04-17 22:00:00+00:00,wassertemp,12.0
2026-04-17 23:00:00+00:00,wassertemp,11.9
2026-04-18 00:00:00+00:00,wassertemp,11.9
2026-04-18 01:00:00+00:00,wassertemp,11.8
2026-04-18 02:00:00+00:00,wassertemp,11.5
2026-04-18 03:00:00+00:00,wassertemp,11.3
2026-04-18 04:00:00+00:00,wassertemp,11.1
2026-04-18 05:00:00+00:00,wassertemp,10.8
2026-04-18 06:00:00+00:00,wassertemp,10.6
2026-04-18 07:00:00+00:00,wassertemp,10.4
2026-04-18 08:00:00+00:00,wassertemp,10.2
2026-04-18 09:00:00+00:00,wassertemp,10.3
2026-04-18 10:00:00+00:00,wassertemp,10.5
2026-04-18 11:00:00+00:00,wassertemp,10.4
2026-04-18 12:00:00+00:00,wassertemp,10.5
2026-04-18 13:00:00+00:00,wassertemp,10.7
2026-04-18 14:00:00+00:00,wassertemp,10.7
2026-04-18 15:00:00+00:00,wassertemp,11.4
2026-04-18 16:00:00+00:00,wassertemp,11.3
2026-04-18 17:00:00+00:00,wassertemp,11.5
2026-04-18 18:00:00+00:00,wassertemp,11.7
2026-04-18 19:00:00+00:00,wassertemp,12.2
2026-04-18 20:00:00+00:00,wassertemp,11.9
2026-04-18 21:00:00+00:00,wassertemp,11.9
2026-04-18 22:00:00+00:00,wassertemp,11.8
2026-04-18 23:00:00+00:00,wassertemp,12.0
2026-04-19 00:00:00+00:00,wassertemp,12.1
2026-04-19 01:00:00+00:00,wassertemp,12.3
2026-04-19 02:00:00+00:00,wassertemp,11.9
2026-04-19 03:00:00+00:00,wassertemp,11.9
2026-04-19 04:00:00+00:00,wassertemp,11.8
2026-04-19 05:00:00+00:00,wassertemp,11.7
2026-04-19 06:00:00+00:00,wassertemp,11.4
2026-04-19 07:00:00+00:00,wassertemp,11.2
2026-04-19 08:00:00+00:00,wassertemp,11.0
2026-04-19 09:00:00+00:00,wassertemp,10.8
2026-04-19 10:00:00+00:00,wassertemp,11.2
2026-04-19 11:00:00+00:00,wassertemp,10.5
2026-04-19 12:00:00+00:00,wassertemp,10.4
2026-04-19 13:00:00+00:00,wassertemp,10.4
2026-04-19 14:00:00+00:00,wassertemp,10.5
2026-04-19 15:00:00+00:00,wassertemp,10.5
2026-04-19 16:00:00+00:00,wassertemp,10.6
2026-04-19 17:00:00+00:00,wassertemp,10.7
2026-04-19 18:00:00+00:00,wassertemp,11.0
2026-04-19 19:00:00+00:00,wassertemp,11.3
2026-04-19 20:00:00+00:00,wassertemp,10.8
2026-04-19 21:00:00+00:00,wassertemp,10.7
2026-04-19 22:00:00+00:00,wassertemp,10.7
2026-04-19 23:00:00+00:00,wassertemp,10.7
2026-04-20 00:00:00+00:00,wassertemp,10.7
2026-04-20 01:00:00+00:00,wassertemp,10.7
2026-04-20 02:00:00+00:00,wassertemp,10.7
2026-04-20 03:00:00+00:00,wassertemp,10.6
2026-04-20 04:00:00+00:00,wassertemp,10.4
2026-04-20 05:00:00+00:00,wassertemp,10.2
2026-04-20 06:00:00+00:00,wassertemp,10.0
2026-04-20 07:00:00+00:00,wassertemp,9.8
2026-04-20 08:00:00+00:00,wassertemp,9.8
2026-04-20 09:00:00+00:00,wassertemp,9.7
2026-04-20 10:00:00+00:00,wassertemp,9.7
2026-04-20 11:00:00+00:00,wassertemp,9.9
2026-04-20 12:00:00+00:00,wassertemp,10.0
2026-04-20 13:00:00+00:00,wassertemp,10.2
2026-04-20 14:00:00+00:00,wassertemp,10.4
2026-04-20 15:00:00+00:00,wassertemp,10.6
2026-04-20 16:00:00+00:00,wassertemp,10.6
2026-04-20 17:00:00+00:00,wassertemp,10.6
2026-04-20 18:00:00+00:00,wassertemp,10.6
2026-04-20 19:00:00+00:00,wassertemp,10.6
2026-04-20 20:00:00+00:00,wassertemp,10.7
2026-04-20 21:00:00+00:00,wassertemp,10.6
2026-04-20 22:00:00+00:00,wassertemp,10.6
2026-04-20 23:00:00+00:00,wassertemp,10.7
2026-04-21 00:00:00+00:00,wassertemp,10.6
2026-04-21 01:00:00+00:00,wassertemp,10.6
2026-04-21 02:00:00+00:00,wassertemp,10.5
2026-04-21 03:00:00+00:00,wassertemp,10.5
2026-04-21 04:00:00+00:00,wassertemp,10.3
2026-04-21 05:00:00+00:00,wassertemp,10.2
2026-04-21 06:00:00+00:00,wassertemp,10.0
2026-04-21 07:00:00+00:00,wassertemp,9.9
2026-04-21 08:00:00+00:00,wassertemp,9.8
2026-04-21 09:00:00+00:00,wassertemp,9.9
2026-04-21 10:00:00+00:00,wassertemp,10.4
2026-04-21 11:00:00+00:00,wassertemp,10.1
2026-04-21 12:00:00+00:00,wassertemp,10.1
2026-04-21 13:00:00+00:00,wassertemp,10.3
2026-04-21 14:00:00+00:00,wassertemp,10.6
2026-04-21 15:00:00+00:00,wassertemp,10.5
2026-04-21 16:00:00+00:00,wassertemp,10.5
2026-04-21 17:00:00+00:00,wassertemp,11.3
2026-04-21 18:00:00+00:00,wassertemp,10.8
2026-04-21 19:00:00+00:00,wassertemp,10.6
2026-04-21 20:00:00+00:00,wassertemp,10.6
2026-04-21 21:00:00+00:00,wassertemp,10.5
2026-04-21 22:00:00+00:00,wassertemp,10.4
2026-04-21 23:00:00+00:00,wassertemp,10.3
2026-04-22 00:00:00+00:00,wassertemp,10.1
2026-04-22 01:00:00+00:00,wassertemp,9.9
2026-04-22 02:00:00+00:00,wassertemp,9.8
2026-04-22 03:00:00+00:00,wassertemp,9.6
2026-04-22 04:00:00+00:00,wassertemp,9.4
2026-04-22 05:00:00+00:00,wassertemp,9.2
2026-04-22 06:00:00+00:00,wassertemp,9.1
2026-04-22 07:00:00+00:00,wassertemp,9.0
2026-04-22 08:00:00+00:00,wassertemp,9.0
2026-04-22 09:00:00+00:00,wassertemp,9.0
2026-04-22 10:00:00+00:00,wassertemp,9.3
2026-04-22 11:00:00+00:00,wassertemp,9.3
2026-04-22 12:00:00+00:00,wassertemp,9.5
2026-04-22 13:00:00+00:00,wassertemp,9.7
2026-04-22 14:00:00+00:00,wassertemp,9.9
2026-04-22 15:00:00+00:00,wassertemp,10.5
2026-04-22 16:00:00+00:00,wassertemp,10.2
2026-04-22 17:00:00+00:00,wassertemp,10.3
2026-04-22 18:00:00+00:00,wassertemp,11.1
2026-04-22 19:00:00+00:00,wassertemp,10.9
2026-04-22 20:00:00+00:00,wassertemp,10.5
2026-04-22 21:00:00+00:00,wassertemp,10.5
2026-04-22 22:00:00+00:00,wassertemp,10.5
2026-04-22 23:00:00+00:00,wassertemp,10.4
2026-04-23 00:00:00+00:00,wassertemp,10.4
2026-04-23 01:00:00+00:00,wassertemp,10.3
2026-04-23 02:00:00+00:00,wassertemp,10.2
2026-04-23 03:00:00+00:00,wassertemp,10.2
2026-04-23 04:00:00+00:00,wassertemp,10.0
2026-04-23 05:00:00+00:00,wassertemp,9.9
2026-04-23 06:00:00+00:00,wassertemp,9.7
2026-04-23 07:00:00+00:00,wassertemp,9.6
2026-04-23 08:00:00+00:00,wassertemp,9.6
2026-04-23 09:00:00+00:00,wassertemp,9.6
2026-04-23 10:00:00+00:00,wassertemp,9.8
2026-04-23 11:00:00+00:00,wassertemp,10.0
2026-04-23 12:00:00+00:00,wassertemp,9.8
2026-04-23 13:00:00+00:00,wassertemp,10.0
2026-04-23 14:00:00+00:00,wassertemp,10.3
2026-04-23 15:00:00+00:00,wassertemp,10.4
2026-04-23 16:00:00+00:00,wassertemp,10.4
2026-04-23 17:00:00+00:00,wassertemp,10.7
2026-04-23 18:00:00+00:00,wassertemp,11.1
2026-04-23 19:00:00+00:00,wassertemp,11.2
2026-04-23 20:00:00+00:00,wassertemp,10.9
2026-04-23 21:00:00+00:00,wassertemp,10.8
2026-04-23 22:00:00+00:00,wassertemp,10.8
2026-04-23 23:00:00+00:00,wassertemp,10.8
2026-04-24 00:00:00+00:00,wassertemp,10.7
2026-04-24 01:00:00+00:00,wassertemp,10.7
2026-04-24 02:00:00+00:00,wassertemp,10.7
2026-04-24 03:00:00+00:00,wassertemp,10.7
2026-04-24 04:00:00+00:00,wassertemp,10.6
2026-04-24 05:00:00+00:00,wassertemp,10.6
2026-04-24 06:00:00+00:00,wassertemp,10.6
2026-04-24 07:00:00+00:00,wassertemp,10.6
2026-04-24 08:00:00+00:00,wassertemp,10.6
2026-04-24 09:00:00+00:00,wassertemp,10.9
2026-04-24 10:00:00+00:00,wassertemp,11.2
2026-04-24 11:00:00+00:00,wassertemp,10.7
2026-04-24 12:00:00+00:00,wassertemp,10.6
2026-04-24 13:00:00+00:00,wassertemp,10.8
2026-04-24 14:00:00+00:00,wassertemp,10.9
2026-04-24 15:00:00+00:00,wassertemp,10.9
2026-04-24 16:00:00+00:00,wassertemp,11.0
2026-04-24 17:00:00+00:00,wassertemp,11.0
2026-04-24 18:00:00+00:00,wassertemp,11.8
2026-04-24 19:00:00+00:00,wassertemp,11.7
2026-04-24 20:00:00+00:00,wassertemp,11.8
2026-04-24 21:00:00+00:00,wassertemp,11.5
2026-04-24 22:00:00+00:00,wassertemp,11.3
2026-04-24 23:00:00+00:00,wassertemp,11.3
2026-04-25 00:00:00+00:00,wassertemp,11.2
2026-04-25 01:00:00+00:00,wassertemp,11.1
2026-04-25 02:00:00+00:00,wassertemp,11.1
2026-04-25 03:00:00+00:00,wassertemp,11.1
2026-04-25 04:00:00+00:00,wassertemp,11.1
2026-04-25 05:00:00+00:00,wassertemp,11.1
2026-04-25 06:00:00+00:00,wassertemp,11.1
2026-04-25 07:00:00+00:00,wassertemp,11.3
2026-04-25 08:00:00+00:00,wassertemp,12.2
2026-04-25 09:00:00+00:00,wassertemp,11.5
2026-04-25 10:00:00+00:00,wassertemp,11.6
2026-04-25 11:00:00+00:00,wassertemp,11.7
2026-04-25 12:00:00+00:00,wassertemp,11.9
2026-04-25 13:00:00+00:00,wassertemp,12.0
2026-04-25 14:00:00+00:00,wassertemp,12.0
2026-04-25 15:00:00+00:00,wassertemp,12.1
2026-04-25 16:00:00+00:00,wassertemp,12.0
2026-04-25 17:00:00+00:00,wassertemp,12.0
2026-04-25 18:00:00+00:00,wassertemp,12.0
2026-04-25 19:00:00+00:00,wassertemp,12.0
2026-04-25 20:00:00+00:00,wassertemp,12.4
2026-04-25 21:00:00+00:00,wassertemp,12.0
2026-04-25 22:00:00+00:00,wassertemp,11.9
2026-04-25 23:00:00+00:00,wassertemp,11.8
2026-04-26 00:00:00+00:00,wassertemp,11.8
2026-04-26 01:00:00+00:00,wassertemp,11.7
2026-04-26 02:00:00+00:00,wassertemp,11.6
2026-04-26 03:00:00+00:00,wassertemp,11.6
2026-04-26 04:00:00+00:00,wassertemp,11.6
2026-04-26 05:00:00+00:00,wassertemp,11.6
2026-04-26 06:00:00+00:00,wassertemp,11.6
2026-04-26 07:00:00+00:00,wassertemp,11.7
2026-04-26 08:00:00+00:00,wassertemp,12.1
2026-04-26 09:00:00+00:00,wassertemp,12.6
2026-04-26 10:00:00+00:00,wassertemp,12.4
2026-04-26 11:00:00+00:00,wassertemp,12.7
2026-04-26 12:00:00+00:00,wassertemp,12.8
2026-04-26 13:00:00+00:00,wassertemp,13.0
2026-04-26 14:00:00+00:00,wassertemp,13.1
2026-04-26 15:00:00+00:00,wassertemp,12.9
2026-04-26 16:00:00+00:00,wassertemp,12.8
2026-04-26 17:00:00+00:00,wassertemp,12.6
2026-04-26 18:00:00+00:00,wassertemp,12.6
2026-04-26 19:00:00+00:00,wassertemp,13.0
2026-04-26 20:00:00+00:00,wassertemp,12.4
2026-04-26 21:00:00+00:00,wassertemp,12.7
2026-04-26 22:00:00+00:00,wassertemp,12.2
2026-04-26 23:00:00+00:00,wassertemp,12.2
2026-04-27 00:00:00+00:00,wassertemp,12.3
2026-04-27 01:00:00+00:00,wassertemp,12.1
2026-04-27 02:00:00+00:00,wassertemp,11.9
2026-04-27 03:00:00+00:00,wassertemp,11.8
2026-04-27 04:00:00+00:00,wassertemp,11.7
2026-04-27 05:00:00+00:00,wassertemp,11.7
2026-04-27 06:00:00+00:00,wassertemp,11.7
2026-04-27 07:00:00+00:00,wassertemp,11.9
2026-04-27 08:00:00+00:00,wassertemp,12.1
2026-04-27 09:00:00+00:00,wassertemp,12.6
2026-04-27 10:00:00+00:00,wassertemp,12.6
2026-04-27 11:00:00+00:00,wassertemp,12.9
2026-04-27 12:00:00+00:00,wassertemp,12.8
2026-04-27 13:00:00+00:00,wassertemp,13.1
2026-04-27 14:00:00+00:00,wassertemp,13.3
2026-04-27 15:00:00+00:00,wassertemp,13.6
2026-04-27 16:00:00+00:00,wassertemp,13.3
2026-04-27 17:00:00+00:00,wassertemp,13.5
2026-04-27 18:00:00+00:00,wassertemp,13.2
2026-04-27 19:00:00+00:00,wassertemp,13.1
2026-04-27 20:00:00+00:00,wassertemp,12.7
2026-04-27 21:00:00+00:00,wassertemp,12.7
2026-04-27 22:00:00+00:00,wassertemp,12.6
2026-04-27 23:00:00+00:00,wassertemp,12.6
2026-04-28 00:00:00+00:00,wassertemp,12.5
2026-04-28 01:00:00+00:00,wassertemp,12.4
2026-04-28 02:00:00+00:00,wassertemp,12.3
2026-04-28 03:00:00+00:00,wassertemp,12.3
2026-04-28 04:00:00+00:00,wassertemp,12.2
2026-04-28 05:00:00+00:00,wassertemp,12.2
2026-04-28 06:00:00+00:00,wassertemp,12.2
2026-04-28 07:00:00+00:00,wassertemp,12.3
2026-04-28 08:00:00+00:00,wassertemp,12.4
2026-04-28 09:00:00+00:00,wassertemp,12.6
2026-04-28 10:00:00+00:00,wassertemp,13.0
2026-04-28 11:00:00+00:00,wassertemp,12.9
2026-04-28 12:00:00+00:00,wassertemp,13.0
2026-04-28 13:00:00+00:00,wassertemp,13.1
2026-04-28 14:00:00+00:00,wassertemp,13.2
2026-04-28 15:00:00+00:00,wassertemp,13.4
2026-04-28 16:00:00+00:00,wassertemp,13.2
2026-04-28 17:00:00+00:00,wassertemp,12.9
2026-04-28 18:00:00+00:00,wassertemp,13.3
2026-04-28 19:00:00+00:00,wassertemp,13.5
2026-04-28 20:00:00+00:00,wassertemp,13.0
2026-04-28 21:00:00+00:00,wassertemp,12.9
2026-04-28 22:00:00+00:00,wassertemp,13.0
2026-04-28 23:00:00+00:00,wassertemp,13.1
2026-04-29 00:00:00+00:00,wassertemp,12.9
2026-04-29 01:00:00+00:00,wassertemp,12.8
2026-04-29 02:00:00+00:00,wassertemp,12.8
2026-04-29 03:00:00+00:00,wassertemp,12.7
2026-04-29 04:00:00+00:00,wassertemp,12.6
2026-04-29 05:00:00+00:00,wassertemp,12.7
2026-04-29 06:00:00+00:00,wassertemp,12.7
2026-04-29 07:00:00+00:00,wassertemp,12.7
2026-04-29 08:00:00+00:00,wassertemp,12.7
2026-04-29 09:00:00+00:00,wassertemp,13.5
2026-04-29 10:00:00+00:00,wassertemp,13.2
2026-04-29 11:00:00+00:00,wassertemp,13.2
2026-04-29 12:00:00+00:00,wassertemp,13.3
2026-04-29 13:00:00+00:00,wassertemp,13.6
2026-04-29 14:00:00+00:00,wassertemp,13.6
2026-04-29 15:00:00+00:00,wassertemp,13.6
2026-04-29 16:00:00+00:00,wassertemp,13.4
2026-04-29 17:00:00+00:00,wassertemp,13.1
2026-04-29 18:00:00+00:00,wassertemp,13.3
2026-04-29 19:00:00+00:00,wassertemp,13.7
2026-04-29 20:00:00+00:00,wassertemp,13.2
2026-04-29 21:00:00+00:00,wassertemp,13.0
2026-04-29 22:00:00+00:00,wassertemp,13.1
2026-04-29 23:00:00+00:00,wassertemp,12.8
2026-04-30 00:00:00+00:00,wassertemp,12.6
2026-04-30 01:00:00+00:00,wassertemp,12.4
2026-04-30 02:00:00+00:00,wassertemp,12.2
2026-04-30 03:00:00+00:00,wassertemp,12.1
2026-04-30 04:00:00+00:00,wassertemp,12.0
2026-04-30 05:00:00+00:00,wassertemp,12.0
2026-04-30 06:00:00+00:00,wassertemp,11.8
2026-04-30 07:00:00+00:00,wassertemp,11.8
2026-04-30 08:00:00+00:00,wassertemp,11.9
2026-04-30 09:00:00+00:00,wassertemp,12.4
2026-04-30 10:00:00+00:00,wassertemp,12.3
2026-04-30 11:00:00+00:00,wassertemp,12.1
2026-04-30 12:00:00+00:00,wassertemp,12.1
2026-04-30 13:00:00+00:00,wassertemp,12.2
2026-04-30 14:00:00+00:00,wassertemp,12.2
2026-04-30 15:00:00+00:00,wassertemp,12.6
2026-04-30 16:00:00+00:00,wassertemp,12.3
2026-04-30 17:00:00+00:00,wassertemp,12.6
2026-04-30 18:00:00+00:00,wassertemp,12.7
2026-04-30 19:00:00+00:00,wassertemp,12.4
2026-04-30 20:00:00+00:00,wassertemp,12.2
2026-04-30 21:00:00+00:00,wassertemp,12.2
2026-04-30 22:00:00+00:00,wassertemp,12.1
2026-04-30 23:00:00+00:00,wassertemp,12.1
2026-05-01 00:00:00+00:00,wassertemp,11.9
2026-05-01 01:00:00+00:00,wassertemp,11.7
2026-05-01 02:00:00+00:00,wassertemp,11.7
2026-05-01 03:00:00+00:00,wassertemp,11.6
2026-05-01 04:00:00+00:00,wassertemp,11.6
2026-05-01 05:00:00+00:00,wassertemp,11.5
2026-05-01 06:00:00+00:00,wassertemp,11.5
2026-05-01 07:00:00+00:00,wassertemp,11.5
2026-05-01 08:00:00+00:00,wassertemp,11.6
2026-05-01 09:00:00+00:00,wassertemp,11.7
2026-05-01 10:00:00+00:00,wassertemp,11.7
2026-05-01 11:00:00+00:00,wassertemp,11.9
2026-05-01 12:00:00+00:00,wassertemp,12.1
2026-05-01 13:00:00+00:00,wassertemp,12.3
2026-05-01 14:00:00+00:00,wassertemp,12.4
2026-05-01 15:00:00+00:00,wassertemp,12.6
2026-05-01 16:00:00+00:00,wassertemp,12.7
2026-05-01 17:00:00+00:00,wassertemp,12.5
2026-05-01 18:00:00+00:00,wassertemp,12.6
2026-03-21 23:00:00+00:00,airtemp_96,2.3
2026-03-22 00:00:00+00:00,airtemp_96,2.5
2026-03-22 01:00:00+00:00,airtemp_96,2.2
2026-03-22 02:00:00+00:00,airtemp_96,2.2
2026-03-22 03:00:00+00:00,airtemp_96,2.3
2026-03-22 04:00:00+00:00,airtemp_96,2.3
2026-03-22 05:00:00+00:00,airtemp_96,2.4
2026-03-22 06:00:00+00:00,airtemp_96,2.4
2026-03-22 07:00:00+00:00,airtemp_96,2.8
2026-03-22 08:00:00+00:00,airtemp_96,3.3
2026-03-22 09:00:00+00:00,airtemp_96,3.7
2026-03-22 10:00:00+00:00,airtemp_96,4.0
2026-03-22 11:00:00+00:00,airtemp_96,1.8
2026-03-22 12:00:00+00:00,airtemp_96,3.7
2026-03-22 13:00:00+00:00,airtemp_96,3.2
2026-03-22 14:00:00+00:00,airtemp_96,3.3
2026-03-22 15:00:00+00:00,airtemp_96,4.9
2026-03-22 16:00:00+00:00,airtemp_96,4.1
2026-03-22 17:00:00+00:00,airtemp_96,1.5
2026-03-22 18:00:00+00:00,airtemp_96,1.7
2026-03-22 19:00:00+00:00,airtemp_96,2.1
2026-03-22 20:00:00+00:00,airtemp_96,1.7
2026-03-22 21:00:00+00:00,airtemp_96,1.7
2026-03-22 22:00:00+00:00,airtemp_96,1.3
2026-03-22 23:00:00+00:00,airtemp_96,0.3
2026-03-23 00:00:00+00:00,airtemp_96,-0.2
2026-03-23 01:00:00+00:00,airtemp_96,-0.5
2026-03-23 02:00:00+00:00,airtemp_96,-0.3
2026-03-23 03:00:00+00:00,airtemp_96,-0.2
2026-03-23 04:00:00+00:00,airtemp_96,-0.6
2026-03-23 05:00:00+00:00,airtemp_96,-0.6
2026-03-23 06:00:00+00:00,airtemp_96,-0.6
2026-03-23 07:00:00+00:00,airtemp_96,-0.4
2026-03-23 08:00:00+00:00,airtemp_96,0.1
2026-03-23 09:00:00+00:00,airtemp_96,1.9
2026-03-23 10:00:00+00:00,airtemp_96,2.6
2026-03-23 11:00:00+00:00,airtemp_96,2.6
2026-03-23 12:00:00+00:00,airtemp_96,3.3
2026-03-23 13:00:00+00:00,airtemp_96,4.5
2026-03-23 14:00:00+00:00,airtemp_96,5.8
2026-03-23 15:00:00+00:00,airtemp_96,5.3
2026-03-23 16:00:00+00:00,airtemp_96,4.8
2026-03-23 17:00:00+00:00,airtemp_96,4.7
2026-03-23 18:00:00+00:00,airtemp_96,4.2
2026-03-23 19:00:00+00:00,airtemp_96,3.4
2026-03-23 20:00:00+00:00,airtemp_96,2.7
2026-03-23 21:00:00+00:00,airtemp_96,2.5
2026-03-23 22:00:00+00:00,airtemp_96,1.1
2026-03-23 23:00:00+00:00,airtemp_96,0.2
2026-03-24 00:00:00+00:00,airtemp_96,0.0
2026-03-24 01:00:00+00:00,airtemp_96,-0.4
2026-03-24 02:00:00+00:00,airtemp_96,-0.4
2026-03-24 03:00:00+00:00,airtemp_96,-1.5
2026-03-24 04:00:00+00:00,airtemp_96,-0.8
2026-03-24 05:00:00+00:00,airtemp_96,-1.4
2026-03-24 06:00:00+00:00,airtemp_96,-1.0
2026-03-24 07:00:00+00:00,airtemp_96,1.1
2026-03-24 08:00:00+00:00,airtemp_96,4.0
2026-03-24 09:00:00+00:00,airtemp_96,5.7
2026-03-24 10:00:00+00:00,airtemp_96,6.2
2026-03-24 11:00:00+00:00,airtemp_96,6.9
2026-03-24 12:00:00+00:00,airtemp_96,7.3
2026-03-24 13:00:00+00:00,airtemp_96,7.7
2026-03-24 14:00:00+00:00,airtemp_96,8.6
2026-03-24 15:00:00+00:00,airtemp_96,8.1
2026-03-24 16:00:00+00:00,airtemp_96,7.8
2026-03-24 17:00:00+00:00,airtemp_96,7.4
2026-03-24 18:00:00+00:00,airtemp_96,6.3
2026-03-24 19:00:00+00:00,airtemp_96,6.2
2026-03-24 20:00:00+00:00,airtemp_96,4.3
2026-03-24 21:00:00+00:00,airtemp_96,3.3
2026-03-24 22:00:00+00:00,airtemp_96,1.2
2026-03-24 23:00:00+00:00,airtemp_96,1.2
2026-03-25 00:00:00+00:00,airtemp_96,0.9
2026-03-25 01:00:00+00:00,airtemp_96,0.7
2026-03-25 02:00:00+00:00,airtemp_96,0.6
2026-03-25 03:00:00+00:00,airtemp_96,0.7
2026-03-25 04:00:00+00:00,airtemp_96,0.6
2026-03-25 05:00:00+00:00,airtemp_96,0.9
2026-03-25 06:00:00+00:00,airtemp_96,0.6
2026-03-25 07:00:00+00:00,airtemp_96,0.8
2026-03-25 08:00:00+00:00,airtemp_96,1.3
2026-03-25 09:00:00+00:00,airtemp_96,1.9
2026-03-25 10:00:00+00:00,airtemp_96,2.2
2026-03-25 11:00:00+00:00,airtemp_96,2.6
2026-03-25 12:00:00+00:00,airtemp_96,3.1
2026-03-25 13:00:00+00:00,airtemp_96,3.4
2026-03-25 14:00:00+00:00,airtemp_96,3.3
2026-03-25 15:00:00+00:00,airtemp_96,4.5
2026-03-25 16:00:00+00:00,airtemp_96,4.4
2026-03-25 17:00:00+00:00,airtemp_96,4.3
2026-03-25 18:00:00+00:00,airtemp_96,3.6
2026-03-25 19:00:00+00:00,airtemp_96,3.5
2026-03-25 20:00:00+00:00,airtemp_96,3.3
2026-03-25 21:00:00+00:00,airtemp_96,3.2
2026-03-25 22:00:00+00:00,airtemp_96,3.0
2026-03-25 23:00:00+00:00,airtemp_96,2.6
2026-03-26 00:00:00+00:00,airtemp_96,2.0
2026-03-26 01:00:00+00:00,airtemp_96,2.1
2026-03-26 02:00:00+00:00,airtemp_96,2.3
2026-03-26 03:00:00+00:00,airtemp_96,2.1
2026-03-26 04:00:00+00:00,airtemp_96,2.3
2026-03-26 05:00:00+00:00,airtemp_96,2.9
2026-03-26 06:00:00+00:00,airtemp_96,3.2
2026-03-26 07:00:00+00:00,airtemp_96,3.2
2026-03-26 08:00:00+00:00,airtemp_96,3.4
2026-03-26 09:00:00+00:00,airtemp_96,4.2
2026-03-26 10:00:00+00:00,airtemp_96,3.2
2026-03-26 11:00:00+00:00,airtemp_96,3.9
2026-03-26 12:00:00+00:00,airtemp_96,5.1
2026-03-26 13:00:00+00:00,airtemp_96,6.7
2026-03-26 14:00:00+00:00,airtemp_96,1.7
2026-03-26 15:00:00+00:00,airtemp_96,3.7
2026-03-26 16:00:00+00:00,airtemp_96,4.7
2026-03-26 17:00:00+00:00,airtemp_96,4.6
2026-03-26 18:00:00+00:00,airtemp_96,1.6
2026-03-26 19:00:00+00:00,airtemp_96,1.4
2026-03-26 20:00:00+00:00,airtemp_96,1.0
2026-03-26 21:00:00+00:00,airtemp_96,1.1
2026-03-26 22:00:00+00:00,airtemp_96,1.2
2026-03-26 23:00:00+00:00,airtemp_96,1.2
2026-03-27 00:00:00+00:00,airtemp_96,1.3
2026-03-27 01:00:00+00:00,airtemp_96,1.2
2026-03-27 02:00:00+00:00,airtemp_96,1.3
2026-03-27 03:00:00+00:00,airtemp_96,1.2
2026-03-27 04:00:00+00:00,airtemp_96,1.1
2026-03-27 05:00:00+00:00,airtemp_96,1.3
2026-03-27 06:00:00+00:00,airtemp_96,1.3
2026-03-27 07:00:00+00:00,airtemp_96,1.5
2026-03-27 08:00:00+00:00,airtemp_96,2.1
2026-03-27 09:00:00+00:00,airtemp_96,2.9
2026-03-27 10:00:00+00:00,airtemp_96,3.6
2026-03-27 11:00:00+00:00,airtemp_96,4.6
2026-03-27 12:00:00+00:00,airtemp_96,3.6
2026-03-27 13:00:00+00:00,airtemp_96,5.2
2026-03-27 14:00:00+00:00,airtemp_96,5.4
2026-03-27 15:00:00+00:00,airtemp_96,5.3
2026-03-27 16:00:00+00:00,airtemp_96,5.0
2026-03-27 17:00:00+00:00,airtemp_96,5.1
2026-03-27 18:00:00+00:00,airtemp_96,4.9
2026-03-27 19:00:00+00:00,airtemp_96,4.5
2026-03-27 20:00:00+00:00,airtemp_96,4.2
2026-03-27 21:00:00+00:00,airtemp_96,2.9
2026-03-27 22:00:00+00:00,airtemp_96,2.6
2026-03-27 23:00:00+00:00,airtemp_96,2.6
2026-03-28 00:00:00+00:00,airtemp_96,2.4
2026-03-28 01:00:00+00:00,airtemp_96,2.3
2026-03-28 02:00:00+00:00,airtemp_96,2.1
2026-03-28 03:00:00+00:00,airtemp_96,1.9
2026-03-28 04:00:00+00:00,airtemp_96,1.6
2026-03-28 05:00:00+00:00,airtemp_96,1.3
2026-03-28 06:00:00+00:00,airtemp_96,1.7
2026-03-28 07:00:00+00:00,airtemp_96,2.1
2026-03-28 08:00:00+00:00,airtemp_96,2.9
2026-03-28 09:00:00+00:00,airtemp_96,4.9
2026-03-28 10:00:00+00:00,airtemp_96,5.7
2026-03-28 11:00:00+00:00,airtemp_96,7.5
2026-03-28 12:00:00+00:00,airtemp_96,7.5
2026-03-28 13:00:00+00:00,airtemp_96,7.5
2026-03-28 14:00:00+00:00,airtemp_96,7.7
2026-03-28 15:00:00+00:00,airtemp_96,7.0
2026-03-28 16:00:00+00:00,airtemp_96,7.3
2026-03-28 17:00:00+00:00,airtemp_96,6.9
2026-03-28 18:00:00+00:00,airtemp_96,6.6
2026-03-28 19:00:00+00:00,airtemp_96,6.3
2026-03-28 20:00:00+00:00,airtemp_96,6.0
2026-03-28 21:00:00+00:00,airtemp_96,6.0
2026-03-28 22:00:00+00:00,airtemp_96,5.5
2026-03-28 23:00:00+00:00,airtemp_96,4.6
2026-03-29 00:00:00+00:00,airtemp_96,4.1
2026-03-29 01:00:00+00:00,airtemp_96,3.0
2026-03-29 02:00:00+00:00,airtemp_96,2.9
2026-03-29 03:00:00+00:00,airtemp_96,1.4
2026-03-29 04:00:00+00:00,airtemp_96,0.8
2026-03-29 05:00:00+00:00,airtemp_96,1.9
2026-03-29 06:00:00+00:00,airtemp_96,1.8
2026-03-29 07:00:00+00:00,airtemp_96,2.6
2026-03-29 08:00:00+00:00,airtemp_96,3.8
2026-03-29 09:00:00+00:00,airtemp_96,5.7
2026-03-29 10:00:00+00:00,airtemp_96,7.2
2026-03-29 11:00:00+00:00,airtemp_96,7.9
2026-03-29 12:00:00+00:00,airtemp_96,8.2
2026-03-29 13:00:00+00:00,airtemp_96,8.6
2026-03-29 14:00:00+00:00,airtemp_96,8.4
2026-03-29 15:00:00+00:00,airtemp_96,8.3
2026-03-29 16:00:00+00:00,airtemp_96,8.0
2026-03-29 17:00:00+00:00,airtemp_96,8.4
2026-03-29 18:00:00+00:00,airtemp_96,8.0
2026-03-29 19:00:00+00:00,airtemp_96,7.4
2026-03-29 20:00:00+00:00,airtemp_96,6.9
2026-03-29 21:00:00+00:00,airtemp_96,6.4
2026-03-29 22:00:00+00:00,airtemp_96,5.6
2026-03-29 23:00:00+00:00,airtemp_96,5.2
2026-03-30 00:00:00+00:00,airtemp_96,4.4
2026-03-30 01:00:00+00:00,airtemp_96,4.1
2026-03-30 02:00:00+00:00,airtemp_96,3.7
2026-03-30 03:00:00+00:00,airtemp_96,3.4
2026-03-30 04:00:00+00:00,airtemp_96,3.2
2026-03-30 05:00:00+00:00,airtemp_96,2.4
2026-03-30 06:00:00+00:00,airtemp_96,3.2
2026-03-30 07:00:00+00:00,airtemp_96,5.6
2026-03-30 08:00:00+00:00,airtemp_96,8.6
2026-03-30 09:00:00+00:00,airtemp_96,10.1
2026-03-30 10:00:00+00:00,airtemp_96,11.3
2026-03-30 11:00:00+00:00,airtemp_96,12.4
2026-03-30 12:00:00+00:00,airtemp_96,11.6
2026-03-30 13:00:00+00:00,airtemp_96,12.7
2026-03-30 14:00:00+00:00,airtemp_96,12.7
2026-03-30 15:00:00+00:00,airtemp_96,12.6
2026-03-30 16:00:00+00:00,airtemp_96,12.6
2026-03-30 17:00:00+00:00,airtemp_96,12.5
2026-03-30 18:00:00+00:00,airtemp_96,11.5
2026-03-30 19:00:00+00:00,airtemp_96,11.1
2026-03-30 20:00:00+00:00,airtemp_96,10.9
2026-03-30 21:00:00+00:00,airtemp_96,10.6
2026-03-30 22:00:00+00:00,airtemp_96,10.1
2026-03-30 23:00:00+00:00,airtemp_96,10.1
2026-03-31 00:00:00+00:00,airtemp_96,10.0
2026-03-31 01:00:00+00:00,airtemp_96,9.8
2026-03-31 02:00:00+00:00,airtemp_96,9.8
2026-03-31 03:00:00+00:00,airtemp_96,10.0
2026-03-31 04:00:00+00:00,airtemp_96,9.5
2026-03-31 05:00:00+00:00,airtemp_96,7.8
2026-03-31 06:00:00+00:00,airtemp_96,7.4
2026-03-31 07:00:00+00:00,airtemp_96,7.6
2026-03-31 08:00:00+00:00,airtemp_96,8.6
2026-03-31 09:00:00+00:00,airtemp_96,9.7
2026-03-31 10:00:00+00:00,airtemp_96,10.8
2026-03-31 11:00:00+00:00,airtemp_96,12.6
2026-03-31 12:00:00+00:00,airtemp_96,12.3
2026-03-31 13:00:00+00:00,airtemp_96,13.0
2026-03-31 14:00:00+00:00,airtemp_96,12.9
2026-03-31 15:00:00+00:00,airtemp_96,12.9
2026-03-31 16:00:00+00:00,airtemp_96,12.7
2026-03-31 17:00:00+00:00,airtemp_96,12.9
2026-03-31 18:00:00+00:00,airtemp_96,12.7
2026-03-31 19:00:00+00:00,airtemp_96,12.6
2026-03-31 20:00:00+00:00,airtemp_96,12.1
2026-03-31 21:00:00+00:00,airtemp_96,11.4
2026-03-31 22:00:00+00:00,airtemp_96,10.2
2026-03-31 23:00:00+00:00,airtemp_96,9.7
2026-04-01 00:00:00+00:00,airtemp_96,9.2
2026-04-01 01:00:00+00:00,airtemp_96,8.7
2026-04-01 02:00:00+00:00,airtemp_96,8.1
2026-04-01 03:00:00+00:00,airtemp_96,7.6
2026-04-01 04:00:00+00:00,airtemp_96,7.9
2026-04-01 05:00:00+00:00,airtemp_96,7.8
2026-04-01 06:00:00+00:00,airtemp_96,8.9
2026-04-01 07:00:00+00:00,airtemp_96,12.3
2026-04-01 08:00:00+00:00,airtemp_96,16.5
2026-04-01 09:00:00+00:00,airtemp_96,19.3
2026-04-01 10:00:00+00:00,airtemp_96,20.0
2026-04-01 11:00:00+00:00,airtemp_96,21.2
2026-04-01 12:00:00+00:00,airtemp_96,22.5
2026-04-01 13:00:00+00:00,airtemp_96,22.7
2026-04-01 14:00:00+00:00,airtemp_96,22.9
2026-04-01 15:00:00+00:00,airtemp_96,22.0
2026-04-01 16:00:00+00:00,airtemp_96,21.6
2026-04-01 17:00:00+00:00,airtemp_96,20.8
2026-04-01 18:00:00+00:00,airtemp_96,17.9
2026-04-01 19:00:00+00:00,airtemp_96,17.3
2026-04-01 20:00:00+00:00,airtemp_96,15.4
2026-04-01 21:00:00+00:00,airtemp_96,15.4
2026-04-01 22:00:00+00:00,airtemp_96,14.2
2026-04-01 23:00:00+00:00,airtemp_96,12.7
2026-04-02 00:00:00+00:00,airtemp_96,11.6
2026-04-02 01:00:00+00:00,airtemp_96,11.4
2026-04-02 02:00:00+00:00,airtemp_96,10.7
2026-04-02 03:00:00+00:00,airtemp_96,10.7
2026-04-02 04:00:00+00:00,airtemp_96,10.5
2026-04-02 05:00:00+00:00,airtemp_96,10.0
2026-04-02 06:00:00+00:00,airtemp_96,9.5
2026-04-02 07:00:00+00:00,airtemp_96,10.1
2026-04-02 08:00:00+00:00,airtemp_96,10.7
2026-04-02 09:00:00+00:00,airtemp_96,11.6
2026-04-02 10:00:00+00:00,airtemp_96,13.2
2026-04-02 11:00:00+00:00,airtemp_96,14.3
2026-04-02 12:00:00+00:00,airtemp_96,14.7
2026-04-02 13:00:00+00:00,airtemp_96,15.8
2026-04-02 14:00:00+00:00,airtemp_96,16.2
2026-04-02 15:00:00+00:00,airtemp_96,15.8
2026-04-02 16:00:00+00:00,airtemp_96,16.0
2026-04-02 17:00:00+00:00,airtemp_96,15.4
2026-04-02 18:00:00+00:00,airtemp_96,13.8
2026-04-02 19:00:00+00:00,airtemp_96,11.5
2026-04-02 20:00:00+00:00,airtemp_96,10.7
2026-04-02 21:00:00+00:00,airtemp_96,10.2
2026-04-02 22:00:00+00:00,airtemp_96,8.9
2026-04-02 23:00:00+00:00,airtemp_96,8.6
2026-04-03 00:00:00+00:00,airtemp_96,7.4
2026-04-03 01:00:00+00:00,airtemp_96,6.6
2026-04-03 02:00:00+00:00,airtemp_96,5.7
2026-04-03 03:00:00+00:00,airtemp_96,5.2
2026-04-03 04:00:00+00:00,airtemp_96,4.8
2026-04-03 05:00:00+00:00,airtemp_96,4.6
2026-04-03 06:00:00+00:00,airtemp_96,5.9
2026-04-03 07:00:00+00:00,airtemp_96,10.2
2026-04-03 08:00:00+00:00,airtemp_96,11.9
2026-04-03 09:00:00+00:00,airtemp_96,13.9
2026-04-03 10:00:00+00:00,airtemp_96,14.1
2026-04-03 11:00:00+00:00,airtemp_96,16.0
2026-04-03 12:00:00+00:00,airtemp_96,16.3
2026-04-03 13:00:00+00:00,airtemp_96,17.5
2026-04-03 14:00:00+00:00,airtemp_96,18.4
2026-04-03 15:00:00+00:00,airtemp_96,18.3
2026-04-03 16:00:00+00:00,airtemp_96,17.6
2026-04-03 17:00:00+00:00,airtemp_96,17.0
2026-04-03 18:00:00+00:00,airtemp_96,15.7
2026-04-03 19:00:00+00:00,airtemp_96,13.0
2026-04-03 20:00:00+00:00,airtemp_96,12.5
2026-04-03 21:00:00+00:00,airtemp_96,11.3
2026-04-03 22:00:00+00:00,airtemp_96,9.9
2026-04-03 23:00:00+00:00,airtemp_96,9.2
2026-04-04 00:00:00+00:00,airtemp_96,8.9
2026-04-04 01:00:00+00:00,airtemp_96,7.2
2026-04-04 02:00:00+00:00,airtemp_96,6.2
2026-04-04 03:00:00+00:00,airtemp_96,5.2
2026-04-04 04:00:00+00:00,airtemp_96,5.3
2026-04-04 05:00:00+00:00,airtemp_96,4.3
2026-04-04 06:00:00+00:00,airtemp_96,5.6
2026-04-04 07:00:00+00:00,airtemp_96,8.5
2026-04-04 08:00:00+00:00,airtemp_96,9.4
2026-04-04 09:00:00+00:00,airtemp_96,10.5
2026-04-04 10:00:00+00:00,airtemp_96,13.3
2026-04-04 11:00:00+00:00,airtemp_96,13.6
2026-04-04 12:00:00+00:00,airtemp_96,14.6
2026-04-04 13:00:00+00:00,airtemp_96,15.8
2026-04-04 14:00:00+00:00,airtemp_96,16.8
2026-04-04 15:00:00+00:00,airtemp_96,16.6
2026-04-04 16:00:00+00:00,airtemp_96,16.1
2026-04-04 17:00:00+00:00,airtemp_96,15.3
2026-04-04 18:00:00+00:00,airtemp_96,13.9
2026-04-04 19:00:00+00:00,airtemp_96,12.0
2026-04-04 20:00:00+00:00,airtemp_96,11.0
2026-04-04 21:00:00+00:00,airtemp_96,9.0
2026-04-04 22:00:00+00:00,airtemp_96,7.5
2026-04-04 23:00:00+00:00,airtemp_96,6.8
2026-04-05 00:00:00+00:00,airtemp_96,5.4
2026-04-05 01:00:00+00:00,airtemp_96,4.8
2026-04-05 02:00:00+00:00,airtemp_96,4.0
2026-04-05 03:00:00+00:00,airtemp_96,3.5
2026-04-05 04:00:00+00:00,airtemp_96,3.0
2026-04-05 05:00:00+00:00,airtemp_96,2.9
2026-04-05 06:00:00+00:00,airtemp_96,4.6
2026-04-05 07:00:00+00:00,airtemp_96,7.2
2026-04-05 08:00:00+00:00,airtemp_96,8.5
2026-04-05 09:00:00+00:00,airtemp_96,10.4
2026-04-05 10:00:00+00:00,airtemp_96,11.8
2026-04-05 11:00:00+00:00,airtemp_96,12.9
2026-04-05 12:00:00+00:00,airtemp_96,14.4
2026-04-05 13:00:00+00:00,airtemp_96,14.2
2026-04-05 14:00:00+00:00,airtemp_96,14.9
2026-04-05 15:00:00+00:00,airtemp_96,14.6
2026-04-05 16:00:00+00:00,airtemp_96,14.7
2026-04-05 17:00:00+00:00,airtemp_96,14.1
2026-04-05 18:00:00+00:00,airtemp_96,12.7
2026-04-05 19:00:00+00:00,airtemp_96,12.7
2026-04-05 20:00:00+00:00,airtemp_96,12.0
2026-04-05 21:00:00+00:00,airtemp_96,12.2
2026-04-05 22:00:00+00:00,airtemp_96,11.8
2026-04-05 23:00:00+00:00,airtemp_96,11.1
2026-04-06 00:00:00+00:00,airtemp_96,11.0
2026-04-06 01:00:00+00:00,airtemp_96,10.2
2026-04-06 02:00:00+00:00,airtemp_96,10.3
2026-04-06 03:00:00+00:00,airtemp_96,10.1
2026-04-06 04:00:00+00:00,airtemp_96,10.0
2026-04-06 05:00:00+00:00,airtemp_96,10.5
2026-04-06 06:00:00+00:00,airtemp_96,10.2
2026-04-06 07:00:00+00:00,airtemp_96,10.0
2026-04-06 08:00:00+00:00,airtemp_96,10.4
2026-04-06 09:00:00+00:00,airtemp_96,11.7
2026-04-06 10:00:00+00:00,airtemp_96,10.9
2026-04-06 11:00:00+00:00,airtemp_96,9.4
2026-04-06 12:00:00+00:00,airtemp_96,9.0
2026-04-06 13:00:00+00:00,airtemp_96,9.1
2026-04-06 14:00:00+00:00,airtemp_96,9.2
2026-04-06 15:00:00+00:00,airtemp_96,9.4
2026-04-06 16:00:00+00:00,airtemp_96,9.8
2026-04-06 17:00:00+00:00,airtemp_96,9.9
2026-04-06 18:00:00+00:00,airtemp_96,9.8
2026-04-06 19:00:00+00:00,airtemp_96,9.6
2026-04-06 20:00:00+00:00,airtemp_96,9.4
2026-04-06 21:00:00+00:00,airtemp_96,8.9
2026-04-06 22:00:00+00:00,airtemp_96,8.7
2026-04-06 23:00:00+00:00,airtemp_96,8.6
2026-04-07 00:00:00+00:00,airtemp_96,7.7
2026-04-07 01:00:00+00:00,airtemp_96,6.9
2026-04-07 02:00:00+00:00,airtemp_96,6.6
2026-04-07 03:00:00+00:00,airtemp_96,6.5
2026-04-07 04:00:00+00:00,airtemp_96,6.2
2026-04-07 05:00:00+00:00,airtemp_96,6.1
2026-04-07 06:00:00+00:00,airtemp_96,6.7
2026-04-07 07:00:00+00:00,airtemp_96,7.7
2026-04-07 08:00:00+00:00,airtemp_96,8.9
2026-04-07 09:00:00+00:00,airtemp_96,11.6
2026-04-07 10:00:00+00:00,airtemp_96,13.5
2026-04-07 11:00:00+00:00,airtemp_96,15.5
2026-04-07 12:00:00+00:00,airtemp_96,17.1
2026-04-07 13:00:00+00:00,airtemp_96,17.2
2026-04-07 14:00:00+00:00,airtemp_96,17.9
2026-04-07 15:00:00+00:00,airtemp_96,18.2
2026-04-07 16:00:00+00:00,airtemp_96,17.3
2026-04-07 17:00:00+00:00,airtemp_96,16.2
2026-04-07 18:00:00+00:00,airtemp_96,14.6
2026-04-07 19:00:00+00:00,airtemp_96,13.3
2026-04-07 20:00:00+00:00,airtemp_96,12.8
2026-04-07 21:00:00+00:00,airtemp_96,12.4
2026-04-07 22:00:00+00:00,airtemp_96,11.2
2026-04-07 23:00:00+00:00,airtemp_96,11.5
2026-04-08 00:00:00+00:00,airtemp_96,11.7
2026-04-08 01:00:00+00:00,airtemp_96,10.3
2026-04-08 02:00:00+00:00,airtemp_96,9.2
2026-04-08 03:00:00+00:00,airtemp_96,8.7
2026-04-08 04:00:00+00:00,airtemp_96,8.3
2026-04-08 05:00:00+00:00,airtemp_96,8.5
2026-04-08 06:00:00+00:00,airtemp_96,8.9
2026-04-08 07:00:00+00:00,airtemp_96,9.5
2026-04-08 08:00:00+00:00,airtemp_96,10.3
2026-04-08 09:00:00+00:00,airtemp_96,9.9
2026-04-08 10:00:00+00:00,airtemp_96,9.8
2026-04-08 11:00:00+00:00,airtemp_96,9.9
2026-04-08 12:00:00+00:00,airtemp_96,10.3
2026-04-08 13:00:00+00:00,airtemp_96,10.8
2026-04-08 14:00:00+00:00,airtemp_96,10.6
2026-04-08 15:00:00+00:00,airtemp_96,9.9
2026-04-08 16:00:00+00:00,airtemp_96,9.8
2026-04-08 17:00:00+00:00,airtemp_96,9.7
2026-04-08 18:00:00+00:00,airtemp_96,9.6
2026-04-08 19:00:00+00:00,airtemp_96,9.5
2026-04-08 20:00:00+00:00,airtemp_96,9.0
2026-04-08 21:00:00+00:00,airtemp_96,9.1
2026-04-08 22:00:00+00:00,airtemp_96,9.2
2026-04-08 23:00:00+00:00,airtemp_96,8.9
2026-04-09 00:00:00+00:00,airtemp_96,8.5
2026-04-09 01:00:00+00:00,airtemp_96,8.2
2026-04-09 02:00:00+00:00,airtemp_96,7.7
2026-04-09 03:00:00+00:00,airtemp_96,7.4
2026-04-09 04:00:00+00:00,airtemp_96,7.1
2026-04-09 05:00:00+00:00,airtemp_96,6.8
2026-04-09 06:00:00+00:00,airtemp_96,6.6
2026-04-09 07:00:00+00:00,airtemp_96,7.0
2026-04-09 08:00:00+00:00,airtemp_96,7.3
2026-04-09 09:00:00+00:00,airtemp_96,8.3
2026-04-09 10:00:00+00:00,airtemp_96,9.1
2026-04-09 11:00:00+00:00,airtemp_96,9.9
2026-04-09 12:00:00+00:00,airtemp_96,11.4
2026-04-09 13:00:00+00:00,airtemp_96,11.8
2026-04-09 14:00:00+00:00,airtemp_96,12.4
2026-04-09 15:00:00+00:00,airtemp_96,12.2
2026-04-09 16:00:00+00:00,airtemp_96,12.2
2026-04-09 17:00:00+00:00,airtemp_96,11.2
2026-04-09 18:00:00+00:00,airtemp_96,10.8
2026-04-09 19:00:00+00:00,airtemp_96,10.5
2026-04-09 20:00:00+00:00,airtemp_96,10.4
2026-04-09 21:00:00+00:00,airtemp_96,10.2
2026-04-09 22:00:00+00:00,airtemp_96,10.0
2026-04-09 23:00:00+00:00,airtemp_96,9.9
2026-04-10 00:00:00+00:00,airtemp_96,9.8
2026-04-10 01:00:00+00:00,airtemp_96,9.3
2026-04-10 02:00:00+00:00,airtemp_96,9.0
2026-04-10 03:00:00+00:00,airtemp_96,8.6
2026-04-10 04:00:00+00:00,airtemp_96,8.4
2026-04-10 05:00:00+00:00,airtemp_96,7.7
2026-04-10 06:00:00+00:00,airtemp_96,7.8
2026-04-10 07:00:00+00:00,airtemp_96,7.9
2026-04-10 08:00:00+00:00,airtemp_96,7.7
2026-04-10 09:00:00+00:00,airtemp_96,8.0
2026-04-10 10:00:00+00:00,airtemp_96,8.3
2026-04-10 11:00:00+00:00,airtemp_96,9.0
2026-04-10 12:00:00+00:00,airtemp_96,9.0
2026-04-10 13:00:00+00:00,airtemp_96,9.2
2026-04-10 14:00:00+00:00,airtemp_96,9.5
2026-04-10 15:00:00+00:00,airtemp_96,9.8
2026-04-10 16:00:00+00:00,airtemp_96,9.7
2026-04-10 17:00:00+00:00,airtemp_96,9.7
2026-04-10 18:00:00+00:00,airtemp_96,9.5
2026-04-10 19:00:00+00:00,airtemp_96,9.1
2026-04-10 20:00:00+00:00,airtemp_96,9.0
2026-04-10 21:00:00+00:00,airtemp_96,8.7
2026-04-10 22:00:00+00:00,airtemp_96,8.6
2026-04-10 23:00:00+00:00,airtemp_96,8.6
2026-04-11 00:00:00+00:00,airtemp_96,8.4
2026-04-11 01:00:00+00:00,airtemp_96,8.3
2026-04-11 02:00:00+00:00,airtemp_96,8.3
2026-04-11 03:00:00+00:00,airtemp_96,8.4
2026-04-11 04:00:00+00:00,airtemp_96,8.3
2026-04-11 05:00:00+00:00,airtemp_96,8.5
2026-04-11 06:00:00+00:00,airtemp_96,8.5
2026-04-11 07:00:00+00:00,airtemp_96,9.0
2026-04-11 08:00:00+00:00,airtemp_96,9.4
2026-04-11 09:00:00+00:00,airtemp_96,9.8
2026-04-11 10:00:00+00:00,airtemp_96,10.5
2026-04-11 11:00:00+00:00,airtemp_96,10.9
2026-04-11 12:00:00+00:00,airtemp_96,11.5
2026-04-11 13:00:00+00:00,airtemp_96,12.0
2026-04-11 14:00:00+00:00,airtemp_96,12.2
2026-04-11 15:00:00+00:00,airtemp_96,12.3
2026-04-11 16:00:00+00:00,airtemp_96,12.3
2026-04-11 17:00:00+00:00,airtemp_96,12.1
2026-04-11 18:00:00+00:00,airtemp_96,11.9
2026-04-11 19:00:00+00:00,airtemp_96,11.6
2026-04-11 20:00:00+00:00,airtemp_96,11.4
2026-04-11 21:00:00+00:00,airtemp_96,11.2
2026-04-11 22:00:00+00:00,airtemp_96,11.0
2026-04-11 23:00:00+00:00,airtemp_96,10.8
2026-04-12 00:00:00+00:00,airtemp_96,10.8
2026-04-12 01:00:00+00:00,airtemp_96,10.5
2026-04-12 02:00:00+00:00,airtemp_96,10.4
2026-04-12 03:00:00+00:00,airtemp_96,10.6
2026-04-12 04:00:00+00:00,airtemp_96,10.4
2026-04-12 05:00:00+00:00,airtemp_96,10.3
2026-04-12 06:00:00+00:00,airtemp_96,10.4
2026-04-12 07:00:00+00:00,airtemp_96,10.6
2026-04-12 08:00:00+00:00,airtemp_96,11.3
2026-04-12 09:00:00+00:00,airtemp_96,13.2
2026-04-12 10:00:00+00:00,airtemp_96,14.8
2026-04-12 11:00:00+00:00,airtemp_96,14.7
2026-04-12 12:00:00+00:00,airtemp_96,16.4
2026-04-12 13:00:00+00:00,airtemp_96,16.9
2026-04-12 14:00:00+00:00,airtemp_96,16.8
2026-04-12 15:00:00+00:00,airtemp_96,17.3
2026-04-12 16:00:00+00:00,airtemp_96,17.0
2026-04-12 17:00:00+00:00,airtemp_96,16.5
2026-04-12 18:00:00+00:00,airtemp_96,15.4
2026-04-12 19:00:00+00:00,airtemp_96,13.0
2026-04-12 20:00:00+00:00,airtemp_96,11.3
2026-04-12 21:00:00+00:00,airtemp_96,11.0
2026-04-12 22:00:00+00:00,airtemp_96,9.7
2026-04-12 23:00:00+00:00,airtemp_96,8.9
2026-04-13 00:00:00+00:00,airtemp_96,7.9
2026-04-13 01:00:00+00:00,airtemp_96,7.1
2026-04-13 02:00:00+00:00,airtemp_96,6.4
2026-04-13 03:00:00+00:00,airtemp_96,5.9
2026-04-13 04:00:00+00:00,airtemp_96,5.6
2026-04-13 05:00:00+00:00,airtemp_96,5.5
2026-04-13 06:00:00+00:00,airtemp_96,7.7
2026-04-13 07:00:00+00:00,airtemp_96,11.7
2026-04-13 08:00:00+00:00,airtemp_96,14.5
2026-04-13 09:00:00+00:00,airtemp_96,16.0
2026-04-13 10:00:00+00:00,airtemp_96,18.0
2026-04-13 11:00:00+00:00,airtemp_96,19.0
2026-04-13 12:00:00+00:00,airtemp_96,18.6
2026-04-13 13:00:00+00:00,airtemp_96,20.1
2026-04-13 14:00:00+00:00,airtemp_96,19.9
2026-04-13 15:00:00+00:00,airtemp_96,19.7
2026-04-13 16:00:00+00:00,airtemp_96,19.3
2026-04-13 17:00:00+00:00,airtemp_96,18.8
2026-04-13 18:00:00+00:00,airtemp_96,17.3
2026-04-13 19:00:00+00:00,airtemp_96,14.2
2026-04-13 20:00:00+00:00,airtemp_96,13.0
2026-04-13 21:00:00+00:00,airtemp_96,12.5
2026-04-13 22:00:00+00:00,airtemp_96,11.3
2026-04-13 23:00:00+00:00,airtemp_96,10.5
2026-04-14 00:00:00+00:00,airtemp_96,9.4
2026-04-14 01:00:00+00:00,airtemp_96,8.5
2026-04-14 02:00:00+00:00,airtemp_96,8.4
2026-04-14 03:00:00+00:00,airtemp_96,9.0
2026-04-14 04:00:00+00:00,airtemp_96,9.8
2026-04-14 05:00:00+00:00,airtemp_96,9.6
2026-04-14 06:00:00+00:00,airtemp_96,10.5
2026-04-14 07:00:00+00:00,airtemp_96,12.7
2026-04-14 08:00:00+00:00,airtemp_96,15.2
2026-04-14 09:00:00+00:00,airtemp_96,17.6
2026-04-14 10:00:00+00:00,airtemp_96,18.7
2026-04-14 11:00:00+00:00,airtemp_96,20.6
2026-04-14 12:00:00+00:00,airtemp_96,20.0
2026-04-14 13:00:00+00:00,airtemp_96,20.4
2026-04-14 14:00:00+00:00,airtemp_96,20.2
2026-04-14 15:00:00+00:00,airtemp_96,19.8
2026-04-14 16:00:00+00:00,airtemp_96,20.2
2026-04-14 17:00:00+00:00,airtemp_96,20.3
2026-04-14 18:00:00+00:00,airtemp_96,18.3
2026-04-14 19:00:00+00:00,airtemp_96,15.1
2026-04-14 20:00:00+00:00,airtemp_96,13.5
2026-04-14 21:00:00+00:00,airtemp_96,12.9
2026-04-14 22:00:00+00:00,airtemp_96,12.7
2026-04-14 23:00:00+00:00,airtemp_96,12.3
2026-04-15 00:00:00+00:00,airtemp_96,11.6
2026-04-15 01:00:00+00:00,airtemp_96,11.8
2026-04-15 02:00:00+00:00,airtemp_96,13.0
2026-04-15 03:00:00+00:00,airtemp_96,12.9
2026-04-15 04:00:00+00:00,airtemp_96,12.5
2026-04-15 05:00:00+00:00,airtemp_96,12.4
2026-04-15 06:00:00+00:00,airtemp_96,13.1
2026-04-15 07:00:00+00:00,airtemp_96,15.8
2026-04-15 08:00:00+00:00,airtemp_96,13.3
2026-04-15 09:00:00+00:00,airtemp_96,14.7
2026-04-15 10:00:00+00:00,airtemp_96,16.2
2026-04-15 11:00:00+00:00,airtemp_96,15.3
2026-04-15 12:00:00+00:00,airtemp_96,15.6
2026-04-15 13:00:00+00:00,airtemp_96,15.0
2026-04-15 14:00:00+00:00,airtemp_96,14.7
2026-04-15 15:00:00+00:00,airtemp_96,15.0
2026-04-15 16:00:00+00:00,airtemp_96,14.7
2026-04-15 17:00:00+00:00,airtemp_96,13.9
2026-04-15 18:00:00+00:00,airtemp_96,12.0
2026-04-15 19:00:00+00:00,airtemp_96,10.4
2026-04-15 20:00:00+00:00,airtemp_96,8.9
2026-04-15 21:00:00+00:00,airtemp_96,7.9
2026-04-15 22:00:00+00:00,airtemp_96,7.3
2026-04-15 23:00:00+00:00,airtemp_96,6.5
2026-04-16 00:00:00+00:00,airtemp_96,6.1
2026-04-16 01:00:00+00:00,airtemp_96,5.2
2026-04-16 02:00:00+00:00,airtemp_96,4.0
2026-04-16 03:00:00+00:00,airtemp_96,4.2
2026-04-16 04:00:00+00:00,airtemp_96,3.8
2026-04-16 05:00:00+00:00,airtemp_96,4.0
2026-04-16 06:00:00+00:00,airtemp_96,5.3
2026-04-16 07:00:00+00:00,airtemp_96,8.9
2026-04-16 08:00:00+00:00,airtemp_96,10.5
2026-04-16 09:00:00+00:00,airtemp_96,10.2
2026-04-16 10:00:00+00:00,airtemp_96,11.8
2026-04-16 11:00:00+00:00,airtemp_96,13.3
2026-04-16 12:00:00+00:00,airtemp_96,12.2
2026-04-16 13:00:00+00:00,airtemp_96,13.8
2026-04-16 14:00:00+00:00,airtemp_96,13.9
2026-04-16 15:00:00+00:00,airtemp_96,13.4
2026-04-16 16:00:00+00:00,airtemp_96,13.1
2026-04-16 17:00:00+00:00,airtemp_96,12.6
2026-04-16 18:00:00+00:00,airtemp_96,11.3
2026-04-16 19:00:00+00:00,airtemp_96,9.7
2026-04-16 20:00:00+00:00,airtemp_96,8.2
2026-04-16 21:00:00+00:00,airtemp_96,7.4
2026-04-16 22:00:00+00:00,airtemp_96,6.2
2026-04-16 23:00:00+00:00,airtemp_96,6.8
2026-04-17 00:00:00+00:00,airtemp_96,6.5
2026-04-17 01:00:00+00:00,airtemp_96,6.2
2026-04-17 02:00:00+00:00,airtemp_96,5.9
2026-04-17 03:00:00+00:00,airtemp_96,5.6
2026-04-17 04:00:00+00:00,airtemp_96,4.4
2026-04-17 05:00:00+00:00,airtemp_96,3.7
2026-04-17 06:00:00+00:00,airtemp_96,4.3
2026-04-17 07:00:00+00:00,airtemp_96,5.5
2026-04-17 08:00:00+00:00,airtemp_96,8.0
2026-04-17 09:00:00+00:00,airtemp_96,7.7
2026-04-17 10:00:00+00:00,airtemp_96,8.4
2026-04-17 11:00:00+00:00,airtemp_96,8.9
2026-04-17 12:00:00+00:00,airtemp_96,9.5
2026-04-17 13:00:00+00:00,airtemp_96,10.0
2026-04-17 14:00:00+00:00,airtemp_96,10.4
2026-04-17 15:00:00+00:00,airtemp_96,10.7
2026-04-17 16:00:00+00:00,airtemp_96,9.4
2026-04-17 17:00:00+00:00,airtemp_96,8.9
2026-04-17 18:00:00+00:00,airtemp_96,8.9
2026-04-17 19:00:00+00:00,airtemp_96,8.5
2026-04-17 20:00:00+00:00,airtemp_96,7.9
2026-04-17 21:00:00+00:00,airtemp_96,6.9
2026-04-17 22:00:00+00:00,airtemp_96,6.0
2026-04-17 23:00:00+00:00,airtemp_96,5.0
2026-04-18 00:00:00+00:00,airtemp_96,4.4
2026-04-18 01:00:00+00:00,airtemp_96,3.6
2026-04-18 02:00:00+00:00,airtemp_96,2.9
2026-04-18 03:00:00+00:00,airtemp_96,2.2
2026-04-18 04:00:00+00:00,airtemp_96,1.4
2026-04-18 05:00:00+00:00,airtemp_96,2.4
2026-04-18 06:00:00+00:00,airtemp_96,3.9
2026-04-18 07:00:00+00:00,airtemp_96,6.5
2026-04-18 08:00:00+00:00,airtemp_96,8.4
2026-04-18 09:00:00+00:00,airtemp_96,10.5
2026-04-18 10:00:00+00:00,airtemp_96,11.1
2026-04-18 11:00:00+00:00,airtemp_96,11.6
2026-04-18 12:00:00+00:00,airtemp_96,12.5
2026-04-18 13:00:00+00:00,airtemp_96,13.6
2026-04-18 14:00:00+00:00,airtemp_96,13.6
2026-04-18 15:00:00+00:00,airtemp_96,13.5
2026-04-18 16:00:00+00:00,airtemp_96,13.6
2026-04-18 17:00:00+00:00,airtemp_96,12.8
2026-04-18 18:00:00+00:00,airtemp_96,11.7
2026-04-18 19:00:00+00:00,airtemp_96,9.4
2026-04-18 20:00:00+00:00,airtemp_96,7.9
2026-04-18 21:00:00+00:00,airtemp_96,6.4
2026-04-18 22:00:00+00:00,airtemp_96,5.5
2026-04-18 23:00:00+00:00,airtemp_96,4.4
2026-04-19 00:00:00+00:00,airtemp_96,4.5
2026-04-19 01:00:00+00:00,airtemp_96,3.4
2026-04-19 02:00:00+00:00,airtemp_96,2.7
2026-04-19 03:00:00+00:00,airtemp_96,2.2
2026-04-19 04:00:00+00:00,airtemp_96,1.7
2026-04-19 05:00:00+00:00,airtemp_96,2.5
2026-04-19 06:00:00+00:00,airtemp_96,5.0
2026-04-19 07:00:00+00:00,airtemp_96,8.1
2026-04-19 08:00:00+00:00,airtemp_96,10.7
2026-04-19 09:00:00+00:00,airtemp_96,12.7
2026-04-19 10:00:00+00:00,airtemp_96,13.6
2026-04-19 11:00:00+00:00,airtemp_96,15.4
2026-04-19 12:00:00+00:00,airtemp_96,17.3
2026-04-19 13:00:00+00:00,airtemp_96,17.0
2026-04-19 14:00:00+00:00,airtemp_96,18.5
2026-04-19 15:00:00+00:00,airtemp_96,18.0
2026-04-19 16:00:00+00:00,airtemp_96,17.3
2026-04-19 17:00:00+00:00,airtemp_96,17.1
2026-04-19 18:00:00+00:00,airtemp_96,15.6
2026-04-19 19:00:00+00:00,airtemp_96,12.9
2026-04-19 20:00:00+00:00,airtemp_96,11.6
2026-04-19 21:00:00+00:00,airtemp_96,10.0
2026-04-19 22:00:00+00:00,airtemp_96,9.1
2026-04-19 23:00:00+00:00,airtemp_96,7.2
2026-04-20 00:00:00+00:00,airtemp_96,7.6
2026-04-20 01:00:00+00:00,airtemp_96,7.1
2026-04-20 02:00:00+00:00,airtemp_96,5.8
2026-04-20 03:00:00+00:00,airtemp_96,4.6
2026-04-20 04:00:00+00:00,airtemp_96,4.1
2026-04-20 05:00:00+00:00,airtemp_96,4.2
2026-04-20 06:00:00+00:00,airtemp_96,8.1
2026-04-20 07:00:00+00:00,airtemp_96,10.9
2026-04-20 08:00:00+00:00,airtemp_96,13.4
2026-04-20 09:00:00+00:00,airtemp_96,15.0
2026-04-20 10:00:00+00:00,airtemp_96,17.1
2026-04-20 11:00:00+00:00,airtemp_96,17.5
2026-04-20 12:00:00+00:00,airtemp_96,18.1
2026-04-20 13:00:00+00:00,airtemp_96,20.2
2026-04-20 14:00:00+00:00,airtemp_96,20.0
2026-04-20 15:00:00+00:00,airtemp_96,20.3
2026-04-20 16:00:00+00:00,airtemp_96,19.5
2026-04-20 17:00:00+00:00,airtemp_96,18.9
2026-04-20 18:00:00+00:00,airtemp_96,17.5
2026-04-20 19:00:00+00:00,airtemp_96,13.9
2026-04-20 20:00:00+00:00,airtemp_96,11.8
2026-04-20 21:00:00+00:00,airtemp_96,9.8
2026-04-20 22:00:00+00:00,airtemp_96,8.9
2026-04-20 23:00:00+00:00,airtemp_96,8.1
2026-04-21 00:00:00+00:00,airtemp_96,8.0
2026-04-21 01:00:00+00:00,airtemp_96,6.4
2026-04-21 02:00:00+00:00,airtemp_96,5.7
2026-04-21 03:00:00+00:00,airtemp_96,5.4
2026-04-21 04:00:00+00:00,airtemp_96,5.5
2026-04-21 05:00:00+00:00,airtemp_96,4.8
2026-04-21 06:00:00+00:00,airtemp_96,8.6
2026-04-21 07:00:00+00:00,airtemp_96,12.8
2026-04-21 08:00:00+00:00,airtemp_96,15.3
2026-04-21 09:00:00+00:00,airtemp_96,16.7
2026-04-21 10:00:00+00:00,airtemp_96,18.3
2026-04-21 11:00:00+00:00,airtemp_96,19.4
2026-04-21 12:00:00+00:00,airtemp_96,20.4
2026-04-21 13:00:00+00:00,airtemp_96,21.0
2026-04-21 14:00:00+00:00,airtemp_96,21.6
2026-04-21 15:00:00+00:00,airtemp_96,21.9
2026-04-21 16:00:00+00:00,airtemp_96,21.0
2026-04-21 17:00:00+00:00,airtemp_96,20.4
2026-04-21 18:00:00+00:00,airtemp_96,19.0
2026-04-21 19:00:00+00:00,airtemp_96,16.3
2026-04-21 20:00:00+00:00,airtemp_96,15.0
2026-04-21 21:00:00+00:00,airtemp_96,13.6
2026-04-21 22:00:00+00:00,airtemp_96,12.0
2026-04-21 23:00:00+00:00,airtemp_96,10.6
2026-04-22 00:00:00+00:00,airtemp_96,10.5
2026-04-22 01:00:00+00:00,airtemp_96,9.7
2026-04-22 02:00:00+00:00,airtemp_96,8.4
2026-04-22 03:00:00+00:00,airtemp_96,7.5
2026-04-22 04:00:00+00:00,airtemp_96,7.1
2026-04-22 05:00:00+00:00,airtemp_96,7.2
2026-04-22 06:00:00+00:00,airtemp_96,9.0
2026-04-22 07:00:00+00:00,airtemp_96,11.6
2026-04-22 08:00:00+00:00,airtemp_96,13.2
2026-04-22 09:00:00+00:00,airtemp_96,14.7
2026-04-22 10:00:00+00:00,airtemp_96,17.2
2026-04-22 11:00:00+00:00,airtemp_96,17.5
2026-04-22 12:00:00+00:00,airtemp_96,18.3
2026-04-22 13:00:00+00:00,airtemp_96,19.1
2026-04-22 14:00:00+00:00,airtemp_96,19.1
2026-04-22 15:00:00+00:00,airtemp_96,19.2
2026-04-22 16:00:00+00:00,airtemp_96,18.3
2026-04-22 17:00:00+00:00,airtemp_96,17.1
2026-04-22 18:00:00+00:00,airtemp_96,16.8
2026-04-22 19:00:00+00:00,airtemp_96,15.0
2026-04-22 20:00:00+00:00,airtemp_96,13.4
2026-04-22 21:00:00+00:00,airtemp_96,11.4
2026-04-22 22:00:00+00:00,airtemp_96,9.5
2026-04-22 23:00:00+00:00,airtemp_96,8.1
2026-04-23 00:00:00+00:00,airtemp_96,6.8
2026-04-23 01:00:00+00:00,airtemp_96,6.0
2026-04-23 02:00:00+00:00,airtemp_96,5.7
2026-04-23 03:00:00+00:00,airtemp_96,4.9
2026-04-23 04:00:00+00:00,airtemp_96,4.2
2026-04-23 05:00:00+00:00,airtemp_96,4.9
2026-04-23 06:00:00+00:00,airtemp_96,7.7
2026-04-23 07:00:00+00:00,airtemp_96,10.7
2026-04-23 08:00:00+00:00,airtemp_96,13.9
2026-04-23 09:00:00+00:00,airtemp_96,15.5
2026-04-23 10:00:00+00:00,airtemp_96,16.5
2026-04-23 11:00:00+00:00,airtemp_96,17.3
2026-04-23 12:00:00+00:00,airtemp_96,19.1
2026-04-23 13:00:00+00:00,airtemp_96,18.9
2026-04-23 14:00:00+00:00,airtemp_96,19.5
2026-04-23 15:00:00+00:00,airtemp_96,19.6
2026-04-23 16:00:00+00:00,airtemp_96,18.8
2026-04-23 17:00:00+00:00,airtemp_96,18.2
2026-04-23 18:00:00+00:00,airtemp_96,16.7
2026-04-23 19:00:00+00:00,airtemp_96,14.4
2026-04-23 20:00:00+00:00,airtemp_96,13.2
2026-04-23 21:00:00+00:00,airtemp_96,11.9
2026-04-23 22:00:00+00:00,airtemp_96,10.8
2026-04-23 23:00:00+00:00,airtemp_96,9.7
2026-04-24 00:00:00+00:00,airtemp_96,8.6
2026-04-24 01:00:00+00:00,airtemp_96,7.9
2026-04-24 02:00:00+00:00,airtemp_96,7.4
2026-04-24 03:00:00+00:00,airtemp_96,7.1
2026-04-24 04:00:00+00:00,airtemp_96,6.7
2026-04-24 05:00:00+00:00,airtemp_96,7.3
2026-04-24 06:00:00+00:00,airtemp_96,9.0
2026-04-24 07:00:00+00:00,airtemp_96,10.6
2026-04-24 08:00:00+00:00,airtemp_96,11.5
2026-04-24 09:00:00+00:00,airtemp_96,14.0
2026-04-24 10:00:00+00:00,airtemp_96,15.9
2026-04-24 11:00:00+00:00,airtemp_96,18.8
2026-04-24 12:00:00+00:00,airtemp_96,18.7
2026-04-24 13:00:00+00:00,airtemp_96,19.6
2026-04-24 14:00:00+00:00,airtemp_96,19.9
2026-04-24 15:00:00+00:00,airtemp_96,19.3
2026-04-24 16:00:00+00:00,airtemp_96,19.0
2026-04-24 17:00:00+00:00,airtemp_96,18.5
2026-04-24 18:00:00+00:00,airtemp_96,17.6
2026-04-24 19:00:00+00:00,airtemp_96,16.5
2026-04-24 20:00:00+00:00,airtemp_96,15.8
2026-04-24 21:00:00+00:00,airtemp_96,14.7
2026-04-24 22:00:00+00:00,airtemp_96,13.8
2026-04-24 23:00:00+00:00,airtemp_96,13.1
2026-04-25 00:00:00+00:00,airtemp_96,12.3
2026-04-25 01:00:00+00:00,airtemp_96,11.6
2026-04-25 02:00:00+00:00,airtemp_96,11.2
2026-04-25 03:00:00+00:00,airtemp_96,10.4
2026-04-25 04:00:00+00:00,airtemp_96,9.9
2026-04-25 05:00:00+00:00,airtemp_96,9.7
2026-04-25 06:00:00+00:00,airtemp_96,9.8
2026-04-25 07:00:00+00:00,airtemp_96,10.3
2026-04-25 08:00:00+00:00,airtemp_96,11.9
2026-04-25 09:00:00+00:00,airtemp_96,12.6
2026-04-25 10:00:00+00:00,airtemp_96,14.4
2026-04-25 11:00:00+00:00,airtemp_96,16.0
2026-04-25 12:00:00+00:00,airtemp_96,16.7
2026-04-25 13:00:00+00:00,airtemp_96,17.0
2026-04-25 14:00:00+00:00,airtemp_96,17.9
2026-04-25 15:00:00+00:00,airtemp_96,18.1
2026-04-25 16:00:00+00:00,airtemp_96,17.2
2026-04-25 17:00:00+00:00,airtemp_96,16.5
2026-04-25 18:00:00+00:00,airtemp_96,15.3
2026-04-25 19:00:00+00:00,airtemp_96,13.6
2026-04-25 20:00:00+00:00,airtemp_96,11.9
2026-04-25 21:00:00+00:00,airtemp_96,10.3
2026-04-25 22:00:00+00:00,airtemp_96,9.2
2026-04-25 23:00:00+00:00,airtemp_96,8.5
2026-04-26 00:00:00+00:00,airtemp_96,7.3
2026-04-26 01:00:00+00:00,airtemp_96,6.3
2026-04-26 02:00:00+00:00,airtemp_96,5.6
2026-04-26 03:00:00+00:00,airtemp_96,4.6
2026-04-26 04:00:00+00:00,airtemp_96,3.7
2026-04-26 05:00:00+00:00,airtemp_96,3.4
2026-04-26 06:00:00+00:00,airtemp_96,4.4
2026-04-26 07:00:00+00:00,airtemp_96,6.5
2026-04-26 08:00:00+00:00,airtemp_96,8.6
2026-04-26 09:00:00+00:00,airtemp_96,9.5
2026-04-26 10:00:00+00:00,airtemp_96,11.3
2026-04-26 11:00:00+00:00,airtemp_96,12.9
2026-04-26 12:00:00+00:00,airtemp_96,14.7
2026-04-26 13:00:00+00:00,airtemp_96,15.3
2026-04-26 14:00:00+00:00,airtemp_96,14.9
2026-04-26 15:00:00+00:00,airtemp_96,14.4
2026-04-26 16:00:00+00:00,airtemp_96,14.2
2026-04-26 17:00:00+00:00,airtemp_96,13.7
2026-04-26 18:00:00+00:00,airtemp_96,12.6
2026-04-26 19:00:00+00:00,airtemp_96,11.4
2026-04-26 20:00:00+00:00,airtemp_96,10.5
2026-04-26 21:00:00+00:00,airtemp_96,9.9
2026-04-26 22:00:00+00:00,airtemp_96,8.5
2026-04-26 23:00:00+00:00,airtemp_96,7.1
2026-04-27 00:00:00+00:00,airtemp_96,6.6
2026-04-27 01:00:00+00:00,airtemp_96,6.1
2026-04-27 02:00:00+00:00,airtemp_96,4.1
2026-04-27 03:00:00+00:00,airtemp_96,3.4
2026-04-27 04:00:00+00:00,airtemp_96,2.6
2026-04-27 05:00:00+00:00,airtemp_96,4.8
2026-04-27 06:00:00+00:00,airtemp_96,6.9
2026-04-27 07:00:00+00:00,airtemp_96,10.7
2026-04-27 08:00:00+00:00,airtemp_96,13.3
2026-04-27 09:00:00+00:00,airtemp_96,15.4
2026-04-27 10:00:00+00:00,airtemp_96,17.1
2026-04-27 11:00:00+00:00,airtemp_96,18.6
2026-04-27 12:00:00+00:00,airtemp_96,19.4
2026-04-27 13:00:00+00:00,airtemp_96,19.7
2026-04-27 14:00:00+00:00,airtemp_96,20.6
2026-04-27 15:00:00+00:00,airtemp_96,20.1
2026-04-27 16:00:00+00:00,airtemp_96,19.6
2026-04-27 17:00:00+00:00,airtemp_96,18.6
2026-04-27 18:00:00+00:00,airtemp_96,17.4
2026-04-27 19:00:00+00:00,airtemp_96,15.7
2026-04-27 20:00:00+00:00,airtemp_96,14.1
2026-04-27 21:00:00+00:00,airtemp_96,12.8
2026-04-27 22:00:00+00:00,airtemp_96,11.7
2026-04-27 23:00:00+00:00,airtemp_96,10.6
2026-04-28 00:00:00+00:00,airtemp_96,9.6
2026-04-28 01:00:00+00:00,airtemp_96,8.8
2026-04-28 02:00:00+00:00,airtemp_96,8.0
2026-04-28 03:00:00+00:00,airtemp_96,7.9
2026-04-28 04:00:00+00:00,airtemp_96,7.9
2026-04-28 05:00:00+00:00,airtemp_96,9.1
2026-04-28 06:00:00+00:00,airtemp_96,11.5
2026-04-28 07:00:00+00:00,airtemp_96,14.2
2026-04-28 08:00:00+00:00,airtemp_96,17.2
2026-04-28 09:00:00+00:00,airtemp_96,19.8
2026-04-28 10:00:00+00:00,airtemp_96,21.6
2026-04-28 11:00:00+00:00,airtemp_96,23.3
2026-04-28 12:00:00+00:00,airtemp_96,24.3
2026-04-28 13:00:00+00:00,airtemp_96,25.1
2026-04-28 14:00:00+00:00,airtemp_96,25.7
2026-04-28 15:00:00+00:00,airtemp_96,25.7
2026-04-28 16:00:00+00:00,airtemp_96,25.4
2026-04-28 17:00:00+00:00,airtemp_96,24.4
2026-04-28 18:00:00+00:00,airtemp_96,22.3
2026-04-28 19:00:00+00:00,airtemp_96,20.1
2026-04-28 20:00:00+00:00,airtemp_96,18.1
2026-04-28 21:00:00+00:00,airtemp_96,16.2
2026-04-28 22:00:00+00:00,airtemp_96,14.7
2026-04-28 23:00:00+00:00,airtemp_96,13.9
2026-04-29 00:00:00+00:00,airtemp_96,12.8
2026-04-29 01:00:00+00:00,airtemp_96,11.9
2026-04-29 02:00:00+00:00,airtemp_96,11.3
2026-04-29 03:00:00+00:00,airtemp_96,10.9
2026-04-29 04:00:00+00:00,airtemp_96,10.8
2026-04-29 05:00:00+00:00,airtemp_96,12.1
2026-04-29 06:00:00+00:00,airtemp_96,14.3
2026-04-29 07:00:00+00:00,airtemp_96,17.0
2026-04-29 08:00:00+00:00,airtemp_96,19.6
2026-04-29 09:00:00+00:00,airtemp_96,21.6
2026-04-29 10:00:00+00:00,airtemp_96,23.4
2026-04-29 11:00:00+00:00,airtemp_96,24.2
2026-04-29 12:00:00+00:00,airtemp_96,25.4
2026-04-29 13:00:00+00:00,airtemp_96,25.9
2026-04-29 14:00:00+00:00,airtemp_96,26.3
2026-04-29 15:00:00+00:00,airtemp_96,25.8
2026-04-29 16:00:00+00:00,airtemp_96,25.3
2026-04-29 17:00:00+00:00,airtemp_96,24.1
2026-04-29 18:00:00+00:00,airtemp_96,22.2
2026-04-29 19:00:00+00:00,airtemp_96,20.7
2026-04-29 20:00:00+00:00,airtemp_96,19.4
2026-04-29 21:00:00+00:00,airtemp_96,18.3
2026-04-29 22:00:00+00:00,airtemp_96,17.7
2026-04-29 23:00:00+00:00,airtemp_96,16.6
2026-04-30 00:00:00+00:00,airtemp_96,15.5
2026-04-30 01:00:00+00:00,airtemp_96,14.8
2026-04-30 02:00:00+00:00,airtemp_96,14.3
2026-04-30 03:00:00+00:00,airtemp_96,13.8
2026-04-30 04:00:00+00:00,airtemp_96,13.4
2026-04-30 05:00:00+00:00,airtemp_96,13.7
2026-04-30 06:00:00+00:00,airtemp_96,14.6
2026-04-30 07:00:00+00:00,airtemp_96,16.4
2026-04-30 08:00:00+00:00,airtemp_96,18.1
2026-04-30 09:00:00+00:00,airtemp_96,19.5
2026-04-30 10:00:00+00:00,airtemp_96,20.7
2026-04-30 11:00:00+00:00,airtemp_96,21.7
2026-04-30 12:00:00+00:00,airtemp_96,22.1
2026-04-30 13:00:00+00:00,airtemp_96,22.4
2026-04-30 14:00:00+00:00,airtemp_96,22.4
2026-04-30 15:00:00+00:00,airtemp_96,22.4
2026-04-30 16:00:00+00:00,airtemp_96,21.7
2026-04-30 17:00:00+00:00,airtemp_96,21.1
2026-04-30 18:00:00+00:00,airtemp_96,19.8
2026-04-30 19:00:00+00:00,airtemp_96,18.6
2026-04-30 20:00:00+00:00,airtemp_96,17.5
2026-04-30 21:00:00+00:00,airtemp_96,16.2
2026-04-30 22:00:00+00:00,airtemp_96,15.6
2026-04-30 23:00:00+00:00,airtemp_96,14.8
2026-05-01 00:00:00+00:00,airtemp_96,14.1
2026-05-01 01:00:00+00:00,airtemp_96,13.5
2026-05-01 02:00:00+00:00,airtemp_96,13.2
2026-05-01 03:00:00+00:00,airtemp_96,13.0
2026-05-01 04:00:00+00:00,airtemp_96,12.9
2026-05-01 05:00:00+00:00,airtemp_96,13.2
2026-05-01 06:00:00+00:00,airtemp_96,13.6
2026-05-01 07:00:00+00:00,airtemp_96,14.9
2026-05-01 08:00:00+00:00,airtemp_96,16.4
2026-05-01 09:00:00+00:00,airtemp_96,17.6
2026-05-01 10:00:00+00:00,airtemp_96,18.6
2026-05-01 11:00:00+00:00,airtemp_96,19.3
2026-05-01 12:00:00+00:00,airtemp_96,19.6
2026-05-01 13:00:00+00:00,airtemp_96,19.6
2026-05-01 14:00:00+00:00,airtemp_96,19.5
2026-05-01 15:00:00+00:00,airtemp_96,18.8
2026-05-01 16:00:00+00:00,airtemp_96,18.3
2026-05-01 17:00:00+00:00,airtemp_96,17.3
2026-05-01 18:00:00+00:00,airtemp_96,16.3
2026-03-21 23:00:00+00:00,pressure_96,1008.4
2026-03-22 00:00:00+00:00,pressure_96,1008.3
2026-03-22 01:00:00+00:00,pressure_96,1007.9
2026-03-22 02:00:00+00:00,pressure_96,1008.1
2026-03-22 03:00:00+00:00,pressure_96,1008.2
2026-03-22 04:00:00+00:00,pressure_96,1008.7
2026-03-22 05:00:00+00:00,pressure_96,1008.9
2026-03-22 06:00:00+00:00,pressure_96,1009.5
2026-03-22 07:00:00+00:00,pressure_96,1010.2
2026-03-22 08:00:00+00:00,pressure_96,1010.7
2026-03-22 09:00:00+00:00,pressure_96,1011.3
2026-03-22 10:00:00+00:00,pressure_96,1011.9
2026-03-22 11:00:00+00:00,pressure_96,1013.1
2026-03-22 12:00:00+00:00,pressure_96,1012.8
2026-03-22 13:00:00+00:00,pressure_96,1013.3
2026-03-22 14:00:00+00:00,pressure_96,1013.4
2026-03-22 15:00:00+00:00,pressure_96,1013.2
2026-03-22 16:00:00+00:00,pressure_96,1013.8
2026-03-22 17:00:00+00:00,pressure_96,1015.0
2026-03-22 18:00:00+00:00,pressure_96,1015.7
2026-03-22 19:00:00+00:00,pressure_96,1016.7
2026-03-22 20:00:00+00:00,pressure_96,1017.0
2026-03-22 21:00:00+00:00,pressure_96,1017.5
2026-03-22 22:00:00+00:00,pressure_96,1017.9
2026-03-22 23:00:00+00:00,pressure_96,1018.6
2026-03-23 00:00:00+00:00,pressure_96,1018.9
2026-03-23 01:00:00+00:00,pressure_96,1019.4
2026-03-23 02:00:00+00:00,pressure_96,1019.5
2026-03-23 03:00:00+00:00,pressure_96,1019.8
2026-03-23 04:00:00+00:00,pressure_96,1020.5
2026-03-23 05:00:00+00:00,pressure_96,1021.1
2026-03-23 06:00:00+00:00,pressure_96,1022.1
2026-03-23 07:00:00+00:00,pressure_96,1022.8
2026-03-23 08:00:00+00:00,pressure_96,1023.3
2026-03-23 09:00:00+00:00,pressure_96,1023.2
2026-03-23 10:00:00+00:00,pressure_96,1023.3
2026-03-23 11:00:00+00:00,pressure_96,1023.1
2026-03-23 12:00:00+00:00,pressure_96,1022.8
2026-03-23 13:00:00+00:00,pressure_96,1022.2
2026-03-23 14:00:00+00:00,pressure_96,1021.7
2026-03-23 15:00:00+00:00,pressure_96,1021.6
2026-03-23 16:00:00+00:00,pressure_96,1021.7
2026-03-23 17:00:00+00:00,pressure_96,1022.1
2026-03-23 18:00:00+00:00,pressure_96,1022.5
2026-03-23 19:00:00+00:00,pressure_96,1023.2
2026-03-23 20:00:00+00:00,pressure_96,1023.6
2026-03-23 21:00:00+00:00,pressure_96,1023.9
2026-03-23 22:00:00+00:00,pressure_96,1024.09
2026-03-23 23:00:00+00:00,pressure_96,1024.2
2026-03-24 00:00:00+00:00,pressure_96,1024.09
2026-03-24 01:00:00+00:00,pressure_96,1024.0
2026-03-24 02:00:00+00:00,pressure_96,1023.6
2026-03-24 03:00:00+00:00,pressure_96,1023.7
2026-03-24 04:00:00+00:00,pressure_96,1023.3
2026-03-24 05:00:00+00:00,pressure_96,1023.4
2026-03-24 06:00:00+00:00,pressure_96,1023.3
2026-03-24 07:00:00+00:00,pressure_96,1022.5
2026-03-24 08:00:00+00:00,pressure_96,1021.6
2026-03-24 09:00:00+00:00,pressure_96,1020.9
2026-03-24 10:00:00+00:00,pressure_96,1020.2
2026-03-24 11:00:00+00:00,pressure_96,1019.7
2026-03-24 12:00:00+00:00,pressure_96,1018.9
2026-03-24 13:00:00+00:00,pressure_96,1018.3
2026-03-24 14:00:00+00:00,pressure_96,1017.7
2026-03-24 15:00:00+00:00,pressure_96,1017.3
2026-03-24 16:00:00+00:00,pressure_96,1017.2
2026-03-24 17:00:00+00:00,pressure_96,1017.7
2026-03-24 18:00:00+00:00,pressure_96,1018.7
2026-03-24 19:00:00+00:00,pressure_96,1019.4
2026-03-24 20:00:00+00:00,pressure_96,1021.0
2026-03-24 21:00:00+00:00,pressure_96,1021.6
2026-03-24 22:00:00+00:00,pressure_96,1022.7
2026-03-24 23:00:00+00:00,pressure_96,1022.8
2026-03-25 00:00:00+00:00,pressure_96,1023.2
2026-03-25 01:00:00+00:00,pressure_96,1023.6
2026-03-25 02:00:00+00:00,pressure_96,1024.0
2026-03-25 03:00:00+00:00,pressure_96,1024.2
2026-03-25 04:00:00+00:00,pressure_96,1024.7
2026-03-25 05:00:00+00:00,pressure_96,1025.4
2026-03-25 06:00:00+00:00,pressure_96,1026.2
2026-03-25 07:00:00+00:00,pressure_96,1026.8
2026-03-25 08:00:00+00:00,pressure_96,1027.3
2026-03-25 09:00:00+00:00,pressure_96,1028.0
2026-03-25 10:00:00+00:00,pressure_96,1028.5
2026-03-25 11:00:00+00:00,pressure_96,1028.7
2026-03-25 12:00:00+00:00,pressure_96,1028.7
2026-03-25 13:00:00+00:00,pressure_96,1028.5
2026-03-25 14:00:00+00:00,pressure_96,1028.4
2026-03-25 15:00:00+00:00,pressure_96,1027.9
2026-03-25 16:00:00+00:00,pressure_96,1027.7
2026-03-25 17:00:00+00:00,pressure_96,1027.8
2026-03-25 18:00:00+00:00,pressure_96,1028.7
2026-03-25 19:00:00+00:00,pressure_96,1028.7
2026-03-25 20:00:00+00:00,pressure_96,1028.3
2026-03-25 21:00:00+00:00,pressure_96,1027.59
2026-03-25 22:00:00+00:00,pressure_96,1027.59
2026-03-25 23:00:00+00:00,pressure_96,1026.8
2026-03-26 00:00:00+00:00,pressure_96,1026.59
2026-03-26 01:00:00+00:00,pressure_96,1025.4
2026-03-26 02:00:00+00:00,pressure_96,1024.5
2026-03-26 03:00:00+00:00,pressure_96,1023.4
2026-03-26 04:00:00+00:00,pressure_96,1022.3
2026-03-26 05:00:00+00:00,pressure_96,1021.4
2026-03-26 06:00:00+00:00,pressure_96,1021.1
2026-03-26 07:00:00+00:00,pressure_96,1019.7
2026-03-26 08:00:00+00:00,pressure_96,1019.4
2026-03-26 09:00:00+00:00,pressure_96,1018.4
2026-03-26 10:00:00+00:00,pressure_96,1018.3
2026-03-26 11:00:00+00:00,pressure_96,1017.9
2026-03-26 12:00:00+00:00,pressure_96,1017.1
2026-03-26 13:00:00+00:00,pressure_96,1015.9
2026-03-26 14:00:00+00:00,pressure_96,1017.8
2026-03-26 15:00:00+00:00,pressure_96,1016.8
2026-03-26 16:00:00+00:00,pressure_96,1016.6
2026-03-26 17:00:00+00:00,pressure_96,1017.1
2026-03-26 18:00:00+00:00,pressure_96,1018.3
2026-03-26 19:00:00+00:00,pressure_96,1019.0
2026-03-26 20:00:00+00:00,pressure_96,1020.0
2026-03-26 21:00:00+00:00,pressure_96,1020.5
2026-03-26 22:00:00+00:00,pressure_96,1020.9
2026-03-26 23:00:00+00:00,pressure_96,1021.3
2026-03-27 00:00:00+00:00,pressure_96,1021.4
2026-03-27 01:00:00+00:00,pressure_96,1021.8
2026-03-27 02:00:00+00:00,pressure_96,1022.0
2026-03-27 03:00:00+00:00,pressure_96,1022.3
2026-03-27 04:00:00+00:00,pressure_96,1022.8
2026-03-27 05:00:00+00:00,pressure_96,1023.5
2026-03-27 06:00:00+00:00,pressure_96,1024.3
2026-03-27 07:00:00+00:00,pressure_96,1025.0
2026-03-27 08:00:00+00:00,pressure_96,1025.3
2026-03-27 09:00:00+00:00,pressure_96,1025.59
2026-03-27 10:00:00+00:00,pressure_96,1025.59
2026-03-27 11:00:00+00:00,pressure_96,1025.7
2026-03-27 12:00:00+00:00,pressure_96,1026.3
2026-03-27 13:00:00+00:00,pressure_96,1025.8
2026-03-27 14:00:00+00:00,pressure_96,1025.5
2026-03-27 15:00:00+00:00,pressure_96,1025.7
2026-03-27 16:00:00+00:00,pressure_96,1026.0
2026-03-27 17:00:00+00:00,pressure_96,1026.09
2026-03-27 18:00:00+00:00,pressure_96,1026.59
2026-03-27 19:00:00+00:00,pressure_96,1027.0
2026-03-27 20:00:00+00:00,pressure_96,1027.3
2026-03-27 21:00:00+00:00,pressure_96,1027.59
2026-03-27 22:00:00+00:00,pressure_96,1027.5
2026-03-27 23:00:00+00:00,pressure_96,1027.59
2026-03-28 00:00:00+00:00,pressure_96,1027.3
2026-03-28 01:00:00+00:00,pressure_96,1026.5
2026-03-28 02:00:00+00:00,pressure_96,1026.09
2026-03-28 03:00:00+00:00,pressure_96,1025.7
2026-03-28 04:00:00+00:00,pressure_96,1025.7
2026-03-28 05:00:00+00:00,pressure_96,1025.59
2026-03-28 06:00:00+00:00,pressure_96,1025.8
2026-03-28 07:00:00+00:00,pressure_96,1025.9
2026-03-28 08:00:00+00:00,pressure_96,1025.59
2026-03-28 09:00:00+00:00,pressure_96,1025.09
2026-03-28 10:00:00+00:00,pressure_96,1024.5
2026-03-28 11:00:00+00:00,pressure_96,1023.8
2026-03-28 12:00:00+00:00,pressure_96,1023.2
2026-03-28 13:00:00+00:00,pressure_96,1022.6
2026-03-28 14:00:00+00:00,pressure_96,1022.2
2026-03-28 15:00:00+00:00,pressure_96,1021.9
2026-03-28 16:00:00+00:00,pressure_96,1021.4
2026-03-28 17:00:00+00:00,pressure_96,1021.5
2026-03-28 18:00:00+00:00,pressure_96,1021.4
2026-03-28 19:00:00+00:00,pressure_96,1021.7
2026-03-28 20:00:00+00:00,pressure_96,1021.5
2026-03-28 21:00:00+00:00,pressure_96,1021.0
2026-03-28 22:00:00+00:00,pressure_96,1020.5
2026-03-28 23:00:00+00:00,pressure_96,1020.0
2026-03-29 00:00:00+00:00,pressure_96,1019.8
2026-03-29 01:00:00+00:00,pressure_96,1019.3
2026-03-29 02:00:00+00:00,pressure_96,1018.7
2026-03-29 03:00:00+00:00,pressure_96,1018.6
2026-03-29 04:00:00+00:00,pressure_96,1018.3
2026-03-29 05:00:00+00:00,pressure_96,1018.0
2026-03-29 06:00:00+00:00,pressure_96,1017.7
2026-03-29 07:00:00+00:00,pressure_96,1017.7
2026-03-29 08:00:00+00:00,pressure_96,1017.4
2026-03-29 09:00:00+00:00,pressure_96,1017.1
2026-03-29 10:00:00+00:00,pressure_96,1016.8
2026-03-29 11:00:00+00:00,pressure_96,1016.2
2026-03-29 12:00:00+00:00,pressure_96,1015.9
2026-03-29 13:00:00+00:00,pressure_96,1015.5
2026-03-29 14:00:00+00:00,pressure_96,1015.5
2026-03-29 15:00:00+00:00,pressure_96,1015.4
2026-03-29 16:00:00+00:00,pressure_96,1015.6
2026-03-29 17:00:00+00:00,pressure_96,1015.7
2026-03-29 18:00:00+00:00,pressure_96,1016.3
2026-03-29 19:00:00+00:00,pressure_96,1017.2
2026-03-29 20:00:00+00:00,pressure_96,1017.6
2026-03-29 21:00:00+00:00,pressure_96,1017.9
2026-03-29 22:00:00+00:00,pressure_96,1018.2
2026-03-29 23:00:00+00:00,pressure_96,1018.2
2026-03-30 00:00:00+00:00,pressure_96,1018.4
2026-03-30 01:00:00+00:00,pressure_96,1018.2
2026-03-30 02:00:00+00:00,pressure_96,1018.6
2026-03-30 03:00:00+00:00,pressure_96,1018.8
2026-03-30 04:00:00+00:00,pressure_96,1019.0
2026-03-30 05:00:00+00:00,pressure_96,1019.7
2026-03-30 06:00:00+00:00,pressure_96,1020.1
2026-03-30 07:00:00+00:00,pressure_96,1019.9
2026-03-30 08:00:00+00:00,pressure_96,1019.5
2026-03-30 09:00:00+00:00,pressure_96,1019.3
2026-03-30 10:00:00+00:00,pressure_96,1018.9
2026-03-30 11:00:00+00:00,pressure_96,1018.3
2026-03-30 12:00:00+00:00,pressure_96,1018.6
2026-03-30 13:00:00+00:00,pressure_96,1018.1
2026-03-30 14:00:00+00:00,pressure_96,1017.7
2026-03-30 15:00:00+00:00,pressure_96,1017.6
2026-03-30 16:00:00+00:00,pressure_96,1017.6
2026-03-30 17:00:00+00:00,pressure_96,1017.6
2026-03-30 18:00:00+00:00,pressure_96,1018.2
2026-03-30 19:00:00+00:00,pressure_96,1019.0
2026-03-30 20:00:00+00:00,pressure_96,1019.1
2026-03-30 21:00:00+00:00,pressure_96,1019.8
2026-03-30 22:00:00+00:00,pressure_96,1020.0
2026-03-30 23:00:00+00:00,pressure_96,1020.2
2026-03-31 00:00:00+00:00,pressure_96,1020.6
2026-03-31 01:00:00+00:00,pressure_96,1020.3
2026-03-31 02:00:00+00:00,pressure_96,1020.4
2026-03-31 03:00:00+00:00,pressure_96,1020.5
2026-03-31 04:00:00+00:00,pressure_96,1021.0
2026-03-31 05:00:00+00:00,pressure_96,1021.8
2026-03-31 06:00:00+00:00,pressure_96,1022.5
2026-03-31 07:00:00+00:00,pressure_96,1023.1
2026-03-31 08:00:00+00:00,pressure_96,1023.4
2026-03-31 09:00:00+00:00,pressure_96,1023.7
2026-03-31 10:00:00+00:00,pressure_96,1023.6
2026-03-31 11:00:00+00:00,pressure_96,1023.0
2026-03-31 12:00:00+00:00,pressure_96,1023.1
2026-03-31 13:00:00+00:00,pressure_96,1022.9
2026-03-31 14:00:00+00:00,pressure_96,1022.9
2026-03-31 15:00:00+00:00,pressure_96,1023.0
2026-03-31 16:00:00+00:00,pressure_96,1023.2
2026-03-31 17:00:00+00:00,pressure_96,1023.2
2026-03-31 18:00:00+00:00,pressure_96,1023.3
2026-03-31 19:00:00+00:00,pressure_96,1023.4
2026-03-31 20:00:00+00:00,pressure_96,1023.4
2026-03-31 21:00:00+00:00,pressure_96,1023.3
2026-03-31 22:00:00+00:00,pressure_96,1023.4
2026-03-31 23:00:00+00:00,pressure_96,1023.2
2026-04-01 00:00:00+00:00,pressure_96,1022.8
2026-04-01 01:00:00+00:00,pressure_96,1022.5
2026-04-01 02:00:00+00:00,pressure_96,1022.0
2026-04-01 03:00:00+00:00,pressure_96,1021.8
2026-04-01 04:00:00+00:00,pressure_96,1021.4
2026-04-01 05:00:00+00:00,pressure_96,1021.6
2026-04-01 06:00:00+00:00,pressure_96,1021.3
2026-04-01 07:00:00+00:00,pressure_96,1020.7
2026-04-01 08:00:00+00:00,pressure_96,1019.6
2026-04-01 09:00:00+00:00,pressure_96,1019.4
2026-04-01 10:00:00+00:00,pressure_96,1019.0
2026-04-01 11:00:00+00:00,pressure_96,1018.4
2026-04-01 12:00:00+00:00,pressure_96,1017.6
2026-04-01 13:00:00+00:00,pressure_96,1017.5
2026-04-01 14:00:00+00:00,pressure_96,1017.1
2026-04-01 15:00:00+00:00,pressure_96,1017.3
2026-04-01 16:00:00+00:00,pressure_96,1017.2
2026-04-01 17:00:00+00:00,pressure_96,1017.7
2026-04-01 18:00:00+00:00,pressure_96,1018.5
2026-04-01 19:00:00+00:00,pressure_96,1019.3
2026-04-01 20:00:00+00:00,pressure_96,1020.4
2026-04-01 21:00:00+00:00,pressure_96,1021.3
2026-04-01 22:00:00+00:00,pressure_96,1022.8
2026-04-01 23:00:00+00:00,pressure_96,1024.3
2026-04-02 00:00:00+00:00,pressure_96,1024.7
2026-04-02 01:00:00+00:00,pressure_96,1025.3
2026-04-02 02:00:00+00:00,pressure_96,1025.59
2026-04-02 03:00:00+00:00,pressure_96,1025.7
2026-04-02 04:00:00+00:00,pressure_96,1026.09
2026-04-02 05:00:00+00:00,pressure_96,1026.9
2026-04-02 06:00:00+00:00,pressure_96,1027.3
2026-04-02 07:00:00+00:00,pressure_96,1027.59
2026-04-02 08:00:00+00:00,pressure_96,1028.0
2026-04-02 09:00:00+00:00,pressure_96,1028.09
2026-04-02 10:00:00+00:00,pressure_96,1027.59
2026-04-02 11:00:00+00:00,pressure_96,1027.0
2026-04-02 12:00:00+00:00,pressure_96,1026.59
2026-04-02 13:00:00+00:00,pressure_96,1025.9
2026-04-02 14:00:00+00:00,pressure_96,1025.09
2026-04-02 15:00:00+00:00,pressure_96,1024.8
2026-04-02 16:00:00+00:00,pressure_96,1024.3
2026-04-02 17:00:00+00:00,pressure_96,1024.4
2026-04-02 18:00:00+00:00,pressure_96,1024.5
2026-04-02 19:00:00+00:00,pressure_96,1025.4
2026-04-02 20:00:00+00:00,pressure_96,1025.8
2026-04-02 21:00:00+00:00,pressure_96,1025.9
2026-04-02 22:00:00+00:00,pressure_96,1026.3
2026-04-02 23:00:00+00:00,pressure_96,1026.5
2026-04-03 00:00:00+00:00,pressure_96,1026.7
2026-04-03 01:00:00+00:00,pressure_96,1026.7
2026-04-03 02:00:00+00:00,pressure_96,1026.59
2026-04-03 03:00:00+00:00,pressure_96,1026.4
2026-04-03 04:00:00+00:00,pressure_96,1026.3
2026-04-03 05:00:00+00:00,pressure_96,1026.3
2026-04-03 06:00:00+00:00,pressure_96,1026.3
2026-04-03 07:00:00+00:00,pressure_96,1025.3
2026-04-03 08:00:00+00:00,pressure_96,1025.0
2026-04-03 09:00:00+00:00,pressure_96,1024.7
2026-04-03 10:00:00+00:00,pressure_96,1024.59
2026-04-03 11:00:00+00:00,pressure_96,1023.7
2026-04-03 12:00:00+00:00,pressure_96,1023.1
2026-04-03 13:00:00+00:00,pressure_96,1022.4
2026-04-03 14:00:00+00:00,pressure_96,1021.8
2026-04-03 15:00:00+00:00,pressure_96,1021.4
2026-04-03 16:00:00+00:00,pressure_96,1021.4
2026-04-03 17:00:00+00:00,pressure_96,1021.6
2026-04-03 18:00:00+00:00,pressure_96,1022.1
2026-04-03 19:00:00+00:00,pressure_96,1023.4
2026-04-03 20:00:00+00:00,pressure_96,1024.2
2026-04-03 21:00:00+00:00,pressure_96,1024.8
2026-04-03 22:00:00+00:00,pressure_96,1025.3
2026-04-03 23:00:00+00:00,pressure_96,1025.5
2026-04-04 00:00:00+00:00,pressure_96,1025.9
2026-04-04 01:00:00+00:00,pressure_96,1026.5
2026-04-04 02:00:00+00:00,pressure_96,1026.59
2026-04-04 03:00:00+00:00,pressure_96,1026.7
2026-04-04 04:00:00+00:00,pressure_96,1026.8
2026-04-04 05:00:00+00:00,pressure_96,1027.3
2026-04-04 06:00:00+00:00,pressure_96,1027.0
2026-04-04 07:00:00+00:00,pressure_96,1026.3
2026-04-04 08:00:00+00:00,pressure_96,1026.2
2026-04-04 09:00:00+00:00,pressure_96,1026.09
2026-04-04 10:00:00+00:00,pressure_96,1025.4
2026-04-04 11:00:00+00:00,pressure_96,1025.0
2026-04-04 12:00:00+00:00,pressure_96,1024.5
2026-04-04 13:00:00+00:00,pressure_96,1023.7
2026-04-04 14:00:00+00:00,pressure_96,1022.7
2026-04-04 15:00:00+00:00,pressure_96,1022.2
2026-04-04 16:00:00+00:00,pressure_96,1022.2
2026-04-04 17:00:00+00:00,pressure_96,1022.5
2026-04-04 18:00:00+00:00,pressure_96,1022.9
2026-04-04 19:00:00+00:00,pressure_96,1023.9
2026-04-04 20:00:00+00:00,pressure_96,1024.2
2026-04-04 21:00:00+00:00,pressure_96,1024.4
2026-04-04 22:00:00+00:00,pressure_96,1024.7
2026-04-04 23:00:00+00:00,pressure_96,1024.5
2026-04-05 00:00:00+00:00,pressure_96,1024.7
2026-04-05 01:00:00+00:00,pressure_96,1024.5
2026-04-05 02:00:00+00:00,pressure_96,1024.0
2026-04-05 03:00:00+00:00,pressure_96,1023.9
2026-04-05 04:00:00+00:00,pressure_96,1023.7
2026-04-05 05:00:00+00:00,pressure_96,1023.4
2026-04-05 06:00:00+00:00,pressure_96,1023.1
2026-04-05 07:00:00+00:00,pressure_96,1022.5
2026-04-05 08:00:00+00:00,pressure_96,1022.3
2026-04-05 09:00:00+00:00,pressure_96,1021.8
2026-04-05 10:00:00+00:00,pressure_96,1021.3
2026-04-05 11:00:00+00:00,pressure_96,1020.5
2026-04-05 12:00:00+00:00,pressure_96,1019.4
2026-04-05 13:00:00+00:00,pressure_96,1018.7
2026-04-05 14:00:00+00:00,pressure_96,1018.3
2026-04-05 15:00:00+00:00,pressure_96,1017.8
2026-04-05 16:00:00+00:00,pressure_96,1017.2
2026-04-05 17:00:00+00:00,pressure_96,1017.3
2026-04-05 18:00:00+00:00,pressure_96,1017.5
2026-04-05 19:00:00+00:00,pressure_96,1017.4
2026-04-05 20:00:00+00:00,pressure_96,1017.5
2026-04-05 21:00:00+00:00,pressure_96,1017.0
2026-04-05 22:00:00+00:00,pressure_96,1016.9
2026-04-05 23:00:00+00:00,pressure_96,1016.5
2026-04-06 00:00:00+00:00,pressure_96,1016.3
2026-04-06 01:00:00+00:00,pressure_96,1016.0
2026-04-06 02:00:00+00:00,pressure_96,1015.4
2026-04-06 03:00:00+00:00,pressure_96,1015.2
2026-04-06 04:00:00+00:00,pressure_96,1015.1
2026-04-06 05:00:00+00:00,pressure_96,1014.7
2026-04-06 06:00:00+00:00,pressure_96,1015.9
2026-04-06 07:00:00+00:00,pressure_96,1015.9
2026-04-06 08:00:00+00:00,pressure_96,1015.6
2026-04-06 09:00:00+00:00,pressure_96,1015.2
2026-04-06 10:00:00+00:00,pressure_96,1016.4
2026-04-06 11:00:00+00:00,pressure_96,1017.3
2026-04-06 12:00:00+00:00,pressure_96,1017.8
2026-04-06 13:00:00+00:00,pressure_96,1018.2
2026-04-06 14:00:00+00:00,pressure_96,1018.4
2026-04-06 15:00:00+00:00,pressure_96,1018.6
2026-04-06 16:00:00+00:00,pressure_96,1018.3
2026-04-06 17:00:00+00:00,pressure_96,1018.4
2026-04-06 18:00:00+00:00,pressure_96,1018.5
2026-04-06 19:00:00+00:00,pressure_96,1018.7
2026-04-06 20:00:00+00:00,pressure_96,1018.7
2026-04-06 21:00:00+00:00,pressure_96,1018.9
2026-04-06 22:00:00+00:00,pressure_96,1018.8
2026-04-06 23:00:00+00:00,pressure_96,1018.2
2026-04-07 00:00:00+00:00,pressure_96,1018.5
2026-04-07 01:00:00+00:00,pressure_96,1018.1
2026-04-07 02:00:00+00:00,pressure_96,1017.9
2026-04-07 03:00:00+00:00,pressure_96,1017.6
2026-04-07 04:00:00+00:00,pressure_96,1017.3
2026-04-07 05:00:00+00:00,pressure_96,1017.3
2026-04-07 06:00:00+00:00,pressure_96,1016.9
2026-04-07 07:00:00+00:00,pressure_96,1016.7
2026-04-07 08:00:00+00:00,pressure_96,1016.3
2026-04-07 09:00:00+00:00,pressure_96,1015.4
2026-04-07 10:00:00+00:00,pressure_96,1014.6
2026-04-07 11:00:00+00:00,pressure_96,1013.5
2026-04-07 12:00:00+00:00,pressure_96,1012.8
2026-04-07 13:00:00+00:00,pressure_96,1012.2
2026-04-07 14:00:00+00:00,pressure_96,1011.4
2026-04-07 15:00:00+00:00,pressure_96,1011.1
2026-04-07 16:00:00+00:00,pressure_96,1011.0
2026-04-07 17:00:00+00:00,pressure_96,1011.6
2026-04-07 18:00:00+00:00,pressure_96,1012.2
2026-04-07 19:00:00+00:00,pressure_96,1012.6
2026-04-07 20:00:00+00:00,pressure_96,1013.3
2026-04-07 21:00:00+00:00,pressure_96,1013.4
2026-04-07 22:00:00+00:00,pressure_96,1013.5
2026-04-07 23:00:00+00:00,pressure_96,1012.1
2026-04-08 00:00:00+00:00,pressure_96,1012.4
2026-04-08 01:00:00+00:00,pressure_96,1012.3
2026-04-08 02:00:00+00:00,pressure_96,1012.9
2026-04-08 03:00:00+00:00,pressure_96,1013.7
2026-04-08 04:00:00+00:00,pressure_96,1014.2
2026-04-08 05:00:00+00:00,pressure_96,1014.7
2026-04-08 06:00:00+00:00,pressure_96,1015.3
2026-04-08 07:00:00+00:00,pressure_96,1015.2
2026-04-08 08:00:00+00:00,pressure_96,1015.2
2026-04-08 09:00:00+00:00,pressure_96,1015.5
2026-04-08 10:00:00+00:00,pressure_96,1015.6
2026-04-08 11:00:00+00:00,pressure_96,1015.4
2026-04-08 12:00:00+00:00,pressure_96,1014.6
2026-04-08 13:00:00+00:00,pressure_96,1014.3
2026-04-08 14:00:00+00:00,pressure_96,1013.6
2026-04-08 15:00:00+00:00,pressure_96,1013.9
2026-04-08 16:00:00+00:00,pressure_96,1013.8
2026-04-08 17:00:00+00:00,pressure_96,1014.1
2026-04-08 18:00:00+00:00,pressure_96,1014.1
2026-04-08 19:00:00+00:00,pressure_96,1013.9
2026-04-08 20:00:00+00:00,pressure_96,1013.8
2026-04-08 21:00:00+00:00,pressure_96,1013.4
2026-04-08 22:00:00+00:00,pressure_96,1012.8
2026-04-08 23:00:00+00:00,pressure_96,1012.0
2026-04-09 00:00:00+00:00,pressure_96,1011.8
2026-04-09 01:00:00+00:00,pressure_96,1011.3
2026-04-09 02:00:00+00:00,pressure_96,1010.9
2026-04-09 03:00:00+00:00,pressure_96,1010.8
2026-04-09 04:00:00+00:00,pressure_96,1010.3
2026-04-09 05:00:00+00:00,pressure_96,1010.0
2026-04-09 06:00:00+00:00,pressure_96,1010.4
2026-04-09 07:00:00+00:00,pressure_96,1009.8
2026-04-09 08:00:00+00:00,pressure_96,1009.5
2026-04-09 09:00:00+00:00,pressure_96,1009.2
2026-04-09 10:00:00+00:00,pressure_96,1009.0
2026-04-09 11:00:00+00:00,pressure_96,1008.8
2026-04-09 12:00:00+00:00,pressure_96,1008.3
2026-04-09 13:00:00+00:00,pressure_96,1008.4
2026-04-09 14:00:00+00:00,pressure_96,1008.2
2026-04-09 15:00:00+00:00,pressure_96,1008.1
2026-04-09 16:00:00+00:00,pressure_96,1008.4
2026-04-09 17:00:00+00:00,pressure_96,1008.9
2026-04-09 18:00:00+00:00,pressure_96,1009.4
2026-04-09 19:00:00+00:00,pressure_96,1010.3
2026-04-09 20:00:00+00:00,pressure_96,1010.8
2026-04-09 21:00:00+00:00,pressure_96,1011.3
2026-04-09 22:00:00+00:00,pressure_96,1011.6
2026-04-09 23:00:00+00:00,pressure_96,1012.3
2026-04-10 00:00:00+00:00,pressure_96,1012.8
2026-04-10 01:00:00+00:00,pressure_96,1013.2
2026-04-10 02:00:00+00:00,pressure_96,1014.0
2026-04-10 03:00:00+00:00,pressure_96,1014.6
2026-04-10 04:00:00+00:00,pressure_96,1015.3
2026-04-10 05:00:00+00:00,pressure_96,1016.0
2026-04-10 06:00:00+00:00,pressure_96,1016.7
2026-04-10 07:00:00+00:00,pressure_96,1017.6
2026-04-10 08:00:00+00:00,pressure_96,1018.2
2026-04-10 09:00:00+00:00,pressure_96,1018.5
2026-04-10 10:00:00+00:00,pressure_96,1019.1
2026-04-10 11:00:00+00:00,pressure_96,1019.3
2026-04-10 12:00:00+00:00,pressure_96,1019.6
2026-04-10 13:00:00+00:00,pressure_96,1019.9
2026-04-10 14:00:00+00:00,pressure_96,1020.1
2026-04-10 15:00:00+00:00,pressure_96,1020.2
2026-04-10 16:00:00+00:00,pressure_96,1020.6
2026-04-10 17:00:00+00:00,pressure_96,1021.1
2026-04-10 18:00:00+00:00,pressure_96,1021.6
2026-04-10 19:00:00+00:00,pressure_96,1022.1
2026-04-10 20:00:00+00:00,pressure_96,1022.6
2026-04-10 21:00:00+00:00,pressure_96,1023.1
2026-04-10 22:00:00+00:00,pressure_96,1023.3
2026-04-10 23:00:00+00:00,pressure_96,1023.4
2026-04-11 00:00:00+00:00,pressure_96,1023.0
2026-04-11 01:00:00+00:00,pressure_96,1022.8
2026-04-11 02:00:00+00:00,pressure_96,1022.5
2026-04-11 03:00:00+00:00,pressure_96,1022.3
2026-04-11 04:00:00+00:00,pressure_96,1022.1
2026-04-11 05:00:00+00:00,pressure_96,1022.2
2026-04-11 06:00:00+00:00,pressure_96,1022.4
2026-04-11 07:00:00+00:00,pressure_96,1022.6
2026-04-11 08:00:00+00:00,pressure_96,1022.6
2026-04-11 09:00:00+00:00,pressure_96,1022.7
2026-04-11 10:00:00+00:00,pressure_96,1022.4
2026-04-11 11:00:00+00:00,pressure_96,1022.0
2026-04-11 12:00:00+00:00,pressure_96,1021.4
2026-04-11 13:00:00+00:00,pressure_96,1021.0
2026-04-11 14:00:00+00:00,pressure_96,1020.6
2026-04-11 15:00:00+00:00,pressure_96,1020.5
2026-04-11 16:00:00+00:00,pressure_96,1020.4
2026-04-11 17:00:00+00:00,pressure_96,1020.5
2026-04-11 18:00:00+00:00,pressure_96,1020.6
2026-04-11 19:00:00+00:00,pressure_96,1021.2
2026-04-11 20:00:00+00:00,pressure_96,1021.4
2026-04-11 21:00:00+00:00,pressure_96,1021.8
2026-04-11 22:00:00+00:00,pressure_96,1021.7
2026-04-11 23:00:00+00:00,pressure_96,1021.8
2026-04-12 00:00:00+00:00,pressure_96,1022.0
2026-04-12 01:00:00+00:00,pressure_96,1022.1
2026-04-12 02:00:00+00:00,pressure_96,1022.1
2026-04-12 03:00:00+00:00,pressure_96,1022.2
2026-04-12 04:00:00+00:00,pressure_96,1022.4
2026-04-12 05:00:00+00:00,pressure_96,1022.9
2026-04-12 06:00:00+00:00,pressure_96,1023.4
2026-04-12 07:00:00+00:00,pressure_96,1023.8
2026-04-12 08:00:00+00:00,pressure_96,1023.8
2026-04-12 09:00:00+00:00,pressure_96,1023.3
2026-04-12 10:00:00+00:00,pressure_96,1022.8
2026-04-12 11:00:00+00:00,pressure_96,1022.6
2026-04-12 12:00:00+00:00,pressure_96,1021.9
2026-04-12 13:00:00+00:00,pressure_96,1021.8
2026-04-12 14:00:00+00:00,pressure_96,1021.6
2026-04-12 15:00:00+00:00,pressure_96,1021.3
2026-04-12 16:00:00+00:00,pressure_96,1021.3
2026-04-12 17:00:00+00:00,pressure_96,1021.2
2026-04-12 18:00:00+00:00,pressure_96,1021.6
2026-04-12 19:00:00+00:00,pressure_96,1022.4
2026-04-12 20:00:00+00:00,pressure_96,1023.2
2026-04-12 21:00:00+00:00,pressure_96,1023.1
2026-04-12 22:00:00+00:00,pressure_96,1023.4
2026-04-12 23:00:00+00:00,pressure_96,1023.6
2026-04-13 00:00:00+00:00,pressure_96,1023.8
2026-04-13 01:00:00+00:00,pressure_96,1023.6
2026-04-13 02:00:00+00:00,pressure_96,1023.6
2026-04-13 03:00:00+00:00,pressure_96,1023.7
2026-04-13 04:00:00+00:00,pressure_96,1023.7
2026-04-13 05:00:00+00:00,pressure_96,1023.9
2026-04-13 06:00:00+00:00,pressure_96,1023.7
2026-04-13 07:00:00+00:00,pressure_96,1022.7
2026-04-13 08:00:00+00:00,pressure_96,1022.1
2026-04-13 09:00:00+00:00,pressure_96,1021.7
2026-04-13 10:00:00+00:00,pressure_96,1021.1
2026-04-13 11:00:00+00:00,pressure_96,1020.4
2026-04-13 12:00:00+00:00,pressure_96,1020.0
2026-04-13 13:00:00+00:00,pressure_96,1019.5
2026-04-13 14:00:00+00:00,pressure_96,1019.0
2026-04-13 15:00:00+00:00,pressure_96,1018.7
2026-04-13 16:00:00+00:00,pressure_96,1018.5
2026-04-13 17:00:00+00:00,pressure_96,1018.6
2026-04-13 18:00:00+00:00,pressure_96,1019.3
2026-04-13 19:00:00+00:00,pressure_96,1020.3
2026-04-13 20:00:00+00:00,pressure_96,1020.8
2026-04-13 21:00:00+00:00,pressure_96,1020.9
2026-04-13 22:00:00+00:00,pressure_96,1021.2
2026-04-13 23:00:00+00:00,pressure_96,1021.3
2026-04-14 00:00:00+00:00,pressure_96,1021.7
2026-04-14 01:00:00+00:00,pressure_96,1021.6
2026-04-14 02:00:00+00:00,pressure_96,1021.5
2026-04-14 03:00:00+00:00,pressure_96,1021.6
2026-04-14 04:00:00+00:00,pressure_96,1021.2
2026-04-14 05:00:00+00:00,pressure_96,1021.2
2026-04-14 06:00:00+00:00,pressure_96,1021.4
2026-04-14 07:00:00+00:00,pressure_96,1020.9
2026-04-14 08:00:00+00:00,pressure_96,1020.2
2026-04-14 09:00:00+00:00,pressure_96,1019.7
2026-04-14 10:00:00+00:00,pressure_96,1019.2
2026-04-14 11:00:00+00:00,pressure_96,1018.3
2026-04-14 12:00:00+00:00,pressure_96,1018.1
2026-04-14 13:00:00+00:00,pressure_96,1017.8
2026-04-14 14:00:00+00:00,pressure_96,1017.5
2026-04-14 15:00:00+00:00,pressure_96,1017.2
2026-04-14 16:00:00+00:00,pressure_96,1016.7
2026-04-14 17:00:00+00:00,pressure_96,1016.6
2026-04-14 18:00:00+00:00,pressure_96,1017.0
2026-04-14 19:00:00+00:00,pressure_96,1017.9
2026-04-14 20:00:00+00:00,pressure_96,1018.1
2026-04-14 21:00:00+00:00,pressure_96,1018.0
2026-04-14 22:00:00+00:00,pressure_96,1017.9
2026-04-14 23:00:00+00:00,pressure_96,1017.6
2026-04-15 00:00:00+00:00,pressure_96,1017.6
2026-04-15 01:00:00+00:00,pressure_96,1016.9
2026-04-15 02:00:00+00:00,pressure_96,1016.5
2026-04-15 03:00:00+00:00,pressure_96,1015.9
2026-04-15 04:00:00+00:00,pressure_96,1015.6
2026-04-15 05:00:00+00:00,pressure_96,1015.2
2026-04-15 06:00:00+00:00,pressure_96,1015.4
2026-04-15 07:00:00+00:00,pressure_96,1014.5
2026-04-15 08:00:00+00:00,pressure_96,1015.9
2026-04-15 09:00:00+00:00,pressure_96,1015.9
2026-04-15 10:00:00+00:00,pressure_96,1015.6
2026-04-15 11:00:00+00:00,pressure_96,1015.9
2026-04-15 12:00:00+00:00,pressure_96,1016.1
2026-04-15 13:00:00+00:00,pressure_96,1016.1
2026-04-15 14:00:00+00:00,pressure_96,1016.1
2026-04-15 15:00:00+00:00,pressure_96,1016.1
2026-04-15 16:00:00+00:00,pressure_96,1016.6
2026-04-15 17:00:00+00:00,pressure_96,1017.3
2026-04-15 18:00:00+00:00,pressure_96,1018.4
2026-04-15 19:00:00+00:00,pressure_96,1019.4
2026-04-15 20:00:00+00:00,pressure_96,1020.4
2026-04-15 21:00:00+00:00,pressure_96,1020.7
2026-04-15 22:00:00+00:00,pressure_96,1020.9
2026-04-15 23:00:00+00:00,pressure_96,1020.9
2026-04-16 00:00:00+00:00,pressure_96,1020.4
2026-04-16 01:00:00+00:00,pressure_96,1020.1
2026-04-16 02:00:00+00:00,pressure_96,1020.0
2026-04-16 03:00:00+00:00,pressure_96,1019.7
2026-04-16 04:00:00+00:00,pressure_96,1019.4
2026-04-16 05:00:00+00:00,pressure_96,1019.4
2026-04-16 06:00:00+00:00,pressure_96,1019.3
2026-04-16 07:00:00+00:00,pressure_96,1018.4
2026-04-16 08:00:00+00:00,pressure_96,1017.9
2026-04-16 09:00:00+00:00,pressure_96,1018.1
2026-04-16 10:00:00+00:00,pressure_96,1017.4
2026-04-16 11:00:00+00:00,pressure_96,1016.6
2026-04-16 12:00:00+00:00,pressure_96,1016.5
2026-04-16 13:00:00+00:00,pressure_96,1015.8
2026-04-16 14:00:00+00:00,pressure_96,1015.2
2026-04-16 15:00:00+00:00,pressure_96,1015.2
2026-04-16 16:00:00+00:00,pressure_96,1015.2
2026-04-16 17:00:00+00:00,pressure_96,1015.4
2026-04-16 18:00:00+00:00,pressure_96,1016.1
2026-04-16 19:00:00+00:00,pressure_96,1017.2
2026-04-16 20:00:00+00:00,pressure_96,1018.1
2026-04-16 21:00:00+00:00,pressure_96,1018.5
2026-04-16 22:00:00+00:00,pressure_96,1019.0
2026-04-16 23:00:00+00:00,pressure_96,1019.1
2026-04-17 00:00:00+00:00,pressure_96,1019.4
2026-04-17 01:00:00+00:00,pressure_96,1019.1
2026-04-17 02:00:00+00:00,pressure_96,1019.2
2026-04-17 03:00:00+00:00,pressure_96,1019.2
2026-04-17 04:00:00+00:00,pressure_96,1019.6
2026-04-17 05:00:00+00:00,pressure_96,1019.9
2026-04-17 06:00:00+00:00,pressure_96,1020.1
2026-04-17 07:00:00+00:00,pressure_96,1019.8
2026-04-17 08:00:00+00:00,pressure_96,1019.3
2026-04-17 09:00:00+00:00,pressure_96,1019.6
2026-04-17 10:00:00+00:00,pressure_96,1019.4
2026-04-17 11:00:00+00:00,pressure_96,1019.4
2026-04-17 12:00:00+00:00,pressure_96,1019.4
2026-04-17 13:00:00+00:00,pressure_96,1019.5
2026-04-17 14:00:00+00:00,pressure_96,1019.3
2026-04-17 15:00:00+00:00,pressure_96,1019.0
2026-04-17 16:00:00+00:00,pressure_96,1019.6
2026-04-17 17:00:00+00:00,pressure_96,1019.8
2026-04-17 18:00:00+00:00,pressure_96,1020.1
2026-04-17 19:00:00+00:00,pressure_96,1020.8
2026-04-17 20:00:00+00:00,pressure_96,1021.4
2026-04-17 21:00:00+00:00,pressure_96,1021.9
2026-04-17 22:00:00+00:00,pressure_96,1022.6
2026-04-17 23:00:00+00:00,pressure_96,1023.1
2026-04-18 00:00:00+00:00,pressure_96,1023.4
2026-04-18 01:00:00+00:00,pressure_96,1023.4
2026-04-18 02:00:00+00:00,pressure_96,1023.6
2026-04-18 03:00:00+00:00,pressure_96,1023.7
2026-04-18 04:00:00+00:00,pressure_96,1024.09
2026-04-18 05:00:00+00:00,pressure_96,1024.3
2026-04-18 06:00:00+00:00,pressure_96,1024.5
2026-04-18 07:00:00+00:00,pressure_96,1024.3
2026-04-18 08:00:00+00:00,pressure_96,1024.2
2026-04-18 09:00:00+00:00,pressure_96,1023.9
2026-04-18 10:00:00+00:00,pressure_96,1023.8
2026-04-18 11:00:00+00:00,pressure_96,1023.7
2026-04-18 12:00:00+00:00,pressure_96,1023.4
2026-04-18 13:00:00+00:00,pressure_96,1023.2
2026-04-18 14:00:00+00:00,pressure_96,1023.0
2026-04-18 15:00:00+00:00,pressure_96,1022.9
2026-04-18 16:00:00+00:00,pressure_96,1022.8
2026-04-18 17:00:00+00:00,pressure_96,1023.0
2026-04-18 18:00:00+00:00,pressure_96,1023.4
2026-04-18 19:00:00+00:00,pressure_96,1024.4
2026-04-18 20:00:00+00:00,pressure_96,1025.3
2026-04-18 21:00:00+00:00,pressure_96,1025.9
2026-04-18 22:00:00+00:00,pressure_96,1026.3
2026-04-18 23:00:00+00:00,pressure_96,1026.9
2026-04-19 00:00:00+00:00,pressure_96,1027.2
2026-04-19 01:00:00+00:00,pressure_96,1027.2
2026-04-19 02:00:00+00:00,pressure_96,1027.8
2026-04-19 03:00:00+00:00,pressure_96,1027.7
2026-04-19 04:00:00+00:00,pressure_96,1027.9
2026-04-19 05:00:00+00:00,pressure_96,1028.2
2026-04-19 06:00:00+00:00,pressure_96,1028.0
2026-04-19 07:00:00+00:00,pressure_96,1027.3
2026-04-19 08:00:00+00:00,pressure_96,1027.2
2026-04-19 09:00:00+00:00,pressure_96,1026.7
2026-04-19 10:00:00+00:00,pressure_96,1026.09
2026-04-19 11:00:00+00:00,pressure_96,1025.3
2026-04-19 12:00:00+00:00,pressure_96,1024.2
2026-04-19 13:00:00+00:00,pressure_96,1023.8
2026-04-19 14:00:00+00:00,pressure_96,1022.6
2026-04-19 15:00:00+00:00,pressure_96,1022.3
2026-04-19 16:00:00+00:00,pressure_96,1021.8
2026-04-19 17:00:00+00:00,pressure_96,1021.4
2026-04-19 18:00:00+00:00,pressure_96,1021.8
2026-04-19 19:00:00+00:00,pressure_96,1022.7
2026-04-19 20:00:00+00:00,pressure_96,1023.2
2026-04-19 21:00:00+00:00,pressure_96,1023.8
2026-04-19 22:00:00+00:00,pressure_96,1024.0
2026-04-19 23:00:00+00:00,pressure_96,1024.3
2026-04-20 00:00:00+00:00,pressure_96,1023.8
2026-04-20 01:00:00+00:00,pressure_96,1023.5
2026-04-20 02:00:00+00:00,pressure_96,1023.5
2026-04-20 03:00:00+00:00,pressure_96,1023.4
2026-04-20 04:00:00+00:00,pressure_96,1023.4
2026-04-20 05:00:00+00:00,pressure_96,1023.5
2026-04-20 06:00:00+00:00,pressure_96,1022.6
2026-04-20 07:00:00+00:00,pressure_96,1021.8
2026-04-20 08:00:00+00:00,pressure_96,1021.0
2026-04-20 09:00:00+00:00,pressure_96,1020.6
2026-04-20 10:00:00+00:00,pressure_96,1019.7
2026-04-20 11:00:00+00:00,pressure_96,1019.1
2026-04-20 12:00:00+00:00,pressure_96,1018.5
2026-04-20 13:00:00+00:00,pressure_96,1017.5
2026-04-20 14:00:00+00:00,pressure_96,1017.1
2026-04-20 15:00:00+00:00,pressure_96,1016.8
2026-04-20 16:00:00+00:00,pressure_96,1016.5
2026-04-20 17:00:00+00:00,pressure_96,1016.6
2026-04-20 18:00:00+00:00,pressure_96,1017.1
2026-04-20 19:00:00+00:00,pressure_96,1018.5
2026-04-20 20:00:00+00:00,pressure_96,1019.2
2026-04-20 21:00:00+00:00,pressure_96,1019.7
2026-04-20 22:00:00+00:00,pressure_96,1020.0
2026-04-20 23:00:00+00:00,pressure_96,1019.8
2026-04-21 00:00:00+00:00,pressure_96,1019.6
2026-04-21 01:00:00+00:00,pressure_96,1019.7
2026-04-21 02:00:00+00:00,pressure_96,1019.7
2026-04-21 03:00:00+00:00,pressure_96,1019.7
2026-04-21 04:00:00+00:00,pressure_96,1019.6
2026-04-21 05:00:00+00:00,pressure_96,1020.0
2026-04-21 06:00:00+00:00,pressure_96,1019.2
2026-04-21 07:00:00+00:00,pressure_96,1018.4
2026-04-21 08:00:00+00:00,pressure_96,1017.5
2026-04-21 09:00:00+00:00,pressure_96,1017.1
2026-04-21 10:00:00+00:00,pressure_96,1016.7
2026-04-21 11:00:00+00:00,pressure_96,1016.0
2026-04-21 12:00:00+00:00,pressure_96,1015.3
2026-04-21 13:00:00+00:00,pressure_96,1014.6
2026-04-21 14:00:00+00:00,pressure_96,1014.1
2026-04-21 15:00:00+00:00,pressure_96,1013.8
2026-04-21 16:00:00+00:00,pressure_96,1013.9
2026-04-21 17:00:00+00:00,pressure_96,1014.0
2026-04-21 18:00:00+00:00,pressure_96,1014.7
2026-04-21 19:00:00+00:00,pressure_96,1015.9
2026-04-21 20:00:00+00:00,pressure_96,1017.0
2026-04-21 21:00:00+00:00,pressure_96,1018.0
2026-04-21 22:00:00+00:00,pressure_96,1018.6
2026-04-21 23:00:00+00:00,pressure_96,1019.2
2026-04-22 00:00:00+00:00,pressure_96,1019.6
2026-04-22 01:00:00+00:00,pressure_96,1019.9
2026-04-22 02:00:00+00:00,pressure_96,1020.8
2026-04-22 03:00:00+00:00,pressure_96,1021.5
2026-04-22 04:00:00+00:00,pressure_96,1022.2
2026-04-22 05:00:00+00:00,pressure_96,1023.2
2026-04-22 06:00:00+00:00,pressure_96,1023.3
2026-04-22 07:00:00+00:00,pressure_96,1023.1
2026-04-22 08:00:00+00:00,pressure_96,1022.8
2026-04-22 09:00:00+00:00,pressure_96,1022.3
2026-04-22 10:00:00+00:00,pressure_96,1021.7
2026-04-22 11:00:00+00:00,pressure_96,1021.2
2026-04-22 12:00:00+00:00,pressure_96,1020.5
2026-04-22 13:00:00+00:00,pressure_96,1020.1
2026-04-22 14:00:00+00:00,pressure_96,1019.7
2026-04-22 15:00:00+00:00,pressure_96,1019.5
2026-04-22 16:00:00+00:00,pressure_96,1019.5
2026-04-22 17:00:00+00:00,pressure_96,1019.9
2026-04-22 18:00:00+00:00,pressure_96,1019.9
2026-04-22 19:00:00+00:00,pressure_96,1021.0
2026-04-22 20:00:00+00:00,pressure_96,1022.0
2026-04-22 21:00:00+00:00,pressure_96,1022.5
2026-04-22 22:00:00+00:00,pressure_96,1022.8
2026-04-22 23:00:00+00:00,pressure_96,1023.3
2026-04-23 00:00:00+00:00,pressure_96,1023.6
2026-04-23 01:00:00+00:00,pressure_96,1023.2
2026-04-23 02:00:00+00:00,pressure_96,1022.9
2026-04-23 03:00:00+00:00,pressure_96,1023.1
2026-04-23 04:00:00+00:00,pressure_96,1023.3
2026-04-23 05:00:00+00:00,pressure_96,1023.4
2026-04-23 06:00:00+00:00,pressure_96,1022.9
2026-04-23 07:00:00+00:00,pressure_96,1022.3
2026-04-23 08:00:00+00:00,pressure_96,1021.7
2026-04-23 09:00:00+00:00,pressure_96,1021.3
2026-04-23 10:00:00+00:00,pressure_96,1020.8
2026-04-23 11:00:00+00:00,pressure_96,1020.2
2026-04-23 12:00:00+00:00,pressure_96,1019.1
2026-04-23 13:00:00+00:00,pressure_96,1018.8
2026-04-23 14:00:00+00:00,pressure_96,1018.0
2026-04-23 15:00:00+00:00,pressure_96,1017.4
2026-04-23 16:00:00+00:00,pressure_96,1017.3
2026-04-23 17:00:00+00:00,pressure_96,1017.3
2026-04-23 18:00:00+00:00,pressure_96,1017.8
2026-04-23 19:00:00+00:00,pressure_96,1018.4
2026-04-23 20:00:00+00:00,pressure_96,1018.7
2026-04-23 21:00:00+00:00,pressure_96,1018.8
2026-04-23 22:00:00+00:00,pressure_96,1018.8
2026-04-23 23:00:00+00:00,pressure_96,1018.9
2026-04-24 00:00:00+00:00,pressure_96,1019.0
2026-04-24 01:00:00+00:00,pressure_96,1018.7
2026-04-24 02:00:00+00:00,pressure_96,1018.8
2026-04-24 03:00:00+00:00,pressure_96,1018.5
2026-04-24 04:00:00+00:00,pressure_96,1018.5
2026-04-24 05:00:00+00:00,pressure_96,1018.3
2026-04-24 06:00:00+00:00,pressure_96,1018.2
2026-04-24 07:00:00+00:00,pressure_96,1018.2
2026-04-24 08:00:00+00:00,pressure_96,1018.1
2026-04-24 09:00:00+00:00,pressure_96,1017.8
2026-04-24 10:00:00+00:00,pressure_96,1017.2
2026-04-24 11:00:00+00:00,pressure_96,1016.3
2026-04-24 12:00:00+00:00,pressure_96,1016.0
2026-04-24 13:00:00+00:00,pressure_96,1015.6
2026-04-24 14:00:00+00:00,pressure_96,1015.3
2026-04-24 15:00:00+00:00,pressure_96,1015.1
2026-04-24 16:00:00+00:00,pressure_96,1015.0
2026-04-24 17:00:00+00:00,pressure_96,1015.1
2026-04-24 18:00:00+00:00,pressure_96,1015.7
2026-04-24 19:00:00+00:00,pressure_96,1016.5
2026-04-24 20:00:00+00:00,pressure_96,1017.1
2026-04-24 21:00:00+00:00,pressure_96,1017.6
2026-04-24 22:00:00+00:00,pressure_96,1018.1
2026-04-24 23:00:00+00:00,pressure_96,1018.6
2026-04-25 00:00:00+00:00,pressure_96,1018.8
2026-04-25 01:00:00+00:00,pressure_96,1018.9
2026-04-25 02:00:00+00:00,pressure_96,1019.0
2026-04-25 03:00:00+00:00,pressure_96,1019.4
2026-04-25 04:00:00+00:00,pressure_96,1019.9
2026-04-25 05:00:00+00:00,pressure_96,1020.4
2026-04-25 06:00:00+00:00,pressure_96,1021.1
2026-04-25 07:00:00+00:00,pressure_96,1021.3
2026-04-25 08:00:00+00:00,pressure_96,1021.1
2026-04-25 09:00:00+00:00,pressure_96,1021.2
2026-04-25 10:00:00+00:00,pressure_96,1020.9
2026-04-25 11:00:00+00:00,pressure_96,1020.6
2026-04-25 12:00:00+00:00,pressure_96,1020.2
2026-04-25 13:00:00+00:00,pressure_96,1020.1
2026-04-25 14:00:00+00:00,pressure_96,1019.7
2026-04-25 15:00:00+00:00,pressure_96,1019.5
2026-04-25 16:00:00+00:00,pressure_96,1019.8
2026-04-25 17:00:00+00:00,pressure_96,1020.2
2026-04-25 18:00:00+00:00,pressure_96,1021.0
2026-04-25 19:00:00+00:00,pressure_96,1022.4
2026-04-25 20:00:00+00:00,pressure_96,1023.6
2026-04-25 21:00:00+00:00,pressure_96,1024.59
2026-04-25 22:00:00+00:00,pressure_96,1025.4
2026-04-25 23:00:00+00:00,pressure_96,1026.2
2026-04-26 00:00:00+00:00,pressure_96,1026.8
2026-04-26 01:00:00+00:00,pressure_96,1027.09
2026-04-26 02:00:00+00:00,pressure_96,1027.7
2026-04-26 03:00:00+00:00,pressure_96,1028.09
2026-04-26 04:00:00+00:00,pressure_96,1028.3
2026-04-26 05:00:00+00:00,pressure_96,1028.7
2026-04-26 06:00:00+00:00,pressure_96,1028.8
2026-04-26 07:00:00+00:00,pressure_96,1028.4
2026-04-26 08:00:00+00:00,pressure_96,1028.09
2026-04-26 09:00:00+00:00,pressure_96,1027.8
2026-04-26 10:00:00+00:00,pressure_96,1027.5
2026-04-26 11:00:00+00:00,pressure_96,1026.7
2026-04-26 12:00:00+00:00,pressure_96,1026.0
2026-04-26 13:00:00+00:00,pressure_96,1025.7
2026-04-26 14:00:00+00:00,pressure_96,1025.5
2026-04-26 15:00:00+00:00,pressure_96,1025.3
2026-04-26 16:00:00+00:00,pressure_96,1025.4
2026-04-26 17:00:00+00:00,pressure_96,1025.59
2026-04-26 18:00:00+00:00,pressure_96,1025.8
2026-04-26 19:00:00+00:00,pressure_96,1026.59
2026-04-26 20:00:00+00:00,pressure_96,1027.2
2026-04-26 21:00:00+00:00,pressure_96,1027.4
2026-04-26 22:00:00+00:00,pressure_96,1027.9
2026-04-26 23:00:00+00:00,pressure_96,1028.2
2026-04-27 00:00:00+00:00,pressure_96,1028.0
2026-04-27 01:00:00+00:00,pressure_96,1028.2
2026-04-27 02:00:00+00:00,pressure_96,1028.7
2026-04-27 03:00:00+00:00,pressure_96,1028.7
2026-04-27 04:00:00+00:00,pressure_96,1028.7
2026-04-27 05:00:00+00:00,pressure_96,1028.5
2026-04-27 06:00:00+00:00,pressure_96,1028.5
2026-04-27 07:00:00+00:00,pressure_96,1027.8
2026-04-27 08:00:00+00:00,pressure_96,1027.2
2026-04-27 09:00:00+00:00,pressure_96,1026.9
2026-04-27 10:00:00+00:00,pressure_96,1026.4
2026-04-27 11:00:00+00:00,pressure_96,1025.59
2026-04-27 12:00:00+00:00,pressure_96,1025.0
2026-04-27 13:00:00+00:00,pressure_96,1024.59
2026-04-27 14:00:00+00:00,pressure_96,1023.9
2026-04-27 15:00:00+00:00,pressure_96,1023.8
2026-04-27 16:00:00+00:00,pressure_96,1023.5
2026-04-27 17:00:00+00:00,pressure_96,1023.5
2026-04-27 18:00:00+00:00,pressure_96,1023.7
2026-04-27 19:00:00+00:00,pressure_96,1024.1
2026-04-27 20:00:00+00:00,pressure_96,1024.6
2026-04-27 21:00:00+00:00,pressure_96,1025.0
2026-04-27 22:00:00+00:00,pressure_96,1025.2
2026-04-27 23:00:00+00:00,pressure_96,1025.1
2026-04-28 00:00:00+00:00,pressure_96,1025.2
2026-04-28 01:00:00+00:00,pressure_96,1025.0
2026-04-28 02:00:00+00:00,pressure_96,1024.8
2026-04-28 03:00:00+00:00,pressure_96,1024.8
2026-04-28 04:00:00+00:00,pressure_96,1024.7
2026-04-28 05:00:00+00:00,pressure_96,1024.6
2026-04-28 06:00:00+00:00,pressure_96,1024.1
2026-04-28 07:00:00+00:00,pressure_96,1023.4
2026-04-28 08:00:00+00:00,pressure_96,1022.6
2026-04-28 09:00:00+00:00,pressure_96,1021.8
2026-04-28 10:00:00+00:00,pressure_96,1021.0
2026-04-28 11:00:00+00:00,pressure_96,1020.2
2026-04-28 12:00:00+00:00,pressure_96,1019.3
2026-04-28 13:00:00+00:00,pressure_96,1018.3
2026-04-28 14:00:00+00:00,pressure_96,1017.3
2026-04-28 15:00:00+00:00,pressure_96,1016.6
2026-04-28 16:00:00+00:00,pressure_96,1016.0
2026-04-28 17:00:00+00:00,pressure_96,1015.8
2026-04-28 18:00:00+00:00,pressure_96,1015.9
2026-04-28 19:00:00+00:00,pressure_96,1016.1
2026-04-28 20:00:00+00:00,pressure_96,1016.6
2026-04-28 21:00:00+00:00,pressure_96,1016.8
2026-04-28 22:00:00+00:00,pressure_96,1016.8
2026-04-28 23:00:00+00:00,pressure_96,1016.7
2026-04-29 00:00:00+00:00,pressure_96,1016.7
2026-04-29 01:00:00+00:00,pressure_96,1016.4
2026-04-29 02:00:00+00:00,pressure_96,1016.5
2026-04-29 03:00:00+00:00,pressure_96,1016.3
2026-04-29 04:00:00+00:00,pressure_96,1016.2
2026-04-29 05:00:00+00:00,pressure_96,1016.2
2026-04-29 06:00:00+00:00,pressure_96,1015.7
2026-04-29 07:00:00+00:00,pressure_96,1015.3
2026-04-29 08:00:00+00:00,pressure_96,1014.8
2026-04-29 09:00:00+00:00,pressure_96,1014.2
2026-04-29 10:00:00+00:00,pressure_96,1013.5
2026-04-29 11:00:00+00:00,pressure_96,1012.6
2026-04-29 12:00:00+00:00,pressure_96,1012.0
2026-04-29 13:00:00+00:00,pressure_96,1011.2
2026-04-29 14:00:00+00:00,pressure_96,1010.5
2026-04-29 15:00:00+00:00,pressure_96,1010.2
2026-04-29 16:00:00+00:00,pressure_96,1010.0
2026-04-29 17:00:00+00:00,pressure_96,1010.2
2026-04-29 18:00:00+00:00,pressure_96,1010.8
2026-04-29 19:00:00+00:00,pressure_96,1011.4
2026-04-29 20:00:00+00:00,pressure_96,1012.4
2026-04-29 21:00:00+00:00,pressure_96,1012.9
2026-04-29 22:00:00+00:00,pressure_96,1013.5
2026-04-29 23:00:00+00:00,pressure_96,1014.1
2026-04-30 00:00:00+00:00,pressure_96,1014.4
2026-04-30 01:00:00+00:00,pressure_96,1014.5
2026-04-30 02:00:00+00:00,pressure_96,1014.5
2026-04-30 03:00:00+00:00,pressure_96,1014.7
2026-04-30 04:00:00+00:00,pressure_96,1014.9
2026-04-30 05:00:00+00:00,pressure_96,1014.8
2026-04-30 06:00:00+00:00,pressure_96,1014.6
2026-04-30 07:00:00+00:00,pressure_96,1014.1
2026-04-30 08:00:00+00:00,pressure_96,1013.6
2026-04-30 09:00:00+00:00,pressure_96,1013.0
2026-04-30 10:00:00+00:00,pressure_96,1012.6
2026-04-30 11:00:00+00:00,pressure_96,1011.7
2026-04-30 12:00:00+00:00,pressure_96,1011.1
2026-04-30 13:00:00+00:00,pressure_96,1010.3
2026-04-30 14:00:00+00:00,pressure_96,1009.8
2026-04-30 15:00:00+00:00,pressure_96,1009.3
2026-04-30 16:00:00+00:00,pressure_96,1009.6
2026-04-30 17:00:00+00:00,pressure_96,1009.7
2026-04-30 18:00:00+00:00,pressure_96,1010.1
2026-04-30 19:00:00+00:00,pressure_96,1010.3
2026-04-30 20:00:00+00:00,pressure_96,1010.4
2026-04-30 21:00:00+00:00,pressure_96,1011.0
2026-04-30 22:00:00+00:00,pressure_96,1011.2
2026-04-30 23:00:00+00:00,pressure_96,1011.4
2026-05-01 00:00:00+00:00,pressure_96,1011.1
2026-05-01 01:00:00+00:00,pressure_96,1010.9
2026-05-01 02:00:00+00:00,pressure_96,1010.6
2026-05-01 03:00:00+00:00,pressure_96,1010.6
2026-05-01 04:00:00+00:00,pressure_96,1010.4
2026-05-01 05:00:00+00:00,pressure_96,1010.0
2026-05-01 06:00:00+00:00,pressure_96,1009.5
2026-05-01 07:00:00+00:00,pressure_96,1009.1
2026-05-01 08:00:00+00:00,pressure_96,1008.6
2026-05-01 09:00:00+00:00,pressure_96,1007.8
2026-05-01 10:00:00+00:00,pressure_96,1007.3
2026-05-01 11:00:00+00:00,pressure_96,1006.7
2026-05-01 12:00:00+00:00,pressure_96,1006.3
2026-05-01 13:00:00+00:00,pressure_96,1005.9
2026-05-01 14:00:00+00:00,pressure_96,1005.4
2026-05-01 15:00:00+00:00,pressure_96,1005.2
2026-05-01 16:00:00+00:00,pressure_96,1005.7
2026-05-01 17:00:00+00:00,pressure_96,1005.8
2026-05-01 18:00:00+00:00,pressure_96,1006.0
