reference_time,kind,model_id,code_version,lead_lo,lead_hi,n,n_forecast,mae,rmse,bias,crps,mae_persistence,mae_diurnal,pit_mean,pit_le_q0.01,pit_le_q0.05,pit_le_q0.25,pit_le_q0.5,pit_le_q0.75,pit_le_q0.95,pit_le_q0.99,scored_at,schema_version
2026-08-01 05:00:00+00:00,oracle,1c7a531768d8,0326fdea2cdc,0,24,24,24,0.165277894337973,0.2225234913111119,-0.055436579386392605,0.16636649425824515,0.5458333333333337,0.6749999999999999,0.5376155330945047,0.0,0.0,0.0,0.625,0.8333333333333334,1.0,1.0,2026-09-10 11:12:57.907830+00:00,v1
2026-08-01 05:00:00+00:00,oracle,1c7a531768d8,0326fdea2cdc,24,48,24,24,0.4443214575449626,0.4730520196122379,-0.4443214575449626,0.281397469329834,0.7416666666666671,0.4624999999999999,0.6942521058221658,0.0,0.0,0.0,0.0,0.75,1.0,1.0,2026-09-10 11:12:57.907830+00:00,v1
2026-08-01 05:00:00+00:00,oracle,1c7a531768d8,0326fdea2cdc,48,72,24,24,0.567125606536865,0.5980060956689788,-0.567125606536865,0.34748294101556104,1.1000000000000005,0.2458333333333337,0.7120750624372284,0.0,0.0,0.0,0.0,0.75,1.0,1.0,2026-09-10 11:12:57.907830+00:00,v1
2026-08-01 05:00:00+00:00,oracle,1c7a531768d8,0326fdea2cdc,72,96,24,24,0.5385495503743493,0.5809411456292889,-0.5385495503743493,0.35907658003171306,1.4125000000000008,0.3166666666666673,0.6777689521434573,0.0,0.0,0.0,0.0,0.75,1.0,1.0,2026-09-10 11:12:57.907830+00:00,v1
2026-08-01 06:00:00+00:00,oracle,1c7a531768d8,bfa26b1edbcf,0,24,24,24,0.2294399420420327,0.2647272199616626,0.025247049331664922,0.18340757145086917,0.5249999999999998,0.6916666666666665,0.48121640318586095,0.0,0.0,0.0,0.6666666666666666,0.875,1.0,1.0,2026-09-10 11:12:57.918904+00:00,v1
2026-08-01 06:00:00+00:00,oracle,1c7a531768d8,bfa26b1edbcf,24,48,24,24,0.4288604259490964,0.46410891151764616,-0.4288604259490964,0.2837138000408805,0.6666666666666664,0.45,0.6827671278897638,0.0,0.0,0.0,0.0,0.75,1.0,1.0,2026-09-10 11:12:57.918904+00:00,v1
2026-08-01 06:00:00+00:00,oracle,1c7a531768d8,bfa26b1edbcf,48,72,24,24,0.5770101547241203,0.6031068719547844,-0.5770101547241203,0.34983701459566746,1.0208333333333326,0.25416666666666704,0.7141530313047859,0.0,0.0,0.0,0.0,0.7083333333333334,1.0,1.0,2026-09-10 11:12:57.918904+00:00,v1
2026-08-01 06:00:00+00:00,oracle,1c7a531768d8,bfa26b1edbcf,72,96,24,24,0.5784440835316976,0.6119079185577089,-0.5784440835316976,0.3705070538600285,1.3249999999999995,0.3250000000000006,0.6897277293706751,0.0,0.0,0.0,0.0,0.75,1.0,1.0,2026-09-10 11:12:57.918904+00:00,v1
2026-08-01 07:00:00+00:00,oracle,1c7a531768d8,d0b7a5c622a2,0,24,24,24,0.23653728167216018,0.3320157319161317,-0.12683545748392758,0.19936641937891628,0.5416666666666665,0.7083333333333334,0.5626688923359077,0.0,0.0,0.0,0.5416666666666666,0.75,1.0,1.0,2026-09-10 11:12:57.930885+00:00,v1
2026-08-01 07:00:00+00:00,oracle,1c7a531768d8,d0b7a5c622a2,24,48,24,24,0.6841015338897701,0.7061206106580667,-0.6841015338897701,0.4003206241448718,0.6541666666666663,0.4375,0.774360215245467,0.0,0.0,0.0,0.0,0.25,1.0,1.0,2026-09-10 11:12:57.930885+00:00,v1
2026-08-01 07:00:00+00:00,oracle,1c7a531768d8,d0b7a5c622a2,48,72,24,24,0.7585026741027834,0.7829026900233013,-0.7585026741027834,0.4469593958377837,1.0249999999999992,0.2583333333333336,0.7657081527332704,0.0,0.0,0.0,0.0,0.25,1.0,1.0,2026-09-10 11:12:57.930885+00:00,v1
2026-08-01 07:00:00+00:00,oracle,1c7a531768d8,d0b7a5c622a2,72,96,24,24,0.6437212149302174,0.6729686374514798,-0.6437212149302174,0.39395277384122257,1.3374999999999997,0.33750000000000063,0.7121480581772813,0.0,0.0,0.0,0.0,0.5833333333333334,1.0,1.0,2026-09-10 11:12:57.930885+00:00,v1
2026-08-01 10:00:00+00:00,live,,legacy,0,24,24,24,0.539743375,0.6253481363478336,-0.539743375,0.3473509067625,0.5583333333333332,0.7125000000000002,0.7534066714902172,0.0,0.0,0.0,0.0,0.4583333333333333,1.0,1.0,2026-09-10 11:12:57.942416+00:00,v1
2026-08-01 10:00:00+00:00,live,,legacy,24,48,24,24,1.1046994166666666,1.1130075272103959,-1.1046994166666666,0.6752913450458333,0.5250000000000002,0.3958333333333333,0.8483383321766427,0.0,0.0,0.0,0.0,0.0,1.0,1.0,2026-09-10 11:12:57.942416+00:00,v1
2026-08-01 10:00:00+00:00,live,,legacy,48,72,24,24,0.8213716666666665,0.8891154227422237,-0.8213716666666665,0.5018334071916666,0.6833333333333328,0.30416666666666686,0.7502125109477555,0.0,0.0,0.0,0.0,0.5416666666666666,1.0,1.0,2026-09-10 11:12:57.942416+00:00,v1
2026-08-01 10:00:00+00:00,live,,legacy,72,96,24,24,0.4559765833333338,0.5527403438989991,-0.4559765833333338,0.3713591009791668,0.8624999999999995,0.39166666666666705,0.6340210934895097,0.0,0.0,0.0,0.0,0.7916666666666666,1.0,1.0,2026-09-10 11:12:57.942416+00:00,v1
2026-08-02 06:00:00+00:00,oracle,1c7a531768d8,44a0cdd4f192,0,24,24,24,0.37557752927144294,0.40078422653457096,-0.37557752927144294,0.228653020604451,1.0749999999999993,0.3416666666666668,0.7141659932318672,0.0,0.0,0.0,0.0,0.5833333333333334,1.0,1.0,2026-09-10 11:12:57.954426+00:00,v1
2026-08-02 06:00:00+00:00,oracle,1c7a531768d8,44a0cdd4f192,24,48,24,24,0.31281135876973504,0.35778640100401604,-0.31089123090108267,0.24105499606132522,1.5124999999999993,0.6874999999999999,0.6390703728799122,0.0,0.0,0.0,0.041666666666666664,0.9583333333333334,1.0,1.0,2026-09-10 11:12:57.954426+00:00,v1
2026-08-02 06:00:00+00:00,oracle,1c7a531768d8,44a0cdd4f192,48,72,24,24,0.2918751239776613,0.35105811808409215,-0.2918751239776613,0.2628554151852927,1.8249999999999995,0.9916666666666668,0.6098543919964039,0.0,0.0,0.0,0.0,1.0,1.0,1.0,2026-09-10 11:12:57.954426+00:00,v1
2026-08-02 06:00:00+00:00,oracle,1c7a531768d8,44a0cdd4f192,72,96,24,24,0.5639146010080971,0.6245085487470736,-0.5639146010080971,0.37037253038088497,2.037499999999999,1.2041666666666664,0.6811370073216113,0.0,0.0,0.0,0.0,0.6666666666666666,1.0,1.0,2026-09-10 11:12:57.954426+00:00,v1
2026-08-02 07:00:00+00:00,oracle,1c7a531768d8,b76b11979083,0,24,24,24,0.36158668200175,0.38920983651376845,-0.36158668200175,0.2249629722913106,0.9875000000000015,0.3375000000000001,0.7067196684685539,0.0,0.0,0.0,0.0,0.7083333333333334,1.0,1.0,2026-09-10 11:12:57.965719+00:00,v1
2026-08-02 07:00:00+00:00,oracle,1c7a531768d8,b76b11979083,24,48,24,24,0.3144589424133299,0.36378342590185186,-0.31249574025471977,0.24078182777563736,1.4250000000000014,0.7083333333333331,0.641240719010645,0.0,0.0,0.0,0.08333333333333333,0.9166666666666666,1.0,1.0,2026-09-10 11:12:57.965719+00:00,v1
2026-08-02 07:00:00+00:00,oracle,1c7a531768d8,b76b11979083,48,72,24,24,0.29323000907897967,0.34747399070605545,-0.29323000907897967,0.25981374913056693,1.7375000000000018,1.0208333333333337,0.6133799639697783,0.0,0.0,0.0,0.0,1.0,1.0,1.0,2026-09-10 11:12:57.965719+00:00,v1
2026-08-02 07:00:00+00:00,oracle,1c7a531768d8,b76b11979083,72,96,24,24,0.5738706111907947,0.6280149938181457,-0.5738706111907947,0.3714496609369912,1.9458333333333346,1.2291666666666665,0.6873075292372883,0.0,0.0,0.0,0.0,0.6666666666666666,1.0,1.0,2026-09-10 11:12:57.965719+00:00,v1
2026-08-03 05:00:00+00:00,oracle,1c7a531768d8,51e2b587c9ea,0,24,24,24,0.2786253293355306,0.35817913192921724,-0.25923805236816416,0.2115825598955152,1.1999999999999984,0.44166666666666643,0.6439513368397686,0.0,0.0,0.0,0.125,0.7083333333333334,1.0,1.0,2026-09-10 11:12:57.976971+00:00,v1
2026-08-03 05:00:00+00:00,oracle,1c7a531768d8,51e2b587c9ea,24,48,24,24,0.2202303727467855,0.2878020293123194,-0.11587958335876491,0.21400824981530517,1.5124999999999986,0.7541666666666669,0.5475851563470286,0.0,0.0,0.0,0.375,1.0,1.0,1.0,2026-09-10 11:12:57.976971+00:00,v1
2026-08-03 05:00:00+00:00,oracle,1c7a531768d8,51e2b587c9ea,48,72,24,24,0.4879939238230387,0.587366771822386,-0.48409422238667793,0.3364788918733599,1.7333333333333318,0.975,0.6751401720822527,0.0,0.0,0.0,0.041666666666666664,0.5416666666666666,1.0,1.0,2026-09-10 11:12:57.976971+00:00,v1
2026-08-03 05:00:00+00:00,oracle,1c7a531768d8,51e2b587c9ea,72,96,24,24,0.32471605936686226,0.38189113434265265,0.09968105951945032,0.2869266051769257,0.6499999999999989,0.5,0.4713382400668215,0.0,0.0,0.0,0.5833333333333334,1.0,1.0,1.0,2026-09-10 11:12:57.976971+00:00,v1
2026-08-03 06:00:00+00:00,oracle,1c7a531768d8,49257b06614d,0,24,24,24,0.22519672711690264,0.3104611950403671,-0.18973247210184718,0.19176418495178224,1.1125000000000005,0.43749999999999983,0.603361364978213,0.0,0.0,0.0,0.20833333333333334,0.75,1.0,1.0,2026-09-10 11:12:57.988994+00:00,v1
2026-08-03 06:00:00+00:00,oracle,1c7a531768d8,49257b06614d,24,48,24,24,0.21841476758321057,0.27129143321357424,-0.053920825322469224,0.21641011126041398,1.425000000000001,0.7500000000000003,0.5193950465937017,0.0,0.0,0.0,0.5833333333333334,1.0,1.0,1.0,2026-09-10 11:12:57.988994+00:00,v1
2026-08-03 06:00:00+00:00,oracle,1c7a531768d8,49257b06614d,48,72,24,24,0.48049883842468244,0.5701032634939663,-0.46560063362121556,0.32898548854192106,1.6375000000000004,0.9624999999999999,0.669686703501602,0.0,0.0,0.0,0.08333333333333333,0.625,1.0,1.0,2026-09-10 11:12:57.988994+00:00,v1
2026-08-03 06:00:00+00:00,oracle,1c7a531768d8,49257b06614d,72,96,24,24,0.3076283295949313,0.36167688365279566,0.09331046740214033,0.2845766273180646,0.5583333333333336,0.4583333333333333,0.4715113557394754,0.0,0.0,0.0,0.5833333333333334,1.0,1.0,1.0,2026-09-10 11:12:57.988994+00:00,v1
2026-08-03 17:00:00+00:00,oracle,1c7a531768d8,f3183e99e931,0,24,24,24,0.13900713920593274,0.1643637069980323,-0.015100113550822117,0.16044792956511167,1.1125,0.3583333333333334,0.5142438589725139,0.0,0.0,0.0,0.4583333333333333,0.9166666666666666,1.0,1.0,2026-09-10 11:12:58.000854+00:00,v1
2026-08-03 17:00:00+00:00,oracle,1c7a531768d8,f3183e99e931,24,48,24,24,0.3728162606557202,0.40054906300089443,0.23662428855895934,0.2584965906222659,0.9833333333333333,0.629166666666667,0.3891271195906298,0.0,0.0,0.125,0.7083333333333334,1.0,1.0,1.0,2026-09-10 11:12:58.000854+00:00,v1
2026-08-03 17:00:00+00:00,oracle,1c7a531768d8,f3183e99e931,48,72,24,24,0.31187229156494106,0.40162919397763286,0.16882492701212573,0.26680287249088264,1.1916666666666664,0.8041666666666664,0.44251959877317654,0.0,0.0,0.16666666666666666,0.5833333333333334,1.0,1.0,1.0,2026-09-10 11:12:58.000854+00:00,v1
2026-08-03 17:00:00+00:00,oracle,1c7a531768d8,f3183e99e931,72,96,24,24,0.35160714785257996,0.42263923939673015,0.039823389053344226,0.29849025790691375,1.9124999999999996,0.5249999999999996,0.48437075492335396,0.0,0.0,0.16666666666666666,0.375,1.0,1.0,1.0,2026-09-10 11:12:58.000854+00:00,v1
2026-08-04 05:00:00+00:00,oracle,1c7a531768d8,84fc70d7264e,0,24,24,24,0.3778743426005044,0.4795647621108784,-0.3778743426005044,0.26181082341670986,1.1125000000000003,0.31250000000000044,0.6884036874600797,0.0,0.0,0.0,0.0,0.625,1.0,1.0,2026-09-10 11:12:58.012690+00:00,v1
2026-08-04 05:00:00+00:00,oracle,1c7a531768d8,84fc70d7264e,24,48,24,24,0.5946316719055176,0.6812006385692714,-0.5946316719055176,0.3780523062626521,1.3333333333333333,0.5333333333333335,0.7406386846328203,0.0,0.0,0.0,0.0,0.4166666666666667,1.0,1.0,2026-09-10 11:12:58.012690+00:00,v1
2026-08-04 05:00:00+00:00,oracle,1c7a531768d8,84fc70d7264e,48,72,24,24,0.3114774068196624,0.35895922227649474,-0.04056199391682943,0.2510764625072481,0.4333333333333333,0.7583333333333332,0.5247656422585312,0.0,0.0,0.0,0.4583333333333333,0.875,1.0,1.0,2026-09-10 11:12:58.012690+00:00,v1
2026-08-04 05:00:00+00:00,oracle,1c7a531768d8,84fc70d7264e,72,96,24,24,0.2820718288421631,0.3176555653802357,-0.2820718288421631,0.25990315601030994,0.5249999999999999,0.8416666666666663,0.6104240480285331,0.0,0.0,0.0,0.0,1.0,1.0,1.0,2026-09-10 11:12:58.012690+00:00,v1
2026-08-04 06:00:00+00:00,oracle,1c7a531768d8,ecb190b92bfc,0,24,24,24,0.3456896146138506,0.4336323399123448,-0.3456896146138506,0.24471929957071925,1.1250000000000002,0.31250000000000044,0.6767308229982244,0.0,0.0,0.0,0.0,0.6666666666666666,1.0,1.0,2026-09-10 11:12:58.024004+00:00,v1
2026-08-04 06:00:00+00:00,oracle,1c7a531768d8,ecb190b92bfc,24,48,24,24,0.5292536258697512,0.6107060550643968,-0.5292536258697512,0.3422349913597107,1.3374999999999997,0.525,0.7191997347675428,0.0,0.0,0.0,0.0,0.4583333333333333,1.0,1.0,2026-09-10 11:12:58.024004+00:00,v1
2026-08-04 06:00:00+00:00,oracle,1c7a531768d8,ecb190b92bfc,48,72,24,24,0.32281266848246276,0.3728606019996534,0.06433800061543711,0.2516652340650558,0.4333333333333333,0.7458333333333331,0.4812163308095924,0.0,0.0,0.0,0.5416666666666666,0.9583333333333334,1.0,1.0,2026-09-10 11:12:58.024004+00:00,v1
2026-08-04 06:00:00+00:00,oracle,1c7a531768d8,ecb190b92bfc,72,96,24,24,0.21179622014363556,0.2460732578883229,-0.2021481513977045,0.24544523378213237,0.5541666666666667,0.8833333333333332,0.5776272766320535,0.0,0.0,0.0,0.125,1.0,1.0,1.0,2026-09-10 11:12:58.024004+00:00,v1
2026-08-04 10:00:00+00:00,live,1c7a531768d8,f2ba5955d456,0,24,24,24,0.23936780293782522,0.3204823675714404,-0.2275731722513831,0.2081189170042673,0.6875,0.304166666666667,0.6379767624910129,0.0,0.0,0.0,0.08333333333333333,0.6666666666666666,1.0,1.0,2026-09-10 11:12:58.035421+00:00,v1
2026-08-04 10:00:00+00:00,live,1c7a531768d8,f2ba5955d456,24,48,24,24,0.40715206464131715,0.4937290867145744,-0.3914397716522225,0.28330307140350364,0.7374999999999997,0.4875000000000001,0.6732643495432272,0.0,0.0,0.0,0.08333333333333333,0.625,1.0,1.0,2026-09-10 11:12:58.035421+00:00,v1
2026-08-04 10:00:00+00:00,live,1c7a531768d8,f2ba5955d456,48,72,24,24,0.3910416603088385,0.5023562744283939,0.35646781921386655,0.2887381430705391,0.7125000000000002,0.7708333333333327,0.36001305663584815,0.0,0.0,0.3333333333333333,0.75,1.0,1.0,1.0,2026-09-10 11:12:58.035421+00:00,v1
2026-08-04 10:00:00+00:00,live,1c7a531768d8,f2ba5955d456,72,96,24,24,0.14499567349751855,0.1763526848712389,-0.007887506484984227,0.21573991066614803,0.9875000000000007,1.0208333333333335,0.5044686199195997,0.0,0.0,0.0,0.5416666666666666,1.0,1.0,1.0,2026-09-10 11:12:58.035421+00:00,v1
2026-08-04 11:00:00+00:00,live,1c7a531768d8,aa2bb212a704,0,24,24,24,0.18822255134582422,0.24034672335684068,-0.12744536399841358,0.17599922026793147,0.6958333333333333,0.29583333333333356,0.5896646445012033,0.0,0.0,0.0,0.375,0.7916666666666666,1.0,1.0,2026-09-10 11:12:58.046261+00:00,v1
2026-08-04 11:00:00+00:00,live,1c7a531768d8,aa2bb212a704,24,48,24,24,0.3358534336090086,0.39994200565667015,-0.19530940055847154,0.24417097766399368,0.7749999999999999,0.4916666666666667,0.5888436329035137,0.0,0.0,0.041666666666666664,0.3333333333333333,0.7916666666666666,1.0,1.0,2026-09-10 11:12:58.046261+00:00,v1
2026-08-04 11:00:00+00:00,live,1c7a531768d8,aa2bb212a704,48,72,24,24,0.5976748784383141,0.7017615650775381,0.5976748784383141,0.3894986911773683,1.229166666666667,0.8041666666666663,0.27293349823030677,0.0,0.0,0.5,1.0,1.0,1.0,1.0,2026-09-10 11:12:58.046261+00:00,v1
2026-08-04 11:00:00+00:00,live,1c7a531768d8,aa2bb212a704,72,96,24,24,0.26095811525980617,0.3121274389497561,0.23477387428283647,0.24370684043566385,1.4666666666666675,1.0416666666666667,0.4050159043640542,0.0,0.0,0.0,0.875,1.0,1.0,1.0,2026-09-10 11:12:58.046261+00:00,v1
2026-08-04 12:00:00+00:00,live,1c7a531768d8,b42f627f4155,0,24,24,24,0.18031086921691797,0.20203754178305264,-0.03699282010396324,0.16678175374666834,0.7958333333333328,0.28750000000000026,0.5370988531388421,0.0,0.0,0.0,0.4166666666666667,0.875,1.0,1.0,2026-09-10 11:12:58.057567+00:00,v1
2026-08-04 12:00:00+00:00,live,1c7a531768d8,b42f627f4155,24,48,24,24,0.33932725588480644,0.4153361548192522,0.0699935436248779,0.25359833873112997,0.8999999999999998,0.5083333333333334,0.47572274845454715,0.0,0.0,0.125,0.5416666666666666,1.0,1.0,1.0,2026-09-10 11:12:58.057567+00:00,v1
2026-08-04 12:00:00+00:00,live,1c7a531768d8,b42f627f4155,48,72,24,24,0.9132230122884112,0.9982946562029749,0.9132230122884112,0.5619986120541891,1.6416666666666657,0.8333333333333329,0.18479683706718633,0.0,0.0,0.7916666666666666,1.0,1.0,1.0,1.0,2026-09-10 11:12:58.057567+00:00,v1
2026-08-04 12:00:00+00:00,live,1c7a531768d8,b42f627f4155,72,96,24,24,0.5642081101735438,0.6153056071452763,0.5642081101735438,0.3580151452461881,1.866666666666666,1.0583333333333333,0.29184325708426123,0.0,0.0,0.4166666666666667,1.0,1.0,1.0,1.0,2026-09-10 11:12:58.057567+00:00,v1
2026-08-04 17:00:00+00:00,replay,1c7a531768d8,600257aac37a,0,24,24,24,0.30128116607666006,0.376894876733057,-0.30128116607666006,0.21771097368399306,1.1500000000000006,0.27083333333333365,0.6761770207572303,0.0,0.0,0.0,0.0,0.6666666666666666,0.9583333333333334,1.0,2026-09-10 11:12:58.069710+00:00,v1
2026-08-04 17:00:00+00:00,replay,1c7a531768d8,600257aac37a,24,48,24,24,0.44346141815185547,0.6169536238803865,0.3012567520141595,0.3218803705930709,1.4500000000000004,0.6874999999999999,0.39707685225339656,0.0,0.0,0.2916666666666667,0.5833333333333334,1.0,1.0,1.0,2026-09-10 11:12:58.069710+00:00,v1
2026-08-04 17:00:00+00:00,replay,1c7a531768d8,600257aac37a,48,72,24,24,0.64525351524353,0.7363014918411037,0.64525351524353,0.40239719502131144,2.2125000000000004,0.883333333333333,0.24389909964844358,0.0,0.0,0.375,1.0,1.0,1.0,1.0,2026-09-10 11:12:58.069710+00:00,v1
2026-08-04 17:00:00+00:00,replay,1c7a531768d8,600257aac37a,72,96,24,24,0.3979244391123456,0.4482132681875436,0.26106181144714363,0.28605317471822106,2.450000000000001,1.1208333333333336,0.38446912074539474,0.0,0.0,0.25,0.7083333333333334,1.0,1.0,1.0,2026-09-10 11:12:58.069710+00:00,v1
2026-08-05 07:00:00+00:00,live,1c7a531768d8,d0b7a5c622a2,0,24,24,24,0.5103860219319668,0.5810041531551526,-0.5093110720316575,0.32612169768810273,1.0458333333333325,0.21666666666666634,0.7463140973550119,0.0,0.0,0.0,0.041666666666666664,0.4166666666666667,1.0,1.0,2026-09-10 11:12:58.081923+00:00,v1
2026-08-05 07:00:00+00:00,live,1c7a531768d8,d0b7a5c622a2,24,48,24,24,0.3865630149841322,0.46237087833699886,0.20721384684244773,0.26870818529923773,0.4041666666666665,0.9916666666666667,0.4260116810427846,0.0,0.0,0.25,0.625,0.9583333333333334,1.0,1.0,2026-09-10 11:12:58.081923+00:00,v1
2026-08-05 07:00:00+00:00,live,1c7a531768d8,d0b7a5c622a2,48,72,24,24,0.17028052012125672,0.19724528840930652,-0.07510048548380495,0.21302332364718124,0.6500000000000002,1.2375000000000005,0.5339705849591089,0.0,0.0,0.0,0.2916666666666667,1.0,1.0,1.0,2026-09-10 11:12:58.081923+00:00,v1
2026-08-05 07:00:00+00:00,live,1c7a531768d8,d0b7a5c622a2,72,96,24,24,0.27300918896992926,0.36773065620374085,-0.2635593255360913,0.2628497371832527,0.7958333333333334,1.3416666666666675,0.5989407777591665,0.0,0.0,0.0,0.08333333333333333,0.9166666666666666,1.0,1.0,2026-09-10 11:12:58.081923+00:00,v1
2026-08-05 17:00:00+00:00,replay,1c7a531768d8,f136c80febd8,0,24,24,24,0.39790611267089737,0.4971945247625995,0.07650305430094335,0.26364283375740005,1.741666666666668,0.608333333333333,0.5031170598195455,0.0,0.0,0.25,0.5,0.7916666666666666,0.9583333333333334,1.0,2026-09-10 11:12:58.093043+00:00,v1
2026-08-05 17:00:00+00:00,replay,1c7a531768d8,f136c80febd8,24,48,24,24,0.6586798985799147,0.7036409770431411,0.6586798985799147,0.39208311723073325,2.512500000000001,1.1541666666666666,0.2112430025761871,0.0,0.0,0.7083333333333334,1.0,1.0,1.0,1.0,2026-09-10 11:12:58.093043+00:00,v1
2026-08-05 17:00:00+00:00,replay,1c7a531768d8,f136c80febd8,48,72,24,24,0.7009124596913665,0.747474293975246,0.7009124596913665,0.43529267908732133,2.7500000000000018,1.3916666666666673,0.22441745797978505,0.0,0.0,0.7083333333333334,1.0,1.0,1.0,1.0,2026-09-10 11:12:58.093043+00:00,v1
2026-08-05 17:00:00+00:00,replay,1c7a531768d8,f136c80febd8,72,96,24,24,0.6836430708567306,0.7155035273985645,0.3643448034922283,0.41388370267550173,2.5875000000000017,1.2291666666666672,0.3571115741654263,0.0,0.0,0.5833333333333334,0.7083333333333334,0.9583333333333334,1.0,1.0,2026-09-10 11:12:58.093043+00:00,v1
2026-08-06 07:00:00+00:00,live,1c7a531768d8,b76b11979083,0,24,24,24,0.5995036443074538,0.7382772113871634,0.5981171607971185,0.3918577609936395,0.42916666666666653,1.1749999999999996,0.24936121095686703,0.0,0.0,0.5833333333333334,0.9583333333333334,1.0,1.0,1.0,2026-09-10 11:12:58.103793+00:00,v1
2026-08-06 07:00:00+00:00,live,1c7a531768d8,b76b11979083,24,48,24,24,0.4302805423736573,0.48922233031756973,0.4302805423736573,0.2861967713038129,0.7333333333333335,1.4458333333333335,0.313773866706239,0.0,0.0,0.3333333333333333,1.0,1.0,1.0,1.0,2026-09-10 11:12:58.103793+00:00,v1
2026-08-06 07:00:00+00:00,live,1c7a531768d8,b76b11979083,48,72,24,24,0.5164425849914555,0.5987684046160423,0.5121739069620771,0.34495314469337474,0.8791666666666668,1.55,0.3042282886353151,0.0,0.0,0.5416666666666666,0.9166666666666666,1.0,1.0,1.0,2026-09-10 11:12:58.103793+00:00,v1
2026-08-06 07:00:00+00:00,live,1c7a531768d8,b76b11979083,72,96,24,24,0.28354425430297736,0.34419828925902446,-0.04427471160888604,0.26680134421189594,0.7874999999999996,0.8416666666666665,0.5134564182721794,0.0,0.0,0.041666666666666664,0.5,1.0,1.0,1.0,2026-09-10 11:12:58.103793+00:00,v1
2026-08-07 06:00:00+00:00,live,1c7a531768d8,49257b06614d,0,24,24,24,0.15308376948038718,0.18214732300464578,0.013048299153646248,0.1570830161571504,0.570833333333333,0.39583333333333376,0.498204045395064,0.0,0.0,0.0,0.5,1.0,1.0,1.0,2026-09-10 11:12:58.116978+00:00,v1
2026-08-07 06:00:00+00:00,live,1c7a531768d8,49257b06614d,24,48,24,24,0.3789535999298102,0.4242437412221105,0.26601039568583157,0.2588785997708643,0.6833333333333331,0.5666666666666672,0.37504727661783094,0.0,0.0,0.25,0.7083333333333334,1.0,1.0,1.0,2026-09-10 11:12:58.116978+00:00,v1
2026-08-07 06:00:00+00:00,live,1c7a531768d8,49257b06614d,48,72,24,24,0.36197164853413816,0.45051475348866943,-0.11597367922465063,0.2807538995822267,0.9916666666666657,0.6666666666666666,0.5387501290619037,0.0,0.0,0.08333333333333333,0.5416666666666666,0.9166666666666666,1.0,1.0,2026-09-10 11:12:58.116978+00:00,v1
2026-08-07 06:00:00+00:00,live,1c7a531768d8,49257b06614d,72,96,24,24,0.27023425102233833,0.36102416063618675,-0.25528508822123097,0.26600882544517496,1.1333333333333317,0.6583333333333329,0.5921527196101428,0.0,0.0,0.0,0.08333333333333333,0.9166666666666666,1.0,1.0,2026-09-10 11:12:58.116978+00:00,v1
2026-08-07 17:00:00+00:00,replay,1c7a531768d8,f3183e99e931,0,24,24,24,0.17866546312967913,0.22844764433988873,0.043696387608846386,0.14985493363539368,1.008333333333334,0.29583333333333384,0.47627058824792573,0.0,0.0,0.125,0.625,0.9583333333333334,1.0,1.0,2026-09-10 11:12:58.129988+00:00,v1
2026-08-07 17:00:00+00:00,replay,1c7a531768d8,f3183e99e931,24,48,24,24,0.5225779056549077,0.5804042605499729,0.32868390083312987,0.3309587291797003,1.1375000000000004,0.5166666666666672,0.33744347310149875,0.0,0.0,0.5833333333333334,0.7083333333333334,0.9583333333333334,1.0,1.0,2026-09-10 11:12:58.129988+00:00,v1
2026-08-07 17:00:00+00:00,replay,1c7a531768d8,f3183e99e931,48,72,24,24,0.30959157943725496,0.35716607508573556,-0.041411908467610115,0.23394359960556,0.7833333333333328,0.5791666666666662,0.5076176838749799,0.0,0.0,0.0,0.5416666666666666,0.9166666666666666,1.0,1.0,2026-09-10 11:12:58.129988+00:00,v1
2026-08-07 17:00:00+00:00,replay,1c7a531768d8,f3183e99e931,72,96,24,24,0.30603176752726197,0.4437204008919693,-0.27390607198079414,0.26530920952955883,0.6958333333333336,0.6833333333333331,0.5982593792526238,0.0,0.0,0.0,0.16666666666666666,0.7916666666666666,1.0,1.0,2026-09-10 11:12:58.129988+00:00,v1
2026-08-08 05:00:00+00:00,live,1c7a531768d8,a88c25865ce9,0,24,24,24,0.21009570757547916,0.2710262416417688,-0.08325874010721757,0.17119213149547555,0.8375,0.1958333333333336,0.5364067957438273,0.0,0.0,0.0,0.5416666666666666,0.7916666666666666,1.0,1.0,2026-09-10 11:12:58.141468+00:00,v1
2026-08-08 05:00:00+00:00,live,1c7a531768d8,a88c25865ce9,24,48,24,24,0.6365378856658935,0.7271544761981956,-0.5958082993825281,0.39449975249767294,1.4625000000000001,0.679166666666667,0.7349305268902105,0.0,0.0,0.0,0.125,0.4583333333333333,1.0,1.0,2026-09-10 11:12:58.141468+00:00,v1
2026-08-08 05:00:00+00:00,live,1c7a531768d8,a88c25865ce9,48,72,24,24,0.7484787305196123,0.7792358397031219,-0.7484787305196123,0.43827211585044856,1.7291666666666663,0.7708333333333329,0.7872904734348616,0.0,0.0,0.0,0.0,0.25,1.0,1.0,2026-09-10 11:12:58.141468+00:00,v1
2026-08-08 05:00:00+00:00,live,1c7a531768d8,a88c25865ce9,72,96,24,24,0.6460911750793454,0.7453424476481223,-0.6460911750793454,0.4169732551177343,1.7208333333333332,0.7624999999999998,0.7256032106053193,0.0,0.0,0.0,0.0,0.5,1.0,1.0,2026-09-10 11:12:58.141468+00:00,v1
2026-08-08 17:00:00+00:00,replay,1c7a531768d8,600257aac37a,0,24,24,24,0.3498119354248043,0.39473447021204755,0.24422070185343392,0.22683334912459055,1.2375,0.2791666666666666,0.332518285309734,0.0,0.0,0.5,0.7083333333333334,1.0,1.0,1.0,2026-09-10 11:12:58.154292+00:00,v1
2026-08-08 17:00:00+00:00,replay,1c7a531768d8,600257aac37a,24,48,24,24,0.44457753499348956,0.4864363032076281,0.3964778264363611,0.28392030291557296,0.8166666666666663,0.8083333333333332,0.3106401751356154,0.0,0.0,0.5,0.9166666666666666,1.0,1.0,1.0,2026-09-10 11:12:58.154292+00:00,v1
2026-08-08 17:00:00+00:00,replay,1c7a531768d8,600257aac37a,48,72,24,24,0.5366791884104418,0.5923451627280848,0.5366791884104418,0.3419725615024572,0.7291666666666671,0.9208333333333337,0.2750098031939671,0.0,0.0,0.7083333333333334,1.0,1.0,1.0,1.0,2026-09-10 11:12:58.154292+00:00,v1
2026-08-08 17:00:00+00:00,replay,1c7a531768d8,600257aac37a,72,96,24,24,0.4494892279307046,0.5115410449838527,0.4258634408315019,0.313109463381767,0.8208333333333334,0.7375000000000003,0.3253713033971928,0.0,0.0,0.4166666666666667,0.875,1.0,1.0,1.0,2026-09-10 11:12:58.154292+00:00,v1
2026-08-09 05:00:00+00:00,live,1c7a531768d8,0326fdea2cdc,0,24,24,24,0.5469279448191321,0.6405325291419522,-0.5139018217722576,0.3393831924915313,1.5458333333333345,0.6416666666666669,0.7285667843839824,0.0,0.0,0.041666666666666664,0.125,0.4583333333333333,1.0,1.0,2026-09-10 11:12:58.166312+00:00,v1
2026-08-09 05:00:00+00:00,live,1c7a531768d8,0326fdea2cdc,24,48,24,24,0.5031210581461587,0.5324261036780578,-0.5031210581461587,0.30111341029802957,1.8291666666666677,0.9250000000000002,0.734749532987049,0.0,0.0,0.0,0.0,0.5,1.0,1.0,2026-09-10 11:12:58.166312+00:00,v1
2026-08-09 05:00:00+00:00,live,1c7a531768d8,0326fdea2cdc,48,72,24,24,0.5553424676259354,0.6193552812585696,-0.5553424676259354,0.3478374089082081,1.8208333333333346,0.9166666666666671,0.7174018060734845,0.0,0.0,0.0,0.0,0.6666666666666666,1.0,1.0,2026-09-10 11:12:58.166312+00:00,v1
2026-08-09 05:00:00+00:00,live,1c7a531768d8,0326fdea2cdc,72,96,24,24,0.4290018399556481,0.5308028255466555,-0.4080466906229658,0.314273174881935,1.4625000000000015,0.5583333333333339,0.6499465618675365,0.0,0.0,0.0,0.125,0.7083333333333334,1.0,1.0,2026-09-10 11:12:58.166312+00:00,v1
2026-08-09 17:00:00+00:00,replay,1c7a531768d8,f136c80febd8,0,24,24,24,0.211334466934205,0.23667579991385684,0.16795878410339457,0.1605276206096016,1.2416666666666656,0.6458333333333331,0.3963421831828568,0.0,0.0,0.041666666666666664,0.9166666666666666,0.9583333333333334,1.0,1.0,2026-09-10 11:12:58.177379+00:00,v1
2026-08-09 17:00:00+00:00,replay,1c7a531768d8,f136c80febd8,24,48,24,24,0.6679988702138261,0.6854365492632413,0.6679988702138261,0.3988436246156691,1.1708333333333323,0.7583333333333336,0.20400984789123652,0.0,0.0,0.7916666666666666,1.0,1.0,1.0,1.0,2026-09-10 11:12:58.177379+00:00,v1
2026-08-09 17:00:00+00:00,replay,1c7a531768d8,f136c80febd8,48,72,24,24,0.8138825257619225,0.8348654370329098,0.8138825257619225,0.4912728560447693,1.3124999999999984,0.6083333333333334,0.18972034548120176,0.0,0.0,0.8333333333333334,1.0,1.0,1.0,1.0,2026-09-10 11:12:58.177379+00:00,v1
2026-08-09 17:00:00+00:00,replay,1c7a531768d8,f136c80febd8,72,96,24,24,0.9043079217274989,0.9298403454425389,0.9043079217274989,0.5504023058573407,1.8166666666666653,0.3874999999999999,0.18625594174261503,0.0,0.0,0.7916666666666666,1.0,1.0,1.0,1.0,2026-09-10 11:12:58.177379+00:00,v1
2026-08-10 06:00:00+00:00,live,1c7a531768d8,9f2d0f544d77,0,24,24,24,0.15602512359619233,0.19104062280220416,0.13327910105387408,0.15765909492969526,1.0333333333333339,0.3166666666666658,0.4173174029303693,0.0,0.0,0.0,0.8333333333333334,1.0,1.0,1.0,2026-09-10 11:12:58.187820+00:00,v1
2026-08-10 06:00:00+00:00,live,1c7a531768d8,9f2d0f544d77,24,48,24,24,0.20620819727579853,0.22759138099146475,0.14060242970784564,0.19922869095802342,1.083333333333334,0.2833333333333335,0.42322820566070174,0.0,0.0,0.0,0.75,1.0,1.0,1.0,2026-09-10 11:12:58.187820+00:00,v1
2026-08-10 06:00:00+00:00,live,1c7a531768d8,9f2d0f544d77,48,72,24,24,0.2868663469950364,0.33415688524167864,0.23519414265950603,0.24322828141848277,0.9375000000000003,0.3791666666666667,0.39493127592196897,0.0,0.0,0.08333333333333333,0.7916666666666666,1.0,1.0,1.0,2026-09-10 11:12:58.187820+00:00,v1
2026-08-10 06:00:00+00:00,live,1c7a531768d8,9f2d0f544d77,72,96,24,24,0.6027674198150642,0.6511231759327838,0.6027674198150642,0.38155602091948193,0.8333333333333334,0.6499999999999998,0.284393498965108,0.0,0.0,0.5416666666666666,1.0,1.0,1.0,1.0,2026-09-10 11:12:58.187820+00:00,v1
2026-08-11 05:00:00+00:00,live,1c7a531768d8,c13bc1dad4b2,0,24,24,24,0.23811165491740058,0.32205219106722316,-0.21122188568115283,0.1904619444688167,1.0041666666666662,0.1833333333333337,0.603101184208066,0.0,0.0,0.0,0.16666666666666666,0.75,1.0,1.0,2026-09-10 11:12:58.199153+00:00,v1
2026-08-11 05:00:00+00:00,live,1c7a531768d8,c13bc1dad4b2,24,48,24,24,0.28339150746663416,0.3674330612606276,-0.17938483556111562,0.22873656347592686,0.8874999999999998,0.36666666666666625,0.5753960884620813,0.0,0.0,0.0,0.375,0.7916666666666666,1.0,1.0,2026-09-10 11:12:58.199153+00:00,v1
2026-08-11 05:00:00+00:00,live,1c7a531768d8,c13bc1dad4b2,48,72,24,24,0.3709272861480713,0.43971604983754536,0.27191615104675276,0.27917787697315216,0.8208333333333334,0.8749999999999997,0.3847730991765909,0.0,0.0,0.25,0.7083333333333334,1.0,1.0,1.0,2026-09-10 11:12:58.199153+00:00,v1
2026-08-11 05:00:00+00:00,live,1c7a531768d8,c13bc1dad4b2,72,96,24,24,0.5252125422159827,0.6123525164787111,0.5036749839782706,0.36224389593601214,0.8541666666666664,0.9166666666666661,0.31672521937397474,0.0,0.0,0.5,0.875,1.0,1.0,1.0,2026-09-10 11:12:58.199153+00:00,v1
2026-08-11 17:00:00+00:00,replay,1c7a531768d8,f3183e99e931,0,24,24,24,0.14562726020813033,0.17659226339006664,0.05284422238667844,0.13228253462314615,1.4124999999999999,0.24999999999999986,0.4689611805873213,0.0,0.0,0.041666666666666664,0.6666666666666666,0.9166666666666666,1.0,1.0,2026-09-10 11:12:58.210812+00:00,v1
2026-08-11 17:00:00+00:00,replay,1c7a531768d8,f3183e99e931,24,48,24,24,0.7137683232625327,0.7528352758164877,0.7137683232625327,0.4399744344552361,1.9166666666666667,0.6875000000000001,0.17057603785305933,0.0,0.125,0.875,1.0,1.0,1.0,1.0,2026-09-10 11:12:58.210812+00:00,v1
2026-08-11 17:00:00+00:00,replay,1c7a531768d8,f3183e99e931,48,72,24,24,1.1783883889516205,1.2106301655475131,1.1783883889516205,0.7687622988462449,2.2416666666666667,1.0125,0.09452514022827858,0.0,0.5,1.0,1.0,1.0,1.0,1.0,2026-09-10 11:12:58.210812+00:00,v1
2026-08-11 17:00:00+00:00,replay,1c7a531768d8,f3183e99e931,72,96,24,24,0.969450712203979,1.0400510938443128,0.969450712203979,0.620782242544492,2.0208333333333335,0.7916666666666666,0.16087215236700042,0.0,0.125,0.7916666666666666,1.0,1.0,1.0,1.0,2026-09-10 11:12:58.210812+00:00,v1
2026-08-12 06:00:00+00:00,live,1c7a531768d8,ecb190b92bfc,0,24,24,24,0.34823907216390043,0.43300589445298526,0.2553147633870439,0.24085092857678778,1.0291666666666668,0.3708333333333333,0.3673151695600921,0.0,0.0,0.4166666666666667,0.7083333333333334,1.0,1.0,1.0,2026-09-10 11:12:58.221779+00:00,v1
2026-08-12 06:00:00+00:00,live,1c7a531768d8,ecb190b92bfc,24,48,24,24,0.7169399579366057,0.7804975099021816,0.7169399579366057,0.4514673338731133,0.8416666666666668,0.8666666666666666,0.20738601131234272,0.0,0.0,0.6666666666666666,1.0,1.0,1.0,1.0,2026-09-10 11:12:58.221779+00:00,v1
2026-08-12 06:00:00+00:00,live,1c7a531768d8,ecb190b92bfc,48,72,24,24,0.6538194338480635,0.7259684619871538,0.6538194338480635,0.420241523861885,0.8541666666666665,0.8874999999999997,0.25093244214055055,0.0,0.0,0.625,1.0,1.0,1.0,1.0,2026-09-10 11:12:58.221779+00:00,v1
2026-08-12 06:00:00+00:00,live,1c7a531768d8,ecb190b92bfc,72,96,24,24,0.4105940500895187,0.47985554696279936,0.37176167170206736,0.2983965167045595,0.8666666666666667,0.5750000000000001,0.3541988282219822,0.0,0.0,0.20833333333333334,0.875,1.0,1.0,1.0,2026-09-10 11:12:58.221779+00:00,v1
2026-08-12 17:00:00+00:00,replay,1c7a531768d8,600257aac37a,0,24,24,24,0.38353864351908334,0.4478211161336434,0.33014512062072754,0.24015897630850466,1.4166666666666667,0.5041666666666668,0.306955506822255,0.0,0.0,0.4583333333333333,0.875,0.9166666666666666,0.9583333333333334,1.0,2026-09-10 11:12:58.233558+00:00,v1
2026-08-12 17:00:00+00:00,replay,1c7a531768d8,600257aac37a,24,48,24,24,0.9845775286356607,1.0312019833144181,0.9845775286356607,0.6471013721545541,1.7416666666666665,0.8291666666666666,0.1048767420723024,0.0,0.4583333333333333,0.9166666666666666,1.0,1.0,1.0,1.0,2026-09-10 11:12:58.233558+00:00,v1
2026-08-12 17:00:00+00:00,replay,1c7a531768d8,600257aac37a,48,72,24,24,0.9790580272674565,1.028870012706602,0.9790580272674565,0.6219676235993704,1.5291666666666668,0.6083333333333333,0.13446400095564817,0.0,0.375,0.7916666666666666,1.0,1.0,1.0,1.0,2026-09-10 11:12:58.233558+00:00,v1
2026-08-12 17:00:00+00:00,replay,1c7a531768d8,600257aac37a,72,96,24,24,0.7675935904184983,0.8022348845091897,0.7675935904184983,0.4746356697161995,1.3,0.3875,0.2102183187974296,0.0,0.0,0.6666666666666666,1.0,1.0,1.0,1.0,2026-09-10 11:12:58.233558+00:00,v1
2026-08-13 06:00:00+00:00,live,1c7a531768d8,bfa26b1edbcf,0,24,24,24,0.3239328066507972,0.40513683461572614,0.26530221303304086,0.22232125101884195,1.0583333333333342,0.4958333333333333,0.34301404609167313,0.0,0.0,0.4166666666666667,0.75,1.0,1.0,1.0,2026-09-10 11:12:58.248516+00:00,v1
2026-08-13 06:00:00+00:00,live,1c7a531768d8,bfa26b1edbcf,24,48,24,24,0.598019313812256,0.6496402814571886,0.598019313812256,0.38040162241458936,1.0125000000000006,0.5166666666666665,0.21570353402668882,0.0,0.041666666666666664,0.6666666666666666,1.0,1.0,1.0,1.0,2026-09-10 11:12:58.248516+00:00,v1
2026-08-13 06:00:00+00:00,live,1c7a531768d8,bfa26b1edbcf,48,72,24,24,0.428687890370687,0.48244425911718836,0.4183009783426921,0.2866395665884019,1.2333333333333347,0.2541666666666669,0.3072364331297675,0.0,0.0,0.4166666666666667,0.9583333333333334,1.0,1.0,1.0,2026-09-10 11:12:58.248516+00:00,v1
2026-08-13 06:00:00+00:00,live,1c7a531768d8,bfa26b1edbcf,72,96,24,24,0.26695745786031067,0.2969184102004203,0.26342288653055784,0.2377077699502309,1.4125000000000014,0.23333333333333353,0.3852802123708881,0.0,0.0,0.0,0.9166666666666666,1.0,1.0,1.0,2026-09-10 11:12:58.248516+00:00,v1
2026-08-13 17:00:00+00:00,replay,1c7a531768d8,f136c80febd8,0,24,24,24,0.536691300074259,0.6331008876311894,0.5150591055552161,0.3625967844168345,1.2916666666666667,0.3583333333333331,0.2002965351823789,0.0,0.3333333333333333,0.6666666666666666,0.875,0.9583333333333334,1.0,1.0,2026-09-10 11:12:58.262891+00:00,v1
2026-08-13 17:00:00+00:00,replay,1c7a531768d8,f136c80febd8,24,48,24,24,0.6400906721750895,0.7409636368461606,0.6300941308339435,0.4341149044513704,1.1874999999999998,0.27083333333333287,0.1984462282172097,0.0,0.2916666666666667,0.6666666666666666,0.9583333333333334,1.0,1.0,1.0,2026-09-10 11:12:58.262891+00:00,v1
2026-08-13 17:00:00+00:00,replay,1c7a531768d8,f136c80febd8,48,72,24,24,0.4299714406331387,0.5036080668610947,0.4176637013753262,0.296778956572215,0.9500000000000001,0.21666666666666665,0.29415021241500977,0.0,0.0,0.5416666666666666,0.875,1.0,1.0,1.0,2026-09-10 11:12:58.262891+00:00,v1
2026-08-13 17:00:00+00:00,replay,1c7a531768d8,f136c80febd8,72,96,24,24,0.5850037415822346,0.7595343574703605,0.5850037415822346,0.3894726338148116,1.1791666666666665,0.4875,0.27971111550975153,0.0,0.0,0.4583333333333333,1.0,1.0,1.0,1.0,2026-09-10 11:12:58.262891+00:00,v1
2026-08-14 06:00:00+00:00,live,1c7a531768d8,44a0cdd4f192,0,24,24,24,0.3113588015238446,0.34800690152893105,0.09434591929117886,0.19849463796615605,1.2291666666666656,0.1791666666666667,0.4125734083745649,0.0,0.041666666666666664,0.4166666666666667,0.5833333333333334,0.875,1.0,1.0,2026-09-10 11:12:58.276994+00:00,v1
2026-08-14 06:00:00+00:00,live,1c7a531768d8,44a0cdd4f192,24,48,24,24,0.3289781411488851,0.3714318639114163,0.24348349571227987,0.2225656941254932,1.533333333333332,0.3083333333333331,0.34681185835395106,0.0,0.0,0.4583333333333333,0.75,1.0,1.0,1.0,2026-09-10 11:12:58.276994+00:00,v1
2026-08-14 06:00:00+00:00,live,1c7a531768d8,44a0cdd4f192,48,72,24,24,0.13780991236368875,0.1798996075071786,-0.03801170984904001,0.16616882402102173,1.7124999999999986,0.4708333333333334,0.5156679851418968,0.0,0.0,0.041666666666666664,0.20833333333333334,1.0,1.0,1.0,2026-09-10 11:12:58.276994+00:00,v1
2026-08-14 06:00:00+00:00,live,1c7a531768d8,44a0cdd4f192,72,96,24,24,0.7298619588216139,0.8186619009075136,0.7298619588216139,0.45186613107522344,0.6499999999999994,0.7000000000000001,0.2175386612345831,0.0,0.0,0.7083333333333334,1.0,1.0,1.0,1.0,2026-09-10 11:12:58.276994+00:00,v1
2026-08-14 12:00:00+00:00,replay,1c7a531768d8,84b84638c2be,0,24,24,24,0.42548831303914475,0.5016690873046958,0.3988184611002608,0.27595713424682633,0.8833333333333329,0.19166666666666657,0.23810186548132872,0.0,0.0,0.6666666666666666,0.8333333333333334,0.9583333333333334,1.0,1.0,2026-09-10 11:12:58.290729+00:00,v1
2026-08-14 12:00:00+00:00,replay,1c7a531768d8,84b84638c2be,24,48,24,24,0.3304096380869552,0.36721186107648157,0.1805900096893316,0.2133547509352367,0.8041666666666666,0.4458333333333333,0.39098612778051134,0.0,0.0,0.3333333333333333,0.6666666666666666,0.9583333333333334,1.0,1.0,2026-09-10 11:12:58.290729+00:00,v1
2026-08-14 12:00:00+00:00,replay,1c7a531768d8,84b84638c2be,48,72,24,24,0.20748914082845005,0.25226974598216445,0.07201436360677042,0.18139670086701706,0.7541666666666664,0.4875,0.4585881383770521,0.0,0.0,0.041666666666666664,0.625,1.0,1.0,1.0,2026-09-10 11:12:58.290729+00:00,v1
2026-08-14 12:00:00+00:00,replay,1c7a531768d8,84b84638c2be,72,96,24,24,1.1231306076049805,1.1631933183933358,1.1231306076049805,0.712620714672407,1.5333333333333317,0.8999999999999999,0.10150893814403067,0.0,0.2916666666666667,1.0,1.0,1.0,1.0,1.0,2026-09-10 11:12:58.290729+00:00,v1
2026-08-14 22:00:00+00:00,oracle,1c7a531768d8,18f277c1e527,0,24,24,24,0.5379893779754633,0.6282555841105121,-0.13561091423034663,0.3460770296414691,0.9249999999999997,0.23749999999999996,0.512131795124048,0.0,0.0,0.375,0.4583333333333333,0.6666666666666666,0.9166666666666666,1.0,2026-09-10 11:12:58.303272+00:00,v1
2026-08-14 22:00:00+00:00,oracle,1c7a531768d8,18f277c1e527,24,48,24,24,0.620116440455119,0.6634418061632059,-0.09782427151997981,0.3804907894690828,0.8166666666666668,0.44583333333333347,0.5155945102118352,0.0,0.0,0.375,0.4583333333333333,0.625,1.0,1.0,2026-09-10 11:12:58.303272+00:00,v1
2026-08-14 22:00:00+00:00,oracle,1c7a531768d8,18f277c1e527,48,72,24,24,0.11823980013529534,0.15835321828489787,-0.05000418027241945,0.16831709813276943,0.32500000000000034,0.9124999999999998,0.5254461818953815,0.0,0.0,0.0,0.375,1.0,1.0,1.0,2026-09-10 11:12:58.303272+00:00,v1
2026-08-14 22:00:00+00:00,oracle,1c7a531768d8,18f277c1e527,72,96,24,24,0.10315721829732223,0.15193674645575525,0.039072910944620766,0.1830542736371357,1.362500000000001,1.341666666666667,0.4824063587746072,0.0,0.0,0.0,0.5833333333333334,1.0,1.0,1.0,2026-09-10 11:12:58.303272+00:00,v1
2026-08-15 05:00:00+00:00,live,1c7a531768d8,51e2b587c9ea,0,24,24,24,0.6594406127929693,0.8675027408751861,-0.6559222857157391,0.4770921593586604,1.4166666666666672,0.3041666666666664,0.7822393161380837,0.0,0.0,0.0,0.08333333333333333,0.375,0.625,0.875,2026-09-10 11:12:58.317075+00:00,v1
2026-08-15 05:00:00+00:00,live,1c7a531768d8,51e2b587c9ea,24,48,24,24,0.9921137650807696,1.0950294947119523,-0.9921137650807696,0.6634758129119871,1.6083333333333343,0.4958333333333331,0.87916123899246,0.0,0.0,0.0,0.0,0.125,0.5416666666666666,1.0,2026-09-10 11:12:58.317075+00:00,v1
2026-08-15 05:00:00+00:00,live,1c7a531768d8,51e2b587c9ea,48,72,24,24,0.5390111764272049,0.5578464440456546,-0.5390111764272049,0.31462029314835815,0.6000000000000006,0.8041666666666667,0.7692610804923593,0.0,0.0,0.0,0.0,0.3333333333333333,1.0,1.0,2026-09-10 11:12:58.317075+00:00,v1
2026-08-15 05:00:00+00:00,live,1c7a531768d8,51e2b587c9ea,72,96,24,24,0.19371601740519187,0.22518147018588686,-0.08734134038289347,0.1939196585655211,0.5166666666666662,1.6125000000000007,0.546667021512718,0.0,0.0,0.0,0.2916666666666667,1.0,1.0,1.0,2026-09-10 11:12:58.317075+00:00,v1
2026-08-15 17:00:00+00:00,live,1c7a531768d8,f3183e99e931,0,24,24,24,0.3018645763397208,0.3498295401116537,0.22997638384501196,0.2025169758081434,1.208333333333332,0.2624999999999999,0.3212484998293956,0.0,0.0,0.5833333333333334,0.7083333333333334,0.9583333333333334,1.0,1.0,2026-09-10 11:12:58.328728+00:00,v1
2026-08-15 17:00:00+00:00,live,1c7a531768d8,f3183e99e931,24,48,24,24,0.37258353233337377,0.5765012460686868,0.35290532112121503,0.2762721374511719,1.5541666666666647,0.708333333333333,0.34160258092566814,0.0,0.08333333333333333,0.3333333333333333,0.8333333333333334,1.0,1.0,1.0,2026-09-10 11:12:58.328728+00:00,v1
2026-08-15 17:00:00+00:00,live,1c7a531768d8,f3183e99e931,48,72,24,24,1.1032295544942226,1.227902002866325,1.1032295544942226,0.7452938230911897,2.8083333333333322,1.3875000000000004,0.10093935087010368,0.08333333333333333,0.375,1.0,1.0,1.0,1.0,1.0,2026-09-10 11:12:58.328728+00:00,v1
2026-08-15 17:00:00+00:00,live,1c7a531768d8,f3183e99e931,72,96,24,24,1.352055040995281,1.3959617762013832,1.352055040995281,0.9059632553736375,3.4708333333333328,2.0500000000000007,0.05979397782268203,0.0,0.5833333333333334,1.0,1.0,1.0,1.0,1.0,2026-09-10 11:12:58.328728+00:00,v1
2026-08-15 21:00:00+00:00,replay,1c7a531768d8,ae726b035394,0,24,24,24,0.5562118848164878,0.6217192266871704,-0.1890593210856116,0.3489746807018916,0.8041666666666667,0.2541666666666669,0.5323897644232071,0.0,0.0,0.4583333333333333,0.5,0.5416666666666666,0.9166666666666666,1.0,2026-09-10 11:12:58.339825+00:00,v1
2026-08-15 21:00:00+00:00,replay,1c7a531768d8,ae726b035394,24,48,24,24,0.1858303070068358,0.22903191456345637,-0.11189161936441987,0.16985556064446775,0.8249999999999984,0.9249999999999995,0.5766173461820716,0.0,0.0,0.0,0.4166666666666667,0.875,1.0,1.0,2026-09-10 11:12:58.339825+00:00,v1
2026-08-15 21:00:00+00:00,replay,1c7a531768d8,ae726b035394,48,72,24,24,0.3253112475077325,0.41414096685949636,0.3208019256591812,0.23739432135423075,1.9333333333333325,1.5416666666666672,0.34161976051798854,0.0,0.0,0.3333333333333333,0.9166666666666666,1.0,1.0,1.0,2026-09-10 11:12:58.339825+00:00,v1
2026-08-15 21:00:00+00:00,replay,1c7a531768d8,ae726b035394,72,96,24,24,0.4788944085439053,0.5732757004983807,0.4788944085439053,0.3243518091917041,2.4999999999999987,2.108333333333334,0.2920819868339459,0.0,0.0,0.375,1.0,1.0,1.0,1.0,2026-09-10 11:12:58.339825+00:00,v1
2026-08-16 05:00:00+00:00,live,1c7a531768d8,84fc70d7264e,0,24,24,24,0.7846320629119875,0.8701386044389118,-0.7846320629119875,0.5087468236446383,1.108333333333334,0.24166666666666684,0.8493466316729289,0.0,0.0,0.0,0.0,0.16666666666666666,0.7083333333333334,1.0,2026-09-10 11:12:58.350720+00:00,v1
2026-08-16 05:00:00+00:00,live,1c7a531768d8,84fc70d7264e,24,48,24,24,0.6527703762054452,0.6645026013837078,-0.6527703762054452,0.3831278687159225,0.39166666666666705,0.975,0.7874539262155493,0.0,0.0,0.0,0.0,0.25,1.0,1.0,2026-09-10 11:12:58.350720+00:00,v1
2026-08-16 05:00:00+00:00,live,1c7a531768d8,84fc70d7264e,48,72,24,24,0.3625192006429027,0.4084123953468171,-0.3493654251098617,0.2668235615253447,0.9999999999999996,1.916666666666667,0.6498032661983381,0.0,0.0,0.0,0.125,0.8333333333333334,1.0,1.0,2026-09-10 11:12:58.350720+00:00,v1
2026-08-16 05:00:00+00:00,live,1c7a531768d8,84fc70d7264e,72,96,24,24,0.3838929971059158,0.4674926364477323,-0.21920501391092864,0.2993753813823063,1.1666666666666663,2.0833333333333335,0.5763115508637373,0.0,0.0,0.0,0.3333333333333333,0.75,1.0,1.0,2026-09-10 11:12:58.350720+00:00,v1
2026-08-16 17:00:00+00:00,live,1c7a531768d8,600257aac37a,0,24,24,24,0.250650294621785,0.33993119408873995,0.08611683845519913,0.1771896588643389,1.4541666666666668,0.5875,0.4986902786291818,0.0,0.0,0.20833333333333334,0.4166666666666667,0.9166666666666666,1.0,1.0,2026-09-10 11:12:58.361185+00:00,v1
2026-08-16 17:00:00+00:00,live,1c7a531768d8,600257aac37a,24,48,24,24,0.624245389302572,0.7993182487921308,0.6155038197835297,0.41778481370608045,2.7083333333333344,1.6083333333333336,0.24909485302623371,0.0,0.125,0.625,0.8333333333333334,1.0,1.0,1.0,2026-09-10 11:12:58.361185+00:00,v1
2026-08-16 17:00:00+00:00,live,1c7a531768d8,600257aac37a,48,72,24,24,1.1063564300537116,1.1898481366983935,1.1063564300537116,0.7128972359816238,3.370833333333335,2.270833333333334,0.11854944645318873,0.0,0.25,0.9583333333333334,1.0,1.0,1.0,1.0,2026-09-10 11:12:58.361185+00:00,v1
2026-08-16 17:00:00+00:00,live,1c7a531768d8,600257aac37a,72,96,24,24,0.9710731824239097,1.0828105339938598,0.9710731824239097,0.6049638907512028,3.0000000000000004,1.8999999999999997,0.17363270747387652,0.0,0.041666666666666664,0.7916666666666666,1.0,1.0,1.0,1.0,2026-09-10 11:12:58.361185+00:00,v1
2026-08-16 21:00:00+00:00,replay,1c7a531768d8,39ce853ada36,0,24,24,24,0.24740681648254434,0.2852009087413849,-0.17125506401062043,0.1654206031799319,1.0250000000000012,0.8374999999999999,0.6099226641336851,0.0,0.0,0.0,0.3333333333333333,0.75,1.0,1.0,2026-09-10 11:12:58.373121+00:00,v1
2026-08-16 21:00:00+00:00,replay,1c7a531768d8,39ce853ada36,24,48,24,24,0.38647958437601665,0.4204388909207158,-0.38647958437601665,0.2546678041617075,2.133333333333335,1.7458333333333338,0.6856091463370907,0.0,0.0,0.0,0.0,0.875,1.0,1.0,2026-09-10 11:12:58.373121+00:00,v1
2026-08-16 21:00:00+00:00,replay,1c7a531768d8,39ce853ada36,48,72,24,24,0.2874685923258465,0.31884511944983485,-0.12068103154500258,0.24756796109676357,2.7000000000000015,2.3125000000000004,0.5502988162473156,0.0,0.0,0.0,0.3333333333333333,0.9583333333333334,1.0,1.0,2026-09-10 11:12:58.373121+00:00,v1
2026-08-16 21:00:00+00:00,replay,1c7a531768d8,39ce853ada36,72,96,24,24,0.26491160392761265,0.2926744770511255,-0.0938374360402423,0.25106858627001466,2.3333333333333344,1.9458333333333335,0.5405755206539468,0.0,0.0,0.0,0.375,1.0,1.0,1.0,2026-09-10 11:12:58.373121+00:00,v1
2026-08-17 02:00:00+00:00,replay,1c7a531768d8,9f37d70fa6a9,0,24,24,24,0.3936566034952807,0.4300457452009555,-0.3936566034952807,0.25575493621826184,0.28750000000000026,1.0041666666666667,0.72038369881277,0.0,0.0,0.0,0.0,0.5416666666666666,1.0,1.0,2026-09-10 11:12:58.383061+00:00,v1
2026-08-17 02:00:00+00:00,replay,1c7a531768d8,9f37d70fa6a9,24,48,24,24,0.7986349741617831,0.8200697247588784,-0.7986349741617831,0.47802027607758796,1.2000000000000004,1.9750000000000005,0.7792025413612058,0.0,0.0,0.0,0.0,0.25,1.0,1.0,2026-09-10 11:12:58.383061+00:00,v1
2026-08-17 02:00:00+00:00,replay,1c7a531768d8,9f37d70fa6a9,48,72,24,24,0.6928651173909506,0.7386351156368465,-0.6928651173909506,0.4258382885456086,1.5375000000000003,2.3125000000000004,0.7199167957136314,0.0,0.0,0.0,0.0,0.5833333333333334,1.0,1.0,2026-09-10 11:12:58.383061+00:00,v1
2026-08-17 02:00:00+00:00,replay,1c7a531768d8,9f37d70fa6a9,72,96,24,24,0.4059384187062574,0.5203000102682964,-0.2309333006540939,0.34802593884468064,1.2791666666666666,2.0541666666666667,0.573089759547111,0.0,0.0,0.0,0.4583333333333333,0.75,1.0,1.0,2026-09-10 11:12:58.383061+00:00,v1
2026-08-17 05:00:00+00:00,live,1c7a531768d8,d968401dd152,0,24,24,24,0.22531563440958738,0.2536855210026235,-0.12492237091064462,0.18350094646612825,0.3833333333333336,1.0916666666666668,0.59215382242299,0.0,0.0,0.0,0.375,0.8333333333333334,1.0,1.0,2026-09-10 11:12:58.394287+00:00,v1
2026-08-17 05:00:00+00:00,live,1c7a531768d8,d968401dd152,24,48,24,24,0.45889364878336564,0.50889249342309,-0.45889364878336564,0.29919676663875555,1.100000000000001,2.108333333333334,0.6894018573588278,0.0,0.0,0.0,0.0,0.8333333333333334,1.0,1.0,2026-09-10 11:12:58.394287+00:00,v1
2026-08-17 05:00:00+00:00,live,1c7a531768d8,d968401dd152,48,72,24,24,0.7164260069529199,0.787493850049848,-0.7164260069529199,0.44688374721209173,1.2666666666666677,2.2750000000000004,0.7248723080298128,0.0,0.0,0.0,0.0,0.4583333333333333,1.0,1.0,2026-09-10 11:12:58.394287+00:00,v1
2026-08-17 05:00:00+00:00,live,1c7a531768d8,d968401dd152,72,96,24,24,0.39439449310302727,0.525480647481022,-0.3737531026204426,0.34803367106914535,1.1000000000000003,2.108333333333333,0.6181768654530754,0.0,0.0,0.0,0.20833333333333334,0.75,1.0,1.0,2026-09-10 11:12:58.394287+00:00,v1
2026-08-17 10:00:00+00:00,replay,1c7a531768d8,cfbbe2ffd17f,0,24,24,24,0.31302733421325685,0.34256096603394515,-0.04407432874043815,0.19978349811236065,0.816666666666667,1.2833333333333334,0.512829230164815,0.0,0.0,0.16666666666666666,0.4583333333333333,0.75,1.0,1.0,2026-09-10 11:12:58.405173+00:00,v1
2026-08-17 10:00:00+00:00,replay,1c7a531768d8,cfbbe2ffd17f,24,48,24,24,0.3941136201222732,0.467500243581716,-0.31501952807108474,0.2836605172713596,1.8000000000000014,2.275000000000001,0.6289907556308046,0.0,0.0,0.0,0.2916666666666667,0.75,1.0,1.0,2026-09-10 11:12:58.405173+00:00,v1
2026-08-17 10:00:00+00:00,replay,1c7a531768d8,cfbbe2ffd17f,48,72,24,24,0.5979651451110831,0.6772907057975484,-0.5828031222025546,0.40165090809663145,1.5791666666666675,2.0541666666666667,0.6920927436532,0.0,0.0,0.0,0.08333333333333333,0.5833333333333334,1.0,1.0,2026-09-10 11:12:58.405173+00:00,v1
2026-08-17 10:00:00+00:00,replay,1c7a531768d8,cfbbe2ffd17f,72,96,24,24,0.2572728792826335,0.28651217596295664,0.022144317626953125,0.27828449861208604,1.5916666666666675,2.066666666666667,0.49616514283477153,0.0,0.0,0.0,0.5,1.0,1.0,1.0,2026-09-10 11:12:58.405173+00:00,v1
2026-08-17 17:00:00+00:00,live,1c7a531768d8,f136c80febd8,0,24,24,24,0.3609364827473967,0.4176342685441693,-0.3187009175618491,0.25507000051339485,0.9083333333333335,1.254166666666667,0.7192360460623407,0.0,0.0,0.0,0.16666666666666666,0.4583333333333333,0.9166666666666666,1.0,2026-09-10 11:12:58.415421+00:00,v1
2026-08-17 17:00:00+00:00,live,1c7a531768d8,f136c80febd8,24,48,24,24,0.29855146408081074,0.33925861323762285,-0.17625621159871332,0.233758412027359,1.570833333333334,1.9166666666666676,0.5915407219392358,0.0,0.0,0.0,0.20833333333333334,0.8333333333333334,1.0,1.0,2026-09-10 11:12:58.415421+00:00,v1
2026-08-17 17:00:00+00:00,live,1c7a531768d8,f136c80febd8,48,72,24,24,0.48572452863057486,0.56120184576748,-0.4054055690765382,0.34190122030576076,1.2,1.5458333333333336,0.6540804034550286,0.0,0.0,0.0,0.20833333333333334,0.625,1.0,1.0,2026-09-10 11:12:58.415421+00:00,v1
2026-08-17 17:00:00+00:00,live,1c7a531768d8,f136c80febd8,72,96,24,24,0.26442133585611954,0.29718460815254777,-0.028901386260985706,0.2643918042341866,1.2416666666666663,1.5874999999999997,0.5147082971350811,0.0,0.0,0.0,0.4583333333333333,1.0,1.0,1.0,2026-09-10 11:12:58.415421+00:00,v1
2026-08-17 22:00:00+00:00,replay,1c7a531768d8,3fcaf954b31f,0,24,24,24,0.2270771821339926,0.2576935210628119,0.031189362208049243,0.15686085186004642,0.4708333333333323,1.079166666666667,0.5181238104876984,0.0,0.0,0.125,0.5416666666666666,0.7916666666666666,0.9583333333333334,1.0,2026-09-10 11:12:58.425676+00:00,v1
2026-08-17 22:00:00+00:00,replay,1c7a531768d8,3fcaf954b31f,24,48,24,24,0.28504001299540205,0.3590230829305771,0.2246071020762129,0.212805807042122,0.9958333333333322,1.6125000000000005,0.3655164050909628,0.0,0.0,0.3333333333333333,0.6666666666666666,1.0,1.0,1.0,2026-09-10 11:12:58.425676+00:00,v1
2026-08-17 22:00:00+00:00,replay,1c7a531768d8,3fcaf954b31f,48,72,24,24,0.265508476893107,0.3144402479350779,-0.22829721768697095,0.2033011878887813,0.6458333333333318,1.2625,0.6284947071675661,0.0,0.0,0.0,0.25,0.75,1.0,1.0,2026-09-10 11:12:58.425676+00:00,v1
2026-08-17 22:00:00+00:00,replay,1c7a531768d8,3fcaf954b31f,72,96,24,24,0.3358442147572833,0.37094834050263925,-0.11487854321797686,0.2324019778966903,0.7041666666666647,1.3208333333333329,0.5655871242088583,0.0,0.0,0.125,0.25,0.9166666666666666,1.0,1.0,2026-09-10 11:12:58.425676+00:00,v1
2026-08-18 05:00:00+00:00,live,1c7a531768d8,bff75d067760,0,24,24,24,0.5391901810963956,0.5936769231833336,0.5391901810963956,0.3384029441436138,0.24999999999999897,1.0250000000000004,0.17510864654986627,0.0,0.08333333333333333,0.8333333333333334,1.0,1.0,1.0,1.0,2026-09-10 11:12:58.437389+00:00,v1
2026-08-18 05:00:00+00:00,live,1c7a531768d8,bff75d067760,24,48,24,24,0.5493141015370698,0.6785999627138267,0.5228020826975518,0.37929602002302865,0.37499999999999895,1.191666666666667,0.2540947481451296,0.0,0.2916666666666667,0.5416666666666666,0.8333333333333334,1.0,1.0,1.0,2026-09-10 11:12:58.437389+00:00,v1
2026-08-18 05:00:00+00:00,live,1c7a531768d8,bff75d067760,48,72,24,24,0.2722458521525075,0.34254179952660707,0.2478143056233728,0.20289688140551268,0.19999999999999826,1.0249999999999997,0.37065826112125927,0.0,0.0,0.3333333333333333,0.75,1.0,1.0,1.0,2026-09-10 11:12:58.437389+00:00,v1
2026-08-18 05:00:00+00:00,live,1c7a531768d8,bff75d067760,72,96,24,24,0.54000833829244,0.6561697482634712,0.4650384426116947,0.3659656660397849,0.5083333333333329,1.2499999999999998,0.3150709554304913,0.0,0.0,0.5416666666666666,0.7083333333333334,1.0,1.0,1.0,2026-09-10 11:12:58.437389+00:00,v1
2026-08-18 09:00:00+00:00,replay,1c7a531768d8,21e09ba392b1,0,24,24,24,0.3772460778554289,0.449112606345932,0.3772460778554289,0.24910032635529866,0.3625000000000001,1.008333333333334,0.23464157191229681,0.0,0.16666666666666666,0.5,1.0,1.0,1.0,1.0,2026-09-10 11:12:58.447589+00:00,v1
2026-08-18 09:00:00+00:00,replay,1c7a531768d8,21e09ba392b1,24,48,24,24,0.46808679898579947,0.5840098110989785,0.34635809262593664,0.3232390765428545,0.17499999999999996,0.8791666666666669,0.34517480970839465,0.0,0.125,0.5,0.625,1.0,1.0,1.0,2026-09-10 11:12:58.447589+00:00,v1
2026-08-18 09:00:00+00:00,replay,1c7a531768d8,21e09ba392b1,48,72,24,24,0.44849036534627224,0.5741880763223939,0.41757176717122313,0.31099087804158515,0.12916666666666643,0.8583333333333331,0.31612066107897485,0.0,0.0,0.4583333333333333,0.8333333333333334,1.0,1.0,1.0,2026-09-10 11:12:58.447589+00:00,v1
2026-08-18 09:00:00+00:00,replay,1c7a531768d8,21e09ba392b1,72,96,24,24,0.7571420510609954,0.8225999995340925,0.7571420510609954,0.47602464644908943,0.6750000000000006,1.2875,0.19455375771064518,0.0,0.0,0.7916666666666666,1.0,1.0,1.0,1.0,2026-09-10 11:12:58.447589+00:00,v1
2026-08-18 12:00:00+00:00,replay,1c7a531768d8,84b84638c2be,0,24,24,24,0.2600874265034994,0.3805951858455324,0.15920232137044352,0.20174993236859648,0.46666666666666695,0.933333333333334,0.419016566774407,0.0,0.0,0.20833333333333334,0.6666666666666666,0.9583333333333334,1.0,1.0,2026-09-10 11:12:58.458365+00:00,v1
2026-08-18 12:00:00+00:00,replay,1c7a531768d8,84b84638c2be,24,48,24,24,0.25086126327514685,0.3030175503620656,-0.1133359273274741,0.2073077200094858,0.07499999999999973,0.5833333333333335,0.5534394438081365,0.0,0.0,0.041666666666666664,0.4166666666666667,0.8333333333333334,1.0,1.0,2026-09-10 11:12:58.458365+00:00,v1
2026-08-18 12:00:00+00:00,replay,1c7a531768d8,84b84638c2be,48,72,24,24,0.29929378827412956,0.31259100898716996,-0.03895316123962352,0.23956410146554316,0.1499999999999999,0.6999999999999997,0.5186322993697029,0.0,0.0,0.0,0.4166666666666667,1.0,1.0,1.0,2026-09-10 11:12:58.458365+00:00,v1
2026-08-18 12:00:00+00:00,replay,1c7a531768d8,84b84638c2be,72,96,24,24,0.41553592681884827,0.47660184169245146,0.3760718663533528,0.29744363013108605,0.7750000000000008,1.2583333333333335,0.3552620605659433,0.0,0.0,0.2916666666666667,0.875,1.0,1.0,1.0,2026-09-10 11:12:58.458365+00:00,v1
2026-08-18 15:00:00+00:00,replay,1c7a531768d8,87a64ce6d605,0,24,24,24,0.3632417043050132,0.45047623420675126,0.12778724034627378,0.24322835050423933,0.4791666666666668,0.766666666666667,0.4805452651251841,0.0,0.0,0.2916666666666667,0.5833333333333334,0.7083333333333334,0.9583333333333334,1.0,2026-09-10 11:12:58.469683+00:00,v1
2026-08-18 15:00:00+00:00,replay,1c7a531768d8,87a64ce6d605,24,48,24,24,0.2139938990275073,0.25401534447447893,-0.06108398437499988,0.19850676898161604,0.0541666666666664,0.4083333333333334,0.5345058556868846,0.0,0.0,0.0,0.4583333333333333,1.0,1.0,1.0,2026-09-10 11:12:58.469683+00:00,v1
2026-08-18 15:00:00+00:00,replay,1c7a531768d8,87a64ce6d605,48,72,24,24,0.29749301274617546,0.3146262731520119,-0.10466038386027021,0.24021513485908522,0.1875,0.5749999999999998,0.5464096728206177,0.0,0.0,0.0,0.3333333333333333,1.0,1.0,1.0,2026-09-10 11:12:58.469683+00:00,v1
2026-08-18 15:00:00+00:00,replay,1c7a531768d8,87a64ce6d605,72,96,24,24,0.294471724828085,0.33477482442047696,0.29391458829244055,0.25405583984057123,0.8000000000000007,1.179166666666667,0.381699792662974,0.0,0.0,0.0,0.9583333333333334,1.0,1.0,1.0,2026-09-10 11:12:58.469683+00:00,v1
2026-08-18 22:00:00+00:00,oracle,1c7a531768d8,1333bf37f71e,0,24,24,24,0.521917708714803,0.5812824506622718,0.5200924396514893,0.31791411681175225,0.4124999999999998,0.5499999999999999,0.19484231450849165,0.0,0.041666666666666664,0.875,0.9583333333333334,1.0,1.0,1.0,2026-09-10 11:12:58.482097+00:00,v1
2026-08-18 22:00:00+00:00,oracle,1c7a531768d8,1333bf37f71e,24,48,24,24,0.2474157015482589,0.2987070038800342,0.24578739802042682,0.1984894399642947,0.08750000000000036,0.20833333333333304,0.3729755558701102,0.0,0.0,0.0,0.9583333333333334,1.0,1.0,1.0,2026-09-10 11:12:58.482097+00:00,v1
2026-08-18 22:00:00+00:00,oracle,1c7a531768d8,1333bf37f71e,48,72,24,24,0.2770879427591953,0.33990998515094384,-0.20483125050862672,0.22324927687644938,0.2291666666666662,0.39166666666666616,0.5970912782751702,0.0,0.0,0.0,0.25,0.8333333333333334,1.0,1.0,2026-09-10 11:12:58.482097+00:00,v1
2026-08-18 22:00:00+00:00,oracle,1c7a531768d8,1333bf37f71e,72,96,24,24,0.20792568524678515,0.28044739064361146,0.06741172472635955,0.21796317703723897,0.9333333333333327,1.1708333333333332,0.47057339453475727,0.0,0.0,0.08333333333333333,0.6666666666666666,1.0,1.0,1.0,2026-09-10 11:12:58.482097+00:00,v1
2026-08-19 05:00:00+00:00,live,1c7a531768d8,69a870647b6f,0,24,24,24,0.44356012344360335,0.5248040047915031,0.4251688003540039,0.29536721940835337,0.6000000000000001,0.4416666666666667,0.2532949541693555,0.0,0.16666666666666666,0.6666666666666666,0.8333333333333334,1.0,1.0,1.0,2026-09-10 11:12:58.494413+00:00,v1
2026-08-19 05:00:00+00:00,live,1c7a531768d8,69a870647b6f,24,48,24,24,0.32693090438842703,0.41072833268984027,0.2973314603169756,0.23262327099641156,0.7000000000000003,0.18333333333333326,0.3570264683181323,0.0,0.0,0.4166666666666667,0.7916666666666666,1.0,1.0,1.0,2026-09-10 11:12:58.494413+00:00,v1
2026-08-19 05:00:00+00:00,live,1c7a531768d8,69a870647b6f,48,72,24,24,0.26938185691833505,0.28971446689442654,0.06324734687805107,0.20539299294948585,0.5916666666666671,0.37499999999999983,0.46979434848046225,0.0,0.0,0.0,0.5833333333333334,1.0,1.0,1.0,2026-09-10 11:12:58.494413+00:00,v1
2026-08-19 05:00:00+00:00,live,1c7a531768d8,69a870647b6f,72,96,24,24,0.6229171435038249,0.7363958217892865,0.6229171435038249,0.41025233731269845,0.7208333333333337,1.3124999999999998,0.2525525853943345,0.0,0.0,0.5,1.0,1.0,1.0,1.0,2026-09-10 11:12:58.494413+00:00,v1
2026-08-19 10:00:00+00:00,replay,1c7a531768d8,56988dd5c0f8,0,24,24,24,0.24660348892211928,0.2969866846894087,-0.10617084503173772,0.1846845742623012,1.0208333333333341,0.4291666666666667,0.5583372824961425,0.0,0.0,0.0,0.4166666666666667,0.7916666666666666,1.0,1.0,2026-09-10 11:12:58.507557+00:00,v1
2026-08-19 10:00:00+00:00,replay,1c7a531768d8,56988dd5c0f8,24,48,24,24,0.3762981891632086,0.4529130540813382,-0.12494047482808461,0.2675834937731424,1.0083333333333342,0.3666666666666667,0.5557151770366084,0.0,0.0,0.0,0.4583333333333333,0.75,1.0,1.0,2026-09-10 11:12:58.507557+00:00,v1
2026-08-19 10:00:00+00:00,replay,1c7a531768d8,56988dd5c0f8,48,72,24,24,0.33437676429748553,0.4606893027345664,-0.2834730625152577,0.2761147211074832,0.608333333333334,0.4166666666666667,0.6178663166835664,0.0,0.0,0.0,0.25,0.7083333333333334,1.0,1.0,2026-09-10 11:12:58.507557+00:00,v1
2026-08-19 10:00:00+00:00,replay,1c7a531768d8,56988dd5c0f8,72,96,24,24,0.42841089566548635,0.4953387411106291,-0.09342452685038245,0.30428926031589504,0.7624999999999997,1.3041666666666658,0.5350156848445224,0.0,0.0,0.0,0.5416666666666666,0.7083333333333334,1.0,1.0,2026-09-10 11:12:58.507557+00:00,v1
2026-08-19 17:00:00+00:00,live,1c7a531768d8,460caf5207ab,0,24,24,24,0.18028523127237905,0.19361547718489952,0.05235961278279566,0.1578188970724741,0.10833333333333191,0.4458333333333333,0.443893926414156,0.0,0.0,0.125,0.5833333333333334,1.0,1.0,1.0,2026-09-10 11:12:58.518990+00:00,v1
2026-08-19 17:00:00+00:00,live,1c7a531768d8,460caf5207ab,24,48,24,24,0.6510665098826092,0.789256524368524,-0.6510665098826092,0.4276462541580199,0.22499999999999934,0.49583333333333374,0.7276066225937933,0.0,0.0,0.0,0.0,0.5,1.0,1.0,2026-09-10 11:12:58.518990+00:00,v1
2026-08-19 17:00:00+00:00,live,1c7a531768d8,460caf5207ab,48,72,24,24,0.6428497632344564,0.7225204179515032,-0.6428497632344564,0.40803733103275314,0.9416666666666652,0.47083333333333277,0.7254698130375367,0.0,0.0,0.0,0.0,0.625,1.0,1.0,2026-09-10 11:12:58.518990+00:00,v1
2026-08-19 17:00:00+00:00,live,1c7a531768d8,460caf5207ab,72,96,24,24,0.6515809694925941,0.8107690816154627,-0.3339410781860351,0.44730826764106735,1.7374999999999983,1.266666666666666,0.5831390417184622,0.0,0.0,0.0,0.4166666666666667,0.7083333333333334,1.0,1.0,2026-09-10 11:12:58.518990+00:00,v1
2026-08-19 21:00:00+00:00,replay,1c7a531768d8,ae726b035394,0,24,24,24,0.1671350638071698,0.20658981447403368,-0.1472613175710046,0.15023459103902181,0.058333333333333424,0.4500000000000002,0.6143180374537794,0.0,0.0,0.0,0.20833333333333334,0.75,1.0,1.0,2026-09-10 11:12:58.534894+00:00,v1
2026-08-19 21:00:00+00:00,replay,1c7a531768d8,ae726b035394,24,48,24,24,0.7477990627288813,0.7899541653122106,-0.7477990627288813,0.45380672666231786,0.23749999999999996,0.5125000000000005,0.7980718310758957,0.0,0.0,0.0,0.0,0.16666666666666666,1.0,1.0,2026-09-10 11:12:58.534894+00:00,v1
2026-08-19 21:00:00+00:00,replay,1c7a531768d8,ae726b035394,48,72,24,24,0.42444451649983694,0.47295846951505877,-0.4159658114115394,0.2847576477050781,0.9916666666666675,0.5916666666666663,0.6780471845227645,0.0,0.0,0.0,0.041666666666666664,0.6666666666666666,1.0,1.0,2026-09-10 11:12:58.534894+00:00,v1
2026-08-19 21:00:00+00:00,replay,1c7a531768d8,ae726b035394,72,96,24,24,0.451479005813598,0.5031140242375863,0.019719330469766927,0.3011376899401345,1.6000000000000003,1.1999999999999993,0.48216998602693395,0.0,0.0,0.16666666666666666,0.5416666666666666,0.7916666666666666,1.0,1.0,2026-09-10 11:12:58.534894+00:00,v1
2026-08-20 05:00:00+00:00,live,1c7a531768d8,f63239ca461e,0,24,24,24,0.3441392580668133,0.38871613020192153,0.1679711023966474,0.22325394717057548,0.10833333333333295,0.38333333333333314,0.4095521276613114,0.0,0.0,0.25,0.75,0.9166666666666666,1.0,1.0,2026-09-10 11:12:58.546421+00:00,v1
2026-08-20 05:00:00+00:00,live,1c7a531768d8,f63239ca461e,24,48,24,24,0.7691010793050134,0.7793223407547373,-0.7691010793050134,0.448431246582667,0.4499999999999999,0.7250000000000004,0.7792507076724223,0.0,0.0,0.0,0.0,0.25,1.0,1.0,2026-09-10 11:12:58.546421+00:00,v1
2026-08-20 05:00:00+00:00,live,1c7a531768d8,f63239ca461e,48,72,24,24,0.5634502887725835,0.6827860746600035,-0.5634502887725835,0.39270496528148663,1.3124999999999993,1.145833333333333,0.6800464599858741,0.0,0.0,0.0,0.0,0.625,1.0,1.0,2026-09-10 11:12:58.546421+00:00,v1
2026-08-20 05:00:00+00:00,live,1c7a531768d8,f63239ca461e,72,96,24,24,0.5306299527486171,0.6837141708057344,-0.5103466033935552,0.40094940481980673,1.4583333333333324,1.2916666666666663,0.6460271466820401,0.0,0.0,0.0,0.16666666666666666,0.7083333333333334,1.0,1.0,2026-09-10 11:12:58.546421+00:00,v1
2026-08-20 09:00:00+00:00,replay,1c7a531768d8,2b1bd401ef0f,0,24,24,24,0.443160343170166,0.502504124215994,0.11277507146199595,0.2832541352033616,0.12916666666666643,0.254166666666666,0.43315614744295017,0.0,0.0,0.4166666666666667,0.625,0.8333333333333334,1.0,1.0,2026-09-10 11:12:58.561908+00:00,v1
2026-08-20 09:00:00+00:00,replay,1c7a531768d8,2b1bd401ef0f,24,48,24,24,0.36418995857238823,0.437646968612256,-0.36418995857238823,0.2854075238307318,0.6750000000000006,0.7833333333333338,0.6518093480095187,0.0,0.0,0.0,0.0,0.75,1.0,1.0,2026-09-10 11:12:58.561908+00:00,v1
2026-08-20 09:00:00+00:00,replay,1c7a531768d8,2b1bd401ef0f,48,72,24,24,0.35834075609842947,0.4140558938435003,-0.05624616940816329,0.2878380021969477,1.583333333333334,1.458333333333333,0.5190872419382758,0.0,0.0,0.0,0.5416666666666666,0.875,1.0,1.0,2026-09-10 11:12:58.561908+00:00,v1
2026-08-20 09:00:00+00:00,replay,1c7a531768d8,2b1bd401ef0f,72,96,24,24,0.4349678357442219,0.5797430093870469,-0.4307720820109047,0.3520497903267543,1.533333333333334,1.4083333333333332,0.6392908867765369,0.0,0.0,0.0,0.08333333333333333,0.7083333333333334,1.0,1.0,2026-09-10 11:12:58.561908+00:00,v1
2026-08-20 17:00:00+00:00,live,1c7a531768d8,7963047a8fca,0,24,24,24,0.6164590040842698,0.7076708900147438,-0.6152287006378176,0.38421297059853904,0.19166666666666674,0.17499999999999982,0.7911779274699325,0.0,0.0,0.0,0.041666666666666664,0.20833333333333334,1.0,1.0,2026-09-10 11:12:58.574798+00:00,v1
2026-08-20 17:00:00+00:00,live,1c7a531768d8,7963047a8fca,24,48,24,24,0.68324089050293,0.7111358638375983,-0.68324089050293,0.40115026337305704,0.8416666666666673,0.8416666666666668,0.7707388593212127,0.0,0.0,0.0,0.0,0.25,1.0,1.0,2026-09-10 11:12:58.574798+00:00,v1
2026-08-20 17:00:00+00:00,live,1c7a531768d8,7963047a8fca,48,72,24,24,0.44136875470479353,0.5720016005005333,-0.28030460675557506,0.3358473981618882,1.6375000000000004,1.6375,0.5875906720489324,0.0,0.0,0.0,0.4583333333333333,0.75,1.0,1.0,2026-09-10 11:12:58.574798+00:00,v1
2026-08-20 17:00:00+00:00,live,1c7a531768d8,7963047a8fca,72,96,24,24,0.6447058359781908,0.8532307620724697,-0.5155362447102867,0.45892822057406146,1.383333333333334,1.3833333333333335,0.6443066991185348,0.0,0.0,0.0,0.2916666666666667,0.625,1.0,1.0,2026-09-10 11:12:58.574798+00:00,v1
2026-08-20 21:00:00+00:00,replay,1c7a531768d8,39ce853ada36,0,24,24,24,0.5832284927368167,0.6208409449062324,-0.5832284927368167,0.36130484273433705,0.20416666666666647,0.1874999999999997,0.8336993382502019,0.0,0.0,0.0,0.0,0.125,1.0,1.0,2026-09-10 11:12:58.587354+00:00,v1
2026-08-20 21:00:00+00:00,replay,1c7a531768d8,39ce853ada36,24,48,24,24,0.5223265647888177,0.5582907234586317,-0.5223265647888177,0.3193046993494033,0.7916666666666682,0.9583333333333335,0.7421516247931562,0.0,0.0,0.0,0.0,0.4583333333333333,1.0,1.0,2026-09-10 11:12:58.587354+00:00,v1
2026-08-20 21:00:00+00:00,replay,1c7a531768d8,39ce853ada36,48,72,24,24,0.3952132383982341,0.4827912155318683,-0.20413966178894075,0.28845296502908085,1.400000000000001,1.5666666666666664,0.569605857273681,0.0,0.0,0.0,0.4583333333333333,0.7083333333333334,1.0,1.0,2026-09-10 11:12:58.587354+00:00,v1
2026-08-20 21:00:00+00:00,replay,1c7a531768d8,39ce853ada36,72,96,24,24,0.5458350181579587,0.6683636570789319,-0.28829336166381836,0.37157044543425255,1.1333333333333344,1.2416666666666667,0.5822454229776708,0.0,0.0,0.0,0.4583333333333333,0.5833333333333334,1.0,1.0,2026-09-10 11:12:58.587354+00:00,v1
2026-08-21 02:00:00+00:00,replay,1c7a531768d8,9f37d70fa6a9,0,24,24,24,0.5416584491729749,0.5754106173368889,-0.5416584491729749,0.31984824121793126,0.325,0.2625,0.779583762694564,0.0,0.0,0.0,0.0,0.2916666666666667,1.0,1.0,2026-09-10 11:12:58.600473+00:00,v1
2026-08-21 02:00:00+00:00,replay,1c7a531768d8,9f37d70fa6a9,24,48,24,24,0.9672455628712973,1.0402737603447174,-0.9672455628712973,0.590839211344719,1.054166666666668,1.175,0.8017270821668193,0.0,0.0,0.0,0.0,0.16666666666666666,1.0,1.0,2026-09-10 11:12:58.600473+00:00,v1
2026-08-21 02:00:00+00:00,replay,1c7a531768d8,9f37d70fa6a9,48,72,24,24,1.072683175404867,1.2170019825986087,-1.072683175404867,0.6787147841215136,1.3708333333333345,1.4916666666666665,0.7797025717368026,0.0,0.0,0.0,0.0,0.4166666666666667,1.0,1.0,2026-09-10 11:12:58.600473+00:00,v1
2026-08-21 02:00:00+00:00,replay,1c7a531768d8,9f37d70fa6a9,72,96,24,24,0.9428378105163576,1.1341891229710828,-0.9428378105163576,0.6209453739166261,1.0125000000000008,1.075,0.7404720488211002,0.0,0.0,0.0,0.0,0.4583333333333333,1.0,1.0,2026-09-10 11:12:58.600473+00:00,v1
2026-08-21 05:00:00+00:00,live,1c7a531768d8,515d2df6a115,0,24,24,24,0.4475350538889562,0.464092671904404,-0.4475350538889562,0.271248360761007,0.4500000000000002,0.35833333333333356,0.7618422036191429,0.0,0.0,0.0,0.0,0.2916666666666667,1.0,1.0,2026-09-10 11:12:58.613489+00:00,v1
2026-08-21 05:00:00+00:00,live,1c7a531768d8,515d2df6a115,24,48,24,24,0.6393189748128257,0.7409813091962484,-0.6393189748128257,0.41440255493323014,1.1125,1.3125000000000002,0.7371408579548501,0.0,0.0,0.0,0.0,0.5,1.0,1.0,2026-09-10 11:12:58.613489+00:00,v1
2026-08-21 05:00:00+00:00,live,1c7a531768d8,515d2df6a115,48,72,24,24,0.7292230606079105,0.9180838908733405,-0.7213837623596193,0.5016962880770365,1.258333333333333,1.4583333333333333,0.7135306317151917,0.0,0.0,0.0,0.08333333333333333,0.5,1.0,1.0,2026-09-10 11:12:58.613489+00:00,v1
2026-08-21 05:00:00+00:00,live,1c7a531768d8,515d2df6a115,72,96,24,24,0.7036935170491537,0.9008663555592488,-0.6406192143758132,0.49008310988744097,0.9000000000000002,0.9916666666666668,0.6786897880000101,0.0,0.0,0.0,0.20833333333333334,0.5416666666666666,1.0,1.0,2026-09-10 11:12:58.613489+00:00,v1
2026-08-21 10:00:00+00:00,replay,1c7a531768d8,cfbbe2ffd17f,0,24,24,24,0.1396921793619792,0.15689719765485016,-0.04979257583618161,0.13657376560370119,0.7666666666666663,0.6000000000000006,0.5460894136030031,0.0,0.0,0.0,0.3333333333333333,0.9583333333333334,1.0,1.0,2026-09-10 11:12:58.626587+00:00,v1
2026-08-21 10:00:00+00:00,replay,1c7a531768d8,cfbbe2ffd17f,24,48,24,24,0.2542609532674153,0.2924824036836565,0.036983044942219635,0.21187533616224932,1.704166666666665,1.5125,0.48587036198405614,0.0,0.0,0.0,0.625,0.9583333333333334,1.0,1.0,2026-09-10 11:12:58.626587+00:00,v1
2026-08-21 10:00:00+00:00,replay,1c7a531768d8,cfbbe2ffd17f,48,72,24,24,0.41380647023518885,0.47611326995516984,-0.04274660746256442,0.2876734970966976,1.624999999999999,1.4333333333333336,0.5113472458833718,0.0,0.0,0.08333333333333333,0.5,0.8333333333333334,1.0,1.0,2026-09-10 11:12:58.626587+00:00,v1
2026-08-21 10:00:00+00:00,replay,1c7a531768d8,cfbbe2ffd17f,72,96,24,24,0.4957565466562901,0.5608472016145455,-0.07553769747416143,0.3284882121721902,1.1208333333333316,0.9374999999999997,0.5183813934777707,0.0,0.0,0.041666666666666664,0.5,0.75,1.0,1.0,2026-09-10 11:12:58.626587+00:00,v1
2026-08-21 17:00:00+00:00,live,1c7a531768d8,6b61bcf76691,0,24,24,24,0.21509108543396063,0.23143912787504195,-0.10569087664286192,0.15752858523527802,0.7416666666666659,0.8000000000000004,0.5978211548879342,0.0,0.0,0.0,0.3333333333333333,0.8333333333333334,1.0,1.0,2026-09-10 11:12:58.639538+00:00,v1
2026-08-21 17:00:00+00:00,live,1c7a531768d8,6b61bcf76691,24,48,24,24,0.4407635052998864,0.4899014430353023,0.14094724655151358,0.27775836724440267,1.537499999999999,1.5958333333333334,0.4128867089230008,0.0,0.0,0.3333333333333333,0.7083333333333334,0.8333333333333334,1.0,1.0,2026-09-10 11:12:58.639538+00:00,v1
2026-08-21 17:00:00+00:00,live,1c7a531768d8,6b61bcf76691,48,72,24,24,0.48680950800577866,0.6291466930119425,-0.2554036140441898,0.34450304984251684,1.308333333333333,1.3250000000000004,0.5752635733079844,0.0,0.0,0.0,0.4166666666666667,0.7083333333333334,1.0,1.0,2026-09-10 11:12:58.639538+00:00,v1
2026-08-21 17:00:00+00:00,live,1c7a531768d8,6b61bcf76691,72,96,24,24,0.36908550262451234,0.4831705242073412,-0.1345790545145659,0.2964344909270608,1.2499999999999991,1.3083333333333336,0.5472720975676985,0.0,0.0,0.0,0.5833333333333334,0.75,1.0,1.0,2026-09-10 11:12:58.639538+00:00,v1
2026-08-21 22:00:00+00:00,replay,1c7a531768d8,3fcaf954b31f,0,24,24,24,0.2611679553985596,0.30095461091588505,-0.198449468612671,0.18017790919939655,0.40000000000000124,0.9291666666666673,0.6461431837756916,0.0,0.0,0.0,0.16666666666666666,0.625,1.0,1.0,2026-09-10 11:12:58.652693+00:00,v1
2026-08-21 22:00:00+00:00,replay,1c7a531768d8,3fcaf954b31f,24,48,24,24,0.6318968137105306,0.7330372182100897,-0.3584783236185712,0.393276100063324,0.9375000000000009,1.4916666666666671,0.6013876549330032,0.0,0.0,0.08333333333333333,0.4166666666666667,0.5416666666666666,1.0,1.0,2026-09-10 11:12:58.652693+00:00,v1
2026-08-21 22:00:00+00:00,replay,1c7a531768d8,3fcaf954b31f,48,72,24,24,0.8857581456502283,1.1126849955844267,-0.8857581456502283,0.6125846905708315,0.9166666666666673,1.1375000000000004,0.7747316722207248,0.0,0.0,0.0,0.0,0.4583333333333333,0.7083333333333334,1.0,2026-09-10 11:12:58.652693+00:00,v1
2026-08-21 22:00:00+00:00,replay,1c7a531768d8,3fcaf954b31f,72,96,24,24,0.34062933921813904,0.4031709728960379,-0.34062933921813904,0.26152054131031016,0.7666666666666679,1.3625000000000005,0.6480822176393207,0.0,0.0,0.0,0.0,0.9166666666666666,1.0,1.0,2026-09-10 11:12:58.652693+00:00,v1
2026-08-22 05:00:00+00:00,live,1c7a531768d8,75a7e37c1cbc,0,24,24,24,0.3518370946248364,0.41487480562596263,0.1338387807210283,0.22815993453661587,0.5458333333333335,1.0875000000000001,0.4437012610816264,0.0,0.0,0.375,0.5,0.875,1.0,1.0,2026-09-10 11:12:58.665220+00:00,v1
2026-08-22 05:00:00+00:00,live,1c7a531768d8,75a7e37c1cbc,24,48,24,24,0.4577847162882489,0.5740586281495279,-0.2746901830037438,0.31847434334754965,0.6500000000000004,1.2333333333333334,0.6037324120199061,0.0,0.0,0.08333333333333333,0.375,0.6666666666666666,1.0,1.0,2026-09-10 11:12:58.665220+00:00,v1
2026-08-22 05:00:00+00:00,live,1c7a531768d8,75a7e37c1cbc,48,72,24,24,0.7590870380401616,0.9460509901561852,-0.730674759546916,0.514218146769206,0.7250000000000006,0.7583333333333333,0.7516827918174055,0.0,0.0,0.0,0.08333333333333333,0.4166666666666667,0.8333333333333334,1.0,2026-09-10 11:12:58.665220+00:00,v1
2026-08-22 05:00:00+00:00,live,1c7a531768d8,75a7e37c1cbc,72,96,24,24,0.22855871518452942,0.2805912343713012,0.1382263660430906,0.21292755271593722,0.3624999999999998,1.2208333333333332,0.4337589983650414,0.0,0.0,0.08333333333333333,0.6666666666666666,1.0,1.0,1.0,2026-09-10 11:12:58.665220+00:00,v1
2026-08-22 09:00:00+00:00,replay,1c7a531768d8,21e09ba392b1,0,24,24,24,0.5374931971232106,0.6244377356043211,0.5022673924764002,0.34572804146607733,0.7416666666666664,1.0499999999999998,0.23244567586519974,0.0,0.041666666666666664,0.7083333333333334,0.8333333333333334,1.0,1.0,1.0,2026-09-10 11:12:58.679529+00:00,v1
2026-08-22 09:00:00+00:00,replay,1c7a531768d8,21e09ba392b1,24,48,24,24,0.38334487279256263,0.44557656226341424,0.3061722755432134,0.2528957343578342,0.6833333333333336,1.0000000000000002,0.3448263442284752,0.0,0.0,0.4166666666666667,0.7916666666666666,1.0,1.0,1.0,2026-09-10 11:12:58.679529+00:00,v1
2026-08-22 09:00:00+00:00,replay,1c7a531768d8,21e09ba392b1,48,72,24,24,0.375092951456707,0.4402093570470546,-0.12244819005330439,0.2555409500519437,0.6375000000000002,0.47916666666666624,0.5451626472120057,0.0,0.0,0.041666666666666664,0.4166666666666667,0.75,1.0,1.0,2026-09-10 11:12:58.679529+00:00,v1
2026-08-22 09:00:00+00:00,replay,1c7a531768d8,21e09ba392b1,72,96,24,24,0.5449795881907141,0.5616167831992921,0.5449795881907141,0.3208299123843508,0.5083333333333324,1.0333333333333332,0.2502072459045395,0.0,0.0,0.7916666666666666,1.0,1.0,1.0,1.0,2026-09-10 11:12:58.679529+00:00,v1
2026-08-22 12:00:00+00:00,replay,1c7a531768d8,84b84638c2be,0,24,24,24,0.5793739477793381,0.6373251608726295,0.4518849531809492,0.36203184177080816,0.8708333333333326,0.9291666666666663,0.29927119642857186,0.0,0.0,0.7083333333333334,0.7916666666666666,0.8333333333333334,1.0,1.0,2026-09-10 11:12:58.692102+00:00,v1
2026-08-22 12:00:00+00:00,replay,1c7a531768d8,84b84638c2be,24,48,24,24,0.5030210177103677,0.6034325098683937,0.4661580721537268,0.33522430312633517,0.7541666666666664,0.8375000000000002,0.29966952125737395,0.0,0.0,0.5416666666666666,0.7916666666666666,1.0,1.0,1.0,2026-09-10 11:12:58.692102+00:00,v1
2026-08-22 12:00:00+00:00,replay,1c7a531768d8,84b84638c2be,48,72,24,24,0.4317467371622718,0.48987754445006454,0.1591086705525718,0.2858437976519265,0.6999999999999997,0.39999999999999947,0.43339300492921584,0.0,0.0,0.25,0.625,0.9583333333333334,1.0,1.0,2026-09-10 11:12:58.692102+00:00,v1
2026-08-22 12:00:00+00:00,replay,1c7a531768d8,84b84638c2be,72,96,24,24,0.4818978309631339,0.518775607859285,0.45924956003824785,0.3067746609449385,0.616666666666665,0.8333333333333331,0.3090405612053761,0.0,0.0,0.2916666666666667,0.9583333333333334,1.0,1.0,1.0,2026-09-10 11:12:58.692102+00:00,v1
2026-08-22 15:00:00+00:00,replay,1c7a531768d8,87a64ce6d605,0,24,24,24,0.6909798145294185,0.7767177747867515,0.6805657863616937,0.46133391066392254,1.1458333333333337,0.8541666666666662,0.15278957491793568,0.0,0.5416666666666666,0.75,0.9583333333333334,1.0,1.0,1.0,2026-09-10 11:12:58.706089+00:00,v1
2026-08-22 15:00:00+00:00,replay,1c7a531768d8,87a64ce6d605,24,48,24,24,0.6886714617411304,0.7762464443811704,0.5953788121541344,0.4454794841607416,1.0250000000000006,0.775,0.24884948278307073,0.0,0.041666666666666664,0.6666666666666666,0.8333333333333334,1.0,1.0,1.0,2026-09-10 11:12:58.706089+00:00,v1
2026-08-22 15:00:00+00:00,replay,1c7a531768d8,87a64ce6d605,48,72,24,24,0.5346966266632078,0.617116748880985,0.46999192237854004,0.34595050562222807,0.8750000000000004,0.4749999999999995,0.3063721922470251,0.0,0.0,0.625,0.8333333333333334,1.0,1.0,1.0,2026-09-10 11:12:58.706089+00:00,v1
2026-08-22 15:00:00+00:00,replay,1c7a531768d8,87a64ce6d605,72,96,24,24,0.5595556259155278,0.5936708999145294,0.3549051920572916,0.33958646694024414,0.954166666666667,0.695833333333333,0.3423621151782656,0.0,0.0,0.5416666666666666,0.8333333333333334,0.9166666666666666,1.0,1.0,2026-09-10 11:12:58.706089+00:00,v1
2026-08-22 22:00:00+00:00,oracle,1c7a531768d8,1333bf37f71e,0,24,24,24,0.4453163146972656,0.4931711033455806,-0.01606616973876977,0.2862223798433941,0.6541666666666665,0.6624999999999996,0.46228689736081935,0.0,0.0,0.4166666666666667,0.5,0.7083333333333334,1.0,1.0,2026-09-10 11:12:58.719163+00:00,v1
2026-08-22 22:00:00+00:00,oracle,1c7a531768d8,1333bf37f71e,24,48,24,24,0.8208065827687587,1.0101253761699767,-0.610304498672486,0.5520705759763722,0.8916666666666669,0.8000000000000002,0.6674062348620584,0.0,0.0,0.0,0.375,0.4583333333333333,0.7083333333333334,1.0,2026-09-10 11:12:58.719163+00:00,v1
2026-08-22 22:00:00+00:00,oracle,1c7a531768d8,1333bf37f71e,48,72,24,24,0.5758906205495199,0.5975683091017269,-0.5758906205495199,0.33315367341041563,0.29166666666666624,0.5499999999999997,0.7596177902806037,0.0,0.0,0.0,0.0,0.4166666666666667,1.0,1.0,2026-09-10 11:12:58.719163+00:00,v1
2026-08-22 22:00:00+00:00,oracle,1c7a531768d8,1333bf37f71e,72,96,24,24,1.1120318253835049,1.3141311686039296,-1.1120318253835049,0.7521337678909302,0.8958333333333329,0.795833333333333,0.83640761827044,0.0,0.0,0.0,0.0,0.4166666666666667,0.625,1.0,2026-09-10 11:12:58.719163+00:00,v1
2026-08-23 05:00:00+00:00,live,1c7a531768d8,29b7c1e62b3b,0,24,24,24,0.25135213534037276,0.2827214616036946,-0.009392849604288914,0.17865348437627135,0.9416666666666661,0.320833333333333,0.48906500954382875,0.0,0.0,0.125,0.5833333333333334,0.7916666666666666,1.0,1.0,2026-09-10 11:12:58.730663+00:00,v1
2026-08-23 05:00:00+00:00,live,1c7a531768d8,29b7c1e62b3b,24,48,24,24,0.4983089923858648,0.6097295737538114,-0.4390322526295982,0.3288804309209191,1.4249999999999996,0.6541666666666668,0.6818149268117327,0.0,0.0,0.0,0.125,0.5833333333333334,1.0,1.0,2026-09-10 11:12:58.730663+00:00,v1
2026-08-23 05:00:00+00:00,live,1c7a531768d8,29b7c1e62b3b,48,72,24,24,0.33889196713765424,0.37936766359655555,0.30456274350484164,0.233791197403272,0.9541666666666663,0.4833333333333332,0.352330755330238,0.0,0.0,0.25,0.875,1.0,1.0,1.0,2026-09-10 11:12:58.730663+00:00,v1
2026-08-23 05:00:00+00:00,live,1c7a531768d8,29b7c1e62b3b,72,96,24,24,0.3378232796986896,0.42248643088590254,-0.22382356325785224,0.256787930393219,1.7374999999999996,0.8666666666666666,0.5873471651315688,0.0,0.0,0.0,0.20833333333333334,0.7916666666666666,1.0,1.0,2026-09-10 11:12:58.730663+00:00,v1
2026-08-23 10:00:00+00:00,replay,1c7a531768d8,56988dd5c0f8,0,24,24,24,0.3254723230997721,0.3762671124077216,0.2901419957478842,0.2045089023749035,0.5916666666666669,0.16249999999999964,0.32123460112319485,0.0,0.0,0.5833333333333334,0.8333333333333334,1.0,1.0,1.0,2026-09-10 11:12:58.744568+00:00,v1
2026-08-23 10:00:00+00:00,replay,1c7a531768d8,56988dd5c0f8,24,48,24,24,0.3020577112833667,0.3631050659944237,-0.0587717056274412,0.22485019543170967,0.7125000000000005,0.5916666666666668,0.5319021358088085,0.0,0.0,0.08333333333333333,0.4583333333333333,0.8333333333333334,1.0,1.0,2026-09-10 11:12:58.744568+00:00,v1
2026-08-23 10:00:00+00:00,replay,1c7a531768d8,56988dd5c0f8,48,72,24,24,0.7806519349416104,0.7917064573071706,0.7806519349416104,0.46476051054795614,0.2999999999999998,0.4708333333333334,0.1850354375513256,0.0,0.0,0.9583333333333334,1.0,1.0,1.0,1.0,2026-09-10 11:12:58.744568+00:00,v1
2026-08-23 10:00:00+00:00,replay,1c7a531768d8,56988dd5c0f8,72,96,24,24,0.19790816307067885,0.24427671166326861,-0.02960597674051983,0.21245608289241794,1.0000000000000009,1.0041666666666667,0.5124017435464122,0.0,0.0,0.0,0.625,1.0,1.0,1.0,2026-09-10 11:12:58.744568+00:00,v1
2026-08-23 17:00:00+00:00,live,1c7a531768d8,6e909101c801,0,24,24,24,0.5849955399831132,0.6209823728996122,0.3396566549936934,0.3744774756431582,1.058333333333334,0.2708333333333332,0.2777083922149708,0.0,0.2916666666666667,0.6666666666666666,0.75,0.8333333333333334,1.0,1.0,2026-09-10 11:12:58.757984+00:00,v1
2026-08-23 17:00:00+00:00,live,1c7a531768d8,6e909101c801,24,48,24,24,0.31626753807067914,0.40585950733457443,0.2169762134551997,0.22964250953992227,0.9000000000000004,0.6458333333333334,0.4068280319804774,0.0,0.0,0.2916666666666667,0.7083333333333334,0.9583333333333334,1.0,1.0,2026-09-10 11:12:58.757984+00:00,v1
2026-08-23 17:00:00+00:00,live,1c7a531768d8,6e909101c801,48,72,24,24,0.413603528340657,0.45480699213995507,0.13032741546630788,0.26697357348601,0.9750000000000004,0.4708333333333334,0.4191050806723557,0.0,0.0,0.125,0.75,0.8333333333333334,1.0,1.0,2026-09-10 11:12:58.757984+00:00,v1
2026-08-23 17:00:00+00:00,live,1c7a531768d8,6e909101c801,72,96,24,24,0.4761391639709475,0.66911703782788,-0.4684847831726075,0.3530019720951718,0.7125000000000002,1.2583333333333333,0.6675250338416304,0.0,0.0,0.0,0.08333333333333333,0.6666666666666666,1.0,1.0,2026-09-10 11:12:58.757984+00:00,v1
2026-08-23 21:00:00+00:00,replay,1c7a531768d8,ae726b035394,0,24,24,24,0.47800138791402186,0.5078989081870632,-0.008592844009399858,0.2938224863926571,0.8583333333333337,0.34166666666666634,0.4487007220324232,0.0,0.0,0.5,0.5416666666666666,0.625,1.0,1.0,2026-09-10 11:12:58.770477+00:00,v1
2026-08-23 21:00:00+00:00,replay,1c7a531768d8,ae726b035394,24,48,24,24,0.26835206349690804,0.307328503261994,0.009915510813394887,0.20270313744545002,0.2875000000000001,0.5291666666666668,0.5106642286107452,0.0,0.0,0.125,0.375,0.9583333333333334,1.0,1.0,2026-09-10 11:12:58.770477+00:00,v1
2026-08-23 21:00:00+00:00,replay,1c7a531768d8,ae726b035394,48,72,24,24,0.3395436127980555,0.47040384117313755,-0.22273710568745977,0.2639530705531441,0.8333333333333331,0.5833333333333334,0.582025231565463,0.0,0.0,0.0,0.5,0.75,1.0,1.0,2026-09-10 11:12:58.770477+00:00,v1
2026-08-23 21:00:00+00:00,replay,1c7a531768d8,ae726b035394,72,96,24,24,0.5106802304585772,0.6429340034635408,-0.5017585754394527,0.3541592216332757,1.1416666666666684,1.3416666666666668,0.687286277603797,0.0,0.0,0.0,0.08333333333333333,0.625,1.0,1.0,2026-09-10 11:12:58.770477+00:00,v1
2026-08-24 05:00:00+00:00,live,1c7a531768d8,698b2ecfe52b,0,24,24,24,0.6198867321014414,0.6867814600033958,-0.5461181163787843,0.38749118700027513,1.3250000000000015,0.4833333333333332,0.7494982151905208,0.0,0.0,0.08333333333333333,0.16666666666666666,0.20833333333333334,0.875,1.0,2026-09-10 11:12:58.784443+00:00,v1
2026-08-24 05:00:00+00:00,live,1c7a531768d8,698b2ecfe52b,24,48,24,24,0.21488572756449376,0.24058207803668508,-0.1463440100351976,0.1964302060842514,0.8541666666666684,0.38750000000000046,0.5787531449657083,0.0,0.0,0.0,0.25,0.9583333333333334,1.0,1.0,2026-09-10 11:12:58.784443+00:00,v1
2026-08-24 05:00:00+00:00,live,1c7a531768d8,698b2ecfe52b,48,72,24,24,0.5539500872294111,0.6468197497738816,-0.5539500872294111,0.35276928410530123,1.6375000000000017,0.7958333333333333,0.7241846251450806,0.0,0.0,0.0,0.0,0.625,1.0,1.0,2026-09-10 11:12:58.784443+00:00,v1
2026-08-24 05:00:00+00:00,live,1c7a531768d8,698b2ecfe52b,72,96,24,24,0.8585740725199386,0.9116893403335057,-0.8585740725199386,0.5247621209939322,2.433333333333335,1.5916666666666668,0.802384460886953,0.0,0.0,0.0,0.0,0.16666666666666666,1.0,1.0,2026-09-10 11:12:58.784443+00:00,v1
2026-08-24 09:00:00+00:00,replay,1c7a531768d8,2b1bd401ef0f,0,24,24,24,0.3520824432373044,0.3903083241607717,-0.3102767308553056,0.222097371562322,0.8125000000000006,0.5291666666666671,0.6938626174338217,0.0,0.0,0.041666666666666664,0.16666666666666666,0.5833333333333334,1.0,1.0,2026-09-10 11:12:58.798703+00:00,v1
2026-08-24 09:00:00+00:00,replay,1c7a531768d8,2b1bd401ef0f,24,48,24,24,0.30073533058166496,0.38940871382296377,0.2884717146555582,0.23844610269069685,0.3416666666666666,0.34166666666666723,0.3614690138050691,0.0,0.0,0.2916666666666667,0.8333333333333334,1.0,1.0,1.0,2026-09-10 11:12:58.798703+00:00,v1
2026-08-24 09:00:00+00:00,replay,1c7a531768d8,2b1bd401ef0f,48,72,24,24,0.1989128430684405,0.26919214528630686,-0.034414863586426016,0.208982479540507,1.1625,0.8958333333333335,0.5133613224102133,0.0,0.0,0.0,0.5,1.0,1.0,1.0,2026-09-10 11:12:58.798703+00:00,v1
2026-08-24 09:00:00+00:00,replay,1c7a531768d8,2b1bd401ef0f,72,96,24,24,0.22517708142598516,0.28217095211905235,-0.20745832125345873,0.23250922987461098,1.9833333333333336,1.716666666666667,0.5857144615919212,0.0,0.0,0.0,0.125,1.0,1.0,1.0,2026-09-10 11:12:58.798703+00:00,v1
2026-08-24 14:00:00+00:00,replay,1c7a531768d8,238bfb19442a,0,24,24,24,0.47324879964192723,0.6131657251018621,0.4712785085042319,0.3125956015189489,1.2125000000000006,0.6208333333333339,0.22938149982950892,0.0,0.16666666666666666,0.625,0.9583333333333334,1.0,1.0,1.0,2026-09-10 11:12:58.813649+00:00,v1
2026-08-24 14:00:00+00:00,replay,1c7a531768d8,238bfb19442a,24,48,24,24,0.6379724025726311,0.7161889392920743,0.6295959631601962,0.40333078792095156,1.3875000000000004,0.26250000000000046,0.21580734992155537,0.0,0.125,0.7083333333333334,0.9583333333333334,1.0,1.0,1.0,2026-09-10 11:12:58.813649+00:00,v1
2026-08-24 14:00:00+00:00,replay,1c7a531768d8,238bfb19442a,48,72,24,24,0.23649435043335018,0.26297996249023176,0.12937288284301754,0.20539666930834474,0.7458333333333339,0.9791666666666669,0.43256457097496587,0.0,0.0,0.0,0.75,1.0,1.0,1.0,2026-09-10 11:12:58.813649+00:00,v1
2026-08-24 14:00:00+00:00,replay,1c7a531768d8,238bfb19442a,72,96,24,24,0.14198211034139,0.17981898696146653,-0.10190979639689084,0.19814045029481253,0.5083333333333333,1.716666666666667,0.5458143432421978,0.0,0.0,0.0,0.3333333333333333,1.0,1.0,1.0,2026-09-10 11:12:58.813649+00:00,v1
2026-08-24 17:00:00+00:00,live,1c7a531768d8,5db86566cd06,0,24,24,24,0.3988435427347814,0.5708175077699016,0.29702390034993514,0.2770351380189259,1.1583333333333343,0.7083333333333338,0.3943212793369313,0.0,0.0,0.375,0.4583333333333333,0.9583333333333334,1.0,1.0,2026-09-10 11:12:58.829917+00:00,v1
2026-08-24 17:00:00+00:00,live,1c7a531768d8,5db86566cd06,24,48,24,24,0.3375167528788247,0.37877041172802467,0.19345032374064117,0.23304696431954705,1.1500000000000008,0.22500000000000053,0.38943526177685994,0.0,0.0,0.25,0.7916666666666666,1.0,1.0,1.0,2026-09-10 11:12:58.829917+00:00,v1
2026-08-24 17:00:00+00:00,live,1c7a531768d8,5db86566cd06,48,72,24,24,0.19995702107747437,0.24191562147683726,-0.13382727305094408,0.2054287668387095,0.7625000000000006,0.9875000000000002,0.5588935623823618,0.0,0.0,0.0,0.25,1.0,1.0,1.0,2026-09-10 11:12:58.829917+00:00,v1
2026-08-24 17:00:00+00:00,live,1c7a531768d8,5db86566cd06,72,96,24,24,0.28304382960001595,0.3179184094456894,-0.20631395975748643,0.24485698291460675,0.516666666666666,1.6000000000000003,0.5919855652739098,0.0,0.0,0.0,0.16666666666666666,0.9583333333333334,1.0,1.0,2026-09-10 11:12:58.829917+00:00,v1
2026-08-24 21:00:00+00:00,replay,1c7a531768d8,39ce853ada36,0,24,24,24,0.6765829722086586,0.7727379014532082,0.6765829722086586,0.43003017857074743,0.7458333333333346,0.6958333333333339,0.1478335444270906,0.0,0.25,0.875,1.0,1.0,1.0,1.0,2026-09-10 11:12:58.844066+00:00,v1
2026-08-24 21:00:00+00:00,replay,1c7a531768d8,39ce853ada36,24,48,24,24,0.3771625041961661,0.41411808445698245,0.1295347690582275,0.2520618446667986,0.9166666666666669,0.25000000000000044,0.41842580061231743,0.0,0.0,0.20833333333333334,0.625,0.9583333333333334,1.0,1.0,2026-09-10 11:12:58.844066+00:00,v1
2026-08-24 21:00:00+00:00,replay,1c7a531768d8,39ce853ada36,48,72,24,24,0.24911173184712773,0.31212791005390356,-0.23085618019104018,0.22418032117684702,0.8416666666666668,1.0000000000000002,0.5981726976156477,0.0,0.0,0.0,0.20833333333333334,1.0,1.0,1.0,2026-09-10 11:12:58.844066+00:00,v1
2026-08-24 21:00:00+00:00,replay,1c7a531768d8,39ce853ada36,72,96,24,24,0.2792100270589197,0.3246933554472016,-0.02039254506428974,0.2511078712940216,0.8874999999999985,1.4458333333333335,0.5163734383443429,0.0,0.0,0.0,0.3333333333333333,0.9583333333333334,1.0,1.0,2026-09-10 11:12:58.844066+00:00,v1
2026-08-25 02:00:00+00:00,replay,1c7a531768d8,9f37d70fa6a9,0,24,24,24,0.3651587168375654,0.4332744615329545,0.3651587168375654,0.23376443324089047,0.26249999999999973,0.6583333333333338,0.28316451002454357,0.0,0.0,0.375,1.0,1.0,1.0,1.0,2026-09-10 11:12:58.857665+00:00,v1
2026-08-25 02:00:00+00:00,replay,1c7a531768d8,9f37d70fa6a9,24,48,24,24,0.4678557236989344,0.5840166582599532,-0.4475162347157801,0.3111382980823519,0.9916666666666659,0.29583333333333356,0.6808880228146067,0.0,0.0,0.0,0.125,0.625,1.0,1.0,2026-09-10 11:12:58.857665+00:00,v1
2026-08-25 02:00:00+00:00,replay,1c7a531768d8,9f37d70fa6a9,48,72,24,24,0.8181303024291995,0.8564651949231227,-0.8181303024291995,0.48392864415645626,1.6166666666666656,1.054166666666667,0.8043265164262783,0.0,0.0,0.0,0.0,0.08333333333333333,1.0,1.0,2026-09-10 11:12:58.857665+00:00,v1
2026-08-25 02:00:00+00:00,replay,1c7a531768d8,9f37d70fa6a9,72,96,24,24,0.47595043182373065,0.6146593486671846,-0.4480167388916015,0.3607485680023828,1.854166666666665,1.2916666666666663,0.6641171743098728,0.0,0.0,0.0,0.16666666666666666,0.5416666666666666,1.0,1.0,2026-09-10 11:12:58.857665+00:00,v1
2026-08-25 05:00:00+00:00,live,1c7a531768d8,a560ad584e48,0,24,24,24,0.26733967463175395,0.3562458432949795,0.24333724975585946,0.2054995333830516,0.38750000000000107,0.6125000000000003,0.3457227559041729,0.0,0.0,0.4166666666666667,0.75,1.0,1.0,1.0,2026-09-10 11:12:58.873195+00:00,v1
2026-08-25 05:00:00+00:00,live,1c7a531768d8,a560ad584e48,24,48,24,24,0.6391357580820723,0.7378740952641487,-0.6088756084442143,0.40401233157316846,1.154166666666668,0.32083333333333347,0.7361126447698935,0.0,0.0,0.0,0.16666666666666666,0.25,1.0,1.0,2026-09-10 11:12:58.873195+00:00,v1
2026-08-25 05:00:00+00:00,live,1c7a531768d8,a560ad584e48,48,72,24,24,0.8602674007415779,0.9071745546038948,-0.8602674007415779,0.5212857526540761,1.9333333333333351,1.1083333333333336,0.8116849363011095,0.0,0.0,0.0,0.0,0.16666666666666666,1.0,1.0,2026-09-10 11:12:58.873195+00:00,v1
2026-08-25 05:00:00+00:00,live,1c7a531768d8,a560ad584e48,72,96,24,24,0.3184839407602948,0.4408231536575248,-0.25601970354716,0.2772948217233023,2.0083333333333346,1.1833333333333333,0.6006543802004459,0.0,0.0,0.0,0.2916666666666667,0.7083333333333334,1.0,1.0,2026-09-10 11:12:58.873195+00:00,v1
2026-08-25 10:00:00+00:00,replay,1c7a531768d8,cfbbe2ffd17f,0,24,24,24,0.27973705927531006,0.36578918330345844,0.22445119222005205,0.2290778669675194,0.2999999999999998,0.5708333333333333,0.35263427819985976,0.0,0.125,0.2916666666666667,0.7083333333333334,1.0,1.0,1.0,2026-09-10 11:12:58.886919+00:00,v1
2026-08-25 10:00:00+00:00,replay,1c7a531768d8,cfbbe2ffd17f,24,48,24,24,0.5694721062978108,0.623632878750939,-0.5694721062978108,0.3528696409543355,1.0000000000000009,0.4208333333333332,0.7435976265390476,0.0,0.0,0.0,0.0,0.2916666666666667,1.0,1.0,2026-09-10 11:12:58.886919+00:00,v1
2026-08-25 10:00:00+00:00,replay,1c7a531768d8,cfbbe2ffd17f,48,72,24,24,0.7508056799570727,0.7848919681402403,-0.7508056799570727,0.4451558989445374,1.825000000000001,1.2375,0.7810453763708725,0.0,0.0,0.0,0.0,0.25,1.0,1.0,2026-09-10 11:12:58.886919+00:00,v1
2026-08-25 10:00:00+00:00,replay,1c7a531768d8,cfbbe2ffd17f,72,96,24,24,0.27717420260111486,0.3622624641152081,0.07229231198628676,0.2605495548248292,1.5875000000000006,0.9999999999999996,0.47417297266691216,0.0,0.0,0.0,0.6666666666666666,0.9166666666666666,1.0,1.0,2026-09-10 11:12:58.886919+00:00,v1
2026-08-25 14:00:00+00:00,replay,1c7a531768d8,d14287886632,0,24,24,24,0.268413702646892,0.3567799799386693,-0.2567900339762376,0.1990554561217627,0.4791666666666665,0.5749999999999998,0.6494161090336406,0.0,0.0,0.0,0.08333333333333333,0.7916666666666666,1.0,1.0,2026-09-10 11:12:58.901027+00:00,v1
2026-08-25 14:00:00+00:00,replay,1c7a531768d8,d14287886632,24,48,24,24,0.7292189915974929,0.7801256955285318,-0.7292189915974929,0.4447311137676237,0.945833333333335,0.7416666666666667,0.7888804917949,0.0,0.0,0.0,0.0,0.25,1.0,1.0,2026-09-10 11:12:58.901027+00:00,v1
2026-08-25 14:00:00+00:00,replay,1c7a531768d8,d14287886632,48,72,24,24,0.9326868057250977,0.9546789962429788,-0.9326868057250977,0.5580041435718538,1.6833333333333353,1.479166666666667,0.8230596567053147,0.0,0.0,0.0,0.0,0.08333333333333333,1.0,1.0,2026-09-10 11:12:58.901027+00:00,v1
2026-08-25 14:00:00+00:00,replay,1c7a531768d8,d14287886632,72,96,24,24,0.30099539756774796,0.34356301105522563,-0.21699976921081485,0.26674798554579404,1.2458333333333347,1.0416666666666663,0.5872239122670816,0.0,0.0,0.0,0.3333333333333333,1.0,1.0,1.0,2026-09-10 11:12:58.901027+00:00,v1
2026-08-25 17:00:00+00:00,live,1c7a531768d8,c46db6e3d9a1,0,24,24,24,0.25861967404683456,0.3505161075844373,-0.18308835029602108,0.19750769857565587,0.7000000000000001,0.6249999999999999,0.6104079215864741,0.0,0.0,0.0,0.2916666666666667,0.75,1.0,1.0,2026-09-10 11:12:58.917968+00:00,v1
2026-08-25 17:00:00+00:00,live,1c7a531768d8,c46db6e3d9a1,24,48,24,24,0.288537645339966,0.37878979401350205,-0.2641224702199305,0.239504859717687,0.8624999999999994,0.9708333333333333,0.6104066191214182,0.0,0.0,0.0,0.20833333333333334,0.75,1.0,1.0,2026-09-10 11:12:58.917968+00:00,v1
2026-08-25 17:00:00+00:00,live,1c7a531768d8,c46db6e3d9a1,48,72,24,24,0.3986253897349045,0.4422047921500064,-0.38564677238464345,0.28710255093574544,1.433333333333332,1.5833333333333333,0.6552529637379001,0.0,0.0,0.0,0.125,0.875,1.0,1.0,2026-09-10 11:12:58.917968+00:00,v1
2026-08-25 17:00:00+00:00,live,1c7a531768d8,c46db6e3d9a1,72,96,24,24,0.18760075569152793,0.2180387739887955,0.1305421670277913,0.24770275433063493,0.9958333333333319,1.1458333333333333,0.4560847669767849,0.0,0.0,0.0,0.7083333333333334,1.0,1.0,1.0,2026-09-10 11:12:58.917968+00:00,v1
2026-08-25 22:00:00+00:00,replay,1c7a531768d8,3fcaf954b31f,0,24,24,24,0.26379844347635945,0.31634946021814003,-0.01915237108866415,0.18431803518931056,0.8708333333333331,0.6958333333333332,0.4682857419452504,0.0,0.0,0.16666666666666666,0.5833333333333334,0.7916666666666666,1.0,1.0,2026-09-10 11:12:58.934364+00:00,v1
2026-08-25 22:00:00+00:00,replay,1c7a531768d8,3fcaf954b31f,24,48,24,24,0.2779351870218913,0.3547035519691658,-0.178678480784099,0.2255562204043072,1.2708333333333328,1.2375,0.5684399522028736,0.0,0.0,0.0,0.5,0.8333333333333334,1.0,1.0,2026-09-10 11:12:58.934364+00:00,v1
2026-08-25 22:00:00+00:00,replay,1c7a531768d8,3fcaf954b31f,48,72,24,24,0.3227626482645671,0.3647158011865297,-0.21539847056070935,0.2568952630758287,1.679166666666666,1.6458333333333333,0.5963605972787934,0.0,0.0,0.0,0.2916666666666667,0.875,1.0,1.0,2026-09-10 11:12:58.934364+00:00,v1
2026-08-25 22:00:00+00:00,replay,1c7a531768d8,3fcaf954b31f,72,96,24,24,0.366163349151611,0.41055693933483556,0.366163349151611,0.2841019962946573,1.2249999999999994,1.1916666666666667,0.36488051483714545,0.0,0.0,0.0,1.0,1.0,1.0,1.0,2026-09-10 11:12:58.934364+00:00,v1
2026-08-26 05:00:00+00:00,live,1c7a531768d8,a1f483d1faa2,0,24,24,24,0.2851471265157068,0.358447052604573,-0.10372012456258177,0.20797561341921514,1.2374999999999994,0.8333333333333331,0.527157249858909,0.0,0.0,0.20833333333333334,0.4166666666666667,0.7916666666666666,1.0,1.0,2026-09-10 11:12:58.948997+00:00,v1
2026-08-26 05:00:00+00:00,live,1c7a531768d8,a1f483d1faa2,24,48,24,24,0.3977123101552332,0.43096907375407467,-0.27450664838155153,0.25387457533677443,2.0333333333333328,1.5791666666666666,0.6206982871986582,0.0,0.0,0.0,0.20833333333333334,0.6666666666666666,1.0,1.0,2026-09-10 11:12:58.948997+00:00,v1
2026-08-26 05:00:00+00:00,live,1c7a531768d8,a1f483d1faa2,48,72,24,24,0.37287158966064365,0.416042111215269,-0.37287158966064365,0.2592889687856036,2.1083333333333325,1.6541666666666661,0.6729926146946719,0.0,0.0,0.0,0.0,0.8333333333333334,1.0,1.0,2026-09-10 11:12:58.948997+00:00,v1
2026-08-26 05:00:00+00:00,live,1c7a531768d8,a1f483d1faa2,72,96,24,24,0.41416800816853866,0.5051420296568478,-0.41416800816853866,0.3043904763857525,1.7083333333333328,1.2541666666666662,0.6626643422220035,0.0,0.0,0.0,0.0,0.6666666666666666,1.0,1.0,2026-09-10 11:12:58.948997+00:00,v1
2026-08-26 09:00:00+00:00,replay,1c7a531768d8,21e09ba392b1,0,24,24,24,0.24207946459452337,0.2899459122306357,0.032614533106487396,0.17879682487646764,0.9625000000000008,0.9291666666666666,0.47429556632202075,0.0,0.0,0.16666666666666666,0.6666666666666666,0.8333333333333334,1.0,1.0,2026-09-10 11:12:58.963408+00:00,v1
2026-08-26 09:00:00+00:00,replay,1c7a531768d8,21e09ba392b1,24,48,24,24,0.2516983985900887,0.2945349297408315,-0.2294696807861336,0.20123105448881815,1.7833333333333343,1.75,0.6202240933239714,0.0,0.0,0.0,0.08333333333333333,0.9166666666666666,1.0,1.0,2026-09-10 11:12:58.963408+00:00,v1
2026-08-26 09:00:00+00:00,replay,1c7a531768d8,21e09ba392b1,48,72,24,24,0.181982723871868,0.24878309847303232,-0.114286057154337,0.19396437994639118,1.6250000000000007,1.5916666666666666,0.5557741996291948,0.0,0.0,0.0,0.4583333333333333,0.9166666666666666,1.0,1.0,2026-09-10 11:12:58.963408+00:00,v1
2026-08-26 09:00:00+00:00,replay,1c7a531768d8,21e09ba392b1,72,96,24,24,0.28697865804036465,0.36496159812698664,-0.2234643618265785,0.24123935846487665,1.3125000000000007,1.2791666666666666,0.5968315217090048,0.0,0.0,0.0,0.375,0.8333333333333334,1.0,1.0,2026-09-10 11:12:58.963408+00:00,v1
2026-08-26 12:00:00+00:00,live,1c7a531768d8,84b84638c2be,0,24,24,24,0.31355508168538426,0.3447105517428509,0.2132054328918455,0.19183360901673654,0.5666666666666669,0.9666666666666667,0.3794452803546065,0.0,0.0,0.375,0.75,0.8333333333333334,1.0,1.0,2026-09-10 11:12:58.977731+00:00,v1
2026-08-26 12:00:00+00:00,live,1c7a531768d8,84b84638c2be,24,48,24,24,0.24577005704243948,0.298452344546652,-0.2389493783315014,0.1936584214607874,0.8833333333333345,1.7750000000000004,0.6328328782516858,0.0,0.0,0.0,0.08333333333333333,0.9166666666666666,1.0,1.0,2026-09-10 11:12:58.977731+00:00,v1
2026-08-26 12:00:00+00:00,live,1c7a531768d8,84b84638c2be,48,72,24,24,0.13304465611775754,0.1602001829417413,-0.01437568664550796,0.17000156014760337,0.5916666666666667,1.3999999999999997,0.5078685576070247,0.0,0.0,0.0,0.4583333333333333,1.0,1.0,1.0,2026-09-10 11:12:58.977731+00:00,v1
2026-08-26 12:00:00+00:00,live,1c7a531768d8,84b84638c2be,72,96,24,24,0.2705331325531004,0.3320620683154666,-0.21757464408874436,0.22381201199690504,0.41666666666666696,1.2416666666666665,0.5994803211915378,0.0,0.0,0.0,0.25,0.8333333333333334,1.0,1.0,2026-09-10 11:12:58.977731+00:00,v1
2026-08-26 15:00:00+00:00,replay,1c7a531768d8,87a64ce6d605,0,24,24,24,0.4227760314941407,0.4719606599795942,0.35835870107014944,0.2695986183961232,0.9000000000000008,0.8791666666666664,0.28850274608433873,0.0,0.0,0.6666666666666666,0.7916666666666666,1.0,1.0,1.0,2026-09-10 11:12:58.990716+00:00,v1
2026-08-26 15:00:00+00:00,replay,1c7a531768d8,87a64ce6d605,24,48,24,24,0.1710060914357503,0.20527672999502658,-0.038091484705606714,0.1718168254216513,0.47500000000000026,1.5708333333333335,0.5191603866643187,0.0,0.0,0.0,0.4166666666666667,1.0,1.0,1.0,2026-09-10 11:12:58.990716+00:00,v1
2026-08-26 15:00:00+00:00,replay,1c7a531768d8,87a64ce6d605,48,72,24,24,0.22426854769388824,0.24575275932743484,0.22426854769388824,0.19280889040629065,0.558333333333334,1.1374999999999995,0.38222934176048917,0.0,0.0,0.0,1.0,1.0,1.0,1.0,2026-09-10 11:12:58.990716+00:00,v1
2026-08-26 15:00:00+00:00,replay,1c7a531768d8,87a64ce6d605,72,96,24,24,0.23664911588033025,0.27851393345547354,-0.04427158037821396,0.2123108109553654,0.562500000000001,1.0999999999999996,0.5155013719393452,0.0,0.0,0.0,0.375,1.0,1.0,1.0,2026-09-10 11:12:58.990716+00:00,v1
2026-08-26 22:00:00+00:00,live,1c7a531768d8,18f277c1e527,0,24,24,24,0.2451944669087737,0.28340448197365004,0.18488124211629234,0.18134107279777548,0.8625000000000003,0.75,0.35187250023046257,0.0,0.0,0.4166666666666667,0.75,1.0,1.0,1.0,2026-09-10 11:12:59.003194+00:00,v1
2026-08-26 22:00:00+00:00,live,1c7a531768d8,18f277c1e527,24,48,24,24,0.24917054176330536,0.2944307591566351,0.03767355283101459,0.19932870856920867,0.7791666666666673,1.158333333333333,0.4910754087592221,0.0,0.0,0.0,0.4583333333333333,0.9583333333333334,1.0,1.0,2026-09-10 11:12:59.003194+00:00,v1
2026-08-26 22:00:00+00:00,live,1c7a531768d8,18f277c1e527,48,72,24,24,0.43588034311930307,0.5174738341869449,0.43507410685221287,0.2878188226143521,0.40833333333333366,0.7791666666666668,0.31088521633408256,0.0,0.0,0.4583333333333333,0.9583333333333334,1.0,1.0,1.0,2026-09-10 11:12:59.003194+00:00,v1
2026-08-26 22:00:00+00:00,live,1c7a531768d8,18f277c1e527,72,96,24,24,0.3058810393015546,0.35219599403519747,0.30307284990946454,0.24337480661869057,0.49166666666666686,0.8208333333333333,0.37147315574327405,0.0,0.0,0.041666666666666664,0.9583333333333334,1.0,1.0,1.0,2026-09-10 11:12:59.003194+00:00,v1
2026-08-27 10:00:00+00:00,replay,1c7a531768d8,56988dd5c0f8,0,24,24,24,0.2487384160359706,0.29469045682071704,-0.23793862660725962,0.1733727997938794,0.7333333333333331,0.8250000000000002,0.6687290445525657,0.0,0.0,0.0,0.041666666666666664,0.6666666666666666,1.0,1.0,2026-09-10 11:12:59.016338+00:00,v1
2026-08-27 10:00:00+00:00,replay,1c7a531768d8,56988dd5c0f8,24,48,24,24,0.21643772125244162,0.26955586584717145,0.044691785176594966,0.17870533904234578,0.6208333333333327,0.5874999999999998,0.46964302825384907,0.0,0.0,0.0,0.625,0.875,1.0,1.0,2026-09-10 11:12:59.016338+00:00,v1
2026-08-27 10:00:00+00:00,replay,1c7a531768d8,56988dd5c0f8,48,72,24,24,0.25918876330057755,0.3060602237069871,0.22785973548889116,0.19495639552275332,0.34583333333333305,0.3958333333333335,0.3718377377324056,0.0,0.0,0.16666666666666666,0.8333333333333334,1.0,1.0,1.0,2026-09-10 11:12:59.016338+00:00,v1
2026-08-27 10:00:00+00:00,replay,1c7a531768d8,56988dd5c0f8,72,96,24,24,0.2695520401000973,0.2984735644311051,-0.11089204152425063,0.20858957390785213,0.4333333333333324,0.5499999999999998,0.5578971142408594,0.0,0.0,0.0,0.2916666666666667,1.0,1.0,1.0,2026-09-10 11:12:59.016338+00:00,v1
2026-08-27 15:00:00+00:00,live,1c7a531768d8,d544002a55ec,0,24,24,24,0.17771733601887987,0.2168690725209304,-0.08402655919392894,0.14207726505597418,0.7333333333333337,0.7333333333333335,0.5707419259614891,0.0,0.0,0.041666666666666664,0.2916666666666667,0.875,1.0,1.0,2026-09-10 11:12:59.030300+00:00,v1
2026-08-27 15:00:00+00:00,live,1c7a531768d8,d544002a55ec,24,48,24,24,0.47644642194112174,0.5278181627897289,0.47644642194112174,0.2943867114226027,1.1666666666666674,0.4833333333333331,0.25849117479779476,0.0,0.0,0.625,1.0,1.0,1.0,1.0,2026-09-10 11:12:59.030300+00:00,v1
2026-08-27 15:00:00+00:00,live,1c7a531768d8,d544002a55ec,48,72,24,24,0.5018092473347985,0.553966747892255,0.5018092473347985,0.307765802907944,1.2041666666666673,0.3875000000000002,0.2581174615396961,0.0,0.0,0.5416666666666666,1.0,1.0,1.0,1.0,2026-09-10 11:12:59.030300+00:00,v1
2026-08-27 15:00:00+00:00,live,1c7a531768d8,d544002a55ec,72,96,24,24,0.3105249245961508,0.4180591184618731,0.25014166831970225,0.2566926353216172,0.9833333333333342,0.4749999999999999,0.3870954491327531,0.0,0.0,0.2916666666666667,0.75,1.0,1.0,1.0,2026-09-10 11:12:59.030300+00:00,v1
2026-08-27 18:00:00+00:00,replay,1c7a531768d8,f8adaa2f71f3,0,24,24,24,0.20466564496358242,0.2547319705088781,0.09498953819274931,0.1516785677750907,0.7791666666666672,0.704166666666667,0.4209978241293591,0.0,0.0,0.25,0.6666666666666666,0.9583333333333334,1.0,1.0,2026-09-10 11:12:59.044321+00:00,v1
2026-08-27 18:00:00+00:00,replay,1c7a531768d8,f8adaa2f71f3,24,48,24,24,0.5670798778533933,0.6073982953706539,0.5670798778533933,0.34294879254500127,1.233333333333334,0.5666666666666668,0.21573266174317993,0.0,0.0,0.75,1.0,1.0,1.0,1.0,2026-09-10 11:12:59.044321+00:00,v1
2026-08-27 18:00:00+00:00,replay,1c7a531768d8,f8adaa2f71f3,48,72,24,24,0.4046950658162429,0.45572424892072694,0.4046950658162429,0.25773820994695,1.1666666666666674,0.42500000000000027,0.28972217129738215,0.0,0.0,0.4166666666666667,1.0,1.0,1.0,1.0,2026-09-10 11:12:59.044321+00:00,v1
2026-08-27 18:00:00+00:00,replay,1c7a531768d8,f8adaa2f71f3,72,96,24,24,0.2673284530639646,0.37460749745859834,0.15998344421386657,0.23394730282624573,0.9416666666666673,0.49166666666666653,0.4271639857413209,0.0,0.0,0.20833333333333334,0.6666666666666666,1.0,1.0,1.0,2026-09-10 11:12:59.044321+00:00,v1
2026-08-27 21:00:00+00:00,live,1c7a531768d8,ae726b035394,0,24,24,24,0.18574015299479196,0.2236939476940724,-0.04045848846435529,0.14733296579519928,0.42083333333333356,0.6458333333333338,0.5226096899289895,0.0,0.0,0.041666666666666664,0.4166666666666667,0.875,1.0,1.0,2026-09-10 11:12:59.060175+00:00,v1
2026-08-27 21:00:00+00:00,live,1c7a531768d8,ae726b035394,24,48,24,24,0.1740538597106931,0.2013923309155151,0.10781943003336562,0.17074645044008877,0.5708333333333346,0.5791666666666669,0.44656244792565164,0.0,0.0,0.0,0.75,1.0,1.0,1.0,2026-09-10 11:12:59.060175+00:00,v1
2026-08-27 21:00:00+00:00,live,1c7a531768d8,ae726b035394,48,72,24,24,0.21503140131632437,0.24595278941846851,-0.14708016713460248,0.192627309155464,0.5625000000000006,0.47916666666666696,0.5829119476410809,0.0,0.0,0.0,0.16666666666666666,0.9166666666666666,1.0,1.0,2026-09-10 11:12:59.060175+00:00,v1
2026-08-27 21:00:00+00:00,live,1c7a531768d8,ae726b035394,72,96,24,24,0.276311922073363,0.32681503220183916,-0.25658618609110456,0.22592612895965547,0.533333333333334,0.5083333333333333,0.6210163372372232,0.0,0.0,0.0,0.16666666666666666,0.9166666666666666,1.0,1.0,2026-09-10 11:12:59.060175+00:00,v1
2026-08-28 04:00:00+00:00,live,1c7a531768d8,4e369126abfa,0,24,24,24,0.20363427797953296,0.2474950241729654,0.17564050356547023,0.16954314824740088,0.6000000000000005,0.45416666666666705,0.37177954048153405,0.0,0.041666666666666664,0.16666666666666666,0.8333333333333334,1.0,1.0,1.0,2026-09-10 11:12:59.073792+00:00,v1
2026-08-28 04:00:00+00:00,live,1c7a531768d8,4e369126abfa,24,48,24,24,0.2251614570617675,0.24091984863055804,0.0794366518656416,0.19218511815071118,0.30833333333333374,0.47916666666666696,0.45744327569929205,0.0,0.0,0.0,0.7083333333333334,1.0,1.0,1.0,2026-09-10 11:12:59.073792+00:00,v1
2026-08-28 04:00:00+00:00,live,1c7a531768d8,4e369126abfa,48,72,24,24,0.23497303326924598,0.27045305409899034,-0.18587485949198332,0.20552291519641863,0.38750000000000034,0.383333333333334,0.595133779897852,0.0,0.0,0.0,0.25,0.9583333333333334,1.0,1.0,2026-09-10 11:12:59.073792+00:00,v1
2026-08-28 04:00:00+00:00,live,1c7a531768d8,4e369126abfa,72,96,24,24,0.26402649879455514,0.32069199631415995,-0.22300718625386576,0.230824350563685,0.5708333333333337,0.3833333333333336,0.6035144190624971,0.0,0.0,0.0,0.2916666666666667,0.875,1.0,1.0,2026-09-10 11:12:59.073792+00:00,v1
2026-08-28 09:00:00+00:00,replay,1c7a531768d8,2b1bd401ef0f,0,24,24,24,0.1812179088592528,0.21190154908645356,0.0614624500274655,0.14073781175613417,0.5583333333333331,0.366666666666667,0.463991595043915,0.0,0.0,0.125,0.5416666666666666,0.9583333333333334,1.0,1.0,2026-09-10 11:12:59.087705+00:00,v1
2026-08-28 09:00:00+00:00,replay,1c7a531768d8,2b1bd401ef0f,24,48,24,24,0.22267266909281425,0.25654163266436036,-0.051583083470662615,0.17727917259534198,0.42083333333333234,0.4791666666666668,0.5309273238426572,0.0,0.0,0.0,0.4583333333333333,0.8333333333333334,1.0,1.0,2026-09-10 11:12:59.087705+00:00,v1
2026-08-28 09:00:00+00:00,replay,1c7a531768d8,2b1bd401ef0f,48,72,24,24,0.21228038469950286,0.23431321052641305,-0.09667909940083685,0.1791504196405409,0.38333333333333286,0.3166666666666673,0.5572440524258834,0.0,0.0,0.0,0.2916666666666667,1.0,1.0,1.0,2026-09-10 11:12:59.087705+00:00,v1
2026-08-28 09:00:00+00:00,replay,1c7a531768d8,2b1bd401ef0f,72,96,24,24,0.3032730738321939,0.34336338556112406,0.14173332850138345,0.22304909625848146,0.5541666666666666,0.30416666666666686,0.4362703128842525,0.0,0.0,0.041666666666666664,0.7083333333333334,1.0,1.0,1.0,2026-09-10 11:12:59.087705+00:00,v1
2026-08-28 16:00:00+00:00,live,1c7a531768d8,964cac812d9b,0,24,24,24,0.20642344156900969,0.22772165661650348,-0.029528808593749734,0.14658660462697334,0.7916666666666653,0.43333333333333357,0.5524331561564714,0.0,0.0,0.0,0.4583333333333333,0.8333333333333334,1.0,1.0,2026-09-10 11:12:59.102691+00:00,v1
2026-08-28 16:00:00+00:00,live,1c7a531768d8,964cac812d9b,24,48,24,24,0.16640666325886988,0.20799381438160355,-0.03598798116048174,0.16526208977699267,0.7874999999999986,0.4375000000000003,0.5229215982136824,0.0,0.0,0.0,0.375,1.0,1.0,1.0,2026-09-10 11:12:59.102691+00:00,v1
2026-08-28 16:00:00+00:00,live,1c7a531768d8,964cac812d9b,48,72,24,24,0.25412079493204737,0.2762156602725298,-0.13841396967569963,0.19951149899959553,0.6958333333333325,0.29583333333333384,0.5738198276325002,0.0,0.0,0.0,0.2916666666666667,1.0,1.0,1.0,2026-09-10 11:12:59.102691+00:00,v1
2026-08-28 16:00:00+00:00,live,1c7a531768d8,964cac812d9b,72,96,24,24,0.19755349159240687,0.23049854400031533,0.12586499849955204,0.20377118090788526,0.7458333333333321,0.3791666666666669,0.4453725149055328,0.0,0.0,0.0,0.7083333333333334,1.0,1.0,1.0,2026-09-10 11:12:59.102691+00:00,v1
2026-08-28 21:00:00+00:00,live,1c7a531768d8,39ce853ada36,0,24,24,24,0.3295213699340816,0.38017877558975616,0.3295213699340816,0.20184906148115808,0.4041666666666656,0.4583333333333332,0.2733965138695115,0.0,0.0,0.5833333333333334,1.0,1.0,1.0,1.0,2026-09-10 11:12:59.115782+00:00,v1
2026-08-28 21:00:00+00:00,live,1c7a531768d8,39ce853ada36,24,48,24,24,0.25440424283345564,0.2995352586006485,0.25440424283345564,0.19030657410621657,0.4708333333333326,0.3583333333333332,0.3510269601870856,0.0,0.0,0.16666666666666666,1.0,1.0,1.0,1.0,2026-09-10 11:12:59.115782+00:00,v1
2026-08-28 21:00:00+00:00,live,1c7a531768d8,39ce853ada36,48,72,24,24,0.22611465454101584,0.2808884156667669,-0.11960604985555016,0.19398600169817612,0.5000000000000001,0.17916666666666714,0.5605937812550222,0.0,0.0,0.0,0.3333333333333333,0.875,1.0,1.0,2026-09-10 11:12:59.115782+00:00,v1
2026-08-28 21:00:00+00:00,live,1c7a531768d8,39ce853ada36,72,96,24,24,0.11020216941833505,0.1346424837934147,0.025714127222697798,0.18145724687576292,0.3791666666666657,0.3916666666666666,0.48896471393384733,0.0,0.0,0.0,0.625,1.0,1.0,1.0,2026-09-10 11:12:59.115782+00:00,v1
2026-08-29 02:00:00+00:00,live,1c7a531768d8,9f37d70fa6a9,0,24,24,24,0.37580539385477696,0.4041816455076075,0.37580539385477696,0.22198527326583864,0.34583333333333294,0.44999999999999973,0.24293374796882908,0.0,0.0,0.75,1.0,1.0,1.0,1.0,2026-09-10 11:12:59.128863+00:00,v1
2026-08-29 02:00:00+00:00,live,1c7a531768d8,9f37d70fa6a9,24,48,24,24,0.19218859672546337,0.23758189317239706,0.1436901251475017,0.1759299769798913,0.4458333333333327,0.33333333333333304,0.41938080329787625,0.0,0.0,0.0,0.75,1.0,1.0,1.0,2026-09-10 11:12:59.128863+00:00,v1
2026-08-29 02:00:00+00:00,live,1c7a531768d8,9f37d70fa6a9,48,72,24,24,0.380991744995117,0.4306220844094649,-0.380991744995117,0.2543097093423206,0.6249999999999992,0.14583333333333334,0.6881181422092898,0.0,0.0,0.0,0.0,0.7083333333333334,1.0,1.0,2026-09-10 11:12:59.128863+00:00,v1
2026-08-29 02:00:00+00:00,live,1c7a531768d8,9f37d70fa6a9,72,96,24,24,0.311203940709432,0.4011608229439789,-0.311203940709432,0.2564370380719503,0.4124999999999998,0.39166666666666633,0.6347210379318687,0.0,0.0,0.0,0.0,0.75,1.0,1.0,2026-09-10 11:12:59.128863+00:00,v1
2026-08-29 10:00:00+00:00,live,1c7a531768d8,cfbbe2ffd17f,0,24,24,24,0.25416259765624954,0.3025036442372638,0.24657694498697888,0.1746504628658291,0.31250000000000044,0.3,0.3152804256171962,0.0,0.0,0.375,0.9166666666666666,1.0,1.0,1.0,2026-09-10 11:12:59.141990+00:00,v1
2026-08-29 10:00:00+00:00,live,1c7a531768d8,cfbbe2ffd17f,24,48,24,24,0.4044791221618662,0.48405361488795867,0.4044791221618662,0.26948919505278307,0.36666666666666714,0.30416666666666653,0.29815499251323047,0.0,0.0,0.3333333333333333,1.0,1.0,1.0,1.0,2026-09-10 11:12:59.141990+00:00,v1
2026-08-29 10:00:00+00:00,live,1c7a531768d8,cfbbe2ffd17f,48,72,24,24,0.43005024592081725,0.4896791980172827,0.4052285512288414,0.2827926218430202,0.5875000000000004,0.13333333333333344,0.31121443645855823,0.0,0.0,0.4583333333333333,0.875,1.0,1.0,1.0,2026-09-10 11:12:59.141990+00:00,v1
2026-08-29 10:00:00+00:00,live,1c7a531768d8,cfbbe2ffd17f,72,96,24,24,0.49261083602905326,0.5315918992371881,0.3943720817565925,0.30311695712407444,0.47083333333333394,0.37499999999999956,0.332884722484963,0.0,0.0,0.375,0.7916666666666666,0.9583333333333334,1.0,1.0,2026-09-10 11:12:59.141990+00:00,v1
2026-08-29 15:00:00+00:00,live,1c7a531768d8,e686d1fb843c,0,24,24,24,0.13421141306559234,0.156371562001115,0.03828585942586186,0.12472102764447528,0.562500000000001,0.22083333333333321,0.4452662538451038,0.0,0.0,0.16666666666666666,0.625,1.0,1.0,1.0,2026-09-10 11:12:59.154916+00:00,v1
2026-08-29 15:00:00+00:00,live,1c7a531768d8,e686d1fb843c,24,48,24,24,0.3215286572774249,0.3866301358215333,-0.16424818038940447,0.2226815395037333,0.533333333333334,0.39166666666666633,0.5762102871187592,0.0,0.0,0.0,0.3333333333333333,0.75,1.0,1.0,2026-09-10 11:12:59.154916+00:00,v1
2026-08-29 15:00:00+00:00,live,1c7a531768d8,e686d1fb843c,48,72,24,24,0.3220850467681893,0.35083302214070794,-0.3220850467681893,0.21516822093327861,0.5333333333333341,0.1166666666666667,0.6772530374713798,0.0,0.0,0.0,0.0,0.7083333333333334,1.0,1.0,2026-09-10 11:12:59.154916+00:00,v1
2026-08-29 15:00:00+00:00,live,1c7a531768d8,e686d1fb843c,72,96,24,24,0.5733837445576992,0.6409792568508936,-0.5733837445576992,0.3547611836989723,0.6333333333333343,0.29166666666666624,0.7496270086477138,0.0,0.0,0.0,0.0,0.5,0.9583333333333334,1.0,2026-09-10 11:12:59.154916+00:00,v1
2026-08-29 22:00:00+00:00,live,1c7a531768d8,3fcaf954b31f,0,24,24,24,0.146811103820801,0.17139213151737992,0.011172930399577119,0.1277561982154845,0.4000000000000001,0.15833333333333335,0.4707413224558514,0.0,0.0,0.041666666666666664,0.6666666666666666,1.0,1.0,1.0,2026-09-10 11:12:59.169144+00:00,v1
2026-08-29 22:00:00+00:00,live,1c7a531768d8,3fcaf954b31f,24,48,24,24,0.5866751194000238,0.6449379250565406,-0.5854307651519771,0.35579980800151817,0.5124999999999998,0.43749999999999983,0.7834593317384698,0.0,0.0,0.0,0.041666666666666664,0.20833333333333334,1.0,1.0,2026-09-10 11:12:59.169144+00:00,v1
2026-08-29 22:00:00+00:00,live,1c7a531768d8,3fcaf954b31f,48,72,24,24,0.4308864116668702,0.4512849466798516,-0.4308864116668702,0.2654600705305734,0.30416666666666653,0.10416666666666652,0.7189023618930931,0.0,0.0,0.0,0.0,0.6666666666666666,1.0,1.0,2026-09-10 11:12:59.169144+00:00,v1
2026-08-29 22:00:00+00:00,live,1c7a531768d8,3fcaf954b31f,72,96,24,24,0.35856431325276744,0.4831407430019559,-0.30945835113525444,0.2841673050880435,0.3249999999999999,0.23333333333333325,0.6276872593007683,0.0,0.0,0.0,0.2916666666666667,0.75,1.0,1.0,2026-09-10 11:12:59.169144+00:00,v1
2026-08-30 09:00:00+00:00,live,1c7a531768d8,21e09ba392b1,0,24,24,24,0.254815800984701,0.29191745092339044,-0.05363826751708981,0.16205830220381454,0.4166666666666658,0.22916666666666652,0.5584433658295453,0.0,0.0,0.16666666666666666,0.4166666666666667,0.7083333333333334,1.0,1.0,2026-09-10 11:12:59.181106+00:00,v1
2026-08-30 09:00:00+00:00,live,1c7a531768d8,21e09ba392b1,24,48,24,24,0.27255051930745483,0.3161626959115085,-0.046401341756184745,0.19959893567562106,0.6374999999999996,0.3583333333333332,0.5251497409064781,0.0,0.0,0.041666666666666664,0.5,0.7916666666666666,1.0,1.0,2026-09-10 11:12:59.181106+00:00,v1
2026-08-30 09:00:00+00:00,live,1c7a531768d8,21e09ba392b1,48,72,24,24,0.4916811307271323,0.5476261883413043,0.42807493209838804,0.3081537204345068,0.5166666666666665,0.2041666666666669,0.29480536299033794,0.0,0.0,0.5416666666666666,0.875,0.9583333333333334,1.0,1.0,2026-09-10 11:12:59.181106+00:00,v1
2026-08-30 09:00:00+00:00,live,1c7a531768d8,21e09ba392b1,72,96,24,24,0.7122292677561436,0.730198196563585,0.7122292677561436,0.4188105994065599,0.4583333333333332,0.2874999999999999,0.20230983057101506,0.0,0.0,0.9583333333333334,1.0,1.0,1.0,1.0,2026-09-10 11:12:59.181106+00:00,v1
2026-08-30 15:00:00+00:00,live,1c7a531768d8,87a64ce6d605,0,24,24,24,0.36998906135559056,0.4360021273362725,-0.21551699638366628,0.22807254761060067,0.6250000000000004,0.25416666666666643,0.6122589601883748,0.0,0.0,0.20833333333333334,0.3333333333333333,0.5,1.0,1.0,2026-09-10 11:12:59.194290+00:00,v1
2026-08-30 15:00:00+00:00,live,1c7a531768d8,87a64ce6d605,24,48,24,24,0.20158804257710802,0.24746126232122315,-0.19339369138081888,0.17058871132532782,0.6666666666666673,0.22083333333333335,0.6211948307114786,0.0,0.0,0.0,0.08333333333333333,0.875,1.0,1.0,2026-09-10 11:12:59.194290+00:00,v1
2026-08-30 15:00:00+00:00,live,1c7a531768d8,87a64ce6d605,48,72,24,24,0.24391585985819475,0.3256390688789494,-0.02597015698750808,0.20162175051371264,0.8250000000000005,0.3208333333333336,0.5094902848654911,0.0,0.0,0.0,0.5833333333333334,0.875,1.0,1.0,2026-09-10 11:12:59.194290+00:00,v1
2026-08-30 15:00:00+00:00,live,1c7a531768d8,87a64ce6d605,72,96,24,24,0.17345012029012086,0.20374078372151944,0.13349590301513667,0.18553469860553737,1.0875000000000006,0.3916666666666666,0.4302917254311229,0.0,0.0,0.0,0.7083333333333334,1.0,1.0,1.0,2026-09-10 11:12:59.194290+00:00,v1
2026-08-30 22:00:00+00:00,live,1c7a531768d8,1333bf37f71e,0,24,24,24,0.6883178393046059,0.7680750775688382,-0.6883178393046059,0.4323492521921792,0.5291666666666668,0.30416666666666653,0.8522210396369428,0.0,0.0,0.0,0.0,0.08333333333333333,0.8333333333333334,1.0,2026-09-10 11:12:59.207150+00:00,v1
2026-08-30 22:00:00+00:00,live,1c7a531768d8,1333bf37f71e,24,48,24,24,0.8669303099314378,0.885025421686507,-0.8669303099314378,0.5347722749153773,0.32083333333333347,0.12916666666666674,0.8607840261486667,0.0,0.0,0.0,0.0,0.041666666666666664,1.0,1.0,2026-09-10 11:12:59.207150+00:00,v1
2026-08-30 22:00:00+00:00,live,1c7a531768d8,1333bf37f71e,48,72,24,24,0.8557989756266268,0.9355481510218364,-0.8557989756266268,0.5396110023260117,0.35000000000000026,0.3750000000000003,0.8188714262249137,0.0,0.0,0.0,0.0,0.25,0.8333333333333334,1.0,2026-09-10 11:12:59.207150+00:00,v1
2026-08-30 22:00:00+00:00,live,1c7a531768d8,1333bf37f71e,72,96,24,24,0.41127072970072415,0.4660526069448468,-0.41090343793233214,0.2838884080410004,0.4458333333333333,0.4958333333333331,0.6745362832329352,0.0,0.0,0.0,0.041666666666666664,0.7916666666666666,1.0,1.0,2026-09-10 11:12:59.207150+00:00,v1
2026-08-31 10:00:00+00:00,live,1c7a531768d8,56988dd5c0f8,0,24,24,24,0.15094696680704725,0.18266766756821984,-0.04267810185750376,0.1277722027460734,0.5791666666666666,0.2874999999999999,0.5449677376527226,0.0,0.0,0.0,0.4166666666666667,0.8333333333333334,1.0,1.0,2026-09-10 11:12:59.218366+00:00,v1
2026-08-31 10:00:00+00:00,live,1c7a531768d8,56988dd5c0f8,24,48,24,24,0.28035499254862434,0.4087236611125756,-0.2083724180857338,0.2300972738504409,0.48749999999999966,0.3375000000000005,0.5990284278028962,0.0,0.0,0.0,0.2916666666666667,0.7916666666666666,0.9583333333333334,1.0,2026-09-10 11:12:59.218366+00:00,v1
2026-08-31 10:00:00+00:00,live,1c7a531768d8,56988dd5c0f8,48,72,24,24,0.2465888182322192,0.309079880980233,0.22532025973002204,0.207146832831701,0.7708333333333331,0.5374999999999998,0.38368056318459426,0.0,0.0,0.20833333333333334,0.875,1.0,1.0,1.0,2026-09-10 11:12:59.218366+00:00,v1
2026-08-31 10:00:00+00:00,live,1c7a531768d8,56988dd5c0f8,72,96,24,24,0.412540229161581,0.4988425030120344,0.40875166257222534,0.29101420465310424,0.6625,0.39583333333333304,0.3259402420855622,0.0,0.0,0.375,0.9583333333333334,1.0,1.0,1.0,2026-09-10 11:12:59.218366+00:00,v1
2026-08-31 15:00:00+00:00,replay,1c7a531768d8,65a5c571a83d,0,24,24,24,0.1315163612365716,0.14914718097886484,0.03023284276326506,0.11543275738557161,1.0083333333333326,0.3416666666666666,0.475656019937233,0.0,0.0,0.0,0.6666666666666666,0.9583333333333334,1.0,1.0,2026-09-10 11:12:59.231444+00:00,v1
2026-08-31 15:00:00+00:00,replay,1c7a531768d8,65a5c571a83d,24,48,24,24,0.31213401158650705,0.3861288138626709,0.026559257507323537,0.21905202976862578,1.224999999999999,0.5000000000000004,0.47695462750031964,0.0,0.0,0.08333333333333333,0.6666666666666666,0.7916666666666666,1.0,1.0,2026-09-10 11:12:59.231444+00:00,v1
2026-08-31 15:00:00+00:00,replay,1c7a531768d8,65a5c571a83d,48,72,24,24,0.43740329742431633,0.5029647290355019,0.43483775456746415,0.28144662994543707,1.487499999999999,0.645833333333333,0.28745780896361756,0.0,0.0,0.5,0.9583333333333334,1.0,1.0,1.0,2026-09-10 11:12:59.231444+00:00,v1
2026-08-31 15:00:00+00:00,replay,1c7a531768d8,65a5c571a83d,72,96,24,24,0.4190019925435388,0.4819268075789717,0.3131145477294924,0.28720926370620736,1.1708333333333327,0.28749999999999964,0.3559390913596836,0.0,0.0,0.2916666666666667,0.8333333333333334,1.0,1.0,1.0,2026-09-10 11:12:59.231444+00:00,v1
2026-08-31 18:00:00+00:00,live,1c7a531768d8,f8adaa2f71f3,0,24,24,24,0.12251164118448903,0.15718184050062778,-0.037561480204263344,0.11546789800326036,0.6708333333333342,0.3625,0.5407619502340656,0.0,0.0,0.0,0.5,0.875,1.0,1.0,2026-09-10 11:12:59.245002+00:00,v1
2026-08-31 18:00:00+00:00,live,1c7a531768d8,f8adaa2f71f3,24,48,24,24,0.31364324887593664,0.4233531926105297,-0.09619021415710449,0.23819251923561122,0.8625000000000004,0.5791666666666672,0.5427652569159864,0.0,0.0,0.0,0.5416666666666666,0.75,0.9583333333333334,1.0,2026-09-10 11:12:59.245002+00:00,v1
2026-08-31 18:00:00+00:00,live,1c7a531768d8,f8adaa2f71f3,48,72,24,24,0.27776091893513993,0.3270861070964036,0.18619607289632167,0.20533864278793343,1.0958333333333339,0.6958333333333332,0.40357492075248613,0.0,0.0,0.16666666666666666,0.7083333333333334,1.0,1.0,1.0,2026-09-10 11:12:59.245002+00:00,v1
2026-08-31 18:00:00+00:00,live,1c7a531768d8,f8adaa2f71f3,72,96,24,24,0.3238046646118164,0.39407589909926527,-0.1257223129272466,0.2394668264389038,0.8166666666666672,0.22499999999999978,0.5494842731518906,0.0,0.0,0.041666666666666664,0.375,0.8333333333333334,1.0,1.0,2026-09-10 11:12:59.245002+00:00,v1
2026-08-31 22:00:00+00:00,live,1c7a531768d8,c7e19ee6961c,0,24,24,24,0.12157896359761604,0.1556154651522381,0.050411240259806256,0.1201595709323885,0.3375000000000001,0.3499999999999999,0.446818620474005,0.0,0.0,0.125,0.625,1.0,1.0,1.0,2026-09-10 11:12:59.258497+00:00,v1
2026-08-31 22:00:00+00:00,live,1c7a531768d8,c7e19ee6961c,24,48,24,24,0.3002861022949224,0.4006337202715075,-0.14656171798706094,0.23021891172726971,0.3750000000000003,0.6125000000000004,0.5745377685580939,0.0,0.0,0.0,0.4166666666666667,0.75,0.9583333333333334,1.0,2026-09-10 11:12:59.258497+00:00,v1
2026-08-31 22:00:00+00:00,live,1c7a531768d8,c7e19ee6961c,48,72,24,24,0.37857096989949507,0.42308803371878034,0.3354200681050618,0.2415813309192657,0.679166666666667,0.7999999999999997,0.32882270747396564,0.0,0.0,0.4583333333333333,0.875,1.0,1.0,1.0,2026-09-10 11:12:59.258497+00:00,v1
2026-08-31 22:00:00+00:00,live,1c7a531768d8,c7e19ee6961c,72,96,24,24,0.20122084617614786,0.23996620320486428,0.07667409578959121,0.19611026101907095,0.5583333333333337,0.17083333333333295,0.4565533845206156,0.0,0.0,0.041666666666666664,0.6666666666666666,1.0,1.0,1.0,2026-09-10 11:12:59.258497+00:00,v1
