series,test,start,end,hours,min,max,before,after,classification
eisbach,range,2026-09-09 08:00:00+00:00,2026-09-09 08:00:00+00:00,1,154.4,154.4,19.1,19.1,instrument_or_encoding_fault
eisbach,hampel,2026-09-09 08:00:00+00:00,2026-09-09 08:00:00+00:00,1,154.4,154.4,19.1,19.1,undecidable_without_independent_evidence
eisbach,jump,2026-09-09 08:00:00+00:00,2026-09-09 09:00:00+00:00,2,19.1,154.4,19.1,19.0,undecidable_without_independent_evidence
eisbach,frozen,2010-07-07 17:00:00+00:00,2010-07-09 08:00:00+00:00,40,15.9,15.9,15.8,16.0,undecidable_without_independent_evidence
eisbach,frozen,2010-07-17 22:00:00+00:00,2010-07-19 07:00:00+00:00,34,18.0,18.0,17.9,17.9,undecidable_without_independent_evidence
eisbach,frozen,2010-07-21 14:00:00+00:00,2010-07-23 02:00:00+00:00,37,17.4,17.4,17.5,17.5,undecidable_without_independent_evidence
eisbach,frozen,2010-08-03 18:00:00+00:00,2010-08-04 18:00:00+00:00,25,15.6,15.6,15.5,15.7,undecidable_without_independent_evidence
eisbach,frozen,2010-08-08 10:00:00+00:00,2010-08-10 05:00:00+00:00,44,14.5,14.5,14.6,14.6,undecidable_without_independent_evidence
eisbach,frozen,2010-08-13 08:00:00+00:00,2010-08-14 11:00:00+00:00,28,15.0,15.0,14.9,15.1,undecidable_without_independent_evidence
eisbach,frozen,2010-08-14 16:00:00+00:00,2010-08-17 14:00:00+00:00,71,15.1,15.1,15.0,15.0,undecidable_without_independent_evidence
eisbach,frozen,2010-08-19 12:00:00+00:00,2010-08-21 15:00:00+00:00,52,14.7,14.7,14.8,14.8,undecidable_without_independent_evidence
eisbach,frozen,2010-09-03 18:00:00+00:00,2010-09-04 17:00:00+00:00,24,13.6,13.6,13.7,13.4,undecidable_without_independent_evidence
eisbach,frozen,2010-09-13 12:00:00+00:00,2010-09-14 16:00:00+00:00,29,13.4,13.4,13.3,13.3,undecidable_without_independent_evidence
eisbach,frozen,2010-09-15 21:00:00+00:00,2010-09-16 22:00:00+00:00,26,13.3,13.3,13.2,13.4,undecidable_without_independent_evidence
eisbach,frozen,2010-10-01 02:00:00+00:00,2010-10-02 11:00:00+00:00,34,12.1,12.1,12.0,12.0,undecidable_without_independent_evidence
eisbach,frozen,2010-10-02 12:00:00+00:00,2010-10-03 17:00:00+00:00,30,12.0,12.0,12.1,12.1,undecidable_without_independent_evidence
eisbach,frozen,2010-10-08 01:00:00+00:00,2010-10-09 03:00:00+00:00,27,13.1,13.1,13.0,13.0,undecidable_without_independent_evidence
eisbach,frozen,2010-10-15 08:00:00+00:00,2010-10-16 07:00:00+00:00,24,10.8,10.8,10.9,10.7,undecidable_without_independent_evidence
eisbach,frozen,2010-10-24 21:00:00+00:00,2010-10-25 20:00:00+00:00,24,9.1,9.1,9.2,9.0,undecidable_without_independent_evidence
eisbach,frozen,2010-10-27 17:00:00+00:00,2010-10-29 13:00:00+00:00,45,8.6,8.6,8.7,8.7,undecidable_without_independent_evidence
eisbach,frozen,2010-11-02 13:00:00+00:00,2010-11-03 22:00:00+00:00,34,9.4,9.4,9.3,9.5,undecidable_without_independent_evidence
eisbach,frozen,2010-11-12 03:00:00+00:00,2010-11-13 04:00:00+00:00,26,8.9,8.9,9.0,9.0,undecidable_without_independent_evidence
eisbach,frozen,2010-11-14 21:00:00+00:00,2010-11-16 20:00:00+00:00,48,9.3,9.3,9.2,9.2,undecidable_without_independent_evidence
eisbach,frozen,2010-12-12 01:00:00+00:00,2010-12-13 13:00:00+00:00,37,4.3,4.3,4.4,4.2,undecidable_without_independent_evidence
eisbach,frozen,2010-12-16 12:00:00+00:00,2010-12-18 03:00:00+00:00,40,3.2,3.2,3.3,3.3,undecidable_without_independent_evidence
eisbach,frozen,2010-12-31 23:00:00+00:00,2011-01-03 12:00:00+00:00,62,3.9,3.9,3.8,3.8,undecidable_without_independent_evidence
eisbach,frozen,2011-01-11 16:00:00+00:00,2011-01-13 00:00:00+00:00,33,3.9,3.9,3.8,4.0,undecidable_without_independent_evidence
eisbach,frozen,2011-01-17 19:00:00+00:00,2011-01-19 11:00:00+00:00,41,4.6,4.6,4.5,4.7,undecidable_without_independent_evidence
eisbach,frozen,2011-01-19 12:00:00+00:00,2011-01-20 21:00:00+00:00,34,4.7,4.7,4.6,4.6,undecidable_without_independent_evidence
eisbach,frozen,2011-01-28 06:00:00+00:00,2011-01-29 23:00:00+00:00,42,3.5,3.5,3.4,3.4,undecidable_without_independent_evidence
eisbach,frozen,2011-02-02 05:00:00+00:00,2011-02-03 15:00:00+00:00,35,2.6,2.6,2.7,2.7,undecidable_without_independent_evidence
eisbach,frozen,2011-02-13 07:00:00+00:00,2011-02-14 08:00:00+00:00,26,4.5,4.5,4.4,4.6,undecidable_without_independent_evidence
eisbach,frozen,2011-02-14 09:00:00+00:00,2011-02-16 01:00:00+00:00,41,4.6,4.6,4.5,4.5,undecidable_without_independent_evidence
eisbach,frozen,2011-02-17 21:00:00+00:00,2011-02-19 18:00:00+00:00,46,4.2,4.2,4.3,4.1,undecidable_without_independent_evidence
eisbach,frozen,2011-02-19 20:00:00+00:00,2011-02-21 01:00:00+00:00,30,4.2,4.2,4.1,4.1,undecidable_without_independent_evidence
eisbach,frozen,2011-02-24 16:00:00+00:00,2011-02-25 21:00:00+00:00,30,3.3,3.3,3.4,3.4,undecidable_without_independent_evidence
eisbach,frozen,2011-03-05 21:00:00+00:00,2011-03-06 21:00:00+00:00,25,3.7,3.7,3.6,3.8,undecidable_without_independent_evidence
eisbach,frozen,2011-03-12 04:00:00+00:00,2011-03-14 02:00:00+00:00,47,5.4,5.4,5.3,5.5,undecidable_without_independent_evidence
eisbach,frozen,2011-03-27 02:00:00+00:00,2011-03-28 07:00:00+00:00,30,6.2,6.2,,6.3,undecidable_without_independent_evidence
eisbach,frozen,2011-03-28 18:00:00+00:00,2011-03-30 06:00:00+00:00,37,6.4,6.4,6.3,6.5,undecidable_without_independent_evidence
eisbach,frozen,2011-04-16 20:00:00+00:00,2011-04-18 01:00:00+00:00,30,8.4,8.4,8.3,8.5,undecidable_without_independent_evidence
eisbach,frozen,2011-04-30 21:00:00+00:00,2011-05-02 00:00:00+00:00,28,11.9,11.9,11.8,11.8,undecidable_without_independent_evidence
eisbach,frozen,2011-08-15 23:00:00+00:00,2011-08-18 02:00:00+00:00,52,15.7,15.7,15.6,15.8,undecidable_without_independent_evidence
eisbach,frozen,2011-10-01 14:00:00+00:00,2011-10-03 00:00:00+00:00,35,14.7,14.7,14.8,14.8,undecidable_without_independent_evidence
eisbach,frozen,2011-10-24 08:00:00+00:00,2011-10-26 08:00:00+00:00,49,9.0,9.0,9.1,9.1,undecidable_without_independent_evidence
eisbach,frozen,2011-10-30 11:00:00+00:00,2011-10-31 10:00:00+00:00,24,9.5,9.5,9.6,9.4,undecidable_without_independent_evidence
eisbach,frozen,2011-11-02 00:00:00+00:00,2011-11-02 23:00:00+00:00,24,9.4,9.4,9.3,9.5,undecidable_without_independent_evidence
eisbach,frozen,2011-11-18 08:00:00+00:00,2011-11-19 07:00:00+00:00,24,7.2,7.2,7.3,7.1,undecidable_without_independent_evidence
eisbach,frozen,2011-11-25 17:00:00+00:00,2011-11-27 10:00:00+00:00,42,6.0,6.0,5.9,5.9,undecidable_without_independent_evidence
eisbach,frozen,2011-12-02 23:00:00+00:00,2011-12-05 04:00:00+00:00,54,7.0,7.0,6.9,7.1,undecidable_without_independent_evidence
eisbach,frozen,2011-12-12 01:00:00+00:00,2011-12-13 11:00:00+00:00,35,5.7,5.7,5.8,5.6,undecidable_without_independent_evidence
eisbach,frozen,2011-12-13 12:00:00+00:00,2011-12-14 15:00:00+00:00,28,5.6,5.6,5.7,5.7,undecidable_without_independent_evidence
eisbach,frozen,2011-12-16 06:00:00+00:00,2011-12-17 14:00:00+00:00,33,5.6,5.6,5.7,5.5,undecidable_without_independent_evidence
eisbach,frozen,2011-12-21 19:00:00+00:00,2011-12-23 14:00:00+00:00,44,4.2,4.2,4.3,4.3,undecidable_without_independent_evidence
eisbach,frozen,2011-12-24 10:00:00+00:00,2011-12-27 23:00:00+00:00,86,4.5,4.5,4.4,4.4,undecidable_without_independent_evidence
eisbach,frozen,2011-12-28 00:00:00+00:00,2011-12-29 11:00:00+00:00,36,4.4,4.4,4.5,4.3,undecidable_without_independent_evidence
eisbach,frozen,2011-12-30 23:00:00+00:00,2012-01-01 05:00:00+00:00,31,4.1,4.1,4.2,4.0,undecidable_without_independent_evidence
eisbach,frozen,2012-01-01 22:00:00+00:00,2012-01-03 02:00:00+00:00,29,4.1,4.1,4.0,4.2,undecidable_without_independent_evidence
eisbach,frozen,2012-01-04 15:00:00+00:00,2012-01-06 05:00:00+00:00,39,4.6,4.6,4.5,4.5,undecidable_without_independent_evidence
eisbach,frozen,2012-01-08 12:00:00+00:00,2012-01-10 22:00:00+00:00,59,4.1,4.1,4.2,4.2,undecidable_without_independent_evidence
eisbach,frozen,2012-01-12 13:00:00+00:00,2012-01-14 08:00:00+00:00,44,4.3,4.3,4.4,4.2,undecidable_without_independent_evidence
eisbach,frozen,2012-01-22 04:00:00+00:00,2012-01-23 08:00:00+00:00,29,3.4,3.4,3.5,3.5,undecidable_without_independent_evidence
eisbach,frozen,2012-01-25 06:00:00+00:00,2012-01-26 07:00:00+00:00,26,3.7,3.7,3.8,3.6,undecidable_without_independent_evidence
eisbach,frozen,2012-01-27 17:00:00+00:00,2012-01-28 16:00:00+00:00,24,3.3,3.3,3.4,3.4,undecidable_without_independent_evidence
eisbach,frozen,2012-02-06 16:00:00+00:00,2012-02-07 16:00:00+00:00,25,0.3,0.3,0.4,0.4,undecidable_without_independent_evidence
eisbach,frozen,2012-02-10 04:00:00+00:00,2012-02-11 14:00:00+00:00,35,0.9,0.9,0.8,0.8,undecidable_without_independent_evidence
eisbach,frozen,2012-03-02 16:00:00+00:00,2012-03-03 22:00:00+00:00,31,4.4,4.4,4.3,4.5,undecidable_without_independent_evidence
eisbach,frozen,2012-03-04 02:00:00+00:00,2012-03-05 17:00:00+00:00,40,4.5,4.5,4.4,4.6,undecidable_without_independent_evidence
eisbach,frozen,2012-03-08 16:00:00+00:00,2012-03-11 08:00:00+00:00,65,4.2,4.2,4.1,4.3,undecidable_without_independent_evidence
eisbach,frozen,2012-03-11 19:00:00+00:00,2012-03-12 23:00:00+00:00,29,4.4,4.4,4.3,4.5,undecidable_without_independent_evidence
eisbach,frozen,2012-03-18 02:00:00+00:00,2012-03-19 04:00:00+00:00,27,5.8,5.8,5.7,5.9,undecidable_without_independent_evidence
eisbach,frozen,2012-03-20 03:00:00+00:00,2012-03-21 08:00:00+00:00,30,6.0,6.0,6.1,5.9,undecidable_without_independent_evidence
eisbach,frozen,2012-03-21 09:00:00+00:00,2012-03-22 11:00:00+00:00,27,5.9,5.9,6.0,6.0,undecidable_without_independent_evidence
eisbach,frozen,2012-03-25 18:00:00+00:00,2012-03-27 03:00:00+00:00,34,6.4,6.4,6.3,6.5,undecidable_without_independent_evidence
eisbach,frozen,2012-03-28 02:00:00+00:00,2012-03-29 04:00:00+00:00,27,6.6,6.6,6.5,6.7,undecidable_without_independent_evidence
eisbach,frozen,2012-03-30 15:00:00+00:00,2012-04-02 01:00:00+00:00,59,6.9,6.9,6.8,6.8,undecidable_without_independent_evidence
eisbach,frozen,2012-04-02 08:00:00+00:00,2012-04-04 08:00:00+00:00,49,6.8,6.8,6.9,,undecidable_without_independent_evidence
eisbach,subhourly_range,2026-09-09 08:00:00+00:00,2026-09-09 08:00:00+00:00,1,154.4,154.4,19.1,19.1,instrument_or_encoding_fault
isar_toelz,hampel,2020-06-02 09:00:00+00:00,2020-06-02 09:00:00+00:00,1,11.6,11.6,,,undecidable_without_independent_evidence
isar_toelz,jump,2012-04-04 15:00:00+00:00,2012-04-04 15:00:00+00:00,1,10.1,10.1,7.5,10.5,undecidable_without_independent_evidence
isar_toelz,jump,2012-04-11 07:00:00+00:00,2012-04-11 07:00:00+00:00,1,6.0,6.0,8.1,6.0,undecidable_without_independent_evidence
isar_toelz,jump,2023-02-04 04:00:00+00:00,2023-02-04 04:00:00+00:00,1,3.1,3.1,5.2,4.0,undecidable_without_independent_evidence
isar_toelz,jump,2023-08-26 16:00:00+00:00,2023-08-26 16:00:00+00:00,1,13.2,13.2,16.4,13.1,undecidable_without_independent_evidence
isar_toelz,jump,2024-05-23 14:00:00+00:00,2024-05-23 14:00:00+00:00,1,11.0,11.0,13.2,11.1,undecidable_without_independent_evidence
loisach_beuerberg,frozen,2008-12-12 20:00:00+00:00,2008-12-14 02:00:00+00:00,31,5.3,5.3,5.2,5.2,undecidable_without_independent_evidence
loisach_beuerberg,frozen,2010-10-13 01:00:00+00:00,2010-10-14 02:00:00+00:00,26,10.8,10.8,10.9,10.9,undecidable_without_independent_evidence
loisach_beuerberg,frozen,2010-12-11 07:00:00+00:00,2010-12-12 08:00:00+00:00,26,5.0,5.0,4.9,4.9,undecidable_without_independent_evidence
loisach_beuerberg,frozen,2013-11-17 05:00:00+00:00,2013-11-18 06:00:00+00:00,26,8.2,8.2,8.3,8.1,undecidable_without_independent_evidence
loisach_beuerberg,frozen,2014-01-19 10:00:00+00:00,2014-01-20 13:00:00+00:00,28,4.6,4.6,4.7,4.7,undecidable_without_independent_evidence
loisach_beuerberg,frozen,2014-11-26 05:00:00+00:00,2014-11-27 04:00:00+00:00,24,8.4,8.4,8.5,8.3,undecidable_without_independent_evidence
loisach_beuerberg,frozen,2014-11-27 05:00:00+00:00,2014-11-28 04:00:00+00:00,24,8.3,8.3,8.4,8.2,undecidable_without_independent_evidence
loisach_beuerberg,frozen,2014-12-06 14:00:00+00:00,2014-12-07 16:00:00+00:00,27,7.2,7.2,7.3,7.3,undecidable_without_independent_evidence
loisach_beuerberg,frozen,2015-12-21 06:00:00+00:00,2015-12-22 06:00:00+00:00,25,6.0,6.0,5.9,5.9,undecidable_without_independent_evidence
loisach_beuerberg,frozen,2016-11-25 10:00:00+00:00,2016-11-26 14:00:00+00:00,29,8.0,8.0,8.1,8.1,undecidable_without_independent_evidence
loisach_beuerberg,frozen,2016-11-26 15:00:00+00:00,2016-11-27 18:00:00+00:00,28,8.1,8.1,8.0,8.0,undecidable_without_independent_evidence
loisach_beuerberg,frozen,2017-11-28 21:00:00+00:00,2017-11-29 23:00:00+00:00,27,6.5,6.5,6.4,6.4,undecidable_without_independent_evidence
loisach_beuerberg,frozen,2018-12-12 02:00:00+00:00,2018-12-13 05:00:00+00:00,28,6.2,6.2,6.1,6.1,undecidable_without_independent_evidence
loisach_beuerberg,frozen,2018-12-28 08:00:00+00:00,2018-12-29 07:00:00+00:00,24,4.8,4.8,4.9,4.7,undecidable_without_independent_evidence
loisach_beuerberg,frozen,2019-11-28 05:00:00+00:00,2019-11-29 07:00:00+00:00,27,7.4,7.4,7.5,7.3,undecidable_without_independent_evidence
loisach_beuerberg,frozen,2021-01-04 00:00:00+00:00,2021-01-05 04:00:00+00:00,29,4.6,4.6,4.7,4.5,undecidable_without_independent_evidence
loisach_beuerberg,frozen,2021-11-15 19:00:00+00:00,2021-11-16 18:00:00+00:00,24,8.2,8.2,8.1,8.1,undecidable_without_independent_evidence
loisach_beuerberg,frozen,2021-11-17 04:00:00+00:00,2021-11-18 05:00:00+00:00,26,8.1,8.1,8.2,8.0,undecidable_without_independent_evidence
loisach_beuerberg,frozen,2021-12-25 07:00:00+00:00,2021-12-26 11:00:00+00:00,29,5.3,5.3,5.2,5.4,undecidable_without_independent_evidence
loisach_beuerberg,frozen,2021-12-27 18:00:00+00:00,2021-12-29 06:00:00+00:00,37,5.3,5.3,5.2,5.4,undecidable_without_independent_evidence
loisach_beuerberg,frozen,2022-12-01 09:00:00+00:00,2022-12-02 11:00:00+00:00,27,7.5,7.5,7.4,7.6,undecidable_without_independent_evidence
loisach_beuerberg,frozen,2022-12-31 15:00:00+00:00,2023-01-01 16:00:00+00:00,26,6.6,6.6,6.5,6.5,undecidable_without_independent_evidence
loisach_beuerberg,frozen,2025-02-02 14:00:00+00:00,2025-02-03 14:00:00+00:00,25,4.5,4.5,4.6,4.4,undecidable_without_independent_evidence
loisach_beuerberg,frozen,2025-12-21 23:00:00+00:00,2025-12-23 07:00:00+00:00,33,5.2,5.2,5.1,5.1,undecidable_without_independent_evidence
airtemp,hampel,2018-01-03 09:00:00+00:00,2018-01-03 09:00:00+00:00,1,14.3,14.3,6.9,6.0,undecidable_without_independent_evidence
airtemp,jump,2018-08-13 15:00:00+00:00,2018-08-13 15:00:00+00:00,1,17.5,17.5,27.7,18.0,undecidable_without_independent_evidence
airtemp,jump,2023-06-22 18:00:00+00:00,2023-06-22 18:00:00+00:00,1,19.7,19.7,31.7,20.4,undecidable_without_independent_evidence
airtemp,jump,2026-05-31 13:00:00+00:00,2026-05-31 13:00:00+00:00,1,18.8,18.8,29.6,18.9,undecidable_without_independent_evidence
t_catchment,hampel,2022-11-14 09:00:00+00:00,2022-11-14 09:00:00+00:00,1,9.5,9.5,3.6,,undecidable_without_independent_evidence
t_catchment,jump,2017-08-24 18:00:00+00:00,2017-08-24 18:00:00+00:00,1,14.7,14.7,25.5,14.8,undecidable_without_independent_evidence
t_catchment,jump,2019-07-01 10:00:00+00:00,2019-07-01 10:00:00+00:00,1,19.4,19.4,29.8,19.2,undecidable_without_independent_evidence
t_catchment,jump,2024-01-24 09:00:00+00:00,2024-01-24 09:00:00+00:00,1,13.9,13.9,3.2,15.6,undecidable_without_independent_evidence
t_catchment,jump,2024-07-31 18:00:00+00:00,2024-07-31 18:00:00+00:00,1,16.7,16.7,27.5,16.9,undecidable_without_independent_evidence
rain_toelz,hampel,2010-07-22 20:00:00+00:00,2010-07-22 20:00:00+00:00,1,27.5,27.5,0.0,1.2,undecidable_without_independent_evidence
rain_toelz,hampel,2010-07-24 22:00:00+00:00,2010-07-24 22:00:00+00:00,1,11.1,11.1,5.5,0.0,undecidable_without_independent_evidence
rain_toelz,hampel,2011-05-26 14:00:00+00:00,2011-05-26 14:00:00+00:00,1,30.8,30.8,0.0,1.7,undecidable_without_independent_evidence
rain_toelz,hampel,2011-06-16 20:00:00+00:00,2011-06-16 20:00:00+00:00,1,18.1,18.1,0.0,3.2,undecidable_without_independent_evidence
rain_toelz,hampel,2011-06-22 19:00:00+00:00,2011-06-22 19:00:00+00:00,1,16.8,16.8,1.8,0.5,undecidable_without_independent_evidence
rain_toelz,hampel,2011-08-14 20:00:00+00:00,2011-08-14 20:00:00+00:00,1,17.2,17.2,1.4,1.6,undecidable_without_independent_evidence
rain_toelz,hampel,2011-08-24 17:00:00+00:00,2011-08-24 17:00:00+00:00,1,15.6,15.6,0.1,0.2,undecidable_without_independent_evidence
rain_toelz,hampel,2012-05-24 17:00:00+00:00,2012-05-24 17:00:00+00:00,1,20.8,20.8,0.0,0.0,undecidable_without_independent_evidence
rain_toelz,hampel,2012-05-29 12:00:00+00:00,2012-05-29 12:00:00+00:00,1,15.4,15.4,0.0,0.5,undecidable_without_independent_evidence
rain_toelz,hampel,2012-06-19 19:00:00+00:00,2012-06-19 19:00:00+00:00,1,25.6,25.6,0.1,3.1,undecidable_without_independent_evidence
rain_toelz,hampel,2012-06-20 15:00:00+00:00,2012-06-20 15:00:00+00:00,1,13.7,13.7,0.1,0.2,undecidable_without_independent_evidence
rain_toelz,hampel,2012-06-21 22:00:00+00:00,2012-06-21 22:00:00+00:00,1,11.0,11.0,3.9,1.4,undecidable_without_independent_evidence
rain_toelz,hampel,2012-07-01 14:00:00+00:00,2012-07-01 14:00:00+00:00,1,13.7,13.7,0.0,0.0,undecidable_without_independent_evidence
rain_toelz,hampel,2012-07-09 02:00:00+00:00,2012-07-09 02:00:00+00:00,1,10.8,10.8,3.0,9.7,undecidable_without_independent_evidence
rain_toelz,hampel,2012-07-25 14:00:00+00:00,2012-07-25 14:00:00+00:00,1,11.3,11.3,0.0,3.0,undecidable_without_independent_evidence
rain_toelz,hampel,2013-06-09 16:00:00+00:00,2013-06-09 16:00:00+00:00,1,14.5,14.5,0.0,0.0,undecidable_without_independent_evidence
rain_toelz,hampel,2013-08-06 20:00:00+00:00,2013-08-06 20:00:00+00:00,1,20.3,20.3,0.0,1.1,undecidable_without_independent_evidence
rain_toelz,hampel,2014-08-02 14:00:00+00:00,2014-08-02 14:00:00+00:00,1,17.7,17.7,0.0,0.2,undecidable_without_independent_evidence
rain_toelz,hampel,2015-06-06 20:00:00+00:00,2015-06-06 20:00:00+00:00,1,20.6,20.6,0.0,2.8,undecidable_without_independent_evidence
rain_toelz,hampel,2015-06-07 21:00:00+00:00,2015-06-07 21:00:00+00:00,1,14.4,14.4,0.0,2.7,undecidable_without_independent_evidence
rain_toelz,hampel,2015-07-07 21:00:00+00:00,2015-07-07 21:00:00+00:00,1,11.3,11.3,0.0,0.0,undecidable_without_independent_evidence
rain_toelz,hampel,2015-08-08 16:00:00+00:00,2015-08-08 16:00:00+00:00,1,10.3,10.3,0.0,2.8,undecidable_without_independent_evidence
rain_toelz,hampel,2016-06-25 16:00:00+00:00,2016-06-25 16:00:00+00:00,1,27.6,27.6,0.0,1.6,undecidable_without_independent_evidence
rain_toelz,hampel,2016-07-12 15:00:00+00:00,2016-07-12 15:00:00+00:00,1,16.5,16.5,0.0,5.3,undecidable_without_independent_evidence
rain_toelz,hampel,2016-07-12 20:00:00+00:00,2016-07-12 20:00:00+00:00,1,18.8,18.8,2.1,2.9,undecidable_without_independent_evidence
rain_toelz,hampel,2016-07-23 16:00:00+00:00,2016-07-23 16:00:00+00:00,1,18.4,18.4,0.0,0.0,undecidable_without_independent_evidence
rain_toelz,hampel,2016-08-29 21:00:00+00:00,2016-08-29 21:00:00+00:00,1,10.8,10.8,0.0,0.2,undecidable_without_independent_evidence
rain_toelz,hampel,2016-09-01 08:00:00+00:00,2016-09-01 08:00:00+00:00,1,10.6,10.6,0.2,0.8,undecidable_without_independent_evidence
rain_toelz,hampel,2017-04-03 20:00:00+00:00,2017-04-03 20:00:00+00:00,1,10.2,10.2,0.2,5.8,undecidable_without_independent_evidence
rain_toelz,hampel,2017-07-07 22:00:00+00:00,2017-07-07 22:00:00+00:00,1,12.1,12.1,6.3,2.4,undecidable_without_independent_evidence
rain_toelz,hampel,2017-08-01 20:00:00+00:00,2017-08-01 20:00:00+00:00,1,12.7,12.7,0.0,0.7,undecidable_without_independent_evidence
rain_toelz,hampel,2017-08-05 23:00:00+00:00,2017-08-05 23:00:00+00:00,1,11.3,11.3,0.6,6.7,undecidable_without_independent_evidence
rain_toelz,hampel,2017-08-16 00:00:00+00:00,2017-08-16 00:00:00+00:00,1,13.0,13.0,0.0,2.3,undecidable_without_independent_evidence
rain_toelz,hampel,2017-08-24 19:00:00+00:00,2017-08-24 19:00:00+00:00,1,11.8,11.8,0.0,9.4,undecidable_without_independent_evidence
rain_toelz,hampel,2018-07-25 16:00:00+00:00,2018-07-25 16:00:00+00:00,1,10.5,10.5,0.6,0.0,undecidable_without_independent_evidence
rain_toelz,hampel,2018-09-14 04:00:00+00:00,2018-09-14 04:00:00+00:00,1,10.7,10.7,0.3,9.6,undecidable_without_independent_evidence
rain_toelz,hampel,2019-07-07 07:00:00+00:00,2019-07-07 07:00:00+00:00,1,10.3,10.3,2.7,0.3,undecidable_without_independent_evidence
rain_toelz,hampel,2019-08-19 02:00:00+00:00,2019-08-19 02:00:00+00:00,1,15.8,15.8,0.0,3.7,undecidable_without_independent_evidence
rain_toelz,hampel,2019-08-25 14:00:00+00:00,2019-08-25 14:00:00+00:00,1,16.0,16.0,0.0,7.7,undecidable_without_independent_evidence
rain_toelz,hampel,2020-06-13 22:00:00+00:00,2020-06-13 22:00:00+00:00,1,15.5,15.5,0.0,7.3,undecidable_without_independent_evidence
rain_toelz,hampel,2020-06-17 16:00:00+00:00,2020-06-17 16:00:00+00:00,1,12.8,12.8,0.0,1.8,undecidable_without_independent_evidence
rain_toelz,hampel,2020-06-27 19:00:00+00:00,2020-06-27 19:00:00+00:00,1,16.8,16.8,1.5,2.8,undecidable_without_independent_evidence
rain_toelz,hampel,2020-06-28 18:00:00+00:00,2020-06-28 18:00:00+00:00,1,11.8,11.8,0.0,5.4,undecidable_without_independent_evidence
rain_toelz,hampel,2020-08-22 14:00:00+00:00,2020-08-22 14:00:00+00:00,1,10.8,10.8,4.9,1.6,undecidable_without_independent_evidence
rain_toelz,hampel,2021-07-24 19:00:00+00:00,2021-07-24 19:00:00+00:00,1,18.2,18.2,0.0,2.5,undecidable_without_independent_evidence
rain_toelz,hampel,2021-07-25 17:00:00+00:00,2021-07-25 17:00:00+00:00,1,11.6,11.6,0.0,0.0,undecidable_without_independent_evidence
rain_toelz,hampel,2022-05-05 23:00:00+00:00,2022-05-05 23:00:00+00:00,1,16.7,16.7,1.7,0.9,undecidable_without_independent_evidence
rain_toelz,hampel,2022-08-26 22:00:00+00:00,2022-08-26 22:00:00+00:00,1,17.8,17.8,4.1,0.9,undecidable_without_independent_evidence
rain_toelz,hampel,2022-09-03 15:00:00+00:00,2022-09-03 15:00:00+00:00,1,19.3,19.3,0.0,9.8,undecidable_without_independent_evidence
rain_toelz,hampel,2023-05-05 20:00:00+00:00,2023-05-05 20:00:00+00:00,1,10.1,10.1,0.0,4.9,undecidable_without_independent_evidence
rain_toelz,hampel,2023-07-05 13:00:00+00:00,2023-07-05 13:00:00+00:00,1,21.2,21.2,1.2,1.9,undecidable_without_independent_evidence
rain_toelz,hampel,2023-07-11 23:00:00+00:00,2023-07-11 23:00:00+00:00,1,18.9,18.9,0.0,0.6,undecidable_without_independent_evidence
rain_toelz,hampel,2023-07-24 14:00:00+00:00,2023-07-24 14:00:00+00:00,1,15.8,15.8,0.0,0.0,undecidable_without_independent_evidence
rain_toelz,hampel,2023-08-26 15:00:00+00:00,2023-08-26 15:00:00+00:00,1,26.0,26.0,0.0,7.0,undecidable_without_independent_evidence
rain_toelz,hampel,2024-05-23 15:00:00+00:00,2024-05-23 15:00:00+00:00,1,39.5,39.5,0.0,4.4,undecidable_without_independent_evidence
rain_toelz,hampel,2024-07-10 15:00:00+00:00,2024-07-10 15:00:00+00:00,1,20.0,20.0,0.0,0.1,undecidable_without_independent_evidence
rain_toelz,hampel,2024-07-24 00:00:00+00:00,2024-07-24 00:00:00+00:00,1,13.1,13.1,2.9,2.6,undecidable_without_independent_evidence
rain_toelz,hampel,2024-07-31 20:00:00+00:00,2024-07-31 20:00:00+00:00,1,22.4,22.4,0.9,3.6,undecidable_without_independent_evidence
rain_toelz,hampel,2024-08-17 15:00:00+00:00,2024-08-17 15:00:00+00:00,1,20.8,20.8,0.0,0.0,undecidable_without_independent_evidence
rain_toelz,hampel,2025-08-21 21:00:00+00:00,2025-08-21 21:00:00+00:00,1,20.7,20.7,3.1,4.0,undecidable_without_independent_evidence
rain_toelz,hampel,2026-07-01 09:00:00+00:00,2026-07-01 09:00:00+00:00,1,21.2,21.2,3.6,3.9,undecidable_without_independent_evidence
rain_toelz,hampel,2026-07-05 19:00:00+00:00,2026-07-05 19:00:00+00:00,1,11.1,11.1,2.0,0.9,undecidable_without_independent_evidence
rain_toelz,hampel,2026-07-31 18:00:00+00:00,2026-07-31 18:00:00+00:00,1,16.5,16.5,0.0,6.0,undecidable_without_independent_evidence
rain_toelz,hampel,2026-08-18 06:00:00+00:00,2026-08-18 06:00:00+00:00,1,16.6,16.6,0.0,2.7,undecidable_without_independent_evidence
rain_toelz,hampel,2026-08-28 15:00:00+00:00,2026-08-28 15:00:00+00:00,1,11.7,11.7,5.0,0.0,undecidable_without_independent_evidence
rain_toelz,hampel,2026-09-09 11:00:00+00:00,2026-09-09 11:00:00+00:00,1,11.6,11.6,0.0,4.0,undecidable_without_independent_evidence
rain_toelz,jump,2011-05-26 14:00:00+00:00,2011-05-26 14:00:00+00:00,1,30.8,30.8,0.0,1.7,undecidable_without_independent_evidence
rain_toelz,jump,2024-05-23 15:00:00+00:00,2024-05-23 16:00:00+00:00,2,4.4,39.5,0.0,1.4,undecidable_without_independent_evidence
rain_toelz,frozen,2010-01-02 13:00:00+00:00,2010-01-07 05:00:00+00:00,113,0.0,0.0,0.2,0.1,plausible_physical_zero_not_rejected
rain_toelz,frozen,2010-01-07 09:00:00+00:00,2010-01-09 06:00:00+00:00,46,0.0,0.0,0.1,0.1,plausible_physical_zero_not_rejected
rain_toelz,frozen,2010-01-09 17:00:00+00:00,2010-01-10 17:00:00+00:00,25,0.0,0.0,0.1,0.7,plausible_physical_zero_not_rejected
rain_toelz,frozen,2010-01-12 07:00:00+00:00,2010-01-13 21:00:00+00:00,39,0.0,0.0,0.1,0.1,plausible_physical_zero_not_rejected
rain_toelz,frozen,2010-01-14 05:00:00+00:00,2010-01-17 03:00:00+00:00,71,0.0,0.0,0.2,0.1,plausible_physical_zero_not_rejected
rain_toelz,frozen,2010-01-18 15:00:00+00:00,2010-01-21 02:00:00+00:00,60,0.0,0.0,0.2,0.3,plausible_physical_zero_not_rejected
rain_toelz,frozen,2010-01-21 15:00:00+00:00,2010-01-26 01:00:00+00:00,107,0.0,0.0,0.1,0.4,plausible_physical_zero_not_rejected
rain_toelz,frozen,2010-01-26 16:00:00+00:00,2010-01-28 02:00:00+00:00,35,0.0,0.0,0.1,0.1,plausible_physical_zero_not_rejected
rain_toelz,frozen,2010-02-03 17:00:00+00:00,2010-02-05 19:00:00+00:00,51,0.0,0.0,0.1,0.2,plausible_physical_zero_not_rejected
rain_toelz,frozen,2010-02-07 07:00:00+00:00,2010-02-10 11:00:00+00:00,77,0.0,0.0,0.1,0.1,plausible_physical_zero_not_rejected
rain_toelz,frozen,2010-02-12 11:00:00+00:00,2010-02-18 06:00:00+00:00,140,0.0,0.0,0.1,0.2,plausible_physical_zero_not_rejected
rain_toelz,frozen,2010-02-18 09:00:00+00:00,2010-02-19 17:00:00+00:00,33,0.0,0.0,0.1,0.3,plausible_physical_zero_not_rejected
rain_toelz,frozen,2010-02-20 05:00:00+00:00,2010-02-23 15:00:00+00:00,83,0.0,0.0,0.1,0.1,plausible_physical_zero_not_rejected
rain_toelz,frozen,2010-02-23 17:00:00+00:00,2010-02-24 23:00:00+00:00,31,0.0,0.0,0.1,0.1,plausible_physical_zero_not_rejected
rain_toelz,frozen,2010-02-27 00:00:00+00:00,2010-02-28 01:00:00+00:00,26,0.0,0.0,0.1,0.1,plausible_physical_zero_not_rejected
rain_toelz,frozen,2010-02-28 03:00:00+00:00,2010-03-02 09:00:00+00:00,55,0.0,0.0,0.1,0.2,plausible_physical_zero_not_rejected
rain_toelz,frozen,2010-03-02 23:00:00+00:00,2010-03-04 19:00:00+00:00,45,0.0,0.0,0.8,0.1,plausible_physical_zero_not_rejected
rain_toelz,frozen,2010-03-07 04:00:00+00:00,2010-03-09 06:00:00+00:00,51,0.0,0.0,0.1,0.1,plausible_physical_zero_not_rejected
rain_toelz,frozen,2010-03-09 08:00:00+00:00,2010-03-11 06:00:00+00:00,47,0.0,0.0,0.1,0.3,plausible_physical_zero_not_rejected
rain_toelz,frozen,2010-03-13 21:00:00+00:00,2010-03-14 20:00:00+00:00,24,0.0,0.0,0.2,0.2,plausible_physical_zero_not_rejected
rain_toelz,frozen,2010-03-16 17:00:00+00:00,2010-03-21 08:00:00+00:00,112,0.0,0.0,0.2,0.3,plausible_physical_zero_not_rejected
rain_toelz,frozen,2010-03-22 04:00:00+00:00,2010-03-26 16:00:00+00:00,109,0.0,0.0,0.1,2.4,plausible_physical_zero_not_rejected
rain_toelz,frozen,2010-03-29 05:00:00+00:00,2010-03-30 21:00:00+00:00,41,0.0,0.0,0.9,1.1,plausible_physical_zero_not_rejected
rain_toelz,frozen,2010-03-31 02:00:00+00:00,2010-04-01 08:00:00+00:00,31,0.0,0.0,0.1,1.1,plausible_physical_zero_not_rejected
rain_toelz,frozen,2010-04-01 15:00:00+00:00,2010-04-04 14:00:00+00:00,72,0.0,0.0,0.3,0.9,plausible_physical_zero_not_rejected
rain_toelz,frozen,2010-04-05 19:00:00+00:00,2010-04-11 12:00:00+00:00,138,0.0,0.0,0.3,0.5,plausible_physical_zero_not_rejected
rain_toelz,frozen,2010-04-11 19:00:00+00:00,2010-04-14 02:00:00+00:00,56,0.0,0.0,0.6,0.4,plausible_physical_zero_not_rejected
rain_toelz,frozen,2010-04-14 21:00:00+00:00,2010-04-18 12:00:00+00:00,88,0.0,0.0,0.1,1.8,plausible_physical_zero_not_rejected
rain_toelz,frozen,2010-04-18 18:00:00+00:00,2010-04-20 14:00:00+00:00,45,0.0,0.0,2.2,0.1,plausible_physical_zero_not_rejected
rain_toelz,frozen,2010-04-21 02:00:00+00:00,2010-04-25 16:00:00+00:00,111,0.0,0.0,0.1,1.2,plausible_physical_zero_not_rejected
rain_toelz,frozen,2010-04-26 14:00:00+00:00,2010-04-30 19:00:00+00:00,102,0.0,0.0,0.5,0.1,plausible_physical_zero_not_rejected
rain_toelz,frozen,2010-05-05 08:00:00+00:00,2010-05-06 07:00:00+00:00,24,0.0,0.0,0.1,0.2,plausible_physical_zero_not_rejected
rain_toelz,frozen,2010-05-07 11:00:00+00:00,2010-05-08 12:00:00+00:00,26,0.0,0.0,0.1,0.2,plausible_physical_zero_not_rejected
rain_toelz,frozen,2010-05-08 20:00:00+00:00,2010-05-09 19:00:00+00:00,24,0.0,0.0,0.7,2.6,plausible_physical_zero_not_rejected
rain_toelz,frozen,2010-05-23 01:00:00+00:00,2010-05-25 21:00:00+00:00,69,0.0,0.0,0.7,0.2,plausible_physical_zero_not_rejected
rain_toelz,frozen,2010-05-27 12:00:00+00:00,2010-05-28 13:00:00+00:00,26,0.0,0.0,0.3,0.1,plausible_physical_zero_not_rejected
rain_toelz,frozen,2010-06-04 06:00:00+00:00,2010-06-06 20:00:00+00:00,63,0.0,0.0,0.2,13.1,plausible_physical_zero_not_rejected
rain_toelz,frozen,2010-06-07 06:00:00+00:00,2010-06-08 15:00:00+00:00,34,0.0,0.0,0.1,6.4,plausible_physical_zero_not_rejected
rain_toelz,frozen,2010-06-08 19:00:00+00:00,2010-06-12 15:00:00+00:00,93,0.0,0.0,0.6,1.1,plausible_physical_zero_not_rejected
rain_toelz,frozen,2010-06-22 08:00:00+00:00,2010-06-30 05:00:00+00:00,190,0.0,0.0,0.9,1.4,plausible_physical_zero_not_rejected
rain_toelz,frozen,2010-06-30 08:00:00+00:00,2010-07-04 19:00:00+00:00,108,0.0,0.0,0.6,0.3,plausible_physical_zero_not_rejected
rain_toelz,frozen,2010-07-06 16:00:00+00:00,2010-07-12 20:00:00+00:00,149,0.0,0.0,0.4,0.2,plausible_physical_zero_not_rejected
rain_toelz,frozen,2010-07-13 02:00:00+00:00,2010-07-14 23:00:00+00:00,46,0.0,0.0,0.1,4.2,plausible_physical_zero_not_rejected
rain_toelz,frozen,2010-07-15 19:00:00+00:00,2010-07-17 01:00:00+00:00,31,0.0,0.0,0.1,0.3,plausible_physical_zero_not_rejected
rain_toelz,frozen,2010-07-18 15:00:00+00:00,2010-07-22 15:00:00+00:00,97,0.0,0.0,1.1,0.8,plausible_physical_zero_not_rejected
rain_toelz,frozen,2010-07-24 23:00:00+00:00,2010-07-26 22:00:00+00:00,48,0.0,0.0,11.1,3.8,plausible_physical_zero_not_rejected
rain_toelz,frozen,2010-07-27 15:00:00+00:00,2010-07-28 15:00:00+00:00,25,0.0,0.0,0.2,0.1,plausible_physical_zero_not_rejected
rain_toelz,frozen,2010-07-30 19:00:00+00:00,2010-08-02 02:00:00+00:00,56,0.0,0.0,1.9,0.2,plausible_physical_zero_not_rejected
rain_toelz,frozen,2010-08-03 20:00:00+00:00,2010-08-05 00:00:00+00:00,29,0.0,0.0,0.4,0.1,plausible_physical_zero_not_rejected
rain_toelz,frozen,2010-08-07 12:00:00+00:00,2010-08-08 11:00:00+00:00,24,0.0,0.0,0.1,0.1,plausible_physical_zero_not_rejected
rain_toelz,frozen,2010-08-08 22:00:00+00:00,2010-08-11 15:00:00+00:00,66,0.0,0.0,0.6,0.2,plausible_physical_zero_not_rejected
rain_toelz,frozen,2010-08-14 06:00:00+00:00,2010-08-15 05:00:00+00:00,24,0.0,0.0,0.1,0.8,plausible_physical_zero_not_rejected
rain_toelz,frozen,2010-08-17 12:00:00+00:00,2010-08-18 22:00:00+00:00,35,0.0,0.0,0.1,0.2,plausible_physical_zero_not_rejected
rain_toelz,frozen,2010-08-19 06:00:00+00:00,2010-08-23 23:00:00+00:00,114,0.0,0.0,0.4,0.7,plausible_physical_zero_not_rejected
rain_toelz,frozen,2010-08-24 21:00:00+00:00,2010-08-27 09:00:00+00:00,61,0.0,0.0,1.3,3.9,plausible_physical_zero_not_rejected
rain_toelz,frozen,2010-08-31 22:00:00+00:00,2010-09-02 23:00:00+00:00,50,0.0,0.0,1.0,0.1,plausible_physical_zero_not_rejected
rain_toelz,frozen,2010-09-03 04:00:00+00:00,2010-09-04 05:00:00+00:00,26,0.0,0.0,0.2,4.6,plausible_physical_zero_not_rejected
rain_toelz,frozen,2010-09-04 15:00:00+00:00,2010-09-07 01:00:00+00:00,59,0.0,0.0,0.1,0.5,plausible_physical_zero_not_rejected
rain_toelz,frozen,2010-09-07 05:00:00+00:00,2010-09-08 16:00:00+00:00,36,0.0,0.0,0.3,1.0,plausible_physical_zero_not_rejected
rain_toelz,frozen,2010-09-09 08:00:00+00:00,2010-09-13 00:00:00+00:00,89,0.0,0.0,0.4,0.7,plausible_physical_zero_not_rejected
rain_toelz,frozen,2010-09-13 20:00:00+00:00,2010-09-16 04:00:00+00:00,57,0.0,0.0,0.1,0.9,plausible_physical_zero_not_rejected
rain_toelz,frozen,2010-09-18 01:00:00+00:00,2010-09-24 20:00:00+00:00,164,0.0,0.0,0.8,0.4,plausible_physical_zero_not_rejected
rain_toelz,frozen,2010-09-26 05:00:00+00:00,2010-09-28 02:00:00+00:00,46,0.0,0.0,0.1,0.1,plausible_physical_zero_not_rejected
rain_toelz,frozen,2010-10-01 02:00:00+00:00,2010-10-05 04:00:00+00:00,99,0.0,0.0,0.1,0.1,plausible_physical_zero_not_rejected
rain_toelz,frozen,2010-10-06 02:00:00+00:00,2010-10-16 09:00:00+00:00,248,0.0,0.0,0.1,0.1,plausible_physical_zero_not_rejected
rain_toelz,frozen,2010-10-18 08:00:00+00:00,2010-10-19 21:00:00+00:00,38,0.0,0.0,0.1,0.1,plausible_physical_zero_not_rejected
rain_toelz,frozen,2010-10-21 03:00:00+00:00,2010-10-24 06:00:00+00:00,76,0.0,0.0,0.6,0.3,plausible_physical_zero_not_rejected
rain_toelz,frozen,2010-10-25 22:00:00+00:00,2010-11-02 16:00:00+00:00,187,0.0,0.0,0.3,0.2,plausible_physical_zero_not_rejected
rain_toelz,frozen,2010-11-02 20:00:00+00:00,2010-11-07 17:00:00+00:00,118,0.0,0.0,0.8,1.8,plausible_physical_zero_not_rejected
rain_toelz,frozen,2010-11-08 15:00:00+00:00,2010-11-11 00:00:00+00:00,58,0.0,0.0,0.1,0.1,plausible_physical_zero_not_rejected
rain_toelz,frozen,2010-11-12 18:00:00+00:00,2010-11-16 00:00:00+00:00,79,0.0,0.0,1.1,0.1,plausible_physical_zero_not_rejected
rain_toelz,frozen,2010-11-16 20:00:00+00:00,2010-11-18 22:00:00+00:00,51,0.0,0.0,0.1,0.2,plausible_physical_zero_not_rejected
rain_toelz,frozen,2010-11-19 13:00:00+00:00,2010-11-21 22:00:00+00:00,58,0.0,0.0,0.1,0.7,plausible_physical_zero_not_rejected
rain_toelz,frozen,2010-11-25 04:00:00+00:00,2010-11-26 06:00:00+00:00,27,0.0,0.0,0.6,0.2,plausible_physical_zero_not_rejected
rain_toelz,frozen,2010-11-27 06:00:00+00:00,2010-11-28 17:00:00+00:00,36,0.0,0.0,0.1,0.1,plausible_physical_zero_not_rejected
rain_toelz,frozen,2010-11-29 14:00:00+00:00,2010-12-01 10:00:00+00:00,45,0.0,0.0,0.9,0.1,plausible_physical_zero_not_rejected
rain_toelz,frozen,2010-12-02 03:00:00+00:00,2010-12-05 22:00:00+00:00,92,0.0,0.0,0.1,0.1,plausible_physical_zero_not_rejected
rain_toelz,frozen,2010-12-17 19:00:00+00:00,2010-12-20 20:00:00+00:00,74,0.0,0.0,0.2,0.1,plausible_physical_zero_not_rejected
rain_toelz,frozen,2010-12-21 22:00:00+00:00,2010-12-24 05:00:00+00:00,56,0.0,0.0,0.2,0.2,plausible_physical_zero_not_rejected
rain_toelz,frozen,2010-12-27 03:00:00+00:00,2010-12-28 16:00:00+00:00,38,0.0,0.0,0.1,0.2,plausible_physical_zero_not_rejected
rain_toelz,frozen,2010-12-30 05:00:00+00:00,2011-01-01 17:00:00+00:00,61,0.0,0.0,0.2,0.1,plausible_physical_zero_not_rejected
rain_toelz,frozen,2011-01-02 12:00:00+00:00,2011-01-06 20:00:00+00:00,105,0.0,0.0,1.1,0.1,plausible_physical_zero_not_rejected
rain_toelz,frozen,2011-01-07 07:00:00+00:00,2011-01-10 02:00:00+00:00,68,0.0,0.0,0.1,0.7,plausible_physical_zero_not_rejected
rain_toelz,frozen,2011-01-10 12:00:00+00:00,2011-01-11 22:00:00+00:00,35,0.0,0.0,0.3,0.2,plausible_physical_zero_not_rejected
rain_toelz,frozen,2011-01-15 10:00:00+00:00,2011-01-18 19:00:00+00:00,82,0.0,0.0,0.3,0.2,plausible_physical_zero_not_rejected
rain_toelz,frozen,2011-01-21 16:00:00+00:00,2011-01-24 04:00:00+00:00,61,0.0,0.0,0.8,0.5,plausible_physical_zero_not_rejected
rain_toelz,frozen,2011-01-26 23:00:00+00:00,2011-02-03 22:00:00+00:00,192,0.0,0.0,0.1,0.1,plausible_physical_zero_not_rejected
rain_toelz,frozen,2011-02-04 02:00:00+00:00,2011-02-11 04:00:00+00:00,171,0.0,0.0,0.5,1.1,plausible_physical_zero_not_rejected
rain_toelz,frozen,2011-02-13 08:00:00+00:00,2011-02-18 18:00:00+00:00,131,0.0,0.0,0.1,0.1,plausible_physical_zero_not_rejected
rain_toelz,frozen,2011-02-18 22:00:00+00:00,2011-02-20 17:00:00+00:00,44,0.0,0.0,0.9,0.1,plausible_physical_zero_not_rejected
rain_toelz,frozen,2011-02-22 12:00:00+00:00,2011-02-25 06:00:00+00:00,67,0.0,0.0,0.2,0.2,plausible_physical_zero_not_rejected
rain_toelz,frozen,2011-02-25 08:00:00+00:00,2011-02-26 21:00:00+00:00,38,0.0,0.0,0.2,0.2,plausible_physical_zero_not_rejected
rain_toelz,frozen,2011-02-28 03:00:00+00:00,2011-03-16 12:00:00+00:00,394,0.0,0.0,0.1,0.1,plausible_physical_zero_not_rejected
rain_toelz,frozen,2011-03-19 19:00:00+00:00,2011-03-26 18:00:00+00:00,168,0.0,0.0,0.1,0.2,plausible_physical_zero_not_rejected
rain_toelz,frozen,2011-03-28 02:00:00+00:00,2011-03-30 15:00:00+00:00,62,0.0,0.0,0.2,0.3,plausible_physical_zero_not_rejected
rain_toelz,frozen,2011-04-01 07:00:00+00:00,2011-04-04 07:00:00+00:00,73,0.0,0.0,0.2,3.7,plausible_physical_zero_not_rejected
rain_toelz,frozen,2011-04-05 04:00:00+00:00,2011-04-06 05:00:00+00:00,26,0.0,0.0,0.3,0.1,plausible_physical_zero_not_rejected
rain_toelz,frozen,2011-04-06 07:00:00+00:00,2011-04-12 06:00:00+00:00,144,0.0,0.0,0.1,0.3,plausible_physical_zero_not_rejected
rain_toelz,frozen,2011-04-13 01:00:00+00:00,2011-04-14 03:00:00+00:00,27,0.0,0.0,0.1,0.1,plausible_physical_zero_not_rejected
rain_toelz,frozen,2011-04-14 17:00:00+00:00,2011-04-24 09:00:00+00:00,233,0.0,0.0,0.1,0.1,plausible_physical_zero_not_rejected
rain_toelz,frozen,2011-04-24 18:00:00+00:00,2011-04-27 13:00:00+00:00,68,0.0,0.0,2.8,0.1,plausible_physical_zero_not_rejected
rain_toelz,frozen,2011-04-28 18:00:00+00:00,2011-05-02 14:00:00+00:00,93,0.0,0.0,1.5,1.2,plausible_physical_zero_not_rejected
rain_toelz,frozen,2011-05-03 16:00:00+00:00,2011-05-12 12:00:00+00:00,213,0.0,0.0,0.1,2.3,plausible_physical_zero_not_rejected
rain_toelz,frozen,2011-05-13 03:00:00+00:00,2011-05-14 05:00:00+00:00,27,0.0,0.0,0.4,0.8,plausible_physical_zero_not_rejected
rain_toelz,frozen,2011-05-16 12:00:00+00:00,2011-05-19 22:00:00+00:00,83,0.0,0.0,0.2,1.0,plausible_physical_zero_not_rejected
rain_toelz,frozen,2011-05-20 19:00:00+00:00,2011-05-22 15:00:00+00:00,45,0.0,0.0,1.6,3.2,plausible_physical_zero_not_rejected
rain_toelz,frozen,2011-05-22 18:00:00+00:00,2011-05-26 13:00:00+00:00,92,0.0,0.0,0.2,30.8,plausible_physical_zero_not_rejected
rain_toelz,frozen,2011-05-28 09:00:00+00:00,2011-05-31 14:00:00+00:00,78,0.0,0.0,0.1,0.1,plausible_physical_zero_not_rejected
rain_toelz,frozen,2011-06-02 19:00:00+00:00,2011-06-06 19:00:00+00:00,97,0.0,0.0,0.2,0.3,plausible_physical_zero_not_rejected
rain_toelz,frozen,2011-06-10 06:00:00+00:00,2011-06-11 13:00:00+00:00,32,0.0,0.0,0.1,0.1,plausible_physical_zero_not_rejected
rain_toelz,frozen,2011-06-12 05:00:00+00:00,2011-06-13 06:00:00+00:00,26,0.0,0.0,0.1,0.1,plausible_physical_zero_not_rejected
rain_toelz,frozen,2011-06-14 19:00:00+00:00,2011-06-15 21:00:00+00:00,27,0.0,0.0,0.1,0.1,plausible_physical_zero_not_rejected
rain_toelz,frozen,2011-06-19 16:00:00+00:00,2011-06-20 15:00:00+00:00,24,0.0,0.0,0.1,0.1,plausible_physical_zero_not_rejected
rain_toelz,frozen,2011-06-21 03:00:00+00:00,2011-06-22 13:00:00+00:00,35,0.0,0.0,0.2,7.4,plausible_physical_zero_not_rejected
rain_toelz,frozen,2011-06-26 08:00:00+00:00,2011-06-29 22:00:00+00:00,87,0.0,0.0,0.7,0.1,plausible_physical_zero_not_rejected
rain_toelz,frozen,2011-07-02 20:00:00+00:00,2011-07-03 19:00:00+00:00,24,0.0,0.0,0.5,0.1,plausible_physical_zero_not_rejected
rain_toelz,frozen,2011-07-03 22:00:00+00:00,2011-07-07 13:00:00+00:00,88,0.0,0.0,0.1,0.1,plausible_physical_zero_not_rejected
rain_toelz,frozen,2011-07-08 22:00:00+00:00,2011-07-09 21:00:00+00:00,24,0.0,0.0,0.9,1.7,plausible_physical_zero_not_rejected
rain_toelz,frozen,2011-07-11 01:00:00+00:00,2011-07-13 02:00:00+00:00,50,0.0,0.0,0.3,0.6,plausible_physical_zero_not_rejected
rain_toelz,frozen,2011-07-15 04:00:00+00:00,2011-07-17 14:00:00+00:00,59,0.0,0.0,0.7,2.1,plausible_physical_zero_not_rejected
rain_toelz,frozen,2011-07-24 20:00:00+00:00,2011-07-28 16:00:00+00:00,93,0.0,0.0,0.1,0.2,plausible_physical_zero_not_rejected
rain_toelz,frozen,2011-07-30 11:00:00+00:00,2011-08-03 13:00:00+00:00,99,0.0,0.0,0.3,0.1,plausible_physical_zero_not_rejected
rain_toelz,frozen,2011-08-10 03:00:00+00:00,2011-08-13 04:00:00+00:00,74,0.0,0.0,0.2,0.9,plausible_physical_zero_not_rejected
rain_toelz,frozen,2011-08-13 07:00:00+00:00,2011-08-14 18:00:00+00:00,36,0.0,0.0,0.4,1.4,plausible_physical_zero_not_rejected
rain_toelz,frozen,2011-08-16 02:00:00+00:00,2011-08-18 22:00:00+00:00,69,0.0,0.0,1.0,0.2,plausible_physical_zero_not_rejected
rain_toelz,frozen,2011-08-19 22:00:00+00:00,2011-08-24 15:00:00+00:00,114,0.0,0.0,0.3,0.1,plausible_physical_zero_not_rejected
rain_toelz,frozen,2011-08-25 01:00:00+00:00,2011-08-27 01:00:00+00:00,49,0.0,0.0,0.1,0.3,plausible_physical_zero_not_rejected
rain_toelz,frozen,2011-08-27 16:00:00+00:00,2011-09-01 07:00:00+00:00,112,0.0,0.0,0.6,4.4,plausible_physical_zero_not_rejected
rain_toelz,frozen,2011-09-01 10:00:00+00:00,2011-09-02 13:00:00+00:00,28,0.0,0.0,0.6,0.3,plausible_physical_zero_not_rejected
rain_toelz,frozen,2011-09-02 15:00:00+00:00,2011-09-04 17:00:00+00:00,51,0.0,0.0,0.3,0.1,plausible_physical_zero_not_rejected
rain_toelz,frozen,2011-09-05 16:00:00+00:00,2011-09-07 21:00:00+00:00,54,0.0,0.0,0.4,1.1,plausible_physical_zero_not_rejected
rain_toelz,frozen,2011-09-09 08:00:00+00:00,2011-09-11 19:00:00+00:00,60,0.0,0.0,2.3,8.6,plausible_physical_zero_not_rejected
rain_toelz,frozen,2011-09-12 04:00:00+00:00,2011-09-14 07:00:00+00:00,52,0.0,0.0,0.6,0.6,plausible_physical_zero_not_rejected
rain_toelz,frozen,2011-09-14 13:00:00+00:00,2011-09-17 02:00:00+00:00,62,0.0,0.0,0.1,0.1,plausible_physical_zero_not_rejected
rain_toelz,frozen,2011-09-20 08:00:00+00:00,2011-10-06 23:00:00+00:00,400,0.0,0.0,0.1,1.3,plausible_physical_zero_not_rejected
rain_toelz,frozen,2011-10-10 22:00:00+00:00,2011-10-13 00:00:00+00:00,51,0.0,0.0,0.1,0.3,plausible_physical_zero_not_rejected
rain_toelz,frozen,2011-10-13 15:00:00+00:00,2011-10-19 15:00:00+00:00,145,0.0,0.0,0.1,0.6,plausible_physical_zero_not_rejected
rain_toelz,frozen,2011-10-20 14:00:00+00:00,2011-10-23 07:00:00+00:00,66,0.0,0.0,0.7,0.1,plausible_physical_zero_not_rejected
rain_toelz,frozen,2011-10-23 09:00:00+00:00,2011-10-25 23:00:00+00:00,63,0.0,0.0,0.1,0.2,plausible_physical_zero_not_rejected
rain_toelz,frozen,2011-10-26 14:00:00+00:00,2011-11-14 08:00:00+00:00,451,0.0,0.0,0.1,0.1,plausible_physical_zero_not_rejected
rain_toelz,frozen,2011-11-14 10:00:00+00:00,2011-11-26 06:00:00+00:00,285,0.0,0.0,0.1,0.3,plausible_physical_zero_not_rejected
rain_toelz,frozen,2011-11-26 11:00:00+00:00,2011-12-02 23:00:00+00:00,157,0.0,0.0,0.1,0.4,plausible_physical_zero_not_rejected
rain_toelz,frozen,2011-12-08 10:00:00+00:00,2011-12-09 23:00:00+00:00,38,0.0,0.0,0.2,0.1,plausible_physical_zero_not_rejected
rain_toelz,frozen,2011-12-11 11:00:00+00:00,2011-12-12 13:00:00+00:00,27,0.0,0.0,0.1,0.2,plausible_physical_zero_not_rejected
rain_toelz,frozen,2011-12-12 23:00:00+00:00,2011-12-14 15:00:00+00:00,41,0.0,0.0,0.3,0.7,plausible_physical_zero_not_rejected
rain_toelz,frozen,2011-12-19 09:00:00+00:00,2011-12-20 12:00:00+00:00,28,0.0,0.0,0.1,0.4,plausible_physical_zero_not_rejected
rain_toelz,frozen,2011-12-25 11:00:00+00:00,2011-12-29 04:00:00+00:00,90,0.0,0.0,0.1,0.3,plausible_physical_zero_not_rejected
rain_toelz,frozen,2012-01-01 09:00:00+00:00,2012-01-02 15:00:00+00:00,31,0.0,0.0,0.6,0.4,plausible_physical_zero_not_rejected
rain_toelz,frozen,2012-01-03 01:00:00+00:00,2012-01-04 05:00:00+00:00,29,0.0,0.0,0.2,0.1,plausible_physical_zero_not_rejected
rain_toelz,frozen,2012-01-14 13:00:00+00:00,2012-01-18 09:00:00+00:00,93,0.0,0.0,0.1,0.2,plausible_physical_zero_not_rejected
rain_toelz,frozen,2012-01-22 06:00:00+00:00,2012-01-23 06:00:00+00:00,25,0.0,0.0,0.1,1.7,plausible_physical_zero_not_rejected
rain_toelz,frozen,2012-01-24 23:00:00+00:00,2012-01-27 10:00:00+00:00,60,0.0,0.0,0.3,0.8,plausible_physical_zero_not_rejected
rain_toelz,frozen,2012-01-28 23:00:00+00:00,2012-02-01 20:00:00+00:00,94,0.0,0.0,0.1,0.1,plausible_physical_zero_not_rejected
rain_toelz,frozen,2012-02-02 10:00:00+00:00,2012-02-04 18:00:00+00:00,57,0.0,0.0,0.1,0.3,plausible_physical_zero_not_rejected
rain_toelz,frozen,2012-02-04 21:00:00+00:00,2012-02-06 23:00:00+00:00,51,0.0,0.0,0.1,0.1,plausible_physical_zero_not_rejected
rain_toelz,frozen,2012-02-07 10:00:00+00:00,2012-02-09 16:00:00+00:00,55,0.0,0.0,0.1,0.4,plausible_physical_zero_not_rejected
rain_toelz,frozen,2012-02-10 09:00:00+00:00,2012-02-13 16:00:00+00:00,80,0.0,0.0,0.1,0.1,plausible_physical_zero_not_rejected
rain_toelz,frozen,2012-02-18 05:00:00+00:00,2012-02-19 06:00:00+00:00,26,0.0,0.0,0.2,0.7,plausible_physical_zero_not_rejected
rain_toelz,frozen,2012-02-20 09:00:00+00:00,2012-02-23 20:00:00+00:00,84,0.0,0.0,0.2,0.7,plausible_physical_zero_not_rejected
rain_toelz,frozen,2012-02-24 01:00:00+00:00,2012-02-25 03:00:00+00:00,27,0.0,0.0,0.1,0.2,plausible_physical_zero_not_rejected
rain_toelz,frozen,2012-02-27 00:00:00+00:00,2012-02-28 15:00:00+00:00,40,0.0,0.0,0.1,0.3,plausible_physical_zero_not_rejected
rain_toelz,frozen,2012-02-28 21:00:00+00:00,2012-03-05 07:00:00+00:00,131,0.0,0.0,0.1,1.3,plausible_physical_zero_not_rejected
rain_toelz,frozen,2012-03-05 14:00:00+00:00,2012-03-08 06:00:00+00:00,65,0.0,0.0,0.1,0.6,plausible_physical_zero_not_rejected
rain_toelz,frozen,2012-03-09 01:00:00+00:00,2012-03-11 07:00:00+00:00,55,0.0,0.0,0.2,0.5,plausible_physical_zero_not_rejected
rain_toelz,frozen,2012-03-12 09:00:00+00:00,2012-03-18 16:00:00+00:00,152,0.0,0.0,0.2,0.1,plausible_physical_zero_not_rejected
rain_toelz,frozen,2012-03-20 01:00:00+00:00,2012-03-24 15:00:00+00:00,111,0.0,0.0,0.3,7.5,plausible_physical_zero_not_rejected
rain_toelz,frozen,2012-03-24 18:00:00+00:00,2012-03-29 21:00:00+00:00,124,0.0,0.0,0.7,0.3,plausible_physical_zero_not_rejected
rain_toelz,frozen,2012-03-30 18:00:00+00:00,2012-03-31 21:00:00+00:00,28,0.0,0.0,0.1,0.2,plausible_physical_zero_not_rejected
rain_toelz,frozen,2012-04-01 05:00:00+00:00,2012-04-04 23:00:00+00:00,91,0.0,0.0,0.1,0.3,plausible_physical_zero_not_rejected
rain_toelz,frozen,2012-04-08 13:00:00+00:00,2012-04-11 08:00:00+00:00,68,0.0,0.0,0.4,0.1,plausible_physical_zero_not_rejected
rain_toelz,frozen,2012-04-12 01:00:00+00:00,2012-04-13 06:00:00+00:00,30,0.0,0.0,0.1,0.2,plausible_physical_zero_not_rejected
rain_toelz,frozen,2012-04-17 02:00:00+00:00,2012-04-18 16:00:00+00:00,39,0.0,0.0,0.3,0.3,plausible_physical_zero_not_rejected
rain_toelz,frozen,2012-04-18 21:00:00+00:00,2012-04-20 01:00:00+00:00,29,0.0,0.0,0.5,0.5,plausible_physical_zero_not_rejected
rain_toelz,frozen,2012-04-20 19:00:00+00:00,2012-04-21 22:00:00+00:00,28,0.0,0.0,0.5,1.4,plausible_physical_zero_not_rejected
rain_toelz,frozen,2012-04-22 17:00:00+00:00,2012-04-24 07:00:00+00:00,39,0.0,0.0,0.2,0.8,plausible_physical_zero_not_rejected
rain_toelz,frozen,2012-04-24 15:00:00+00:00,2012-05-02 20:00:00+00:00,198,0.0,0.0,0.1,0.1,plausible_physical_zero_not_rejected
rain_toelz,frozen,2012-05-03 07:00:00+00:00,2012-05-05 11:00:00+00:00,53,0.0,0.0,0.2,2.7,plausible_physical_zero_not_rejected
rain_toelz,frozen,2012-05-06 18:00:00+00:00,2012-05-09 14:00:00+00:00,69,0.0,0.0,0.4,2.4,plausible_physical_zero_not_rejected
rain_toelz,frozen,2012-05-09 18:00:00+00:00,2012-05-12 04:00:00+00:00,59,0.0,0.0,0.1,3.5,plausible_physical_zero_not_rejected
rain_toelz,frozen,2012-05-13 13:00:00+00:00,2012-05-15 16:00:00+00:00,52,0.0,0.0,0.3,1.2,plausible_physical_zero_not_rejected
rain_toelz,frozen,2012-05-17 02:00:00+00:00,2012-05-22 14:00:00+00:00,133,0.0,0.0,0.4,0.3,plausible_physical_zero_not_rejected
rain_toelz,frozen,2012-05-24 18:00:00+00:00,2012-05-29 11:00:00+00:00,114,0.0,0.0,20.8,15.4,plausible_physical_zero_not_rejected
rain_toelz,frozen,2012-06-13 22:00:00+00:00,2012-06-16 20:00:00+00:00,71,0.0,0.0,0.1,1.0,plausible_physical_zero_not_rejected
rain_toelz,frozen,2012-06-16 22:00:00+00:00,2012-06-18 23:00:00+00:00,50,0.0,0.0,1.0,1.5,plausible_physical_zero_not_rejected
rain_toelz,frozen,2012-06-22 00:00:00+00:00,2012-06-25 01:00:00+00:00,74,0.0,0.0,1.4,0.1,plausible_physical_zero_not_rejected
rain_toelz,frozen,2012-06-25 22:00:00+00:00,2012-06-27 00:00:00+00:00,27,0.0,0.0,0.1,0.1,plausible_physical_zero_not_rejected
rain_toelz,frozen,2012-06-27 02:00:00+00:00,2012-06-29 05:00:00+00:00,52,0.0,0.0,0.1,5.5,plausible_physical_zero_not_rejected
rain_toelz,frozen,2012-06-29 08:00:00+00:00,2012-07-01 13:00:00+00:00,54,0.0,0.0,5.3,13.7,plausible_physical_zero_not_rejected
rain_toelz,frozen,2012-07-05 21:00:00+00:00,2012-07-06 20:00:00+00:00,24,0.0,0.0,2.9,0.6,plausible_physical_zero_not_rejected
rain_toelz,frozen,2012-07-07 08:00:00+00:00,2012-07-08 09:00:00+00:00,26,0.0,0.0,0.1,0.1,plausible_physical_zero_not_rejected
rain_toelz,frozen,2012-07-12 00:00:00+00:00,2012-07-13 02:00:00+00:00,27,0.0,0.0,0.5,0.8,plausible_physical_zero_not_rejected
rain_toelz,frozen,2012-07-16 11:00:00+00:00,2012-07-19 15:00:00+00:00,77,0.0,0.0,0.1,4.4,plausible_physical_zero_not_rejected
rain_toelz,frozen,2012-07-22 05:00:00+00:00,2012-07-25 13:00:00+00:00,81,0.0,0.0,0.1,11.3,plausible_physical_zero_not_rejected
rain_toelz,frozen,2012-07-26 15:00:00+00:00,2012-07-28 12:00:00+00:00,46,0.0,0.0,5.0,0.2,plausible_physical_zero_not_rejected
rain_toelz,frozen,2012-07-30 05:00:00+00:00,2012-08-02 19:00:00+00:00,87,0.0,0.0,0.7,2.6,plausible_physical_zero_not_rejected
rain_toelz,frozen,2012-08-06 23:00:00+00:00,2012-08-16 07:00:00+00:00,225,0.0,0.0,1.7,3.4,plausible_physical_zero_not_rejected
rain_toelz,frozen,2012-08-16 13:00:00+00:00,2012-08-20 23:00:00+00:00,107,0.0,0.0,0.3,0.4,plausible_physical_zero_not_rejected
rain_toelz,frozen,2012-08-21 01:00:00+00:00,2012-08-22 23:00:00+00:00,47,0.0,0.0,0.4,1.7,plausible_physical_zero_not_rejected
rain_toelz,frozen,2012-08-26 22:00:00+00:00,2012-08-28 19:00:00+00:00,46,0.0,0.0,0.1,0.4,plausible_physical_zero_not_rejected
rain_toelz,frozen,2012-08-28 22:00:00+00:00,2012-08-30 03:00:00+00:00,30,0.0,0.0,0.2,0.3,plausible_physical_zero_not_rejected
rain_toelz,frozen,2012-09-02 22:00:00+00:00,2012-09-04 00:00:00+00:00,27,0.0,0.0,0.2,0.1,plausible_physical_zero_not_rejected
rain_toelz,frozen,2012-09-04 02:00:00+00:00,2012-09-05 23:00:00+00:00,46,0.0,0.0,0.1,2.4,plausible_physical_zero_not_rejected
rain_toelz,frozen,2012-09-06 13:00:00+00:00,2012-09-10 19:00:00+00:00,103,0.0,0.0,0.3,0.7,plausible_physical_zero_not_rejected
rain_toelz,frozen,2012-09-13 13:00:00+00:00,2012-09-18 21:00:00+00:00,129,0.0,0.0,0.3,0.1,plausible_physical_zero_not_rejected
rain_toelz,frozen,2012-09-19 17:00:00+00:00,2012-09-21 22:00:00+00:00,54,0.0,0.0,0.4,0.1,plausible_physical_zero_not_rejected
rain_toelz,frozen,2012-09-22 22:00:00+00:00,2012-09-24 13:00:00+00:00,40,0.0,0.0,0.1,1.3,plausible_physical_zero_not_rejected
rain_toelz,frozen,2012-09-24 19:00:00+00:00,2012-09-27 01:00:00+00:00,55,0.0,0.0,0.2,2.0,plausible_physical_zero_not_rejected
rain_toelz,frozen,2012-09-27 23:00:00+00:00,2012-09-29 09:00:00+00:00,35,0.0,0.0,0.1,0.1,plausible_physical_zero_not_rejected
rain_toelz,frozen,2012-10-02 08:00:00+00:00,2012-10-04 16:00:00+00:00,57,0.0,0.0,0.2,0.2,plausible_physical_zero_not_rejected
rain_toelz,frozen,2012-10-04 23:00:00+00:00,2012-10-07 05:00:00+00:00,55,0.0,0.0,0.4,0.1,plausible_physical_zero_not_rejected
rain_toelz,frozen,2012-10-07 15:00:00+00:00,2012-10-09 00:00:00+00:00,34,0.0,0.0,1.8,1.6,plausible_physical_zero_not_rejected
rain_toelz,frozen,2012-10-10 21:00:00+00:00,2012-10-12 12:00:00+00:00,40,0.0,0.0,1.1,0.1,plausible_physical_zero_not_rejected
rain_toelz,frozen,2012-10-12 22:00:00+00:00,2012-10-15 06:00:00+00:00,57,0.0,0.0,0.6,0.4,plausible_physical_zero_not_rejected
rain_toelz,frozen,2012-10-16 06:00:00+00:00,2012-10-23 17:00:00+00:00,180,0.0,0.0,0.2,0.1,plausible_physical_zero_not_rejected
rain_toelz,frozen,2012-10-23 19:00:00+00:00,2012-10-27 05:00:00+00:00,83,0.0,0.0,0.1,0.5,plausible_physical_zero_not_rejected
rain_toelz,frozen,2012-10-29 10:00:00+00:00,2012-11-02 02:00:00+00:00,89,0.0,0.0,0.1,1.2,plausible_physical_zero_not_rejected
rain_toelz,frozen,2012-11-02 07:00:00+00:00,2012-11-04 19:00:00+00:00,61,0.0,0.0,1.0,0.1,plausible_physical_zero_not_rejected
rain_toelz,frozen,2012-11-06 17:00:00+00:00,2012-11-11 08:00:00+00:00,112,0.0,0.0,1.0,0.1,plausible_physical_zero_not_rejected
rain_toelz,frozen,2012-11-13 07:00:00+00:00,2012-11-22 12:00:00+00:00,222,0.0,0.0,0.1,0.2,plausible_physical_zero_not_rejected
rain_toelz,frozen,2012-11-22 18:00:00+00:00,2012-11-27 18:00:00+00:00,121,0.0,0.0,0.2,0.1,plausible_physical_zero_not_rejected
rain_toelz,frozen,2012-11-30 14:00:00+00:00,2012-12-02 18:00:00+00:00,53,0.0,0.0,0.2,0.2,plausible_physical_zero_not_rejected
rain_toelz,frozen,2012-12-06 19:00:00+00:00,2012-12-07 18:00:00+00:00,24,0.0,0.0,0.1,0.3,plausible_physical_zero_not_rejected
rain_toelz,frozen,2012-12-08 10:00:00+00:00,2012-12-09 16:00:00+00:00,31,0.0,0.0,0.2,0.5,plausible_physical_zero_not_rejected
rain_toelz,frozen,2012-12-12 04:00:00+00:00,2012-12-15 01:00:00+00:00,70,0.0,0.0,0.1,0.1,plausible_physical_zero_not_rejected
rain_toelz,frozen,2012-12-19 08:00:00+00:00,2012-12-20 20:00:00+00:00,37,0.0,0.0,0.7,0.1,plausible_physical_zero_not_rejected
rain_toelz,frozen,2012-12-23 07:00:00+00:00,2012-12-26 00:00:00+00:00,66,0.0,0.0,0.8,0.2,plausible_physical_zero_not_rejected
rain_toelz,frozen,2012-12-26 10:00:00+00:00,2012-12-27 13:00:00+00:00,28,0.0,0.0,0.1,0.1,plausible_physical_zero_not_rejected
rain_toelz,frozen,2012-12-28 14:00:00+00:00,2013-01-01 22:00:00+00:00,105,0.0,0.0,0.4,0.2,plausible_physical_zero_not_rejected
rain_toelz,frozen,2013-01-02 08:00:00+00:00,2013-01-03 13:00:00+00:00,30,0.0,0.0,0.5,0.1,plausible_physical_zero_not_rejected
rain_toelz,frozen,2013-01-07 04:00:00+00:00,2013-01-10 02:00:00+00:00,71,0.0,0.0,0.8,0.8,plausible_physical_zero_not_rejected
rain_toelz,frozen,2013-01-12 11:00:00+00:00,2013-01-14 07:00:00+00:00,45,0.0,0.0,0.1,0.1,plausible_physical_zero_not_rejected
rain_toelz,frozen,2013-01-18 01:00:00+00:00,2013-01-21 04:00:00+00:00,76,0.0,0.0,0.1,0.7,plausible_physical_zero_not_rejected
rain_toelz,frozen,2013-01-22 09:00:00+00:00,2013-01-25 00:00:00+00:00,64,0.0,0.0,0.1,0.1,plausible_physical_zero_not_rejected
rain_toelz,frozen,2013-01-25 11:00:00+00:00,2013-01-28 00:00:00+00:00,62,0.0,0.0,0.1,0.3,plausible_physical_zero_not_rejected
rain_toelz,frozen,2013-01-28 10:00:00+00:00,2013-01-29 11:00:00+00:00,26,0.0,0.0,0.1,0.6,plausible_physical_zero_not_rejected
rain_toelz,frozen,2013-01-31 00:00:00+00:00,2013-01-31 23:00:00+00:00,24,0.0,0.0,4.2,0.4,plausible_physical_zero_not_rejected
rain_toelz,frozen,2013-02-09 12:00:00+00:00,2013-02-12 08:00:00+00:00,69,0.0,0.0,0.1,0.2,plausible_physical_zero_not_rejected
rain_toelz,frozen,2013-02-13 11:00:00+00:00,2013-02-15 07:00:00+00:00,45,0.0,0.0,0.1,0.2,plausible_physical_zero_not_rejected
rain_toelz,frozen,2013-02-17 11:00:00+00:00,2013-02-19 17:00:00+00:00,55,0.0,0.0,0.1,0.2,plausible_physical_zero_not_rejected
rain_toelz,frozen,2013-02-20 11:00:00+00:00,2013-02-21 14:00:00+00:00,28,0.0,0.0,0.1,0.3,plausible_physical_zero_not_rejected
rain_toelz,frozen,2013-02-24 03:00:00+00:00,2013-02-26 06:00:00+00:00,52,0.0,0.0,0.1,0.3,plausible_physical_zero_not_rejected
rain_toelz,frozen,2013-02-26 14:00:00+00:00,2013-03-09 00:00:00+00:00,251,0.0,0.0,0.1,0.2,plausible_physical_zero_not_rejected
rain_toelz,frozen,2013-03-15 20:00:00+00:00,2013-03-17 17:00:00+00:00,46,0.0,0.0,0.1,0.4,plausible_physical_zero_not_rejected
rain_toelz,frozen,2013-03-19 07:00:00+00:00,2013-03-20 15:00:00+00:00,33,0.0,0.0,0.1,0.3,plausible_physical_zero_not_rejected
rain_toelz,frozen,2013-03-22 05:00:00+00:00,2013-03-25 12:00:00+00:00,80,0.0,0.0,0.1,0.2,plausible_physical_zero_not_rejected
rain_toelz,frozen,2013-03-26 22:00:00+00:00,2013-03-28 17:00:00+00:00,44,0.0,0.0,0.1,0.1,plausible_physical_zero_not_rejected
rain_toelz,frozen,2013-03-31 22:00:00+00:00,2013-04-05 20:00:00+00:00,119,0.0,0.0,0.1,0.1,plausible_physical_zero_not_rejected
rain_toelz,frozen,2013-04-07 12:00:00+00:00,2013-04-08 21:00:00+00:00,34,0.0,0.0,0.1,0.5,plausible_physical_zero_not_rejected
rain_toelz,frozen,2013-04-12 21:00:00+00:00,2013-04-16 20:00:00+00:00,96,0.0,0.0,2.5,0.1,plausible_physical_zero_not_rejected
rain_toelz,frozen,2013-04-17 03:00:00+00:00,2013-04-18 23:00:00+00:00,45,0.0,0.0,2.1,0.5,plausible_physical_zero_not_rejected
rain_toelz,frozen,2013-04-20 16:00:00+00:00,2013-04-22 03:00:00+00:00,36,0.0,0.0,0.1,0.2,plausible_physical_zero_not_rejected
rain_toelz,frozen,2013-04-22 06:00:00+00:00,2013-04-27 22:00:00+00:00,137,0.0,0.0,0.1,0.1,plausible_physical_zero_not_rejected
rain_toelz,frozen,2013-04-28 00:00:00+00:00,2013-05-02 07:00:00+00:00,104,0.0,0.0,0.1,0.7,plausible_physical_zero_not_rejected
rain_toelz,frozen,2013-05-04 20:00:00+00:00,2013-05-06 15:00:00+00:00,44,0.0,0.0,0.9,0.1,plausible_physical_zero_not_rejected
rain_toelz,frozen,2013-05-07 18:00:00+00:00,2013-05-09 02:00:00+00:00,33,0.0,0.0,0.5,1.7,plausible_physical_zero_not_rejected
rain_toelz,frozen,2013-05-13 17:00:00+00:00,2013-05-17 11:00:00+00:00,91,0.0,0.0,0.1,0.4,plausible_physical_zero_not_rejected
rain_toelz,frozen,2013-05-17 23:00:00+00:00,2013-05-19 12:00:00+00:00,38,0.0,0.0,0.7,0.1,plausible_physical_zero_not_rejected
rain_toelz,frozen,2013-05-27 07:00:00+00:00,2013-05-28 15:00:00+00:00,33,0.0,0.0,0.5,0.2,plausible_physical_zero_not_rejected
rain_toelz,frozen,2013-06-04 12:00:00+00:00,2013-06-09 12:00:00+00:00,121,0.0,0.0,0.2,0.1,plausible_physical_zero_not_rejected
rain_toelz,frozen,2013-06-12 04:00:00+00:00,2013-06-14 00:00:00+00:00,45,0.0,0.0,0.1,1.1,plausible_physical_zero_not_rejected
rain_toelz,frozen,2013-06-15 23:00:00+00:00,2013-06-20 17:00:00+00:00,115,0.0,0.0,0.2,0.1,plausible_physical_zero_not_rejected
rain_toelz,frozen,2013-06-20 19:00:00+00:00,2013-06-22 01:00:00+00:00,31,0.0,0.0,0.1,0.1,plausible_physical_zero_not_rejected
rain_toelz,frozen,2013-06-22 10:00:00+00:00,2013-06-23 14:00:00+00:00,29,0.0,0.0,0.9,0.3,plausible_physical_zero_not_rejected
rain_toelz,frozen,2013-06-27 19:00:00+00:00,2013-06-29 10:00:00+00:00,40,0.0,0.0,0.1,0.3,plausible_physical_zero_not_rejected
rain_toelz,frozen,2013-06-30 03:00:00+00:00,2013-07-02 14:00:00+00:00,60,0.0,0.0,0.5,0.4,plausible_physical_zero_not_rejected
rain_toelz,frozen,2013-07-05 04:00:00+00:00,2013-07-24 14:00:00+00:00,467,0.0,0.0,0.1,3.3,plausible_physical_zero_not_rejected
rain_toelz,frozen,2013-07-24 17:00:00+00:00,2013-07-28 19:00:00+00:00,99,0.0,0.0,1.1,0.6,plausible_physical_zero_not_rejected
rain_toelz,frozen,2013-07-29 23:00:00+00:00,2013-08-03 20:00:00+00:00,118,0.0,0.0,0.2,7.9,plausible_physical_zero_not_rejected
rain_toelz,frozen,2013-08-04 16:00:00+00:00,2013-08-06 19:00:00+00:00,52,0.0,0.0,0.3,20.3,plausible_physical_zero_not_rejected
rain_toelz,frozen,2013-08-06 22:00:00+00:00,2013-08-09 11:00:00+00:00,62,0.0,0.0,1.1,2.0,plausible_physical_zero_not_rejected
rain_toelz,frozen,2013-08-09 21:00:00+00:00,2013-08-11 04:00:00+00:00,32,0.0,0.0,0.6,1.0,plausible_physical_zero_not_rejected
rain_toelz,frozen,2013-08-11 06:00:00+00:00,2013-08-13 01:00:00+00:00,44,0.0,0.0,1.0,4.3,plausible_physical_zero_not_rejected
rain_toelz,frozen,2013-08-13 10:00:00+00:00,2013-08-18 19:00:00+00:00,130,0.0,0.0,0.6,0.5,plausible_physical_zero_not_rejected
rain_toelz,frozen,2013-08-20 03:00:00+00:00,2013-08-24 16:00:00+00:00,110,0.0,0.0,4.4,3.8,plausible_physical_zero_not_rejected
rain_toelz,frozen,2013-08-25 19:00:00+00:00,2013-08-27 16:00:00+00:00,46,0.0,0.0,0.1,0.1,plausible_physical_zero_not_rejected
rain_toelz,frozen,2013-08-28 07:00:00+00:00,2013-08-31 21:00:00+00:00,87,0.0,0.0,0.4,0.8,plausible_physical_zero_not_rejected
rain_toelz,frozen,2013-09-01 20:00:00+00:00,2013-09-08 22:00:00+00:00,171,0.0,0.0,3.3,0.2,plausible_physical_zero_not_rejected
rain_toelz,frozen,2013-09-09 06:00:00+00:00,2013-09-10 12:00:00+00:00,31,0.0,0.0,0.2,0.5,plausible_physical_zero_not_rejected
rain_toelz,frozen,2013-09-19 10:00:00+00:00,2013-09-20 09:00:00+00:00,24,0.0,0.0,0.8,0.1,plausible_physical_zero_not_rejected
rain_toelz,frozen,2013-09-20 17:00:00+00:00,2013-09-26 02:00:00+00:00,130,0.0,0.0,0.4,0.2,plausible_physical_zero_not_rejected
rain_toelz,frozen,2013-09-27 14:00:00+00:00,2013-09-30 02:00:00+00:00,61,0.0,0.0,0.1,0.3,plausible_physical_zero_not_rejected
rain_toelz,frozen,2013-10-01 10:00:00+00:00,2013-10-04 10:00:00+00:00,73,0.0,0.0,0.2,0.9,plausible_physical_zero_not_rejected
rain_toelz,frozen,2013-10-05 17:00:00+00:00,2013-10-09 04:00:00+00:00,84,0.0,0.0,0.2,0.1,plausible_physical_zero_not_rejected
rain_toelz,frozen,2013-10-11 09:00:00+00:00,2013-10-13 03:00:00+00:00,43,0.0,0.0,0.1,0.1,plausible_physical_zero_not_rejected
rain_toelz,frozen,2013-10-13 07:00:00+00:00,2013-10-15 17:00:00+00:00,59,0.0,0.0,0.1,0.2,plausible_physical_zero_not_rejected
rain_toelz,frozen,2013-10-18 07:00:00+00:00,2013-10-20 17:00:00+00:00,59,0.0,0.0,0.1,0.2,plausible_physical_zero_not_rejected
rain_toelz,frozen,2013-10-20 20:00:00+00:00,2013-10-23 14:00:00+00:00,67,0.0,0.0,0.1,1.5,plausible_physical_zero_not_rejected
rain_toelz,frozen,2013-10-24 00:00:00+00:00,2013-10-27 15:00:00+00:00,88,0.0,0.0,0.3,0.2,plausible_physical_zero_not_rejected
rain_toelz,frozen,2013-10-27 23:00:00+00:00,2013-10-29 04:00:00+00:00,30,0.0,0.0,0.3,0.2,plausible_physical_zero_not_rejected
rain_toelz,frozen,2013-10-30 11:00:00+00:00,2013-11-02 08:00:00+00:00,70,0.0,0.0,0.2,0.2,plausible_physical_zero_not_rejected
rain_toelz,frozen,2013-11-03 13:00:00+00:00,2013-11-04 23:00:00+00:00,35,0.0,0.0,0.2,0.1,plausible_physical_zero_not_rejected
rain_toelz,frozen,2013-11-06 18:00:00+00:00,2013-11-09 00:00:00+00:00,55,0.0,0.0,1.6,0.6,plausible_physical_zero_not_rejected
rain_toelz,frozen,2013-11-09 12:00:00+00:00,2013-11-10 14:00:00+00:00,27,0.0,0.0,0.4,0.8,plausible_physical_zero_not_rejected
rain_toelz,frozen,2013-11-11 03:00:00+00:00,2013-11-14 12:00:00+00:00,82,0.0,0.0,0.2,0.1,plausible_physical_zero_not_rejected
rain_toelz,frozen,2013-11-15 03:00:00+00:00,2013-11-19 15:00:00+00:00,109,0.0,0.0,0.2,0.1,plausible_physical_zero_not_rejected
rain_toelz,frozen,2013-11-21 04:00:00+00:00,2013-11-23 04:00:00+00:00,49,0.0,0.0,0.8,0.6,plausible_physical_zero_not_rejected
rain_toelz,frozen,2013-11-26 20:00:00+00:00,2013-11-28 07:00:00+00:00,36,0.0,0.0,0.1,0.1,plausible_physical_zero_not_rejected
rain_toelz,frozen,2013-11-30 07:00:00+00:00,2013-12-06 03:00:00+00:00,141,0.0,0.0,0.5,0.2,plausible_physical_zero_not_rejected
rain_toelz,frozen,2013-12-07 02:00:00+00:00,2013-12-09 18:00:00+00:00,65,0.0,0.0,0.8,0.1,plausible_physical_zero_not_rejected
rain_toelz,frozen,2013-12-09 21:00:00+00:00,2013-12-14 15:00:00+00:00,115,0.0,0.0,0.2,0.7,plausible_physical_zero_not_rejected
rain_toelz,frozen,2013-12-15 01:00:00+00:00,2013-12-20 14:00:00+00:00,134,0.0,0.0,0.1,0.6,plausible_physical_zero_not_rejected
rain_toelz,frozen,2013-12-20 20:00:00+00:00,2013-12-26 15:00:00+00:00,140,0.0,0.0,0.1,0.1,plausible_physical_zero_not_rejected
rain_toelz,frozen,2013-12-27 04:00:00+00:00,2013-12-28 23:00:00+00:00,44,0.0,0.0,0.1,0.4,plausible_physical_zero_not_rejected
rain_toelz,frozen,2013-12-29 06:00:00+00:00,2014-01-04 19:00:00+00:00,158,0.0,0.0,0.2,0.1,plausible_physical_zero_not_rejected
rain_toelz,frozen,2014-01-05 15:00:00+00:00,2014-01-08 07:00:00+00:00,65,0.0,0.0,0.4,0.2,plausible_physical_zero_not_rejected
rain_toelz,frozen,2014-01-08 09:00:00+00:00,2014-01-10 00:00:00+00:00,40,0.0,0.0,0.2,2.7,plausible_physical_zero_not_rejected
rain_toelz,frozen,2014-01-11 20:00:00+00:00,2014-01-14 12:00:00+00:00,65,0.0,0.0,0.1,0.1,plausible_physical_zero_not_rejected
rain_toelz,frozen,2014-01-15 05:00:00+00:00,2014-01-20 16:00:00+00:00,132,0.0,0.0,0.1,0.2,plausible_physical_zero_not_rejected
rain_toelz,frozen,2014-01-21 23:00:00+00:00,2014-01-23 16:00:00+00:00,42,0.0,0.0,0.1,0.8,plausible_physical_zero_not_rejected
rain_toelz,frozen,2014-01-24 22:00:00+00:00,2014-01-26 01:00:00+00:00,28,0.0,0.0,0.1,1.4,plausible_physical_zero_not_rejected
rain_toelz,frozen,2014-01-27 12:00:00+00:00,2014-02-02 13:00:00+00:00,146,0.0,0.0,1.0,0.1,plausible_physical_zero_not_rejected
rain_toelz,frozen,2014-02-03 00:00:00+00:00,2014-02-07 14:00:00+00:00,111,0.0,0.0,0.1,0.9,plausible_physical_zero_not_rejected
rain_toelz,frozen,2014-02-07 20:00:00+00:00,2014-02-09 03:00:00+00:00,32,0.0,0.0,0.4,1.9,plausible_physical_zero_not_rejected
rain_toelz,frozen,2014-02-09 06:00:00+00:00,2014-02-11 00:00:00+00:00,43,0.0,0.0,0.5,1.2,plausible_physical_zero_not_rejected
rain_toelz,frozen,2014-02-11 10:00:00+00:00,2014-02-13 17:00:00+00:00,56,0.0,0.0,0.1,0.1,plausible_physical_zero_not_rejected
rain_toelz,frozen,2014-02-14 05:00:00+00:00,2014-02-15 22:00:00+00:00,42,0.0,0.0,0.1,0.1,plausible_physical_zero_not_rejected
rain_toelz,frozen,2014-02-17 05:00:00+00:00,2014-02-19 06:00:00+00:00,50,0.0,0.0,0.1,0.7,plausible_physical_zero_not_rejected
rain_toelz,frozen,2014-02-22 04:00:00+00:00,2014-02-28 01:00:00+00:00,142,0.0,0.0,0.1,1.4,plausible_physical_zero_not_rejected
rain_toelz,frozen,2014-02-28 03:00:00+00:00,2014-03-02 05:00:00+00:00,51,0.0,0.0,1.4,0.1,plausible_physical_zero_not_rejected
rain_toelz,frozen,2014-03-02 09:00:00+00:00,2014-03-03 16:00:00+00:00,32,0.0,0.0,0.1,0.1,plausible_physical_zero_not_rejected
rain_toelz,frozen,2014-03-05 23:00:00+00:00,2014-03-15 14:00:00+00:00,232,0.0,0.0,0.2,0.3,plausible_physical_zero_not_rejected
rain_toelz,frozen,2014-03-16 08:00:00+00:00,2014-03-22 12:00:00+00:00,149,0.0,0.0,0.3,0.7,plausible_physical_zero_not_rejected
rain_toelz,frozen,2014-03-25 14:00:00+00:00,2014-04-06 05:00:00+00:00,280,0.0,0.0,0.3,0.9,plausible_physical_zero_not_rejected
rain_toelz,frozen,2014-04-06 12:00:00+00:00,2014-04-08 13:00:00+00:00,50,0.0,0.0,0.1,0.2,plausible_physical_zero_not_rejected
rain_toelz,frozen,2014-04-09 05:00:00+00:00,2014-04-10 05:00:00+00:00,25,0.0,0.0,0.2,0.1,plausible_physical_zero_not_rejected
rain_toelz,frozen,2014-04-10 21:00:00+00:00,2014-04-13 02:00:00+00:00,54,0.0,0.0,0.1,0.7,plausible_physical_zero_not_rejected
rain_toelz,frozen,2014-04-13 11:00:00+00:00,2014-04-14 13:00:00+00:00,27,0.0,0.0,0.1,0.1,plausible_physical_zero_not_rejected
rain_toelz,frozen,2014-04-16 17:00:00+00:00,2014-04-18 12:00:00+00:00,44,0.0,0.0,0.4,0.6,plausible_physical_zero_not_rejected
rain_toelz,frozen,2014-04-19 05:00:00+00:00,2014-04-21 17:00:00+00:00,61,0.0,0.0,0.1,0.8,plausible_physical_zero_not_rejected
rain_toelz,frozen,2014-04-22 15:00:00+00:00,2014-04-23 14:00:00+00:00,24,0.0,0.0,0.5,0.7,plausible_physical_zero_not_rejected
rain_toelz,frozen,2014-04-23 18:00:00+00:00,2014-04-27 05:00:00+00:00,84,0.0,0.0,0.1,0.8,plausible_physical_zero_not_rejected
rain_toelz,frozen,2014-04-29 08:00:00+00:00,2014-04-30 21:00:00+00:00,38,0.0,0.0,0.1,4.3,plausible_physical_zero_not_rejected
rain_toelz,frozen,2014-05-04 06:00:00+00:00,2014-05-07 04:00:00+00:00,71,0.0,0.0,0.1,0.1,plausible_physical_zero_not_rejected
rain_toelz,frozen,2014-05-18 07:00:00+00:00,2014-05-23 13:00:00+00:00,127,0.0,0.0,0.1,0.6,plausible_physical_zero_not_rejected
rain_toelz,frozen,2014-05-23 15:00:00+00:00,2014-05-26 13:00:00+00:00,71,0.0,0.0,0.6,1.6,plausible_physical_zero_not_rejected
rain_toelz,frozen,2014-05-30 10:00:00+00:00,2014-06-02 11:00:00+00:00,74,0.0,0.0,0.1,0.1,plausible_physical_zero_not_rejected
rain_toelz,frozen,2014-06-03 18:00:00+00:00,2014-06-04 17:00:00+00:00,24,0.0,0.0,0.2,0.1,plausible_physical_zero_not_rejected
rain_toelz,frozen,2014-06-05 01:00:00+00:00,2014-06-11 23:00:00+00:00,167,0.0,0.0,0.1,1.8,plausible_physical_zero_not_rejected
rain_toelz,frozen,2014-06-13 13:00:00+00:00,2014-06-14 18:00:00+00:00,30,0.0,0.0,4.4,0.1,plausible_physical_zero_not_rejected
rain_toelz,frozen,2014-06-14 21:00:00+00:00,2014-06-20 05:00:00+00:00,129,0.0,0.0,0.2,2.2,plausible_physical_zero_not_rejected
rain_toelz,frozen,2014-06-20 11:00:00+00:00,2014-06-23 17:00:00+00:00,79,0.0,0.0,0.5,0.4,plausible_physical_zero_not_rejected
rain_toelz,frozen,2014-06-24 10:00:00+00:00,2014-06-25 14:00:00+00:00,29,0.0,0.0,0.2,0.1,plausible_physical_zero_not_rejected
rain_toelz,frozen,2014-06-25 21:00:00+00:00,2014-06-28 00:00:00+00:00,52,0.0,0.0,0.3,0.8,plausible_physical_zero_not_rejected
rain_toelz,frozen,2014-06-30 17:00:00+00:00,2014-07-01 20:00:00+00:00,28,0.0,0.0,0.7,3.2,plausible_physical_zero_not_rejected
rain_toelz,frozen,2014-07-02 18:00:00+00:00,2014-07-05 11:00:00+00:00,66,0.0,0.0,0.4,0.1,plausible_physical_zero_not_rejected
rain_toelz,frozen,2014-07-05 13:00:00+00:00,2014-07-07 13:00:00+00:00,49,0.0,0.0,0.1,2.6,plausible_physical_zero_not_rejected
rain_toelz,frozen,2014-07-11 06:00:00+00:00,2014-07-12 08:00:00+00:00,27,0.0,0.0,4.4,6.0,plausible_physical_zero_not_rejected
rain_toelz,frozen,2014-07-13 16:00:00+00:00,2014-07-14 17:00:00+00:00,26,0.0,0.0,0.2,0.3,plausible_physical_zero_not_rejected
rain_toelz,frozen,2014-07-14 20:00:00+00:00,2014-07-20 13:00:00+00:00,138,0.0,0.0,0.1,3.3,plausible_physical_zero_not_rejected
rain_toelz,frozen,2014-07-23 00:00:00+00:00,2014-07-26 15:00:00+00:00,88,0.0,0.0,1.4,1.0,plausible_physical_zero_not_rejected
rain_toelz,frozen,2014-07-27 00:00:00+00:00,2014-07-28 23:00:00+00:00,48,0.0,0.0,0.2,0.7,plausible_physical_zero_not_rejected
rain_toelz,frozen,2014-07-31 12:00:00+00:00,2014-08-02 13:00:00+00:00,50,0.0,0.0,0.2,17.7,plausible_physical_zero_not_rejected
rain_toelz,frozen,2014-08-05 18:00:00+00:00,2014-08-07 04:00:00+00:00,35,0.0,0.0,0.1,0.1,plausible_physical_zero_not_rejected
rain_toelz,frozen,2014-08-07 19:00:00+00:00,2014-08-09 10:00:00+00:00,40,0.0,0.0,1.3,0.8,plausible_physical_zero_not_rejected
rain_toelz,frozen,2014-08-09 16:00:00+00:00,2014-08-11 03:00:00+00:00,36,0.0,0.0,0.6,0.2,plausible_physical_zero_not_rejected
rain_toelz,frozen,2014-08-13 21:00:00+00:00,2014-08-15 09:00:00+00:00,37,0.0,0.0,1.2,0.1,plausible_physical_zero_not_rejected
rain_toelz,frozen,2014-08-17 02:00:00+00:00,2014-08-18 19:00:00+00:00,42,0.0,0.0,0.2,0.6,plausible_physical_zero_not_rejected
rain_toelz,frozen,2014-08-21 08:00:00+00:00,2014-08-23 05:00:00+00:00,46,0.0,0.0,1.9,0.2,plausible_physical_zero_not_rejected
rain_toelz,frozen,2014-08-24 09:00:00+00:00,2014-08-25 18:00:00+00:00,34,0.0,0.0,0.1,0.3,plausible_physical_zero_not_rejected
rain_toelz,frozen,2014-08-27 21:00:00+00:00,2014-08-29 19:00:00+00:00,47,0.0,0.0,0.2,2.7,plausible_physical_zero_not_rejected
rain_toelz,frozen,2014-09-03 07:00:00+00:00,2014-09-05 21:00:00+00:00,63,0.0,0.0,0.5,0.2,plausible_physical_zero_not_rejected
rain_toelz,frozen,2014-09-06 18:00:00+00:00,2014-09-08 18:00:00+00:00,49,0.0,0.0,0.9,0.1,plausible_physical_zero_not_rejected
rain_toelz,frozen,2014-09-14 03:00:00+00:00,2014-09-18 19:00:00+00:00,113,0.0,0.0,6.5,0.2,plausible_physical_zero_not_rejected
rain_toelz,frozen,2014-09-22 21:00:00+00:00,2014-09-24 21:00:00+00:00,49,0.0,0.0,0.2,3.2,plausible_physical_zero_not_rejected
rain_toelz,frozen,2014-09-26 09:00:00+00:00,2014-09-30 16:00:00+00:00,104,0.0,0.0,0.2,1.7,plausible_physical_zero_not_rejected
rain_toelz,frozen,2014-10-02 00:00:00+00:00,2014-10-13 17:00:00+00:00,282,0.0,0.0,0.1,0.1,plausible_physical_zero_not_rejected
rain_toelz,frozen,2014-10-17 10:00:00+00:00,2014-10-20 21:00:00+00:00,84,0.0,0.0,0.3,2.3,plausible_physical_zero_not_rejected
rain_toelz,frozen,2014-10-24 03:00:00+00:00,2014-10-25 14:00:00+00:00,36,0.0,0.0,0.1,0.3,plausible_physical_zero_not_rejected
rain_toelz,frozen,2014-10-25 20:00:00+00:00,2014-10-30 12:00:00+00:00,113,0.0,0.0,0.1,0.1,plausible_physical_zero_not_rejected
rain_toelz,frozen,2014-10-30 15:00:00+00:00,2014-11-05 16:00:00+00:00,146,0.0,0.0,0.1,0.3,plausible_physical_zero_not_rejected
rain_toelz,frozen,2014-11-06 18:00:00+00:00,2014-11-13 05:00:00+00:00,156,0.0,0.0,0.3,0.1,plausible_physical_zero_not_rejected
rain_toelz,frozen,2014-11-13 10:00:00+00:00,2014-11-16 07:00:00+00:00,70,0.0,0.0,0.2,0.8,plausible_physical_zero_not_rejected
rain_toelz,frozen,2014-11-16 11:00:00+00:00,2014-11-18 02:00:00+00:00,40,0.0,0.0,0.2,1.0,plausible_physical_zero_not_rejected
rain_toelz,frozen,2014-11-19 17:00:00+00:00,2014-12-01 04:00:00+00:00,276,0.0,0.0,0.3,0.2,plausible_physical_zero_not_rejected
rain_toelz,frozen,2014-12-02 14:00:00+00:00,2014-12-05 19:00:00+00:00,78,0.0,0.0,0.1,0.1,plausible_physical_zero_not_rejected
rain_toelz,frozen,2014-12-08 20:00:00+00:00,2014-12-10 20:00:00+00:00,49,0.0,0.0,0.1,0.1,plausible_physical_zero_not_rejected
rain_toelz,frozen,2014-12-11 08:00:00+00:00,2014-12-16 05:00:00+00:00,118,0.0,0.0,0.2,0.1,plausible_physical_zero_not_rejected
rain_toelz,frozen,2014-12-21 00:00:00+00:00,2014-12-25 08:00:00+00:00,105,0.0,0.0,0.1,0.2,plausible_physical_zero_not_rejected
rain_toelz,frozen,2014-12-26 08:00:00+00:00,2014-12-27 10:00:00+00:00,27,0.0,0.0,1.8,0.1,plausible_physical_zero_not_rejected
rain_toelz,frozen,2014-12-31 11:00:00+00:00,2015-01-02 14:00:00+00:00,52,0.0,0.0,0.2,0.2,plausible_physical_zero_not_rejected
rain_toelz,frozen,2015-01-05 02:00:00+00:00,2015-01-08 21:00:00+00:00,92,0.0,0.0,0.1,0.1,plausible_physical_zero_not_rejected
rain_toelz,frozen,2015-01-10 02:00:00+00:00,2015-01-11 02:00:00+00:00,25,0.0,0.0,0.1,0.1,plausible_physical_zero_not_rejected
rain_toelz,frozen,2015-01-12 01:00:00+00:00,2015-01-14 11:00:00+00:00,59,0.0,0.0,0.1,0.4,plausible_physical_zero_not_rejected
rain_toelz,frozen,2015-01-14 23:00:00+00:00,2015-01-17 02:00:00+00:00,52,0.0,0.0,0.2,0.1,plausible_physical_zero_not_rejected
rain_toelz,frozen,2015-01-18 07:00:00+00:00,2015-01-24 03:00:00+00:00,141,0.0,0.0,0.1,0.1,plausible_physical_zero_not_rejected
rain_toelz,frozen,2015-01-31 10:00:00+00:00,2015-02-01 17:00:00+00:00,32,0.0,0.0,0.1,0.3,plausible_physical_zero_not_rejected
rain_toelz,frozen,2015-02-02 23:00:00+00:00,2015-02-08 04:00:00+00:00,126,0.0,0.0,0.3,0.2,plausible_physical_zero_not_rejected
rain_toelz,frozen,2015-02-09 15:00:00+00:00,2015-02-22 01:00:00+00:00,299,0.0,0.0,0.1,0.1,plausible_physical_zero_not_rejected
rain_toelz,frozen,2015-02-25 12:00:00+00:00,2015-02-27 15:00:00+00:00,52,0.0,0.0,0.1,0.5,plausible_physical_zero_not_rejected
rain_toelz,frozen,2015-03-02 22:00:00+00:00,2015-03-04 03:00:00+00:00,30,0.0,0.0,1.8,0.1,plausible_physical_zero_not_rejected
rain_toelz,frozen,2015-03-05 16:00:00+00:00,2015-03-11 01:00:00+00:00,130,0.0,0.0,0.1,0.1,plausible_physical_zero_not_rejected
rain_toelz,frozen,2015-03-12 08:00:00+00:00,2015-03-21 17:00:00+00:00,226,0.0,0.0,0.1,0.8,plausible_physical_zero_not_rejected
rain_toelz,frozen,2015-03-22 09:00:00+00:00,2015-03-26 04:00:00+00:00,92,0.0,0.0,0.3,0.1,plausible_physical_zero_not_rejected
rain_toelz,frozen,2015-03-27 20:00:00+00:00,2015-03-28 22:00:00+00:00,27,0.0,0.0,0.2,0.4,plausible_physical_zero_not_rejected
rain_toelz,frozen,2015-04-02 18:00:00+00:00,2015-04-03 22:00:00+00:00,29,0.0,0.0,0.1,0.3,plausible_physical_zero_not_rejected
rain_toelz,frozen,2015-04-06 21:00:00+00:00,2015-04-17 03:00:00+00:00,247,0.0,0.0,1.1,0.6,plausible_physical_zero_not_rejected
rain_toelz,frozen,2015-04-18 02:00:00+00:00,2015-04-23 18:00:00+00:00,137,0.0,0.0,0.1,0.5,plausible_physical_zero_not_rejected
rain_toelz,frozen,2015-04-23 20:00:00+00:00,2015-04-25 17:00:00+00:00,46,0.0,0.0,0.5,0.2,plausible_physical_zero_not_rejected
rain_toelz,frozen,2015-04-26 07:00:00+00:00,2015-04-28 01:00:00+00:00,43,0.0,0.0,0.1,2.1,plausible_physical_zero_not_rejected
rain_toelz,frozen,2015-04-28 18:00:00+00:00,2015-04-30 02:00:00+00:00,33,0.0,0.0,0.1,0.8,plausible_physical_zero_not_rejected
rain_toelz,frozen,2015-05-04 16:00:00+00:00,2015-05-06 03:00:00+00:00,36,0.0,0.0,0.3,0.1,plausible_physical_zero_not_rejected
rain_toelz,frozen,2015-05-07 02:00:00+00:00,2015-05-09 06:00:00+00:00,53,0.0,0.0,1.6,0.8,plausible_physical_zero_not_rejected
rain_toelz,frozen,2015-05-10 03:00:00+00:00,2015-05-13 16:00:00+00:00,86,0.0,0.0,3.1,0.1,plausible_physical_zero_not_rejected
rain_toelz,frozen,2015-05-15 19:00:00+00:00,2015-05-17 02:00:00+00:00,32,0.0,0.0,0.2,0.5,plausible_physical_zero_not_rejected
rain_toelz,frozen,2015-05-17 11:00:00+00:00,2015-05-18 18:00:00+00:00,32,0.0,0.0,0.6,0.1,plausible_physical_zero_not_rejected
rain_toelz,frozen,2015-05-24 05:00:00+00:00,2015-05-25 18:00:00+00:00,38,0.0,0.0,0.4,0.2,plausible_physical_zero_not_rejected
rain_toelz,frozen,2015-05-27 09:00:00+00:00,2015-05-29 20:00:00+00:00,60,0.0,0.0,0.2,0.2,plausible_physical_zero_not_rejected
rain_toelz,frozen,2015-05-30 06:00:00+00:00,2015-06-01 16:00:00+00:00,59,0.0,0.0,0.1,0.9,plausible_physical_zero_not_rejected
rain_toelz,frozen,2015-06-02 03:00:00+00:00,2015-06-06 17:00:00+00:00,111,0.0,0.0,0.2,0.1,plausible_physical_zero_not_rejected
rain_toelz,frozen,2015-06-10 00:00:00+00:00,2015-06-11 19:00:00+00:00,44,0.0,0.0,0.1,0.2,plausible_physical_zero_not_rejected
rain_toelz,frozen,2015-06-11 22:00:00+00:00,2015-06-13 18:00:00+00:00,45,0.0,0.0,0.1,0.1,plausible_physical_zero_not_rejected
rain_toelz,frozen,2015-06-16 03:00:00+00:00,2015-06-18 11:00:00+00:00,57,0.0,0.0,0.1,0.4,plausible_physical_zero_not_rejected
rain_toelz,frozen,2015-06-24 06:00:00+00:00,2015-06-27 13:00:00+00:00,80,0.0,0.0,0.6,0.1,plausible_physical_zero_not_rejected
rain_toelz,frozen,2015-06-28 05:00:00+00:00,2015-07-06 03:00:00+00:00,191,0.0,0.0,0.1,0.8,plausible_physical_zero_not_rejected
rain_toelz,frozen,2015-07-06 08:00:00+00:00,2015-07-07 20:00:00+00:00,37,0.0,0.0,0.1,11.3,plausible_physical_zero_not_rejected
rain_toelz,frozen,2015-07-09 02:00:00+00:00,2015-07-12 23:00:00+00:00,94,0.0,0.0,0.3,0.5,plausible_physical_zero_not_rejected
rain_toelz,frozen,2015-07-14 07:00:00+00:00,2015-07-17 17:00:00+00:00,83,0.0,0.0,0.1,0.3,plausible_physical_zero_not_rejected
rain_toelz,frozen,2015-07-17 22:00:00+00:00,2015-07-19 17:00:00+00:00,44,0.0,0.0,0.1,1.7,plausible_physical_zero_not_rejected
rain_toelz,frozen,2015-07-19 20:00:00+00:00,2015-07-22 14:00:00+00:00,67,0.0,0.0,1.6,0.2,plausible_physical_zero_not_rejected
rain_toelz,frozen,2015-07-22 18:00:00+00:00,2015-07-23 20:00:00+00:00,27,0.0,0.0,0.6,0.1,plausible_physical_zero_not_rejected
rain_toelz,frozen,2015-07-23 23:00:00+00:00,2015-07-25 13:00:00+00:00,39,0.0,0.0,0.2,0.5,plausible_physical_zero_not_rejected
rain_toelz,frozen,2015-07-25 15:00:00+00:00,2015-07-26 21:00:00+00:00,31,0.0,0.0,0.5,1.3,plausible_physical_zero_not_rejected
rain_toelz,frozen,2015-07-27 07:00:00+00:00,2015-07-28 20:00:00+00:00,38,0.0,0.0,1.8,0.1,plausible_physical_zero_not_rejected
rain_toelz,frozen,2015-07-29 22:00:00+00:00,2015-08-01 15:00:00+00:00,66,0.0,0.0,2.1,0.1,plausible_physical_zero_not_rejected
rain_toelz,frozen,2015-08-02 09:00:00+00:00,2015-08-08 15:00:00+00:00,151,0.0,0.0,0.8,10.3,plausible_physical_zero_not_rejected
rain_toelz,frozen,2015-08-08 19:00:00+00:00,2015-08-14 17:00:00+00:00,143,0.0,0.0,1.1,0.1,plausible_physical_zero_not_rejected
rain_toelz,frozen,2015-08-20 21:00:00+00:00,2015-08-23 16:00:00+00:00,68,0.0,0.0,1.1,0.3,plausible_physical_zero_not_rejected
rain_toelz,frozen,2015-08-23 19:00:00+00:00,2015-08-25 01:00:00+00:00,31,0.0,0.0,1.4,0.5,plausible_physical_zero_not_rejected
rain_toelz,frozen,2015-08-25 10:00:00+00:00,2015-09-01 16:00:00+00:00,175,0.0,0.0,0.4,0.2,plausible_physical_zero_not_rejected
rain_toelz,frozen,2015-09-06 14:00:00+00:00,2015-09-11 14:00:00+00:00,121,0.0,0.0,0.4,1.2,plausible_physical_zero_not_rejected
rain_toelz,frozen,2015-09-11 23:00:00+00:00,2015-09-14 01:00:00+00:00,51,0.0,0.0,0.2,0.3,plausible_physical_zero_not_rejected
rain_toelz,frozen,2015-09-14 18:00:00+00:00,2015-09-17 15:00:00+00:00,70,0.0,0.0,0.4,0.4,plausible_physical_zero_not_rejected
rain_toelz,frozen,2015-09-17 19:00:00+00:00,2015-09-18 20:00:00+00:00,26,0.0,0.0,0.9,0.3,plausible_physical_zero_not_rejected
rain_toelz,frozen,2015-09-20 13:00:00+00:00,2015-09-22 19:00:00+00:00,55,0.0,0.0,0.1,0.3,plausible_physical_zero_not_rejected
rain_toelz,frozen,2015-09-23 14:00:00+00:00,2015-10-04 11:00:00+00:00,262,0.0,0.0,0.1,2.5,plausible_physical_zero_not_rejected
rain_toelz,frozen,2015-10-04 14:00:00+00:00,2015-10-05 22:00:00+00:00,33,0.0,0.0,0.2,0.3,plausible_physical_zero_not_rejected
rain_toelz,frozen,2015-10-08 05:00:00+00:00,2015-10-10 21:00:00+00:00,65,0.0,0.0,0.1,0.1,plausible_physical_zero_not_rejected
rain_toelz,frozen,2015-10-11 07:00:00+00:00,2015-10-13 04:00:00+00:00,46,0.0,0.0,0.2,0.3,plausible_physical_zero_not_rejected
rain_toelz,frozen,2015-10-16 09:00:00+00:00,2015-10-18 05:00:00+00:00,45,0.0,0.0,0.4,0.2,plausible_physical_zero_not_rejected
rain_toelz,frozen,2015-10-19 20:00:00+00:00,2015-10-22 22:00:00+00:00,75,0.0,0.0,0.1,0.1,plausible_physical_zero_not_rejected
rain_toelz,frozen,2015-10-23 09:00:00+00:00,2015-10-29 05:00:00+00:00,141,0.0,0.0,0.2,0.1,plausible_physical_zero_not_rejected
rain_toelz,frozen,2015-10-29 11:00:00+00:00,2015-11-13 23:00:00+00:00,373,0.0,0.0,0.4,0.5,plausible_physical_zero_not_rejected
rain_toelz,frozen,2015-11-15 05:00:00+00:00,2015-11-17 11:00:00+00:00,55,0.0,0.0,0.1,0.2,plausible_physical_zero_not_rejected
rain_toelz,frozen,2015-11-17 13:00:00+00:00,2015-11-20 06:00:00+00:00,66,0.0,0.0,0.2,0.7,plausible_physical_zero_not_rejected
rain_toelz,frozen,2015-11-23 11:00:00+00:00,2015-11-25 12:00:00+00:00,50,0.0,0.0,0.1,0.1,plausible_physical_zero_not_rejected
rain_toelz,frozen,2015-11-26 21:00:00+00:00,2015-11-28 10:00:00+00:00,38,0.0,0.0,0.1,0.7,plausible_physical_zero_not_rejected
rain_toelz,frozen,2015-12-02 00:00:00+00:00,2015-12-04 18:00:00+00:00,67,0.0,0.0,0.1,0.5,plausible_physical_zero_not_rejected
rain_toelz,frozen,2015-12-05 02:00:00+00:00,2015-12-09 08:00:00+00:00,103,0.0,0.0,0.1,0.2,plausible_physical_zero_not_rejected
rain_toelz,frozen,2015-12-09 18:00:00+00:00,2015-12-16 11:00:00+00:00,162,0.0,0.0,0.6,0.1,plausible_physical_zero_not_rejected
rain_toelz,frozen,2015-12-18 23:00:00+00:00,2015-12-21 11:00:00+00:00,61,0.0,0.0,0.1,0.2,plausible_physical_zero_not_rejected
rain_toelz,frozen,2015-12-21 14:00:00+00:00,2015-12-31 14:00:00+00:00,241,0.0,0.0,0.4,0.2,plausible_physical_zero_not_rejected
rain_toelz,frozen,2016-01-01 10:00:00+00:00,2016-01-02 20:00:00+00:00,35,0.0,0.0,0.5,0.1,plausible_physical_zero_not_rejected
rain_toelz,frozen,2016-01-05 09:00:00+00:00,2016-01-06 17:00:00+00:00,33,0.0,0.0,0.2,0.3,plausible_physical_zero_not_rejected
rain_toelz,frozen,2016-01-13 02:00:00+00:00,2016-01-14 19:00:00+00:00,42,0.0,0.0,0.4,0.2,plausible_physical_zero_not_rejected
rain_toelz,frozen,2016-01-18 02:00:00+00:00,2016-01-19 13:00:00+00:00,36,0.0,0.0,0.1,0.1,plausible_physical_zero_not_rejected
rain_toelz,frozen,2016-01-20 05:00:00+00:00,2016-01-23 05:00:00+00:00,73,0.0,0.0,0.2,0.8,plausible_physical_zero_not_rejected
rain_toelz,frozen,2016-01-23 12:00:00+00:00,2016-01-25 03:00:00+00:00,40,0.0,0.0,0.1,0.1,plausible_physical_zero_not_rejected
rain_toelz,frozen,2016-01-25 06:00:00+00:00,2016-01-28 17:00:00+00:00,84,0.0,0.0,0.1,0.4,plausible_physical_zero_not_rejected
rain_toelz,frozen,2016-01-29 11:00:00+00:00,2016-01-30 22:00:00+00:00,36,0.0,0.0,0.7,0.4,plausible_physical_zero_not_rejected
rain_toelz,frozen,2016-02-01 05:00:00+00:00,2016-02-03 05:00:00+00:00,49,0.0,0.0,0.1,0.1,plausible_physical_zero_not_rejected
rain_toelz,frozen,2016-02-05 08:00:00+00:00,2016-02-07 20:00:00+00:00,61,0.0,0.0,0.2,0.3,plausible_physical_zero_not_rejected
rain_toelz,frozen,2016-02-11 09:00:00+00:00,2016-02-13 06:00:00+00:00,46,0.0,0.0,0.1,0.2,plausible_physical_zero_not_rejected
rain_toelz,frozen,2016-02-17 11:00:00+00:00,2016-02-19 12:00:00+00:00,50,0.0,0.0,0.4,0.2,plausible_physical_zero_not_rejected
rain_toelz,frozen,2016-02-21 12:00:00+00:00,2016-02-23 12:00:00+00:00,49,0.0,0.0,0.2,0.1,plausible_physical_zero_not_rejected
rain_toelz,frozen,2016-02-23 22:00:00+00:00,2016-02-24 21:00:00+00:00,24,0.0,0.0,0.2,0.1,plausible_physical_zero_not_rejected
rain_toelz,frozen,2016-02-25 18:00:00+00:00,2016-02-29 08:00:00+00:00,87,0.0,0.0,0.2,0.1,plausible_physical_zero_not_rejected
rain_toelz,frozen,2016-03-04 02:00:00+00:00,2016-03-05 17:00:00+00:00,40,0.0,0.0,0.4,0.2,plausible_physical_zero_not_rejected
rain_toelz,frozen,2016-03-06 04:00:00+00:00,2016-03-08 02:00:00+00:00,47,0.0,0.0,0.5,0.1,plausible_physical_zero_not_rejected
rain_toelz,frozen,2016-03-08 17:00:00+00:00,2016-03-12 19:00:00+00:00,99,0.0,0.0,0.1,0.1,plausible_physical_zero_not_rejected
rain_toelz,frozen,2016-03-13 10:00:00+00:00,2016-03-15 09:00:00+00:00,48,0.0,0.0,0.1,0.5,plausible_physical_zero_not_rejected
rain_toelz,frozen,2016-03-15 17:00:00+00:00,2016-03-23 11:00:00+00:00,187,0.0,0.0,0.1,0.1,plausible_physical_zero_not_rejected
rain_toelz,frozen,2016-03-24 03:00:00+00:00,2016-03-25 06:00:00+00:00,28,0.0,0.0,0.4,0.2,plausible_physical_zero_not_rejected
rain_toelz,frozen,2016-03-26 09:00:00+00:00,2016-03-27 19:00:00+00:00,35,0.0,0.0,0.1,0.3,plausible_physical_zero_not_rejected
rain_toelz,frozen,2016-03-28 00:00:00+00:00,2016-03-29 10:00:00+00:00,35,0.0,0.0,0.3,0.5,plausible_physical_zero_not_rejected
rain_toelz,frozen,2016-03-30 06:00:00+00:00,2016-04-01 17:00:00+00:00,60,0.0,0.0,0.2,0.1,plausible_physical_zero_not_rejected
rain_toelz,frozen,2016-04-01 19:00:00+00:00,2016-04-06 00:00:00+00:00,102,0.0,0.0,0.1,0.1,plausible_physical_zero_not_rejected
rain_toelz,frozen,2016-04-06 16:00:00+00:00,2016-04-07 17:00:00+00:00,26,0.0,0.0,0.2,0.1,plausible_physical_zero_not_rejected
rain_toelz,frozen,2016-04-09 23:00:00+00:00,2016-04-11 19:00:00+00:00,45,0.0,0.0,0.1,0.1,plausible_physical_zero_not_rejected
rain_toelz,frozen,2016-04-12 10:00:00+00:00,2016-04-13 14:00:00+00:00,29,0.0,0.0,4.1,6.7,plausible_physical_zero_not_rejected
rain_toelz,frozen,2016-04-15 17:00:00+00:00,2016-04-17 11:00:00+00:00,43,0.0,0.0,0.1,0.1,plausible_physical_zero_not_rejected
rain_toelz,frozen,2016-04-18 23:00:00+00:00,2016-04-23 12:00:00+00:00,110,0.0,0.0,0.1,0.1,plausible_physical_zero_not_rejected
rain_toelz,frozen,2016-04-25 15:00:00+00:00,2016-04-26 14:00:00+00:00,24,0.0,0.0,0.2,0.8,plausible_physical_zero_not_rejected
rain_toelz,frozen,2016-04-27 08:00:00+00:00,2016-04-28 18:00:00+00:00,35,0.0,0.0,0.1,0.1,plausible_physical_zero_not_rejected
rain_toelz,frozen,2016-04-28 20:00:00+00:00,2016-05-01 10:00:00+00:00,63,0.0,0.0,0.1,0.3,plausible_physical_zero_not_rejected
rain_toelz,frozen,2016-05-02 03:00:00+00:00,2016-05-03 07:00:00+00:00,29,0.0,0.0,0.1,0.2,plausible_physical_zero_not_rejected
rain_toelz,frozen,2016-05-04 13:00:00+00:00,2016-05-10 16:00:00+00:00,148,0.0,0.0,0.3,0.1,plausible_physical_zero_not_rejected
rain_toelz,frozen,2016-05-17 14:00:00+00:00,2016-05-19 02:00:00+00:00,37,0.0,0.0,0.1,1.5,plausible_physical_zero_not_rejected
rain_toelz,frozen,2016-05-20 08:00:00+00:00,2016-05-23 09:00:00+00:00,74,0.0,0.0,0.1,0.5,plausible_physical_zero_not_rejected
rain_toelz,frozen,2016-05-24 19:00:00+00:00,2016-05-27 18:00:00+00:00,72,0.0,0.0,0.1,0.2,plausible_physical_zero_not_rejected
rain_toelz,frozen,2016-05-28 17:00:00+00:00,2016-05-29 16:00:00+00:00,24,0.0,0.0,0.1,0.6,plausible_physical_zero_not_rejected
rain_toelz,frozen,2016-06-05 10:00:00+00:00,2016-06-08 08:00:00+00:00,71,0.0,0.0,0.8,0.1,plausible_physical_zero_not_rejected
rain_toelz,frozen,2016-06-09 19:00:00+00:00,2016-06-11 10:00:00+00:00,40,0.0,0.0,0.2,1.5,plausible_physical_zero_not_rejected
rain_toelz,frozen,2016-06-20 04:00:00+00:00,2016-06-24 23:00:00+00:00,116,0.0,0.0,2.3,0.1,plausible_physical_zero_not_rejected
rain_toelz,frozen,2016-06-27 06:00:00+00:00,2016-06-29 21:00:00+00:00,64,0.0,0.0,0.1,0.9,plausible_physical_zero_not_rejected
rain_toelz,frozen,2016-07-01 01:00:00+00:00,2016-07-02 11:00:00+00:00,35,0.0,0.0,0.1,0.1,plausible_physical_zero_not_rejected
rain_toelz,frozen,2016-07-03 03:00:00+00:00,2016-07-06 07:00:00+00:00,77,0.0,0.0,0.2,0.3,plausible_physical_zero_not_rejected
rain_toelz,frozen,2016-07-06 09:00:00+00:00,2016-07-09 06:00:00+00:00,70,0.0,0.0,0.3,0.2,plausible_physical_zero_not_rejected
rain_toelz,frozen,2016-07-09 08:00:00+00:00,2016-07-11 13:00:00+00:00,54,0.0,0.0,0.2,8.6,plausible_physical_zero_not_rejected
rain_toelz,frozen,2016-07-15 03:00:00+00:00,2016-07-17 04:00:00+00:00,50,0.0,0.0,0.8,0.1,plausible_physical_zero_not_rejected
rain_toelz,frozen,2016-07-17 10:00:00+00:00,2016-07-21 06:00:00+00:00,93,0.0,0.0,0.1,0.2,plausible_physical_zero_not_rejected
rain_toelz,frozen,2016-07-29 07:00:00+00:00,2016-07-31 07:00:00+00:00,49,0.0,0.0,0.1,0.4,plausible_physical_zero_not_rejected
rain_toelz,frozen,2016-07-31 23:00:00+00:00,2016-08-02 17:00:00+00:00,43,0.0,0.0,0.2,0.1,plausible_physical_zero_not_rejected
rain_toelz,frozen,2016-08-02 23:00:00+00:00,2016-08-04 22:00:00+00:00,48,0.0,0.0,0.3,0.1,plausible_physical_zero_not_rejected
rain_toelz,frozen,2016-08-06 06:00:00+00:00,2016-08-09 02:00:00+00:00,69,0.0,0.0,0.1,0.1,plausible_physical_zero_not_rejected
rain_toelz,frozen,2016-08-12 19:00:00+00:00,2016-08-16 19:00:00+00:00,97,0.0,0.0,0.2,0.5,plausible_physical_zero_not_rejected
rain_toelz,frozen,2016-08-16 22:00:00+00:00,2016-08-18 01:00:00+00:00,28,0.0,0.0,1.2,4.9,plausible_physical_zero_not_rejected
rain_toelz,frozen,2016-08-19 08:00:00+00:00,2016-08-20 16:00:00+00:00,33,0.0,0.0,0.3,0.6,plausible_physical_zero_not_rejected
rain_toelz,frozen,2016-08-21 22:00:00+00:00,2016-08-29 04:00:00+00:00,175,0.0,0.0,5.4,0.1,plausible_physical_zero_not_rejected
rain_toelz,frozen,2016-08-29 23:00:00+00:00,2016-09-01 05:00:00+00:00,55,0.0,0.0,0.2,2.3,plausible_physical_zero_not_rejected
rain_toelz,frozen,2016-09-01 10:00:00+00:00,2016-09-04 17:00:00+00:00,80,0.0,0.0,0.8,0.3,plausible_physical_zero_not_rejected
rain_toelz,frozen,2016-09-06 09:00:00+00:00,2016-09-16 19:00:00+00:00,251,0.0,0.0,0.4,0.3,plausible_physical_zero_not_rejected
rain_toelz,frozen,2016-09-20 12:00:00+00:00,2016-10-01 18:00:00+00:00,271,0.0,0.0,0.1,0.1,plausible_physical_zero_not_rejected
rain_toelz,frozen,2016-10-04 23:00:00+00:00,2016-10-06 04:00:00+00:00,30,0.0,0.0,0.1,0.1,plausible_physical_zero_not_rejected
rain_toelz,frozen,2016-10-06 06:00:00+00:00,2016-10-07 05:00:00+00:00,24,0.0,0.0,0.1,0.1,plausible_physical_zero_not_rejected
rain_toelz,frozen,2016-10-08 22:00:00+00:00,2016-10-11 19:00:00+00:00,70,0.0,0.0,0.7,0.5,plausible_physical_zero_not_rejected
rain_toelz,frozen,2016-10-12 04:00:00+00:00,2016-10-17 22:00:00+00:00,139,0.0,0.0,0.1,0.4,plausible_physical_zero_not_rejected
rain_toelz,frozen,2016-10-19 08:00:00+00:00,2016-10-21 05:00:00+00:00,46,0.0,0.0,0.4,0.1,plausible_physical_zero_not_rejected
rain_toelz,frozen,2016-10-22 01:00:00+00:00,2016-10-23 18:00:00+00:00,42,0.0,0.0,0.1,0.8,plausible_physical_zero_not_rejected
rain_toelz,frozen,2016-10-23 21:00:00+00:00,2016-10-25 06:00:00+00:00,34,0.0,0.0,0.1,2.2,plausible_physical_zero_not_rejected
rain_toelz,frozen,2016-10-26 19:00:00+00:00,2016-10-29 16:00:00+00:00,70,0.0,0.0,0.1,0.1,plausible_physical_zero_not_rejected
rain_toelz,frozen,2016-10-29 19:00:00+00:00,2016-11-02 16:00:00+00:00,94,0.0,0.0,0.1,1.9,plausible_physical_zero_not_rejected
rain_toelz,frozen,2016-11-03 01:00:00+00:00,2016-11-05 20:00:00+00:00,68,0.0,0.0,0.1,0.1,plausible_physical_zero_not_rejected
rain_toelz,frozen,2016-11-07 11:00:00+00:00,2016-11-08 22:00:00+00:00,36,0.0,0.0,0.1,0.7,plausible_physical_zero_not_rejected
rain_toelz,frozen,2016-11-12 10:00:00+00:00,2016-11-15 18:00:00+00:00,81,0.0,0.0,0.1,0.1,plausible_physical_zero_not_rejected
rain_toelz,frozen,2016-11-17 12:00:00+00:00,2016-11-18 23:00:00+00:00,36,0.0,0.0,0.1,0.1,plausible_physical_zero_not_rejected
rain_toelz,frozen,2016-11-19 17:00:00+00:00,2016-11-27 00:00:00+00:00,176,0.0,0.0,0.2,0.2,plausible_physical_zero_not_rejected
rain_toelz,frozen,2016-11-28 01:00:00+00:00,2016-12-02 15:00:00+00:00,111,0.0,0.0,0.6,0.1,plausible_physical_zero_not_rejected
rain_toelz,frozen,2016-12-03 01:00:00+00:00,2016-12-11 14:00:00+00:00,206,0.0,0.0,0.3,0.1,plausible_physical_zero_not_rejected
rain_toelz,frozen,2016-12-12 16:00:00+00:00,2016-12-18 18:00:00+00:00,147,0.0,0.0,0.1,1.0,plausible_physical_zero_not_rejected
rain_toelz,frozen,2016-12-19 03:00:00+00:00,2016-12-24 14:00:00+00:00,132,0.0,0.0,0.1,0.4,plausible_physical_zero_not_rejected
rain_toelz,frozen,2016-12-25 15:00:00+00:00,2016-12-26 14:00:00+00:00,24,0.0,0.0,0.3,0.1,plausible_physical_zero_not_rejected
rain_toelz,frozen,2016-12-27 02:00:00+00:00,2017-01-02 16:00:00+00:00,159,0.0,0.0,0.1,0.9,plausible_physical_zero_not_rejected
rain_toelz,frozen,2017-01-03 07:00:00+00:00,2017-01-04 06:00:00+00:00,24,0.0,0.0,0.1,0.2,plausible_physical_zero_not_rejected
rain_toelz,frozen,2017-01-08 19:00:00+00:00,2017-01-10 22:00:00+00:00,52,0.0,0.0,0.5,0.1,plausible_physical_zero_not_rejected
rain_toelz,frozen,2017-01-17 17:00:00+00:00,2017-01-21 08:00:00+00:00,88,0.0,0.0,0.1,0.1,plausible_physical_zero_not_rejected
rain_toelz,frozen,2017-01-21 10:00:00+00:00,2017-01-30 16:00:00+00:00,223,0.0,0.0,0.1,0.1,plausible_physical_zero_not_rejected
rain_toelz,frozen,2017-02-01 20:00:00+00:00,2017-02-04 03:00:00+00:00,56,0.0,0.0,0.3,0.2,plausible_physical_zero_not_rejected
rain_toelz,frozen,2017-02-06 15:00:00+00:00,2017-02-17 03:00:00+00:00,253,0.0,0.0,0.8,0.2,plausible_physical_zero_not_rejected
rain_toelz,frozen,2017-02-18 11:00:00+00:00,2017-02-20 01:00:00+00:00,39,0.0,0.0,0.1,0.2,plausible_physical_zero_not_rejected
rain_toelz,frozen,2017-02-22 09:00:00+00:00,2017-02-24 02:00:00+00:00,42,0.0,0.0,0.1,0.2,plausible_physical_zero_not_rejected
rain_toelz,frozen,2017-02-24 21:00:00+00:00,2017-02-28 07:00:00+00:00,83,0.0,0.0,0.1,0.6,plausible_physical_zero_not_rejected
rain_toelz,frozen,2017-03-02 12:00:00+00:00,2017-03-05 05:00:00+00:00,66,0.0,0.0,0.2,1.0,plausible_physical_zero_not_rejected
rain_toelz,frozen,2017-03-07 19:00:00+00:00,2017-03-08 18:00:00+00:00,24,0.0,0.0,0.6,0.3,plausible_physical_zero_not_rejected
rain_toelz,frozen,2017-03-10 02:00:00+00:00,2017-03-18 07:00:00+00:00,198,0.0,0.0,0.9,0.7,plausible_physical_zero_not_rejected
rain_toelz,frozen,2017-03-19 16:00:00+00:00,2017-03-21 22:00:00+00:00,55,0.0,0.0,0.2,0.6,plausible_physical_zero_not_rejected
rain_toelz,frozen,2017-03-22 13:00:00+00:00,2017-04-03 10:00:00+00:00,286,0.0,0.0,0.2,0.1,plausible_physical_zero_not_rejected
rain_toelz,frozen,2017-04-06 02:00:00+00:00,2017-04-10 22:00:00+00:00,117,0.0,0.0,0.3,0.7,plausible_physical_zero_not_rejected
rain_toelz,frozen,2017-04-11 06:00:00+00:00,2017-04-15 12:00:00+00:00,103,0.0,0.0,0.5,0.1,plausible_physical_zero_not_rejected
rain_toelz,frozen,2017-04-20 14:00:00+00:00,2017-04-22 16:00:00+00:00,51,0.0,0.0,0.1,0.1,plausible_physical_zero_not_rejected
rain_toelz,frozen,2017-04-23 07:00:00+00:00,2017-04-25 12:00:00+00:00,54,0.0,0.0,0.2,0.7,plausible_physical_zero_not_rejected
rain_toelz,frozen,2017-04-29 00:00:00+00:00,2017-05-01 13:00:00+00:00,62,0.0,0.0,0.4,0.6,plausible_physical_zero_not_rejected
rain_toelz,frozen,2017-05-02 08:00:00+00:00,2017-05-03 14:00:00+00:00,31,0.0,0.0,0.1,0.1,plausible_physical_zero_not_rejected
rain_toelz,frozen,2017-05-05 10:00:00+00:00,2017-05-06 19:00:00+00:00,34,0.0,0.0,0.1,0.6,plausible_physical_zero_not_rejected
rain_toelz,frozen,2017-05-09 13:00:00+00:00,2017-05-12 01:00:00+00:00,61,0.0,0.0,0.1,0.1,plausible_physical_zero_not_rejected
rain_toelz,frozen,2017-05-15 14:00:00+00:00,2017-05-19 18:00:00+00:00,101,0.0,0.0,0.2,0.8,plausible_physical_zero_not_rejected
rain_toelz,frozen,2017-05-19 22:00:00+00:00,2017-05-20 21:00:00+00:00,24,0.0,0.0,0.3,0.2,plausible_physical_zero_not_rejected
rain_toelz,frozen,2017-05-20 23:00:00+00:00,2017-05-23 17:00:00+00:00,67,0.0,0.0,0.2,0.6,plausible_physical_zero_not_rejected
rain_toelz,frozen,2017-05-25 00:00:00+00:00,2017-05-30 16:00:00+00:00,137,0.0,0.0,0.1,0.3,plausible_physical_zero_not_rejected
rain_toelz,frozen,2017-06-01 10:00:00+00:00,2017-06-02 12:00:00+00:00,27,0.0,0.0,1.7,0.2,plausible_physical_zero_not_rejected
rain_toelz,frozen,2017-06-02 15:00:00+00:00,2017-06-04 05:00:00+00:00,39,0.0,0.0,0.3,0.1,plausible_physical_zero_not_rejected
rain_toelz,frozen,2017-06-06 18:00:00+00:00,2017-06-09 19:00:00+00:00,74,0.0,0.0,2.1,0.3,plausible_physical_zero_not_rejected
rain_toelz,frozen,2017-06-10 03:00:00+00:00,2017-06-12 17:00:00+00:00,63,0.0,0.0,1.0,0.8,plausible_physical_zero_not_rejected
rain_toelz,frozen,2017-06-12 21:00:00+00:00,2017-06-15 22:00:00+00:00,74,0.0,0.0,0.7,0.5,plausible_physical_zero_not_rejected
rain_toelz,frozen,2017-06-16 15:00:00+00:00,2017-06-20 23:00:00+00:00,105,0.0,0.0,1.3,2.9,plausible_physical_zero_not_rejected
rain_toelz,frozen,2017-06-21 04:00:00+00:00,2017-06-23 05:00:00+00:00,50,0.0,0.0,0.2,0.1,plausible_physical_zero_not_rejected
rain_toelz,frozen,2017-06-23 07:00:00+00:00,2017-06-25 05:00:00+00:00,47,0.0,0.0,0.1,1.2,plausible_physical_zero_not_rejected
rain_toelz,frozen,2017-06-25 13:00:00+00:00,2017-06-26 21:00:00+00:00,33,0.0,0.0,2.2,0.4,plausible_physical_zero_not_rejected
rain_toelz,frozen,2017-07-03 09:00:00+00:00,2017-07-07 20:00:00+00:00,108,0.0,0.0,0.3,6.3,plausible_physical_zero_not_rejected
rain_toelz,frozen,2017-07-15 07:00:00+00:00,2017-07-20 12:00:00+00:00,126,0.0,0.0,1.4,1.2,plausible_physical_zero_not_rejected
rain_toelz,frozen,2017-07-28 14:00:00+00:00,2017-07-29 20:00:00+00:00,31,0.0,0.0,0.2,0.9,plausible_physical_zero_not_rejected
rain_toelz,frozen,2017-07-30 21:00:00+00:00,2017-08-01 19:00:00+00:00,47,0.0,0.0,1.5,12.7,plausible_physical_zero_not_rejected
rain_toelz,frozen,2017-08-02 05:00:00+00:00,2017-08-05 21:00:00+00:00,89,0.0,0.0,5.0,0.6,plausible_physical_zero_not_rejected
rain_toelz,frozen,2017-08-06 17:00:00+00:00,2017-08-08 14:00:00+00:00,46,0.0,0.0,0.2,0.1,plausible_physical_zero_not_rejected
rain_toelz,frozen,2017-08-12 13:00:00+00:00,2017-08-15 23:00:00+00:00,83,0.0,0.0,0.4,13.0,plausible_physical_zero_not_rejected
rain_toelz,frozen,2017-08-16 07:00:00+00:00,2017-08-18 19:00:00+00:00,61,0.0,0.0,0.1,5.1,plausible_physical_zero_not_rejected
rain_toelz,frozen,2017-08-20 04:00:00+00:00,2017-08-24 18:00:00+00:00,111,0.0,0.0,5.5,11.8,plausible_physical_zero_not_rejected
rain_toelz,frozen,2017-08-24 23:00:00+00:00,2017-08-27 13:00:00+00:00,63,0.0,0.0,0.2,0.1,plausible_physical_zero_not_rejected
rain_toelz,frozen,2017-08-28 15:00:00+00:00,2017-08-31 11:00:00+00:00,69,0.0,0.0,2.9,0.4,plausible_physical_zero_not_rejected
rain_toelz,frozen,2017-09-03 20:00:00+00:00,2017-09-04 23:00:00+00:00,28,0.0,0.0,0.3,0.4,plausible_physical_zero_not_rejected
rain_toelz,frozen,2017-09-07 13:00:00+00:00,2017-09-09 19:00:00+00:00,55,0.0,0.0,0.6,0.2,plausible_physical_zero_not_rejected
rain_toelz,frozen,2017-09-10 19:00:00+00:00,2017-09-11 18:00:00+00:00,24,0.0,0.0,0.1,0.2,plausible_physical_zero_not_rejected
rain_toelz,frozen,2017-09-14 17:00:00+00:00,2017-09-16 00:00:00+00:00,32,0.0,0.0,0.1,0.1,plausible_physical_zero_not_rejected
rain_toelz,frozen,2017-09-21 00:00:00+00:00,2017-09-24 11:00:00+00:00,84,0.0,0.0,0.1,0.1,plausible_physical_zero_not_rejected
rain_toelz,frozen,2017-09-24 16:00:00+00:00,2017-09-25 17:00:00+00:00,26,0.0,0.0,0.1,0.1,plausible_physical_zero_not_rejected
rain_toelz,frozen,2017-09-26 08:00:00+00:00,2017-09-30 21:00:00+00:00,110,0.0,0.0,0.1,1.4,plausible_physical_zero_not_rejected
rain_toelz,frozen,2017-10-01 16:00:00+00:00,2017-10-02 15:00:00+00:00,24,0.0,0.0,0.3,0.2,plausible_physical_zero_not_rejected
rain_toelz,frozen,2017-10-03 16:00:00+00:00,2017-10-05 17:00:00+00:00,50,0.0,0.0,1.5,0.4,plausible_physical_zero_not_rejected
rain_toelz,frozen,2017-10-10 22:00:00+00:00,2017-10-21 06:00:00+00:00,249,0.0,0.0,0.3,0.4,plausible_physical_zero_not_rejected
rain_toelz,frozen,2017-10-24 05:00:00+00:00,2017-10-27 05:00:00+00:00,73,0.0,0.0,0.4,0.1,plausible_physical_zero_not_rejected
rain_toelz,frozen,2017-10-27 20:00:00+00:00,2017-10-28 22:00:00+00:00,27,0.0,0.0,0.9,0.1,plausible_physical_zero_not_rejected
rain_toelz,frozen,2017-10-29 17:00:00+00:00,2017-11-01 12:00:00+00:00,68,0.0,0.0,0.1,0.1,plausible_physical_zero_not_rejected
rain_toelz,frozen,2017-11-01 14:00:00+00:00,2017-11-02 23:00:00+00:00,34,0.0,0.0,0.1,1.3,plausible_physical_zero_not_rejected
rain_toelz,frozen,2017-11-03 10:00:00+00:00,2017-11-05 13:00:00+00:00,52,0.0,0.0,0.1,3.6,plausible_physical_zero_not_rejected
rain_toelz,frozen,2017-11-07 04:00:00+00:00,2017-11-10 14:00:00+00:00,83,0.0,0.0,0.1,0.2,plausible_physical_zero_not_rejected
rain_toelz,frozen,2017-11-14 02:00:00+00:00,2017-11-18 12:00:00+00:00,107,0.0,0.0,0.8,0.1,plausible_physical_zero_not_rejected
rain_toelz,frozen,2017-11-21 15:00:00+00:00,2017-11-25 11:00:00+00:00,93,0.0,0.0,0.1,1.1,plausible_physical_zero_not_rejected
rain_toelz,frozen,2017-11-26 22:00:00+00:00,2017-11-29 04:00:00+00:00,55,0.0,0.0,0.2,0.2,plausible_physical_zero_not_rejected
rain_toelz,frozen,2017-11-30 17:00:00+00:00,2017-12-03 20:00:00+00:00,76,0.0,0.0,0.1,0.1,plausible_physical_zero_not_rejected
rain_toelz,frozen,2017-12-05 04:00:00+00:00,2017-12-08 07:00:00+00:00,76,0.0,0.0,0.2,0.1,plausible_physical_zero_not_rejected
rain_toelz,frozen,2017-12-09 13:00:00+00:00,2017-12-10 14:00:00+00:00,26,0.0,0.0,0.2,0.5,plausible_physical_zero_not_rejected
rain_toelz,frozen,2017-12-10 19:00:00+00:00,2017-12-11 22:00:00+00:00,28,0.0,0.0,0.2,0.9,plausible_physical_zero_not_rejected
rain_toelz,frozen,2017-12-12 23:00:00+00:00,2017-12-14 01:00:00+00:00,27,0.0,0.0,0.1,0.4,plausible_physical_zero_not_rejected
rain_toelz,frozen,2017-12-17 17:00:00+00:00,2017-12-19 08:00:00+00:00,40,0.0,0.0,0.1,0.1,plausible_physical_zero_not_rejected
rain_toelz,frozen,2017-12-20 08:00:00+00:00,2017-12-21 07:00:00+00:00,24,0.0,0.0,0.1,0.2,plausible_physical_zero_not_rejected
rain_toelz,frozen,2017-12-23 03:00:00+00:00,2017-12-27 18:00:00+00:00,112,0.0,0.0,0.1,0.1,plausible_physical_zero_not_rejected
rain_toelz,frozen,2017-12-31 01:00:00+00:00,2018-01-01 05:00:00+00:00,29,0.0,0.0,2.2,1.1,plausible_physical_zero_not_rejected
rain_toelz,frozen,2018-01-01 08:00:00+00:00,2018-01-02 08:00:00+00:00,25,0.0,0.0,0.5,0.1,plausible_physical_zero_not_rejected
rain_toelz,frozen,2018-01-05 06:00:00+00:00,2018-01-16 06:00:00+00:00,265,0.0,0.0,0.1,0.1,plausible_physical_zero_not_rejected
rain_toelz,frozen,2018-01-23 10:00:00+00:00,2018-01-30 03:00:00+00:00,162,0.0,0.0,0.2,0.6,plausible_physical_zero_not_rejected
rain_toelz,frozen,2018-01-30 11:00:00+00:00,2018-02-01 06:00:00+00:00,44,0.0,0.0,0.2,0.1,plausible_physical_zero_not_rejected
rain_toelz,frozen,2018-02-01 14:00:00+00:00,2018-02-03 11:00:00+00:00,46,0.0,0.0,0.3,0.3,plausible_physical_zero_not_rejected
rain_toelz,frozen,2018-02-04 08:00:00+00:00,2018-02-07 12:00:00+00:00,77,0.0,0.0,0.1,0.1,plausible_physical_zero_not_rejected
rain_toelz,frozen,2018-02-08 19:00:00+00:00,2018-02-10 18:00:00+00:00,48,0.0,0.0,0.1,0.2,plausible_physical_zero_not_rejected
rain_toelz,frozen,2018-02-13 02:00:00+00:00,2018-02-15 13:00:00+00:00,60,0.0,0.0,0.9,0.6,plausible_physical_zero_not_rejected
rain_toelz,frozen,2018-02-18 06:00:00+00:00,2018-02-20 05:00:00+00:00,48,0.0,0.0,0.2,0.1,plausible_physical_zero_not_rejected
rain_toelz,frozen,2018-02-22 11:00:00+00:00,2018-02-26 14:00:00+00:00,100,0.0,0.0,0.1,0.2,plausible_physical_zero_not_rejected
rain_toelz,frozen,2018-02-27 08:00:00+00:00,2018-03-02 18:00:00+00:00,83,0.0,0.0,0.1,0.1,plausible_physical_zero_not_rejected
rain_toelz,frozen,2018-03-02 21:00:00+00:00,2018-03-03 23:00:00+00:00,27,0.0,0.0,0.1,0.2,plausible_physical_zero_not_rejected
rain_toelz,frozen,2018-03-04 05:00:00+00:00,2018-03-06 12:00:00+00:00,56,0.0,0.0,0.5,0.1,plausible_physical_zero_not_rejected
rain_toelz,frozen,2018-03-07 13:00:00+00:00,2018-03-10 14:00:00+00:00,74,0.0,0.0,0.1,0.1,plausible_physical_zero_not_rejected
rain_toelz,frozen,2018-03-10 19:00:00+00:00,2018-03-11 22:00:00+00:00,28,0.0,0.0,0.2,0.1,plausible_physical_zero_not_rejected
rain_toelz,frozen,2018-03-12 14:00:00+00:00,2018-03-13 22:00:00+00:00,33,0.0,0.0,0.1,0.4,plausible_physical_zero_not_rejected
rain_toelz,frozen,2018-03-14 09:00:00+00:00,2018-03-15 23:00:00+00:00,39,0.0,0.0,0.5,0.2,plausible_physical_zero_not_rejected
rain_toelz,frozen,2018-03-16 16:00:00+00:00,2018-03-17 16:00:00+00:00,25,0.0,0.0,0.5,0.1,plausible_physical_zero_not_rejected
rain_toelz,frozen,2018-03-21 17:00:00+00:00,2018-03-22 23:00:00+00:00,31,0.0,0.0,0.3,0.3,plausible_physical_zero_not_rejected
rain_toelz,frozen,2018-03-23 10:00:00+00:00,2018-03-26 14:00:00+00:00,77,0.0,0.0,0.1,0.4,plausible_physical_zero_not_rejected
rain_toelz,frozen,2018-03-29 21:00:00+00:00,2018-03-31 03:00:00+00:00,31,0.0,0.0,0.3,0.4,plausible_physical_zero_not_rejected
rain_toelz,frozen,2018-04-01 21:00:00+00:00,2018-04-04 23:00:00+00:00,75,0.0,0.0,0.6,0.1,plausible_physical_zero_not_rejected
rain_toelz,frozen,2018-04-05 21:00:00+00:00,2018-04-13 12:00:00+00:00,184,0.0,0.0,3.1,0.2,plausible_physical_zero_not_rejected
rain_toelz,frozen,2018-04-13 17:00:00+00:00,2018-04-15 21:00:00+00:00,53,0.0,0.0,0.5,0.2,plausible_physical_zero_not_rejected
rain_toelz,frozen,2018-04-17 04:00:00+00:00,2018-04-23 15:00:00+00:00,156,0.0,0.0,1.1,0.1,plausible_physical_zero_not_rejected
rain_toelz,frozen,2018-04-24 05:00:00+00:00,2018-04-25 20:00:00+00:00,40,0.0,0.0,0.3,0.3,plausible_physical_zero_not_rejected
rain_toelz,frozen,2018-04-26 10:00:00+00:00,2018-04-30 06:00:00+00:00,93,0.0,0.0,0.3,0.2,plausible_physical_zero_not_rejected
rain_toelz,frozen,2018-04-30 09:00:00+00:00,2018-05-03 18:00:00+00:00,82,0.0,0.0,0.1,0.2,plausible_physical_zero_not_rejected
rain_toelz,frozen,2018-05-04 00:00:00+00:00,2018-05-10 19:00:00+00:00,164,0.0,0.0,1.1,0.1,plausible_physical_zero_not_rejected
rain_toelz,frozen,2018-05-11 01:00:00+00:00,2018-05-13 12:00:00+00:00,60,0.0,0.0,0.1,0.8,plausible_physical_zero_not_rejected
rain_toelz,frozen,2018-05-20 06:00:00+00:00,2018-05-21 13:00:00+00:00,32,0.0,0.0,0.1,0.8,plausible_physical_zero_not_rejected
rain_toelz,frozen,2018-05-21 15:00:00+00:00,2018-05-23 16:00:00+00:00,50,0.0,0.0,0.8,0.3,plausible_physical_zero_not_rejected
rain_toelz,frozen,2018-05-24 17:00:00+00:00,2018-05-29 20:00:00+00:00,124,0.0,0.0,0.2,7.0,plausible_physical_zero_not_rejected
rain_toelz,frozen,2018-05-29 23:00:00+00:00,2018-05-31 14:00:00+00:00,40,0.0,0.0,0.3,2.9,plausible_physical_zero_not_rejected
rain_toelz,frozen,2018-05-31 20:00:00+00:00,2018-06-02 16:00:00+00:00,45,0.0,0.0,0.1,0.2,plausible_physical_zero_not_rejected
rain_toelz,frozen,2018-06-02 20:00:00+00:00,2018-06-06 14:00:00+00:00,91,0.0,0.0,1.6,1.3,plausible_physical_zero_not_rejected
rain_toelz,frozen,2018-06-14 04:00:00+00:00,2018-06-17 20:00:00+00:00,89,0.0,0.0,1.2,0.1,plausible_physical_zero_not_rejected
rain_toelz,frozen,2018-06-18 07:00:00+00:00,2018-06-21 14:00:00+00:00,80,0.0,0.0,0.1,0.1,plausible_physical_zero_not_rejected
rain_toelz,frozen,2018-06-22 02:00:00+00:00,2018-06-23 21:00:00+00:00,44,0.0,0.0,0.6,0.2,plausible_physical_zero_not_rejected
rain_toelz,frozen,2018-06-25 12:00:00+00:00,2018-06-27 10:00:00+00:00,47,0.0,0.0,0.2,0.6,plausible_physical_zero_not_rejected
rain_toelz,frozen,2018-06-29 11:00:00+00:00,2018-07-05 14:00:00+00:00,148,0.0,0.0,0.3,1.4,plausible_physical_zero_not_rejected
rain_toelz,frozen,2018-07-07 02:00:00+00:00,2018-07-10 19:00:00+00:00,90,0.0,0.0,1.4,0.5,plausible_physical_zero_not_rejected
rain_toelz,frozen,2018-07-11 08:00:00+00:00,2018-07-16 05:00:00+00:00,118,0.0,0.0,0.2,0.3,plausible_physical_zero_not_rejected
rain_toelz,frozen,2018-07-17 16:00:00+00:00,2018-07-20 16:00:00+00:00,73,0.0,0.0,8.7,0.4,plausible_physical_zero_not_rejected
rain_toelz,frozen,2018-07-23 02:00:00+00:00,2018-07-25 13:00:00+00:00,60,0.0,0.0,0.1,0.1,plausible_physical_zero_not_rejected
rain_toelz,frozen,2018-07-25 17:00:00+00:00,2018-07-28 11:00:00+00:00,67,0.0,0.0,10.5,5.5,plausible_physical_zero_not_rejected
rain_toelz,frozen,2018-07-28 13:00:00+00:00,2018-08-08 17:00:00+00:00,269,0.0,0.0,5.5,1.3,plausible_physical_zero_not_rejected
rain_toelz,frozen,2018-08-10 18:00:00+00:00,2018-08-13 14:00:00+00:00,69,0.0,0.0,0.4,8.3,plausible_physical_zero_not_rejected
rain_toelz,frozen,2018-08-14 22:00:00+00:00,2018-08-23 16:00:00+00:00,211,0.0,0.0,1.2,0.3,plausible_physical_zero_not_rejected
rain_toelz,frozen,2018-08-26 06:00:00+00:00,2018-08-29 19:00:00+00:00,86,0.0,0.0,1.4,0.8,plausible_physical_zero_not_rejected
rain_toelz,frozen,2018-09-02 01:00:00+00:00,2018-09-03 23:00:00+00:00,47,0.0,0.0,0.1,0.8,plausible_physical_zero_not_rejected
rain_toelz,frozen,2018-09-04 16:00:00+00:00,2018-09-06 09:00:00+00:00,42,0.0,0.0,0.1,0.2,plausible_physical_zero_not_rejected
rain_toelz,frozen,2018-09-07 19:00:00+00:00,2018-09-09 04:00:00+00:00,34,0.0,0.0,0.3,0.1,plausible_physical_zero_not_rejected
rain_toelz,frozen,2018-09-09 06:00:00+00:00,2018-09-13 17:00:00+00:00,108,0.0,0.0,0.1,1.4,plausible_physical_zero_not_rejected
rain_toelz,frozen,2018-09-15 11:00:00+00:00,2018-09-18 16:00:00+00:00,78,0.0,0.0,1.0,7.7,plausible_physical_zero_not_rejected
rain_toelz,frozen,2018-09-18 21:00:00+00:00,2018-09-21 18:00:00+00:00,70,0.0,0.0,0.9,0.8,plausible_physical_zero_not_rejected
rain_toelz,frozen,2018-09-24 11:00:00+00:00,2018-10-01 00:00:00+00:00,158,0.0,0.0,0.3,0.2,plausible_physical_zero_not_rejected
rain_toelz,frozen,2018-10-03 13:00:00+00:00,2018-10-07 02:00:00+00:00,86,0.0,0.0,0.4,0.1,plausible_physical_zero_not_rejected
rain_toelz,frozen,2018-10-07 08:00:00+00:00,2018-10-23 19:00:00+00:00,396,0.0,0.0,0.1,0.3,plausible_physical_zero_not_rejected
rain_toelz,frozen,2018-10-25 03:00:00+00:00,2018-10-27 05:00:00+00:00,51,0.0,0.0,0.1,0.1,plausible_physical_zero_not_rejected
rain_toelz,frozen,2018-10-29 23:00:00+00:00,2018-11-02 15:00:00+00:00,89,0.0,0.0,2.2,0.2,plausible_physical_zero_not_rejected
rain_toelz,frozen,2018-11-03 03:00:00+00:00,2018-11-13 17:00:00+00:00,255,0.0,0.0,0.1,0.1,plausible_physical_zero_not_rejected
rain_toelz,frozen,2018-11-13 19:00:00+00:00,2018-11-19 01:00:00+00:00,127,0.0,0.0,0.1,0.1,plausible_physical_zero_not_rejected
rain_toelz,frozen,2018-11-19 08:00:00+00:00,2018-11-24 08:00:00+00:00,121,0.0,0.0,0.1,0.1,plausible_physical_zero_not_rejected
rain_toelz,frozen,2018-11-24 19:00:00+00:00,2018-11-25 18:00:00+00:00,24,0.0,0.0,0.1,0.1,plausible_physical_zero_not_rejected
rain_toelz,frozen,2018-11-27 17:00:00+00:00,2018-11-30 16:00:00+00:00,72,0.0,0.0,0.1,0.2,plausible_physical_zero_not_rejected
rain_toelz,frozen,2018-12-01 10:00:00+00:00,2018-12-02 09:00:00+00:00,24,0.0,0.0,0.6,0.1,plausible_physical_zero_not_rejected
rain_toelz,frozen,2018-12-06 19:00:00+00:00,2018-12-07 23:00:00+00:00,29,0.0,0.0,0.5,0.8,plausible_physical_zero_not_rejected
rain_toelz,frozen,2018-12-12 04:00:00+00:00,2018-12-15 08:00:00+00:00,77,0.0,0.0,0.3,0.2,plausible_physical_zero_not_rejected
rain_toelz,frozen,2018-12-16 13:00:00+00:00,2018-12-17 18:00:00+00:00,30,0.0,0.0,0.1,0.4,plausible_physical_zero_not_rejected
rain_toelz,frozen,2018-12-17 22:00:00+00:00,2018-12-19 13:00:00+00:00,40,0.0,0.0,0.6,0.1,plausible_physical_zero_not_rejected
rain_toelz,frozen,2018-12-20 07:00:00+00:00,2018-12-21 12:00:00+00:00,30,0.0,0.0,0.2,0.1,plausible_physical_zero_not_rejected
rain_toelz,frozen,2018-12-24 16:00:00+00:00,2018-12-30 00:00:00+00:00,129,0.0,0.0,0.7,2.2,plausible_physical_zero_not_rejected
rain_toelz,frozen,2019-01-02 21:00:00+00:00,2019-01-03 23:00:00+00:00,27,0.0,0.0,0.1,0.1,plausible_physical_zero_not_rejected
rain_toelz,frozen,2019-01-15 05:00:00+00:00,2019-01-17 16:00:00+00:00,60,0.0,0.0,0.1,0.4,plausible_physical_zero_not_rejected
rain_toelz,frozen,2019-01-18 06:00:00+00:00,2019-01-24 03:00:00+00:00,142,0.0,0.0,1.1,0.1,plausible_physical_zero_not_rejected
rain_toelz,frozen,2019-01-26 14:00:00+00:00,2019-01-28 00:00:00+00:00,35,0.0,0.0,0.5,0.5,plausible_physical_zero_not_rejected
rain_toelz,frozen,2019-01-29 01:00:00+00:00,2019-02-02 04:00:00+00:00,100,0.0,0.0,0.5,0.2,plausible_physical_zero_not_rejected
rain_toelz,frozen,2019-02-04 04:00:00+00:00,2019-02-07 19:00:00+00:00,88,0.0,0.0,0.1,1.3,plausible_physical_zero_not_rejected
rain_toelz,frozen,2019-02-08 02:00:00+00:00,2019-02-10 18:00:00+00:00,65,0.0,0.0,0.5,2.2,plausible_physical_zero_not_rejected
rain_toelz,frozen,2019-02-12 16:00:00+00:00,2019-02-22 01:00:00+00:00,226,0.0,0.0,0.5,0.4,plausible_physical_zero_not_rejected
rain_toelz,frozen,2019-02-22 19:00:00+00:00,2019-03-01 06:00:00+00:00,156,0.0,0.0,0.8,0.1,plausible_physical_zero_not_rejected
rain_toelz,frozen,2019-03-03 03:00:00+00:00,2019-03-04 13:00:00+00:00,35,0.0,0.0,0.1,0.1,plausible_physical_zero_not_rejected
rain_toelz,frozen,2019-03-04 16:00:00+00:00,2019-03-07 11:00:00+00:00,68,0.0,0.0,0.3,1.4,plausible_physical_zero_not_rejected
rain_toelz,frozen,2019-03-12 03:00:00+00:00,2019-03-13 04:00:00+00:00,26,0.0,0.0,0.1,2.2,plausible_physical_zero_not_rejected
rain_toelz,frozen,2019-03-16 04:00:00+00:00,2019-03-17 18:00:00+00:00,39,0.0,0.0,0.1,1.8,plausible_physical_zero_not_rejected
rain_toelz,frozen,2019-03-19 14:00:00+00:00,2019-03-25 04:00:00+00:00,135,0.0,0.0,0.1,0.1,plausible_physical_zero_not_rejected
rain_toelz,frozen,2019-03-27 05:00:00+00:00,2019-04-04 23:00:00+00:00,211,0.0,0.0,0.1,0.1,plausible_physical_zero_not_rejected
rain_toelz,frozen,2019-04-05 03:00:00+00:00,2019-04-07 23:00:00+00:00,69,0.0,0.0,0.1,0.5,plausible_physical_zero_not_rejected
rain_toelz,frozen,2019-04-08 11:00:00+00:00,2019-04-09 18:00:00+00:00,32,0.0,0.0,0.2,0.5,plausible_physical_zero_not_rejected
rain_toelz,frozen,2019-04-10 23:00:00+00:00,2019-04-13 23:00:00+00:00,73,0.0,0.0,0.1,0.2,plausible_physical_zero_not_rejected
rain_toelz,frozen,2019-04-15 02:00:00+00:00,2019-04-26 12:00:00+00:00,275,0.0,0.0,0.1,3.5,plausible_physical_zero_not_rejected
rain_toelz,frozen,2019-04-30 10:00:00+00:00,2019-05-02 20:00:00+00:00,59,0.0,0.0,0.1,2.5,plausible_physical_zero_not_rejected
rain_toelz,frozen,2019-05-06 15:00:00+00:00,2019-05-08 22:00:00+00:00,56,0.0,0.0,0.1,0.5,plausible_physical_zero_not_rejected
rain_toelz,frozen,2019-05-10 10:00:00+00:00,2019-05-11 10:00:00+00:00,25,0.0,0.0,0.1,0.7,plausible_physical_zero_not_rejected
rain_toelz,frozen,2019-05-13 03:00:00+00:00,2019-05-14 12:00:00+00:00,34,0.0,0.0,0.3,0.1,plausible_physical_zero_not_rejected
rain_toelz,frozen,2019-05-15 14:00:00+00:00,2019-05-19 16:00:00+00:00,99,0.0,0.0,0.2,1.8,plausible_physical_zero_not_rejected
rain_toelz,frozen,2019-05-22 23:00:00+00:00,2019-05-25 14:00:00+00:00,64,0.0,0.0,0.1,1.9,plausible_physical_zero_not_rejected
rain_toelz,frozen,2019-05-26 03:00:00+00:00,2019-05-27 15:00:00+00:00,37,0.0,0.0,0.2,0.3,plausible_physical_zero_not_rejected
rain_toelz,frozen,2019-05-29 21:00:00+00:00,2019-06-06 16:00:00+00:00,188,0.0,0.0,0.1,4.0,plausible_physical_zero_not_rejected
rain_toelz,frozen,2019-06-07 05:00:00+00:00,2019-06-09 20:00:00+00:00,64,0.0,0.0,0.1,0.3,plausible_physical_zero_not_rejected
rain_toelz,frozen,2019-06-11 18:00:00+00:00,2019-06-15 22:00:00+00:00,101,0.0,0.0,1.3,0.4,plausible_physical_zero_not_rejected
rain_toelz,frozen,2019-06-16 07:00:00+00:00,2019-06-19 00:00:00+00:00,66,0.0,0.0,0.1,0.1,plausible_physical_zero_not_rejected
rain_toelz,frozen,2019-06-22 22:00:00+00:00,2019-07-01 12:00:00+00:00,207,0.0,0.0,0.1,0.6,plausible_physical_zero_not_rejected
rain_toelz,frozen,2019-07-02 06:00:00+00:00,2019-07-07 02:00:00+00:00,117,0.0,0.0,0.1,2.7,plausible_physical_zero_not_rejected
rain_toelz,frozen,2019-07-08 18:00:00+00:00,2019-07-11 13:00:00+00:00,68,0.0,0.0,0.1,0.5,plausible_physical_zero_not_rejected
rain_toelz,frozen,2019-07-14 08:00:00+00:00,2019-07-17 21:00:00+00:00,86,0.0,0.0,0.8,4.7,plausible_physical_zero_not_rejected
rain_toelz,frozen,2019-07-18 02:00:00+00:00,2019-07-20 18:00:00+00:00,65,0.0,0.0,0.1,0.6,plausible_physical_zero_not_rejected
rain_toelz,frozen,2019-07-21 13:00:00+00:00,2019-07-27 13:00:00+00:00,145,0.0,0.0,0.1,6.3,plausible_physical_zero_not_rejected
rain_toelz,frozen,2019-07-29 10:00:00+00:00,2019-07-31 09:00:00+00:00,48,0.0,0.0,0.1,4.1,plausible_physical_zero_not_rejected
rain_toelz,frozen,2019-07-31 15:00:00+00:00,2019-08-02 14:00:00+00:00,48,0.0,0.0,0.9,1.0,plausible_physical_zero_not_rejected
rain_toelz,frozen,2019-08-03 16:00:00+00:00,2019-08-05 22:00:00+00:00,55,0.0,0.0,0.1,3.6,plausible_physical_zero_not_rejected
rain_toelz,frozen,2019-08-08 01:00:00+00:00,2019-08-10 08:00:00+00:00,56,0.0,0.0,0.2,1.7,plausible_physical_zero_not_rejected
rain_toelz,frozen,2019-08-14 04:00:00+00:00,2019-08-15 11:00:00+00:00,32,0.0,0.0,0.1,0.1,plausible_physical_zero_not_rejected
rain_toelz,frozen,2019-08-16 06:00:00+00:00,2019-08-19 01:00:00+00:00,68,0.0,0.0,0.5,15.8,plausible_physical_zero_not_rejected
rain_toelz,frozen,2019-08-21 06:00:00+00:00,2019-08-25 13:00:00+00:00,104,0.0,0.0,0.2,16.0,plausible_physical_zero_not_rejected
rain_toelz,frozen,2019-08-25 18:00:00+00:00,2019-08-28 23:00:00+00:00,78,0.0,0.0,0.7,1.9,plausible_physical_zero_not_rejected
rain_toelz,frozen,2019-08-29 11:00:00+00:00,2019-09-01 15:00:00+00:00,77,0.0,0.0,0.2,0.6,plausible_physical_zero_not_rejected
rain_toelz,frozen,2019-09-02 21:00:00+00:00,2019-09-05 07:00:00+00:00,59,0.0,0.0,0.4,0.4,plausible_physical_zero_not_rejected
rain_toelz,frozen,2019-09-09 15:00:00+00:00,2019-09-11 06:00:00+00:00,40,0.0,0.0,0.1,0.1,plausible_physical_zero_not_rejected
rain_toelz,frozen,2019-09-11 23:00:00+00:00,2019-09-23 04:00:00+00:00,270,0.0,0.0,0.6,2.4,plausible_physical_zero_not_rejected
rain_toelz,frozen,2019-09-26 23:00:00+00:00,2019-09-28 01:00:00+00:00,27,0.0,0.0,0.1,2.6,plausible_physical_zero_not_rejected
rain_toelz,frozen,2019-09-28 07:00:00+00:00,2019-10-01 23:00:00+00:00,89,0.0,0.0,0.3,2.2,plausible_physical_zero_not_rejected
rain_toelz,frozen,2019-10-03 11:00:00+00:00,2019-10-04 13:00:00+00:00,27,0.0,0.0,0.7,0.1,plausible_physical_zero_not_rejected
rain_toelz,frozen,2019-10-05 08:00:00+00:00,2019-10-06 09:00:00+00:00,26,0.0,0.0,1.4,0.1,plausible_physical_zero_not_rejected
rain_toelz,frozen,2019-10-07 08:00:00+00:00,2019-10-09 01:00:00+00:00,42,0.0,0.0,0.3,0.4,plausible_physical_zero_not_rejected
rain_toelz,frozen,2019-10-10 15:00:00+00:00,2019-10-15 21:00:00+00:00,127,0.0,0.0,0.1,1.5,plausible_physical_zero_not_rejected
rain_toelz,frozen,2019-10-16 04:00:00+00:00,2019-10-28 01:00:00+00:00,286,0.0,0.0,0.4,1.0,plausible_physical_zero_not_rejected
rain_toelz,frozen,2019-10-31 04:00:00+00:00,2019-11-01 18:00:00+00:00,39,0.0,0.0,0.9,0.1,plausible_physical_zero_not_rejected
rain_toelz,frozen,2019-11-02 14:00:00+00:00,2019-11-03 17:00:00+00:00,28,0.0,0.0,0.1,0.1,plausible_physical_zero_not_rejected
rain_toelz,frozen,2019-11-06 11:00:00+00:00,2019-11-08 12:00:00+00:00,50,0.0,0.0,0.1,0.2,plausible_physical_zero_not_rejected
rain_toelz,frozen,2019-11-09 14:00:00+00:00,2019-11-12 01:00:00+00:00,60,0.0,0.0,0.4,1.1,plausible_physical_zero_not_rejected
rain_toelz,frozen,2019-11-13 14:00:00+00:00,2019-11-15 19:00:00+00:00,54,0.0,0.0,0.1,0.9,plausible_physical_zero_not_rejected
rain_toelz,frozen,2019-11-15 23:00:00+00:00,2019-11-17 00:00:00+00:00,26,0.0,0.0,0.2,0.5,plausible_physical_zero_not_rejected
rain_toelz,frozen,2019-11-17 12:00:00+00:00,2019-11-27 08:00:00+00:00,237,0.0,0.0,4.0,0.1,plausible_physical_zero_not_rejected
rain_toelz,frozen,2019-11-27 10:00:00+00:00,2019-11-28 13:00:00+00:00,28,0.0,0.0,0.1,1.3,plausible_physical_zero_not_rejected
rain_toelz,frozen,2019-11-30 01:00:00+00:00,2019-12-01 23:00:00+00:00,47,0.0,0.0,0.2,0.2,plausible_physical_zero_not_rejected
rain_toelz,frozen,2019-12-02 09:00:00+00:00,2019-12-07 02:00:00+00:00,114,0.0,0.0,0.1,0.5,plausible_physical_zero_not_rejected
rain_toelz,frozen,2019-12-07 14:00:00+00:00,2019-12-09 19:00:00+00:00,54,0.0,0.0,0.2,1.0,plausible_physical_zero_not_rejected
rain_toelz,frozen,2019-12-10 15:00:00+00:00,2019-12-12 03:00:00+00:00,37,0.0,0.0,0.6,0.1,plausible_physical_zero_not_rejected
rain_toelz,frozen,2019-12-12 15:00:00+00:00,2019-12-13 14:00:00+00:00,24,0.0,0.0,0.1,0.1,plausible_physical_zero_not_rejected
rain_toelz,frozen,2019-12-14 14:00:00+00:00,2019-12-20 22:00:00+00:00,153,0.0,0.0,0.1,0.4,plausible_physical_zero_not_rejected
rain_toelz,frozen,2019-12-27 19:00:00+00:00,2020-01-03 23:00:00+00:00,173,0.0,0.0,0.3,0.1,plausible_physical_zero_not_rejected
rain_toelz,frozen,2020-01-05 09:00:00+00:00,2020-01-07 09:00:00+00:00,49,0.0,0.0,0.2,0.5,plausible_physical_zero_not_rejected
rain_toelz,frozen,2020-01-07 12:00:00+00:00,2020-01-10 21:00:00+00:00,82,0.0,0.0,0.1,0.1,plausible_physical_zero_not_rejected
rain_toelz,frozen,2020-01-11 09:00:00+00:00,2020-01-17 20:00:00+00:00,156,0.0,0.0,0.2,0.4,plausible_physical_zero_not_rejected
rain_toelz,frozen,2020-01-19 16:00:00+00:00,2020-01-27 02:00:00+00:00,179,0.0,0.0,0.1,0.4,plausible_physical_zero_not_rejected
rain_toelz,frozen,2020-01-31 04:00:00+00:00,2020-02-01 19:00:00+00:00,40,0.0,0.0,0.2,0.2,plausible_physical_zero_not_rejected
rain_toelz,frozen,2020-02-05 16:00:00+00:00,2020-02-10 10:00:00+00:00,115,0.0,0.0,0.1,3.7,plausible_physical_zero_not_rejected
rain_toelz,frozen,2020-02-12 17:00:00+00:00,2020-02-13 19:00:00+00:00,27,0.0,0.0,0.1,1.9,plausible_physical_zero_not_rejected
rain_toelz,frozen,2020-02-14 14:00:00+00:00,2020-02-17 16:00:00+00:00,75,0.0,0.0,0.4,0.1,plausible_physical_zero_not_rejected
rain_toelz,frozen,2020-02-17 23:00:00+00:00,2020-02-19 12:00:00+00:00,38,0.0,0.0,0.1,2.3,plausible_physical_zero_not_rejected
rain_toelz,frozen,2020-02-19 16:00:00+00:00,2020-02-21 02:00:00+00:00,35,0.0,0.0,0.9,0.1,plausible_physical_zero_not_rejected
rain_toelz,frozen,2020-02-21 05:00:00+00:00,2020-02-23 05:00:00+00:00,49,0.0,0.0,1.1,0.3,plausible_physical_zero_not_rejected
rain_toelz,frozen,2020-02-24 14:00:00+00:00,2020-02-25 17:00:00+00:00,28,0.0,0.0,0.5,0.1,plausible_physical_zero_not_rejected
rain_toelz,frozen,2020-02-26 14:00:00+00:00,2020-02-27 15:00:00+00:00,26,0.0,0.0,0.2,1.0,plausible_physical_zero_not_rejected
rain_toelz,frozen,2020-03-04 07:00:00+00:00,2020-03-05 06:00:00+00:00,24,0.0,0.0,0.1,0.1,plausible_physical_zero_not_rejected
rain_toelz,frozen,2020-03-07 22:00:00+00:00,2020-03-09 06:00:00+00:00,33,0.0,0.0,0.1,0.7,plausible_physical_zero_not_rejected
rain_toelz,frozen,2020-03-11 03:00:00+00:00,2020-03-12 20:00:00+00:00,42,0.0,0.0,0.1,0.1,plausible_physical_zero_not_rejected
rain_toelz,frozen,2020-03-14 04:00:00+00:00,2020-03-17 12:00:00+00:00,81,0.0,0.0,0.1,0.1,plausible_physical_zero_not_rejected
rain_toelz,frozen,2020-03-17 14:00:00+00:00,2020-03-20 21:00:00+00:00,80,0.0,0.0,0.1,1.2,plausible_physical_zero_not_rejected
rain_toelz,frozen,2020-03-22 01:00:00+00:00,2020-03-29 15:00:00+00:00,183,0.0,0.0,0.6,0.2,plausible_physical_zero_not_rejected
rain_toelz,frozen,2020-03-30 12:00:00+00:00,2020-04-13 01:00:00+00:00,326,0.0,0.0,0.2,0.1,plausible_physical_zero_not_rejected
rain_toelz,frozen,2020-04-14 01:00:00+00:00,2020-04-18 17:00:00+00:00,113,0.0,0.0,0.9,0.1,plausible_physical_zero_not_rejected
rain_toelz,frozen,2020-04-19 03:00:00+00:00,2020-04-20 02:00:00+00:00,24,0.0,0.0,1.7,0.1,plausible_physical_zero_not_rejected
rain_toelz,frozen,2020-04-20 06:00:00+00:00,2020-04-27 02:00:00+00:00,165,0.0,0.0,0.3,1.3,plausible_physical_zero_not_rejected
rain_toelz,frozen,2020-04-27 06:00:00+00:00,2020-04-28 13:00:00+00:00,32,0.0,0.0,0.3,1.2,plausible_physical_zero_not_rejected
rain_toelz,frozen,2020-04-29 16:00:00+00:00,2020-04-30 16:00:00+00:00,25,0.0,0.0,0.1,2.4,plausible_physical_zero_not_rejected
rain_toelz,frozen,2020-05-02 21:00:00+00:00,2020-05-04 02:00:00+00:00,30,0.0,0.0,0.2,0.3,plausible_physical_zero_not_rejected
rain_toelz,frozen,2020-05-05 17:00:00+00:00,2020-05-10 05:00:00+00:00,109,0.0,0.0,0.3,0.5,plausible_physical_zero_not_rejected
rain_toelz,frozen,2020-05-10 10:00:00+00:00,2020-05-11 13:00:00+00:00,28,0.0,0.0,0.8,0.2,plausible_physical_zero_not_rejected
rain_toelz,frozen,2020-05-12 05:00:00+00:00,2020-05-13 05:00:00+00:00,25,0.0,0.0,0.1,0.2,plausible_physical_zero_not_rejected
rain_toelz,frozen,2020-05-15 15:00:00+00:00,2020-05-23 13:00:00+00:00,191,0.0,0.0,0.2,6.9,plausible_physical_zero_not_rejected
rain_toelz,frozen,2020-05-25 17:00:00+00:00,2020-05-28 14:00:00+00:00,70,0.0,0.0,0.7,4.2,plausible_physical_zero_not_rejected
rain_toelz,frozen,2020-05-28 18:00:00+00:00,2020-05-31 18:00:00+00:00,73,0.0,0.0,0.8,0.1,plausible_physical_zero_not_rejected
rain_toelz,frozen,2020-05-31 20:00:00+00:00,2020-06-03 15:00:00+00:00,68,0.0,0.0,0.1,0.1,plausible_physical_zero_not_rejected
rain_toelz,frozen,2020-06-05 15:00:00+00:00,2020-06-06 17:00:00+00:00,27,0.0,0.0,0.5,0.5,plausible_physical_zero_not_rejected
rain_toelz,frozen,2020-06-11 17:00:00+00:00,2020-06-13 21:00:00+00:00,53,0.0,0.0,0.1,15.5,plausible_physical_zero_not_rejected
rain_toelz,frozen,2020-06-16 14:00:00+00:00,2020-06-17 15:00:00+00:00,26,0.0,0.0,0.1,12.8,plausible_physical_zero_not_rejected
rain_toelz,frozen,2020-06-17 21:00:00+00:00,2020-06-18 22:00:00+00:00,26,0.0,0.0,0.1,0.1,plausible_physical_zero_not_rejected
rain_toelz,frozen,2020-06-20 21:00:00+00:00,2020-06-22 13:00:00+00:00,41,0.0,0.0,0.1,0.6,plausible_physical_zero_not_rejected
rain_toelz,frozen,2020-06-22 15:00:00+00:00,2020-06-25 09:00:00+00:00,67,0.0,0.0,0.6,0.2,plausible_physical_zero_not_rejected
rain_toelz,frozen,2020-06-25 12:00:00+00:00,2020-06-26 20:00:00+00:00,33,0.0,0.0,0.1,2.2,plausible_physical_zero_not_rejected
rain_toelz,frozen,2020-06-29 11:00:00+00:00,2020-07-01 15:00:00+00:00,53,0.0,0.0,0.4,4.7,plausible_physical_zero_not_rejected
rain_toelz,frozen,2020-07-03 09:00:00+00:00,2020-07-10 16:00:00+00:00,176,0.0,0.0,0.1,3.0,plausible_physical_zero_not_rejected
rain_toelz,frozen,2020-07-11 16:00:00+00:00,2020-07-15 08:00:00+00:00,89,0.0,0.0,0.4,0.1,plausible_physical_zero_not_rejected
rain_toelz,frozen,2020-07-17 11:00:00+00:00,2020-07-22 04:00:00+00:00,114,0.0,0.0,0.1,1.9,plausible_physical_zero_not_rejected
rain_toelz,frozen,2020-07-23 18:00:00+00:00,2020-07-26 07:00:00+00:00,62,0.0,0.0,0.1,1.2,plausible_physical_zero_not_rejected
rain_toelz,frozen,2020-07-27 06:00:00+00:00,2020-07-28 15:00:00+00:00,34,0.0,0.0,0.1,1.4,plausible_physical_zero_not_rejected
rain_toelz,frozen,2020-07-29 04:00:00+00:00,2020-08-02 00:00:00+00:00,93,0.0,0.0,0.4,0.9,plausible_physical_zero_not_rejected
rain_toelz,frozen,2020-08-06 09:00:00+00:00,2020-08-13 09:00:00+00:00,169,0.0,0.0,,0.3,plausible_physical_zero_not_rejected
rain_toelz,frozen,2020-08-13 20:00:00+00:00,2020-08-14 21:00:00+00:00,26,0.0,0.0,0.1,1.6,plausible_physical_zero_not_rejected
rain_toelz,frozen,2020-08-15 06:00:00+00:00,2020-08-17 09:00:00+00:00,52,0.0,0.0,0.4,0.1,plausible_physical_zero_not_rejected
rain_toelz,frozen,2020-08-19 06:00:00+00:00,2020-08-22 12:00:00+00:00,79,0.0,0.0,0.6,4.9,plausible_physical_zero_not_rejected
rain_toelz,frozen,2020-08-22 18:00:00+00:00,2020-08-28 16:00:00+00:00,143,0.0,0.0,0.3,0.1,plausible_physical_zero_not_rejected
rain_toelz,frozen,2020-08-30 18:00:00+00:00,2020-09-01 00:00:00+00:00,31,0.0,0.0,0.1,12.1,plausible_physical_zero_not_rejected
rain_toelz,frozen,2020-09-03 07:00:00+00:00,2020-09-05 19:00:00+00:00,61,0.0,0.0,0.1,0.5,plausible_physical_zero_not_rejected
rain_toelz,frozen,2020-09-07 03:00:00+00:00,2020-09-22 16:00:00+00:00,374,0.0,0.0,0.1,3.2,plausible_physical_zero_not_rejected
rain_toelz,frozen,2020-09-23 18:00:00+00:00,2020-09-24 21:00:00+00:00,28,0.0,0.0,0.7,2.6,plausible_physical_zero_not_rejected
rain_toelz,frozen,2020-09-26 22:00:00+00:00,2020-09-28 06:00:00+00:00,33,0.0,0.0,0.1,0.5,plausible_physical_zero_not_rejected
rain_toelz,frozen,2020-09-29 19:00:00+00:00,2020-10-01 05:00:00+00:00,35,0.0,0.0,0.1,0.1,plausible_physical_zero_not_rejected
rain_toelz,frozen,2020-10-01 07:00:00+00:00,2020-10-03 12:00:00+00:00,54,0.0,0.0,0.1,0.7,plausible_physical_zero_not_rejected
rain_toelz,frozen,2020-10-03 17:00:00+00:00,2020-10-05 05:00:00+00:00,37,0.0,0.0,0.5,0.7,plausible_physical_zero_not_rejected
rain_toelz,frozen,2020-10-08 06:00:00+00:00,2020-10-10 09:00:00+00:00,52,0.0,0.0,0.1,0.2,plausible_physical_zero_not_rejected
rain_toelz,frozen,2020-10-12 04:00:00+00:00,2020-10-13 10:00:00+00:00,31,0.0,0.0,0.4,0.2,plausible_physical_zero_not_rejected
rain_toelz,frozen,2020-10-13 15:00:00+00:00,2020-10-15 17:00:00+00:00,51,0.0,0.0,0.5,1.3,plausible_physical_zero_not_rejected
rain_toelz,frozen,2020-10-18 01:00:00+00:00,2020-10-23 03:00:00+00:00,123,0.0,0.0,0.1,0.1,plausible_physical_zero_not_rejected
rain_toelz,frozen,2020-10-24 15:00:00+00:00,2020-10-26 10:00:00+00:00,44,0.0,0.0,0.5,0.3,plausible_physical_zero_not_rejected
rain_toelz,frozen,2020-10-27 11:00:00+00:00,2020-10-28 23:00:00+00:00,37,0.0,0.0,0.1,1.8,plausible_physical_zero_not_rejected
rain_toelz,frozen,2020-10-30 05:00:00+00:00,2020-11-01 12:00:00+00:00,56,0.0,0.0,0.2,0.3,plausible_physical_zero_not_rejected
rain_toelz,frozen,2020-11-01 16:00:00+00:00,2020-11-03 07:00:00+00:00,40,0.0,0.0,0.1,1.2,plausible_physical_zero_not_rejected
rain_toelz,frozen,2020-11-05 12:00:00+00:00,2020-11-16 04:00:00+00:00,257,0.0,0.0,0.1,1.0,plausible_physical_zero_not_rejected
rain_toelz,frozen,2020-11-16 09:00:00+00:00,2020-11-19 10:00:00+00:00,74,0.0,0.0,0.1,0.1,plausible_physical_zero_not_rejected
rain_toelz,frozen,2020-11-20 22:00:00+00:00,2020-12-01 10:00:00+00:00,253,0.0,0.0,0.1,0.1,plausible_physical_zero_not_rejected
rain_toelz,frozen,2020-12-01 18:00:00+00:00,2020-12-05 11:00:00+00:00,90,0.0,0.0,0.2,0.5,plausible_physical_zero_not_rejected
rain_toelz,frozen,2020-12-07 05:00:00+00:00,2020-12-09 06:00:00+00:00,50,0.0,0.0,0.1,0.5,plausible_physical_zero_not_rejected
rain_toelz,frozen,2020-12-09 14:00:00+00:00,2020-12-12 04:00:00+00:00,63,0.0,0.0,0.1,0.2,plausible_physical_zero_not_rejected
rain_toelz,frozen,2020-12-13 17:00:00+00:00,2020-12-20 23:00:00+00:00,175,0.0,0.0,0.2,0.1,plausible_physical_zero_not_rejected
rain_toelz,frozen,2020-12-22 23:00:00+00:00,2020-12-24 02:00:00+00:00,28,0.0,0.0,0.3,0.3,plausible_physical_zero_not_rejected
rain_toelz,frozen,2020-12-26 09:00:00+00:00,2020-12-28 14:00:00+00:00,54,0.0,0.0,0.2,0.3,plausible_physical_zero_not_rejected
rain_toelz,frozen,2020-12-28 19:00:00+00:00,2021-01-06 00:00:00+00:00,198,0.0,0.0,0.7,0.5,plausible_physical_zero_not_rejected
rain_toelz,frozen,2021-01-07 06:00:00+00:00,2021-01-08 08:00:00+00:00,27,0.0,0.0,0.1,0.1,plausible_physical_zero_not_rejected
rain_toelz,frozen,2021-01-08 10:00:00+00:00,2021-01-12 15:00:00+00:00,102,0.0,0.0,0.1,0.7,plausible_physical_zero_not_rejected
rain_toelz,frozen,2021-01-14 09:00:00+00:00,2021-01-15 22:00:00+00:00,38,0.0,0.0,0.1,0.1,plausible_physical_zero_not_rejected
rain_toelz,frozen,2021-01-18 12:00:00+00:00,2021-01-19 19:00:00+00:00,32,0.0,0.0,0.1,0.1,plausible_physical_zero_not_rejected
rain_toelz,frozen,2021-01-19 22:00:00+00:00,2021-01-23 02:00:00+00:00,77,0.0,0.0,0.1,1.0,plausible_physical_zero_not_rejected
rain_toelz,frozen,2021-01-23 10:00:00+00:00,2021-01-25 06:00:00+00:00,45,0.0,0.0,0.4,,plausible_physical_zero_not_rejected
rain_toelz,frozen,2021-01-31 08:00:00+00:00,2021-02-01 15:00:00+00:00,32,0.0,0.0,0.4,0.2,plausible_physical_zero_not_rejected
rain_toelz,frozen,2021-02-03 21:00:00+00:00,2021-02-07 16:00:00+00:00,92,0.0,0.0,0.3,0.2,plausible_physical_zero_not_rejected
rain_toelz,frozen,2021-02-08 06:00:00+00:00,2021-02-09 09:00:00+00:00,28,0.0,0.0,0.1,0.1,plausible_physical_zero_not_rejected
rain_toelz,frozen,2021-02-11 05:00:00+00:00,2021-02-15 21:00:00+00:00,113,0.0,0.0,0.1,0.1,plausible_physical_zero_not_rejected
rain_toelz,frozen,2021-02-17 08:00:00+00:00,2021-02-26 23:00:00+00:00,232,0.0,0.0,0.5,1.0,plausible_physical_zero_not_rejected
rain_toelz,frozen,2021-02-27 12:00:00+00:00,2021-03-04 22:00:00+00:00,131,0.0,0.0,0.1,0.4,plausible_physical_zero_not_rejected
rain_toelz,frozen,2021-03-05 23:00:00+00:00,2021-03-07 14:00:00+00:00,40,0.0,0.0,0.1,0.8,plausible_physical_zero_not_rejected
rain_toelz,frozen,2021-03-08 02:00:00+00:00,2021-03-09 23:00:00+00:00,46,0.0,0.0,0.1,0.2,plausible_physical_zero_not_rejected
rain_toelz,frozen,2021-03-10 16:00:00+00:00,2021-03-11 19:00:00+00:00,28,0.0,0.0,0.3,0.4,plausible_physical_zero_not_rejected
rain_toelz,frozen,2021-03-12 07:00:00+00:00,2021-03-13 19:00:00+00:00,37,0.0,0.0,0.1,0.2,plausible_physical_zero_not_rejected
rain_toelz,frozen,2021-03-22 17:00:00+00:00,2021-03-27 08:00:00+00:00,112,0.0,0.0,0.1,0.1,plausible_physical_zero_not_rejected
rain_toelz,frozen,2021-03-27 12:00:00+00:00,2021-04-01 18:00:00+00:00,127,0.0,0.0,0.3,0.5,plausible_physical_zero_not_rejected
rain_toelz,frozen,2021-04-01 21:00:00+00:00,2021-04-03 06:00:00+00:00,34,0.0,0.0,0.3,0.1,plausible_physical_zero_not_rejected
rain_toelz,frozen,2021-04-03 13:00:00+00:00,2021-04-05 18:00:00+00:00,54,0.0,0.0,0.1,1.2,plausible_physical_zero_not_rejected
rain_toelz,frozen,2021-04-08 01:00:00+00:00,2021-04-12 05:00:00+00:00,101,0.0,0.0,0.1,3.2,plausible_physical_zero_not_rejected
rain_toelz,frozen,2021-04-14 07:00:00+00:00,2021-04-15 15:00:00+00:00,33,0.0,0.0,0.1,0.1,plausible_physical_zero_not_rejected
rain_toelz,frozen,2021-04-15 17:00:00+00:00,2021-04-19 12:00:00+00:00,92,0.0,0.0,0.1,0.6,plausible_physical_zero_not_rejected
rain_toelz,frozen,2021-04-20 08:00:00+00:00,2021-04-21 15:00:00+00:00,32,0.0,0.0,0.1,0.1,plausible_physical_zero_not_rejected
rain_toelz,frozen,2021-04-22 14:00:00+00:00,2021-04-29 16:00:00+00:00,171,0.0,0.0,0.6,0.1,plausible_physical_zero_not_rejected
rain_toelz,frozen,2021-05-03 12:00:00+00:00,2021-05-05 06:00:00+00:00,43,0.0,0.0,0.1,2.7,plausible_physical_zero_not_rejected
rain_toelz,frozen,2021-05-07 19:00:00+00:00,2021-05-11 22:00:00+00:00,100,0.0,0.0,1.0,1.6,plausible_physical_zero_not_rejected
rain_toelz,frozen,2021-05-13 20:00:00+00:00,2021-05-14 23:00:00+00:00,28,0.0,0.0,0.1,0.4,plausible_physical_zero_not_rejected
rain_toelz,frozen,2021-05-20 05:00:00+00:00,2021-05-21 22:00:00+00:00,42,0.0,0.0,0.3,0.3,plausible_physical_zero_not_rejected
rain_toelz,frozen,2021-05-23 10:00:00+00:00,2021-05-24 16:00:00+00:00,31,0.0,0.0,0.5,0.7,plausible_physical_zero_not_rejected
rain_toelz,frozen,2021-05-25 14:00:00+00:00,2021-05-26 21:00:00+00:00,32,0.0,0.0,0.1,0.9,plausible_physical_zero_not_rejected
rain_toelz,frozen,2021-05-27 17:00:00+00:00,2021-06-04 21:00:00+00:00,197,0.0,0.0,0.1,0.1,plausible_physical_zero_not_rejected
rain_toelz,frozen,2021-06-07 22:00:00+00:00,2021-06-09 16:00:00+00:00,43,0.0,0.0,0.3,0.2,plausible_physical_zero_not_rejected
rain_toelz,frozen,2021-06-10 22:00:00+00:00,2021-06-21 21:00:00+00:00,264,0.0,0.0,0.9,2.4,plausible_physical_zero_not_rejected
rain_toelz,frozen,2021-06-25 17:00:00+00:00,2021-06-29 05:00:00+00:00,85,0.0,0.0,0.1,0.8,plausible_physical_zero_not_rejected
rain_toelz,frozen,2021-07-01 22:00:00+00:00,2021-07-03 20:00:00+00:00,47,0.0,0.0,0.1,0.6,plausible_physical_zero_not_rejected
rain_toelz,frozen,2021-07-04 22:00:00+00:00,2021-07-06 21:00:00+00:00,48,0.0,0.0,1.9,6.5,plausible_physical_zero_not_rejected
rain_toelz,frozen,2021-07-09 12:00:00+00:00,2021-07-10 20:00:00+00:00,33,0.0,0.0,1.8,4.4,plausible_physical_zero_not_rejected
rain_toelz,frozen,2021-07-11 10:00:00+00:00,2021-07-13 13:00:00+00:00,52,0.0,0.0,0.2,0.1,plausible_physical_zero_not_rejected
rain_toelz,frozen,2021-07-18 15:00:00+00:00,2021-07-19 18:00:00+00:00,28,0.0,0.0,0.4,,plausible_physical_zero_not_rejected
rain_toelz,frozen,2021-07-20 02:00:00+00:00,2021-07-24 08:00:00+00:00,103,0.0,0.0,,0.7,plausible_physical_zero_not_rejected
rain_toelz,frozen,2021-07-25 18:00:00+00:00,2021-07-26 17:00:00+00:00,24,0.0,0.0,11.6,8.0,plausible_physical_zero_not_rejected
rain_toelz,frozen,2021-07-26 20:00:00+00:00,2021-07-28 05:00:00+00:00,34,0.0,0.0,4.3,0.3,plausible_physical_zero_not_rejected
rain_toelz,frozen,2021-07-28 17:00:00+00:00,2021-07-30 17:00:00+00:00,49,0.0,0.0,0.1,0.4,plausible_physical_zero_not_rejected
rain_toelz,frozen,2021-08-01 23:00:00+00:00,2021-08-03 14:00:00+00:00,40,0.0,0.0,0.4,0.4,plausible_physical_zero_not_rejected
rain_toelz,frozen,2021-08-06 10:00:00+00:00,2021-08-07 16:00:00+00:00,31,0.0,0.0,0.2,2.5,plausible_physical_zero_not_rejected
rain_toelz,frozen,2021-08-08 05:00:00+00:00,2021-08-11 01:00:00+00:00,69,0.0,0.0,0.4,0.2,plausible_physical_zero_not_rejected
rain_toelz,frozen,2021-08-11 03:00:00+00:00,2021-08-15 15:00:00+00:00,109,0.0,0.0,0.2,4.0,plausible_physical_zero_not_rejected
rain_toelz,frozen,2021-08-18 06:00:00+00:00,2021-08-22 03:00:00+00:00,94,0.0,0.0,0.1,0.3,plausible_physical_zero_not_rejected
rain_toelz,frozen,2021-08-25 02:00:00+00:00,2021-08-26 12:00:00+00:00,35,0.0,0.0,0.2,0.2,plausible_physical_zero_not_rejected
rain_toelz,frozen,2021-09-01 03:00:00+00:00,2021-09-10 17:00:00+00:00,231,0.0,0.0,0.3,0.1,plausible_physical_zero_not_rejected
rain_toelz,frozen,2021-09-11 03:00:00+00:00,2021-09-15 18:00:00+00:00,112,0.0,0.0,0.1,2.7,plausible_physical_zero_not_rejected
rain_toelz,frozen,2021-09-17 08:00:00+00:00,2021-09-19 15:00:00+00:00,56,0.0,0.0,0.1,0.7,plausible_physical_zero_not_rejected
rain_toelz,frozen,2021-09-20 12:00:00+00:00,2021-09-26 18:00:00+00:00,151,0.0,0.0,0.1,23.9,plausible_physical_zero_not_rejected
rain_toelz,frozen,2021-09-27 04:00:00+00:00,2021-09-28 05:00:00+00:00,26,0.0,0.0,0.5,1.5,plausible_physical_zero_not_rejected
rain_toelz,frozen,2021-09-30 01:00:00+00:00,2021-10-04 13:00:00+00:00,109,0.0,0.0,0.1,0.3,plausible_physical_zero_not_rejected
rain_toelz,frozen,2021-10-06 09:00:00+00:00,2021-10-07 08:00:00+00:00,24,0.0,0.0,0.1,0.3,plausible_physical_zero_not_rejected
rain_toelz,frozen,2021-10-08 04:00:00+00:00,2021-10-12 00:00:00+00:00,93,0.0,0.0,0.1,0.1,plausible_physical_zero_not_rejected
rain_toelz,frozen,2021-10-13 16:00:00+00:00,2021-10-21 07:00:00+00:00,184,0.0,0.0,1.5,0.2,plausible_physical_zero_not_rejected
rain_toelz,frozen,2021-10-22 06:00:00+00:00,2021-11-01 10:00:00+00:00,245,0.0,0.0,0.1,0.2,plausible_physical_zero_not_rejected
rain_toelz,frozen,2021-11-04 10:00:00+00:00,2021-11-07 21:00:00+00:00,84,0.0,0.0,0.2,0.1,plausible_physical_zero_not_rejected
rain_toelz,frozen,2021-11-08 06:00:00+00:00,2021-11-13 16:00:00+00:00,131,0.0,0.0,0.6,0.4,plausible_physical_zero_not_rejected
rain_toelz,frozen,2021-11-14 09:00:00+00:00,2021-11-17 04:00:00+00:00,68,0.0,0.0,0.3,0.1,plausible_physical_zero_not_rejected
rain_toelz,frozen,2021-11-17 23:00:00+00:00,2021-11-22 10:00:00+00:00,108,0.0,0.0,0.1,0.1,plausible_physical_zero_not_rejected
rain_toelz,frozen,2021-11-23 01:00:00+00:00,2021-11-26 07:00:00+00:00,79,0.0,0.0,0.1,0.2,plausible_physical_zero_not_rejected
rain_toelz,frozen,2021-12-07 10:00:00+00:00,2021-12-08 20:00:00+00:00,35,0.0,0.0,0.2,0.2,plausible_physical_zero_not_rejected
rain_toelz,frozen,2021-12-13 13:00:00+00:00,2021-12-14 19:00:00+00:00,31,0.0,0.0,0.1,0.3,plausible_physical_zero_not_rejected
rain_toelz,frozen,2021-12-14 22:00:00+00:00,2021-12-23 17:00:00+00:00,212,0.0,0.0,0.1,0.7,plausible_physical_zero_not_rejected
rain_toelz,frozen,2021-12-30 17:00:00+00:00,2022-01-04 05:00:00+00:00,109,0.0,0.0,0.1,0.1,plausible_physical_zero_not_rejected
rain_toelz,frozen,2022-01-06 11:00:00+00:00,2022-01-07 18:00:00+00:00,32,0.0,0.0,0.6,0.1,plausible_physical_zero_not_rejected
rain_toelz,frozen,2022-01-11 02:00:00+00:00,2022-01-16 17:00:00+00:00,136,0.0,0.0,0.1,0.2,plausible_physical_zero_not_rejected
rain_toelz,frozen,2022-01-18 08:00:00+00:00,2022-01-20 03:00:00+00:00,44,0.0,0.0,0.1,0.1,plausible_physical_zero_not_rejected
rain_toelz,frozen,2022-01-23 11:00:00+00:00,2022-01-27 22:00:00+00:00,108,0.0,0.0,0.1,0.2,plausible_physical_zero_not_rejected
rain_toelz,frozen,2022-01-28 19:00:00+00:00,2022-01-29 23:00:00+00:00,29,0.0,0.0,0.1,0.3,plausible_physical_zero_not_rejected
rain_toelz,frozen,2022-02-03 07:00:00+00:00,2022-02-05 01:00:00+00:00,43,0.0,0.0,0.1,0.3,plausible_physical_zero_not_rejected
rain_toelz,frozen,2022-02-05 06:00:00+00:00,2022-02-06 20:00:00+00:00,39,0.0,0.0,0.2,0.1,plausible_physical_zero_not_rejected
rain_toelz,frozen,2022-02-07 08:00:00+00:00,2022-02-11 03:00:00+00:00,92,0.0,0.0,0.2,0.6,plausible_physical_zero_not_rejected
rain_toelz,frozen,2022-02-11 12:00:00+00:00,2022-02-15 02:00:00+00:00,87,0.0,0.0,0.1,0.1,plausible_physical_zero_not_rejected
rain_toelz,frozen,2022-02-17 15:00:00+00:00,2022-02-18 22:00:00+00:00,32,0.0,0.0,0.3,3.2,plausible_physical_zero_not_rejected
rain_toelz,frozen,2022-02-19 03:00:00+00:00,2022-02-20 04:00:00+00:00,26,0.0,0.0,0.4,0.1,plausible_physical_zero_not_rejected
rain_toelz,frozen,2022-02-23 07:00:00+00:00,2022-02-25 00:00:00+00:00,42,0.0,0.0,0.7,1.1,plausible_physical_zero_not_rejected
rain_toelz,frozen,2022-02-26 10:00:00+00:00,2022-03-15 14:00:00+00:00,413,0.0,0.0,0.2,0.2,plausible_physical_zero_not_rejected
rain_toelz,frozen,2022-03-16 11:00:00+00:00,2022-03-30 14:00:00+00:00,340,0.0,0.0,0.1,0.2,plausible_physical_zero_not_rejected
rain_toelz,frozen,2022-04-03 20:00:00+00:00,2022-04-05 06:00:00+00:00,35,0.0,0.0,0.1,0.3,plausible_physical_zero_not_rejected
rain_toelz,frozen,2022-04-10 16:00:00+00:00,2022-04-15 02:00:00+00:00,107,0.0,0.0,0.6,1.0,plausible_physical_zero_not_rejected
rain_toelz,frozen,2022-04-15 09:00:00+00:00,2022-04-16 12:00:00+00:00,28,0.0,0.0,0.9,1.2,plausible_physical_zero_not_rejected
rain_toelz,frozen,2022-04-16 17:00:00+00:00,2022-04-24 10:00:00+00:00,186,0.0,0.0,0.3,1.0,plausible_physical_zero_not_rejected
rain_toelz,frozen,2022-04-27 05:00:00+00:00,2022-04-30 10:00:00+00:00,78,0.0,0.0,0.7,0.3,plausible_physical_zero_not_rejected
rain_toelz,frozen,2022-05-01 10:00:00+00:00,2022-05-02 15:00:00+00:00,30,0.0,0.0,0.3,1.9,plausible_physical_zero_not_rejected
rain_toelz,frozen,2022-05-04 22:00:00+00:00,2022-05-05 21:00:00+00:00,24,0.0,0.0,0.2,1.7,plausible_physical_zero_not_rejected
rain_toelz,frozen,2022-05-08 20:00:00+00:00,2022-05-12 22:00:00+00:00,99,0.0,0.0,0.8,0.5,plausible_physical_zero_not_rejected
rain_toelz,frozen,2022-05-14 02:00:00+00:00,2022-05-16 10:00:00+00:00,57,0.0,0.0,2.4,0.2,plausible_physical_zero_not_rejected
rain_toelz,frozen,2022-05-16 22:00:00+00:00,2022-05-19 23:00:00+00:00,74,0.0,0.0,1.2,0.3,plausible_physical_zero_not_rejected
rain_toelz,frozen,2022-05-21 06:00:00+00:00,2022-05-23 13:00:00+00:00,56,0.0,0.0,1.6,0.2,plausible_physical_zero_not_rejected
rain_toelz,frozen,2022-05-25 10:00:00+00:00,2022-05-27 20:00:00+00:00,59,0.0,0.0,0.2,0.3,plausible_physical_zero_not_rejected
rain_toelz,frozen,2022-05-28 09:00:00+00:00,2022-05-29 13:00:00+00:00,29,0.0,0.0,0.1,0.1,plausible_physical_zero_not_rejected
rain_toelz,frozen,2022-05-29 18:00:00+00:00,2022-05-31 14:00:00+00:00,45,0.0,0.0,1.8,0.1,plausible_physical_zero_not_rejected
rain_toelz,frozen,2022-06-02 07:00:00+00:00,2022-06-03 15:00:00+00:00,33,0.0,0.0,0.2,1.4,plausible_physical_zero_not_rejected
rain_toelz,frozen,2022-06-03 21:00:00+00:00,2022-06-05 14:00:00+00:00,42,0.0,0.0,0.1,8.4,plausible_physical_zero_not_rejected
rain_toelz,frozen,2022-06-05 19:00:00+00:00,2022-06-06 20:00:00+00:00,26,0.0,0.0,0.4,3.3,plausible_physical_zero_not_rejected
rain_toelz,frozen,2022-06-09 19:00:00+00:00,2022-06-13 01:00:00+00:00,79,0.0,0.0,0.2,0.3,plausible_physical_zero_not_rejected
rain_toelz,frozen,2022-06-13 12:00:00+00:00,2022-06-16 13:00:00+00:00,74,0.0,0.0,6.0,1.0,plausible_physical_zero_not_rejected
rain_toelz,frozen,2022-06-16 17:00:00+00:00,2022-06-20 21:00:00+00:00,101,0.0,0.0,0.9,0.9,plausible_physical_zero_not_rejected
rain_toelz,frozen,2022-06-22 19:00:00+00:00,2022-06-23 22:00:00+00:00,28,0.0,0.0,1.0,0.6,plausible_physical_zero_not_rejected
rain_toelz,frozen,2022-06-25 00:00:00+00:00,2022-06-27 16:00:00+00:00,65,0.0,0.0,0.1,1.8,plausible_physical_zero_not_rejected
rain_toelz,frozen,2022-06-29 04:00:00+00:00,2022-06-30 16:00:00+00:00,37,0.0,0.0,0.1,2.3,plausible_physical_zero_not_rejected
rain_toelz,frozen,2022-07-01 18:00:00+00:00,2022-07-03 02:00:00+00:00,33,0.0,0.0,0.1,1.5,plausible_physical_zero_not_rejected
rain_toelz,frozen,2022-07-05 04:00:00+00:00,2022-07-06 19:00:00+00:00,40,0.0,0.0,0.4,0.1,plausible_physical_zero_not_rejected
rain_toelz,frozen,2022-07-08 06:00:00+00:00,2022-07-10 01:00:00+00:00,44,0.0,0.0,1.4,0.6,plausible_physical_zero_not_rejected
rain_toelz,frozen,2022-07-10 05:00:00+00:00,2022-07-15 00:00:00+00:00,116,0.0,0.0,2.2,0.1,plausible_physical_zero_not_rejected
rain_toelz,frozen,2022-07-15 06:00:00+00:00,2022-07-22 18:00:00+00:00,181,0.0,0.0,0.6,0.3,plausible_physical_zero_not_rejected
rain_toelz,frozen,2022-07-23 06:00:00+00:00,2022-07-25 20:00:00+00:00,63,0.0,0.0,0.4,2.8,plausible_physical_zero_not_rejected
rain_toelz,frozen,2022-07-26 08:00:00+00:00,2022-07-28 18:00:00+00:00,59,0.0,0.0,0.7,0.1,plausible_physical_zero_not_rejected
rain_toelz,frozen,2022-07-30 15:00:00+00:00,2022-08-02 01:00:00+00:00,59,0.0,0.0,0.2,0.1,plausible_physical_zero_not_rejected
rain_toelz,frozen,2022-08-02 03:00:00+00:00,2022-08-05 14:00:00+00:00,84,0.0,0.0,0.1,0.6,plausible_physical_zero_not_rejected
rain_toelz,frozen,2022-08-06 14:00:00+00:00,2022-08-15 08:00:00+00:00,211,0.0,0.0,0.2,0.8,plausible_physical_zero_not_rejected
rain_toelz,frozen,2022-08-16 00:00:00+00:00,2022-08-18 14:00:00+00:00,63,0.0,0.0,0.3,0.3,plausible_physical_zero_not_rejected
rain_toelz,frozen,2022-08-21 01:00:00+00:00,2022-08-26 20:00:00+00:00,140,0.0,0.0,1.1,4.1,plausible_physical_zero_not_rejected
rain_toelz,frozen,2022-08-28 17:00:00+00:00,2022-08-31 04:00:00+00:00,60,0.0,0.0,0.1,0.3,plausible_physical_zero_not_rejected
rain_toelz,frozen,2022-08-31 20:00:00+00:00,2022-09-03 14:00:00+00:00,67,0.0,0.0,0.3,19.3,plausible_physical_zero_not_rejected
rain_toelz,frozen,2022-09-03 18:00:00+00:00,2022-09-07 05:00:00+00:00,84,0.0,0.0,2.3,0.1,plausible_physical_zero_not_rejected
rain_toelz,frozen,2022-09-11 15:00:00+00:00,2022-09-14 06:00:00+00:00,64,0.0,0.0,3.3,0.3,plausible_physical_zero_not_rejected
rain_toelz,frozen,2022-09-20 13:00:00+00:00,2022-09-24 15:00:00+00:00,99,0.0,0.0,0.2,0.1,plausible_physical_zero_not_rejected
rain_toelz,frozen,2022-09-30 00:00:00+00:00,2022-10-01 11:00:00+00:00,36,0.0,0.0,0.1,1.1,plausible_physical_zero_not_rejected
rain_toelz,frozen,2022-10-03 04:00:00+00:00,2022-10-08 02:00:00+00:00,119,0.0,0.0,0.1,0.1,plausible_physical_zero_not_rejected
rain_toelz,frozen,2022-10-09 16:00:00+00:00,2022-10-11 03:00:00+00:00,36,0.0,0.0,0.1,0.6,plausible_physical_zero_not_rejected
rain_toelz,frozen,2022-10-11 06:00:00+00:00,2022-10-13 04:00:00+00:00,47,0.0,0.0,0.7,0.2,plausible_physical_zero_not_rejected
rain_toelz,frozen,2022-10-15 10:00:00+00:00,2022-10-18 17:00:00+00:00,80,0.0,0.0,0.1,0.2,plausible_physical_zero_not_rejected
rain_toelz,frozen,2022-10-18 19:00:00+00:00,2022-10-21 19:00:00+00:00,73,0.0,0.0,0.2,0.2,plausible_physical_zero_not_rejected
rain_toelz,frozen,2022-10-22 10:00:00+00:00,2022-10-24 02:00:00+00:00,41,0.0,0.0,0.4,0.2,plausible_physical_zero_not_rejected
rain_toelz,frozen,2022-10-26 09:00:00+00:00,2022-11-04 00:00:00+00:00,208,0.0,0.0,0.1,2.3,plausible_physical_zero_not_rejected
rain_toelz,frozen,2022-11-05 18:00:00+00:00,2022-11-09 20:00:00+00:00,99,0.0,0.0,0.5,0.2,plausible_physical_zero_not_rejected
rain_toelz,frozen,2022-11-10 09:00:00+00:00,2022-11-16 04:00:00+00:00,140,0.0,0.0,0.4,0.1,plausible_physical_zero_not_rejected
rain_toelz,frozen,2022-11-19 00:00:00+00:00,2022-11-20 22:00:00+00:00,47,0.0,0.0,0.5,0.1,plausible_physical_zero_not_rejected
rain_toelz,frozen,2022-11-24 15:00:00+00:00,2022-11-25 16:00:00+00:00,26,0.0,0.0,0.2,0.2,plausible_physical_zero_not_rejected
rain_toelz,frozen,2022-11-26 17:00:00+00:00,2022-11-28 16:00:00+00:00,48,0.0,0.0,0.8,0.2,plausible_physical_zero_not_rejected
rain_toelz,frozen,2022-11-29 21:00:00+00:00,2022-12-02 10:00:00+00:00,62,0.0,0.0,0.2,0.5,plausible_physical_zero_not_rejected
rain_toelz,frozen,2022-12-02 19:00:00+00:00,2022-12-05 15:00:00+00:00,69,0.0,0.0,0.1,0.2,plausible_physical_zero_not_rejected
rain_toelz,frozen,2022-12-05 21:00:00+00:00,2022-12-07 06:00:00+00:00,34,0.0,0.0,0.1,0.3,plausible_physical_zero_not_rejected
rain_toelz,frozen,2022-12-07 10:00:00+00:00,2022-12-09 16:00:00+00:00,55,0.0,0.0,0.1,0.2,plausible_physical_zero_not_rejected
rain_toelz,frozen,2022-12-11 08:00:00+00:00,2022-12-14 02:00:00+00:00,67,0.0,0.0,0.1,0.1,plausible_physical_zero_not_rejected
rain_toelz,frozen,2022-12-16 22:00:00+00:00,2022-12-21 12:00:00+00:00,111,0.0,0.0,0.1,0.2,plausible_physical_zero_not_rejected
rain_toelz,frozen,2022-12-25 08:00:00+00:00,2022-12-26 14:00:00+00:00,31,0.0,0.0,0.1,1.1,plausible_physical_zero_not_rejected
rain_toelz,frozen,2022-12-27 07:00:00+00:00,2022-12-30 02:00:00+00:00,68,0.0,0.0,0.1,1.4,plausible_physical_zero_not_rejected
rain_toelz,frozen,2022-12-31 00:00:00+00:00,2023-01-03 04:00:00+00:00,77,0.0,0.0,0.1,0.3,plausible_physical_zero_not_rejected
rain_toelz,frozen,2023-01-03 20:00:00+00:00,2023-01-05 02:00:00+00:00,31,0.0,0.0,0.1,0.1,plausible_physical_zero_not_rejected
rain_toelz,frozen,2023-01-06 00:00:00+00:00,2023-01-08 15:00:00+00:00,64,0.0,0.0,0.2,0.1,plausible_physical_zero_not_rejected
rain_toelz,frozen,2023-01-12 01:00:00+00:00,2023-01-13 13:00:00+00:00,37,0.0,0.0,0.2,1.0,plausible_physical_zero_not_rejected
rain_toelz,frozen,2023-01-14 00:00:00+00:00,2023-01-15 01:00:00+00:00,26,0.0,0.0,1.2,0.3,plausible_physical_zero_not_rejected
rain_toelz,frozen,2023-01-15 16:00:00+00:00,2023-01-19 01:00:00+00:00,82,0.0,0.0,2.1,0.2,plausible_physical_zero_not_rejected
rain_toelz,frozen,2023-01-19 06:00:00+00:00,2023-01-20 15:00:00+00:00,34,0.0,0.0,0.1,0.2,plausible_physical_zero_not_rejected
rain_toelz,frozen,2023-01-22 05:00:00+00:00,2023-01-27 01:00:00+00:00,117,0.0,0.0,0.1,0.1,plausible_physical_zero_not_rejected
rain_toelz,frozen,2023-01-28 02:00:00+00:00,2023-01-30 11:00:00+00:00,58,0.0,0.0,0.3,0.1,plausible_physical_zero_not_rejected
rain_toelz,frozen,2023-01-30 19:00:00+00:00,2023-01-31 21:00:00+00:00,27,0.0,0.0,0.1,0.1,plausible_physical_zero_not_rejected
rain_toelz,frozen,2023-01-31 23:00:00+00:00,2023-02-02 01:00:00+00:00,27,0.0,0.0,0.1,0.1,plausible_physical_zero_not_rejected
rain_toelz,frozen,2023-02-05 21:00:00+00:00,2023-02-17 15:00:00+00:00,283,0.0,0.0,0.1,0.2,plausible_physical_zero_not_rejected
rain_toelz,frozen,2023-02-17 18:00:00+00:00,2023-02-19 05:00:00+00:00,36,0.0,0.0,0.1,0.9,plausible_physical_zero_not_rejected
rain_toelz,frozen,2023-02-19 20:00:00+00:00,2023-02-24 18:00:00+00:00,119,0.0,0.0,0.8,1.6,plausible_physical_zero_not_rejected
rain_toelz,frozen,2023-02-27 19:00:00+00:00,2023-03-08 18:00:00+00:00,216,0.0,0.0,0.1,0.1,plausible_physical_zero_not_rejected
rain_toelz,frozen,2023-03-09 09:00:00+00:00,2023-03-10 10:00:00+00:00,26,0.0,0.0,2.0,0.6,plausible_physical_zero_not_rejected
rain_toelz,frozen,2023-03-12 17:00:00+00:00,2023-03-14 02:00:00+00:00,34,0.0,0.0,0.1,4.5,plausible_physical_zero_not_rejected
rain_toelz,frozen,2023-03-16 00:00:00+00:00,2023-03-19 20:00:00+00:00,93,0.0,0.0,0.1,0.1,plausible_physical_zero_not_rejected
rain_toelz,frozen,2023-03-20 04:00:00+00:00,2023-03-24 10:00:00+00:00,103,0.0,0.0,0.1,0.2,plausible_physical_zero_not_rejected
rain_toelz,frozen,2023-03-28 02:00:00+00:00,2023-03-29 01:00:00+00:00,24,0.0,0.0,0.7,0.8,plausible_physical_zero_not_rejected
rain_toelz,frozen,2023-04-03 21:00:00+00:00,2023-04-07 18:00:00+00:00,94,0.0,0.0,0.3,0.1,plausible_physical_zero_not_rejected
rain_toelz,frozen,2023-04-09 00:00:00+00:00,2023-04-11 05:00:00+00:00,54,0.0,0.0,0.1,0.3,plausible_physical_zero_not_rejected
rain_toelz,frozen,2023-04-18 08:00:00+00:00,2023-04-19 08:00:00+00:00,25,0.0,0.0,0.2,0.1,plausible_physical_zero_not_rejected
rain_toelz,frozen,2023-04-20 05:00:00+00:00,2023-04-23 05:00:00+00:00,73,0.0,0.0,0.2,0.2,plausible_physical_zero_not_rejected
rain_toelz,frozen,2023-04-26 08:00:00+00:00,2023-04-27 12:00:00+00:00,29,0.0,0.0,1.0,0.1,plausible_physical_zero_not_rejected
rain_toelz,frozen,2023-04-29 18:00:00+00:00,2023-05-01 14:00:00+00:00,45,0.0,0.0,0.1,0.1,plausible_physical_zero_not_rejected
rain_toelz,frozen,2023-05-02 16:00:00+00:00,2023-05-05 19:00:00+00:00,76,0.0,0.0,0.4,10.1,plausible_physical_zero_not_rejected
rain_toelz,frozen,2023-05-06 17:00:00+00:00,2023-05-08 13:00:00+00:00,45,0.0,0.0,0.1,0.2,plausible_physical_zero_not_rejected
rain_toelz,frozen,2023-05-08 21:00:00+00:00,2023-05-09 22:00:00+00:00,26,0.0,0.0,0.2,2.4,plausible_physical_zero_not_rejected
rain_toelz,frozen,2023-05-11 21:00:00+00:00,2023-05-13 09:00:00+00:00,37,0.0,0.0,0.1,0.1,plausible_physical_zero_not_rejected
rain_toelz,frozen,2023-05-17 08:00:00+00:00,2023-05-22 12:00:00+00:00,125,0.0,0.0,0.2,0.1,plausible_physical_zero_not_rejected
rain_toelz,frozen,2023-05-24 16:00:00+00:00,2023-06-16 11:00:00+00:00,548,0.0,0.0,0.8,0.1,plausible_physical_zero_not_rejected
rain_toelz,frozen,2023-06-16 16:00:00+00:00,2023-06-19 22:00:00+00:00,79,0.0,0.0,0.1,0.4,plausible_physical_zero_not_rejected
rain_toelz,frozen,2023-06-20 22:00:00+00:00,2023-06-22 21:00:00+00:00,48,0.0,0.0,0.5,0.6,plausible_physical_zero_not_rejected
rain_toelz,frozen,2023-06-24 01:00:00+00:00,2023-06-27 04:00:00+00:00,76,0.0,0.0,0.1,0.3,plausible_physical_zero_not_rejected
rain_toelz,frozen,2023-06-28 06:00:00+00:00,2023-06-30 00:00:00+00:00,43,0.0,0.0,0.7,0.1,plausible_physical_zero_not_rejected
rain_toelz,frozen,2023-07-02 09:00:00+00:00,2023-07-04 17:00:00+00:00,57,0.0,0.0,0.6,2.3,plausible_physical_zero_not_rejected
rain_toelz,frozen,2023-07-05 15:00:00+00:00,2023-07-06 15:00:00+00:00,25,0.0,0.0,1.9,0.1,plausible_physical_zero_not_rejected
rain_toelz,frozen,2023-07-06 17:00:00+00:00,2023-07-10 09:00:00+00:00,89,0.0,0.0,0.1,0.7,plausible_physical_zero_not_rejected
rain_toelz,frozen,2023-07-10 12:00:00+00:00,2023-07-11 22:00:00+00:00,35,0.0,0.0,0.2,18.9,plausible_physical_zero_not_rejected
rain_toelz,frozen,2023-07-13 22:00:00+00:00,2023-07-16 21:00:00+00:00,72,0.0,0.0,0.9,0.7,plausible_physical_zero_not_rejected
rain_toelz,frozen,2023-07-17 08:00:00+00:00,2023-07-18 22:00:00+00:00,39,0.0,0.0,0.3,1.7,plausible_physical_zero_not_rejected
rain_toelz,frozen,2023-07-20 07:00:00+00:00,2023-07-21 06:00:00+00:00,24,0.0,0.0,0.5,2.5,plausible_physical_zero_not_rejected
rain_toelz,frozen,2023-07-22 01:00:00+00:00,2023-07-24 13:00:00+00:00,61,0.0,0.0,0.2,15.8,plausible_physical_zero_not_rejected
rain_toelz,frozen,2023-07-30 17:00:00+00:00,2023-07-31 23:00:00+00:00,31,0.0,0.0,0.5,1.0,plausible_physical_zero_not_rejected
rain_toelz,frozen,2023-08-07 21:00:00+00:00,2023-08-09 04:00:00+00:00,32,0.0,0.0,0.2,0.2,plausible_physical_zero_not_rejected
rain_toelz,frozen,2023-08-10 08:00:00+00:00,2023-08-12 14:00:00+00:00,55,0.0,0.0,0.2,1.7,plausible_physical_zero_not_rejected
rain_toelz,frozen,2023-08-12 16:00:00+00:00,2023-08-13 20:00:00+00:00,29,0.0,0.0,1.7,,plausible_physical_zero_not_rejected
rain_toelz,frozen,2023-08-14 15:00:00+00:00,2023-08-15 14:00:00+00:00,24,0.0,0.0,,3.9,plausible_physical_zero_not_rejected
rain_toelz,frozen,2023-08-15 18:00:00+00:00,2023-08-23 05:00:00+00:00,180,0.0,0.0,2.6,0.1,plausible_physical_zero_not_rejected
rain_toelz,frozen,2023-08-23 07:00:00+00:00,2023-08-24 21:00:00+00:00,39,0.0,0.0,0.1,6.3,plausible_physical_zero_not_rejected
rain_toelz,frozen,2023-09-01 08:00:00+00:00,2023-09-12 19:00:00+00:00,276,0.0,0.0,0.3,0.4,plausible_physical_zero_not_rejected
rain_toelz,frozen,2023-09-14 03:00:00+00:00,2023-09-18 12:00:00+00:00,106,0.0,0.0,0.2,0.4,plausible_physical_zero_not_rejected
rain_toelz,frozen,2023-09-19 03:00:00+00:00,2023-09-22 02:00:00+00:00,72,0.0,0.0,0.1,0.1,plausible_physical_zero_not_rejected
rain_toelz,frozen,2023-09-23 10:00:00+00:00,2023-09-28 04:00:00+00:00,115,0.0,0.0,0.2,0.1,plausible_physical_zero_not_rejected
rain_toelz,frozen,2023-09-28 06:00:00+00:00,2023-09-29 19:00:00+00:00,38,0.0,0.0,0.1,2.6,plausible_physical_zero_not_rejected
rain_toelz,frozen,2023-09-29 22:00:00+00:00,2023-10-03 18:00:00+00:00,93,0.0,0.0,1.4,0.3,plausible_physical_zero_not_rejected
rain_toelz,frozen,2023-10-03 22:00:00+00:00,2023-10-14 15:00:00+00:00,258,0.0,0.0,0.9,0.1,plausible_physical_zero_not_rejected
rain_toelz,frozen,2023-10-15 17:00:00+00:00,2023-10-19 20:00:00+00:00,100,0.0,0.0,2.0,0.3,plausible_physical_zero_not_rejected
rain_toelz,frozen,2023-10-22 03:00:00+00:00,2023-10-24 08:00:00+00:00,54,0.0,0.0,0.2,0.1,plausible_physical_zero_not_rejected
rain_toelz,frozen,2023-10-28 04:00:00+00:00,2023-10-30 21:00:00+00:00,66,0.0,0.0,0.2,0.7,plausible_physical_zero_not_rejected
rain_toelz,frozen,2023-10-31 22:00:00+00:00,2023-11-02 12:00:00+00:00,39,0.0,0.0,0.8,0.1,plausible_physical_zero_not_rejected
rain_toelz,frozen,2023-11-05 01:00:00+00:00,2023-11-07 12:00:00+00:00,60,0.0,0.0,1.2,1.1,plausible_physical_zero_not_rejected
rain_toelz,frozen,2023-11-07 20:00:00+00:00,2023-11-09 21:00:00+00:00,50,0.0,0.0,0.4,0.1,plausible_physical_zero_not_rejected
rain_toelz,frozen,2023-11-11 06:00:00+00:00,2023-11-12 14:00:00+00:00,33,0.0,0.0,0.5,0.1,plausible_physical_zero_not_rejected
rain_toelz,frozen,2023-11-15 12:00:00+00:00,2023-11-16 14:00:00+00:00,27,0.0,0.0,0.2,0.1,plausible_physical_zero_not_rejected
rain_toelz,frozen,2023-11-19 13:00:00+00:00,2023-11-21 04:00:00+00:00,40,0.0,0.0,0.2,0.1,plausible_physical_zero_not_rejected
rain_toelz,frozen,2023-11-22 21:00:00+00:00,2023-11-24 03:00:00+00:00,31,0.0,0.0,0.1,0.1,plausible_physical_zero_not_rejected
rain_toelz,frozen,2023-11-26 19:00:00+00:00,2023-11-27 21:00:00+00:00,27,0.0,0.0,0.1,0.1,plausible_physical_zero_not_rejected
rain_toelz,frozen,2023-11-29 05:00:00+00:00,2023-11-30 08:00:00+00:00,28,0.0,0.0,0.6,0.3,plausible_physical_zero_not_rejected
rain_toelz,frozen,2023-12-03 00:00:00+00:00,2023-12-05 14:00:00+00:00,63,0.0,0.0,0.2,1.1,plausible_physical_zero_not_rejected
rain_toelz,frozen,2023-12-07 03:00:00+00:00,2023-12-08 17:00:00+00:00,39,0.0,0.0,0.4,0.4,plausible_physical_zero_not_rejected
rain_toelz,frozen,2023-12-16 04:00:00+00:00,2023-12-20 04:00:00+00:00,97,0.0,0.0,0.1,0.1,plausible_physical_zero_not_rejected
rain_toelz,frozen,2023-12-23 09:00:00+00:00,2023-12-24 17:00:00+00:00,33,0.0,0.0,0.1,0.7,plausible_physical_zero_not_rejected
rain_toelz,frozen,2023-12-24 20:00:00+00:00,2023-12-31 16:00:00+00:00,165,0.0,0.0,0.1,0.1,plausible_physical_zero_not_rejected
rain_toelz,frozen,2024-01-01 01:00:00+00:00,2024-01-02 20:00:00+00:00,44,0.0,0.0,0.2,0.2,plausible_physical_zero_not_rejected
rain_toelz,frozen,2024-01-04 14:00:00+00:00,2024-01-05 23:00:00+00:00,34,0.0,0.0,0.1,1.0,plausible_physical_zero_not_rejected
rain_toelz,frozen,2024-01-08 06:00:00+00:00,2024-01-15 03:00:00+00:00,166,0.0,0.0,0.1,0.1,plausible_physical_zero_not_rejected
rain_toelz,frozen,2024-01-15 15:00:00+00:00,2024-01-17 02:00:00+00:00,36,0.0,0.0,0.1,0.1,plausible_physical_zero_not_rejected
rain_toelz,frozen,2024-01-19 13:00:00+00:00,2024-01-22 18:00:00+00:00,78,0.0,0.0,0.1,0.4,plausible_physical_zero_not_rejected
rain_toelz,frozen,2024-01-26 21:00:00+00:00,2024-02-01 06:00:00+00:00,130,0.0,0.0,0.1,0.1,plausible_physical_zero_not_rejected
rain_toelz,frozen,2024-02-02 14:00:00+00:00,2024-02-07 22:00:00+00:00,129,0.0,0.0,0.8,0.2,plausible_physical_zero_not_rejected
rain_toelz,frozen,2024-02-09 01:00:00+00:00,2024-02-11 02:00:00+00:00,50,0.0,0.0,0.1,0.1,plausible_physical_zero_not_rejected
rain_toelz,frozen,2024-02-13 00:00:00+00:00,2024-02-14 10:00:00+00:00,35,0.0,0.0,0.2,0.1,plausible_physical_zero_not_rejected
rain_toelz,frozen,2024-02-14 16:00:00+00:00,2024-02-17 01:00:00+00:00,58,0.0,0.0,0.1,0.8,plausible_physical_zero_not_rejected
rain_toelz,frozen,2024-02-20 14:00:00+00:00,2024-02-22 03:00:00+00:00,38,0.0,0.0,0.1,0.1,plausible_physical_zero_not_rejected
rain_toelz,frozen,2024-02-23 18:00:00+00:00,2024-02-28 15:00:00+00:00,118,0.0,0.0,0.1,0.1,plausible_physical_zero_not_rejected
rain_toelz,frozen,2024-02-28 19:00:00+00:00,2024-03-01 16:00:00+00:00,46,0.0,0.0,0.1,0.2,plausible_physical_zero_not_rejected
rain_toelz,frozen,2024-03-02 07:00:00+00:00,2024-03-05 07:00:00+00:00,73,0.0,0.0,0.3,0.5,plausible_physical_zero_not_rejected
rain_toelz,frozen,2024-03-07 02:00:00+00:00,2024-03-10 18:00:00+00:00,89,0.0,0.0,0.2,0.1,plausible_physical_zero_not_rejected
rain_toelz,frozen,2024-03-10 20:00:00+00:00,2024-03-12 04:00:00+00:00,33,0.0,0.0,0.1,0.2,plausible_physical_zero_not_rejected
rain_toelz,frozen,2024-03-14 03:00:00+00:00,2024-03-15 09:00:00+00:00,31,0.0,0.0,0.1,0.1,plausible_physical_zero_not_rejected
rain_toelz,frozen,2024-03-17 00:00:00+00:00,2024-03-18 01:00:00+00:00,26,0.0,0.0,1.0,0.7,plausible_physical_zero_not_rejected
rain_toelz,frozen,2024-03-19 06:00:00+00:00,2024-03-21 09:00:00+00:00,52,0.0,0.0,0.2,0.2,plausible_physical_zero_not_rejected
rain_toelz,frozen,2024-03-21 18:00:00+00:00,2024-03-23 10:00:00+00:00,41,0.0,0.0,0.1,2.2,plausible_physical_zero_not_rejected
rain_toelz,frozen,2024-03-24 13:00:00+00:00,2024-03-27 16:00:00+00:00,76,0.0,0.0,0.1,0.3,plausible_physical_zero_not_rejected
rain_toelz,frozen,2024-03-28 17:00:00+00:00,2024-04-01 08:00:00+00:00,88,0.0,0.0,0.1,0.5,plausible_physical_zero_not_rejected
rain_toelz,frozen,2024-04-02 07:00:00+00:00,2024-04-03 17:00:00+00:00,35,0.0,0.0,0.1,1.7,plausible_physical_zero_not_rejected
rain_toelz,frozen,2024-04-05 03:00:00+00:00,2024-04-09 16:00:00+00:00,110,0.0,0.0,0.3,0.3,plausible_physical_zero_not_rejected
rain_toelz,frozen,2024-04-10 10:00:00+00:00,2024-04-15 07:00:00+00:00,118,0.0,0.0,1.1,0.6,plausible_physical_zero_not_rejected
rain_toelz,frozen,2024-04-25 12:00:00+00:00,2024-05-03 06:00:00+00:00,187,0.0,0.0,0.5,0.1,plausible_physical_zero_not_rejected
rain_toelz,frozen,2024-05-04 00:00:00+00:00,2024-05-06 14:00:00+00:00,63,0.0,0.0,0.3,0.7,plausible_physical_zero_not_rejected
rain_toelz,frozen,2024-05-09 09:00:00+00:00,2024-05-13 13:00:00+00:00,101,0.0,0.0,0.4,3.0,plausible_physical_zero_not_rejected
rain_toelz,frozen,2024-05-14 04:00:00+00:00,2024-05-16 03:00:00+00:00,48,0.0,0.0,0.1,0.5,plausible_physical_zero_not_rejected
rain_toelz,frozen,2024-05-19 23:00:00+00:00,2024-05-21 02:00:00+00:00,28,0.0,0.0,0.5,0.1,plausible_physical_zero_not_rejected
rain_toelz,frozen,2024-05-25 15:00:00+00:00,2024-05-27 18:00:00+00:00,52,0.0,0.0,0.2,0.2,plausible_physical_zero_not_rejected
rain_toelz,frozen,2024-05-28 12:00:00+00:00,2024-05-29 23:00:00+00:00,36,0.0,0.0,0.2,0.2,plausible_physical_zero_not_rejected
rain_toelz,frozen,2024-06-03 23:00:00+00:00,2024-06-05 18:00:00+00:00,44,0.0,0.0,0.2,0.2,plausible_physical_zero_not_rejected
rain_toelz,frozen,2024-06-12 03:00:00+00:00,2024-06-13 09:00:00+00:00,31,0.0,0.0,0.1,2.7,plausible_physical_zero_not_rejected
rain_toelz,frozen,2024-06-13 17:00:00+00:00,2024-06-15 07:00:00+00:00,39,0.0,0.0,0.2,0.9,plausible_physical_zero_not_rejected
rain_toelz,frozen,2024-06-18 05:00:00+00:00,2024-06-20 14:00:00+00:00,58,0.0,0.0,0.1,8.3,plausible_physical_zero_not_rejected
rain_toelz,frozen,2024-06-23 07:00:00+00:00,2024-06-26 00:00:00+00:00,66,0.0,0.0,0.1,0.2,plausible_physical_zero_not_rejected
rain_toelz,frozen,2024-06-28 13:00:00+00:00,2024-06-30 11:00:00+00:00,47,0.0,0.0,0.1,1.6,plausible_physical_zero_not_rejected
rain_toelz,frozen,2024-07-05 03:00:00+00:00,2024-07-06 14:00:00+00:00,36,0.0,0.0,0.1,0.1,plausible_physical_zero_not_rejected
rain_toelz,frozen,2024-07-08 07:00:00+00:00,2024-07-10 14:00:00+00:00,56,0.0,0.0,0.1,20.0,plausible_physical_zero_not_rejected
rain_toelz,frozen,2024-07-13 17:00:00+00:00,2024-07-16 03:00:00+00:00,59,0.0,0.0,0.4,0.6,plausible_physical_zero_not_rejected
rain_toelz,frozen,2024-07-17 06:00:00+00:00,2024-07-20 04:00:00+00:00,71,0.0,0.0,0.1,0.1,plausible_physical_zero_not_rejected
rain_toelz,frozen,2024-07-20 08:00:00+00:00,2024-07-21 15:00:00+00:00,32,0.0,0.0,0.3,6.0,plausible_physical_zero_not_rejected
rain_toelz,frozen,2024-07-24 04:00:00+00:00,2024-07-28 03:00:00+00:00,96,0.0,0.0,0.1,0.4,plausible_physical_zero_not_rejected
rain_toelz,frozen,2024-07-28 14:00:00+00:00,2024-07-31 18:00:00+00:00,77,0.0,0.0,0.2,0.9,plausible_physical_zero_not_rejected
rain_toelz,frozen,2024-07-31 23:00:00+00:00,2024-08-02 01:00:00+00:00,27,0.0,0.0,0.9,0.8,plausible_physical_zero_not_rejected
rain_toelz,frozen,2024-08-04 08:00:00+00:00,2024-08-07 11:00:00+00:00,76,0.0,0.0,0.1,0.9,plausible_physical_zero_not_rejected
rain_toelz,frozen,2024-08-08 15:00:00+00:00,2024-08-13 15:00:00+00:00,121,0.0,0.0,1.7,0.6,plausible_physical_zero_not_rejected
rain_toelz,frozen,2024-08-14 21:00:00+00:00,2024-08-16 19:00:00+00:00,47,0.0,0.0,0.1,0.2,plausible_physical_zero_not_rejected
rain_toelz,frozen,2024-08-19 15:00:00+00:00,2024-08-20 19:00:00+00:00,29,0.0,0.0,0.1,0.5,plausible_physical_zero_not_rejected
rain_toelz,frozen,2024-08-21 16:00:00+00:00,2024-08-25 08:00:00+00:00,89,0.0,0.0,0.2,0.5,plausible_physical_zero_not_rejected
rain_toelz,frozen,2024-08-26 21:00:00+00:00,2024-09-02 19:00:00+00:00,167,0.0,0.0,0.1,1.1,plausible_physical_zero_not_rejected
rain_toelz,frozen,2024-09-02 23:00:00+00:00,2024-09-04 17:00:00+00:00,43,0.0,0.0,0.1,0.3,plausible_physical_zero_not_rejected
rain_toelz,frozen,2024-09-04 22:00:00+00:00,2024-09-08 13:00:00+00:00,88,0.0,0.0,1.2,0.1,plausible_physical_zero_not_rejected
rain_toelz,frozen,2024-09-10 12:00:00+00:00,2024-09-11 15:00:00+00:00,28,0.0,0.0,0.2,0.1,plausible_physical_zero_not_rejected
rain_toelz,frozen,2024-09-17 09:00:00+00:00,2024-09-23 22:00:00+00:00,158,0.0,0.0,0.1,4.3,plausible_physical_zero_not_rejected
rain_toelz,frozen,2024-09-24 20:00:00+00:00,2024-09-26 17:00:00+00:00,46,0.0,0.0,0.5,2.6,plausible_physical_zero_not_rejected
rain_toelz,frozen,2024-09-29 05:00:00+00:00,2024-09-30 13:00:00+00:00,33,0.0,0.0,0.2,0.1,plausible_physical_zero_not_rejected
rain_toelz,frozen,2024-10-05 16:00:00+00:00,2024-10-06 21:00:00+00:00,30,0.0,0.0,1.6,0.2,plausible_physical_zero_not_rejected
rain_toelz,frozen,2024-10-07 01:00:00+00:00,2024-10-08 16:00:00+00:00,40,0.0,0.0,1.3,2.2,plausible_physical_zero_not_rejected
rain_toelz,frozen,2024-10-09 02:00:00+00:00,2024-10-10 05:00:00+00:00,28,0.0,0.0,0.5,0.5,plausible_physical_zero_not_rejected
rain_toelz,frozen,2024-10-11 14:00:00+00:00,2024-10-12 19:00:00+00:00,30,0.0,0.0,0.4,0.1,plausible_physical_zero_not_rejected
rain_toelz,frozen,2024-10-14 20:00:00+00:00,2024-10-18 07:00:00+00:00,84,0.0,0.0,3.2,0.1,plausible_physical_zero_not_rejected
rain_toelz,frozen,2024-10-19 00:00:00+00:00,2024-10-22 19:00:00+00:00,92,0.0,0.0,0.1,0.9,plausible_physical_zero_not_rejected
rain_toelz,frozen,2024-10-24 07:00:00+00:00,2024-10-31 04:00:00+00:00,166,0.0,0.0,0.1,0.1,plausible_physical_zero_not_rejected
rain_toelz,frozen,2024-11-01 03:00:00+00:00,2024-11-02 23:00:00+00:00,45,0.0,0.0,0.1,0.1,plausible_physical_zero_not_rejected
rain_toelz,frozen,2024-11-03 01:00:00+00:00,2024-11-07 03:00:00+00:00,99,0.0,0.0,0.1,0.1,plausible_physical_zero_not_rejected
rain_toelz,frozen,2024-11-08 02:00:00+00:00,2024-11-12 03:00:00+00:00,98,0.0,0.0,0.1,0.1,plausible_physical_zero_not_rejected
rain_toelz,frozen,2024-11-12 05:00:00+00:00,2024-11-13 13:00:00+00:00,33,0.0,0.0,0.1,0.1,plausible_physical_zero_not_rejected
rain_toelz,frozen,2024-11-13 23:00:00+00:00,2024-11-15 03:00:00+00:00,29,0.0,0.0,0.2,0.1,plausible_physical_zero_not_rejected
rain_toelz,frozen,2024-11-15 06:00:00+00:00,2024-11-17 20:00:00+00:00,63,0.0,0.0,0.1,0.4,plausible_physical_zero_not_rejected
rain_toelz,frozen,2024-11-18 21:00:00+00:00,2024-11-20 01:00:00+00:00,29,0.0,0.0,0.2,3.1,plausible_physical_zero_not_rejected
rain_toelz,frozen,2024-11-20 10:00:00+00:00,2024-11-21 18:00:00+00:00,33,0.0,0.0,0.3,0.7,plausible_physical_zero_not_rejected
rain_toelz,frozen,2024-11-23 06:00:00+00:00,2024-11-26 03:00:00+00:00,70,0.0,0.0,0.1,1.5,plausible_physical_zero_not_rejected
rain_toelz,frozen,2024-11-26 09:00:00+00:00,2024-11-28 04:00:00+00:00,44,0.0,0.0,0.1,1.0,plausible_physical_zero_not_rejected
rain_toelz,frozen,2024-11-28 16:00:00+00:00,2024-12-02 11:00:00+00:00,92,0.0,0.0,0.2,0.1,plausible_physical_zero_not_rejected
rain_toelz,frozen,2024-12-04 23:00:00+00:00,2024-12-06 04:00:00+00:00,30,0.0,0.0,0.2,0.9,plausible_physical_zero_not_rejected
rain_toelz,frozen,2024-12-10 02:00:00+00:00,2024-12-14 15:00:00+00:00,110,0.0,0.0,0.1,0.5,plausible_physical_zero_not_rejected
rain_toelz,frozen,2024-12-16 05:00:00+00:00,2024-12-19 18:00:00+00:00,86,0.0,0.0,0.5,1.8,plausible_physical_zero_not_rejected
rain_toelz,frozen,2024-12-20 16:00:00+00:00,2024-12-21 23:00:00+00:00,32,0.0,0.0,0.2,0.1,plausible_physical_zero_not_rejected
rain_toelz,frozen,2024-12-24 16:00:00+00:00,2025-01-02 18:00:00+00:00,219,0.0,0.0,0.1,0.9,plausible_physical_zero_not_rejected
rain_toelz,frozen,2025-01-03 21:00:00+00:00,2025-01-04 23:00:00+00:00,27,0.0,0.0,0.1,0.1,plausible_physical_zero_not_rejected
rain_toelz,frozen,2025-01-05 14:00:00+00:00,2025-01-07 00:00:00+00:00,35,0.0,0.0,0.5,1.1,plausible_physical_zero_not_rejected
rain_toelz,frozen,2025-01-08 15:00:00+00:00,2025-01-09 18:00:00+00:00,28,0.0,0.0,0.1,1.8,plausible_physical_zero_not_rejected
rain_toelz,frozen,2025-01-09 23:00:00+00:00,2025-01-12 09:00:00+00:00,59,0.0,0.0,0.1,0.1,plausible_physical_zero_not_rejected
rain_toelz,frozen,2025-01-12 11:00:00+00:00,2025-01-15 10:00:00+00:00,72,0.0,0.0,0.1,0.1,plausible_physical_zero_not_rejected
rain_toelz,frozen,2025-01-15 22:00:00+00:00,2025-01-23 09:00:00+00:00,180,0.0,0.0,0.2,0.3,plausible_physical_zero_not_rejected
rain_toelz,frozen,2025-01-23 13:00:00+00:00,2025-01-26 08:00:00+00:00,68,0.0,0.0,0.4,0.5,plausible_physical_zero_not_rejected
rain_toelz,frozen,2025-01-26 10:00:00+00:00,2025-01-27 18:00:00+00:00,33,0.0,0.0,0.5,1.8,plausible_physical_zero_not_rejected
rain_toelz,frozen,2025-01-28 16:00:00+00:00,2025-01-31 04:00:00+00:00,61,0.0,0.0,0.2,0.3,plausible_physical_zero_not_rejected
rain_toelz,frozen,2025-01-31 11:00:00+00:00,2025-02-12 00:00:00+00:00,278,0.0,0.0,0.5,0.5,plausible_physical_zero_not_rejected
rain_toelz,frozen,2025-02-14 20:00:00+00:00,2025-02-16 11:00:00+00:00,40,0.0,0.0,0.1,0.1,plausible_physical_zero_not_rejected
rain_toelz,frozen,2025-02-16 23:00:00+00:00,2025-02-23 23:00:00+00:00,169,0.0,0.0,0.1,0.2,plausible_physical_zero_not_rejected
rain_toelz,frozen,2025-02-24 02:00:00+00:00,2025-02-25 20:00:00+00:00,43,0.0,0.0,0.1,1.0,plausible_physical_zero_not_rejected
rain_toelz,frozen,2025-02-28 13:00:00+00:00,2025-03-10 09:00:00+00:00,237,0.0,0.0,0.3,1.0,plausible_physical_zero_not_rejected
rain_toelz,frozen,2025-03-10 18:00:00+00:00,2025-03-12 18:00:00+00:00,49,0.0,0.0,0.1,0.1,plausible_physical_zero_not_rejected
rain_toelz,frozen,2025-03-15 11:00:00+00:00,2025-03-16 13:00:00+00:00,27,0.0,0.0,0.1,0.1,plausible_physical_zero_not_rejected
rain_toelz,frozen,2025-03-17 19:00:00+00:00,2025-03-23 13:00:00+00:00,139,0.0,0.0,0.1,0.1,plausible_physical_zero_not_rejected
rain_toelz,frozen,2025-03-27 11:00:00+00:00,2025-03-28 18:00:00+00:00,32,0.0,0.0,0.2,0.1,plausible_physical_zero_not_rejected
rain_toelz,frozen,2025-04-01 13:00:00+00:00,2025-04-17 22:00:00+00:00,394,0.0,0.0,0.1,0.3,plausible_physical_zero_not_rejected
rain_toelz,frozen,2025-04-18 08:00:00+00:00,2025-04-21 19:00:00+00:00,84,0.0,0.0,0.2,0.2,plausible_physical_zero_not_rejected
rain_toelz,frozen,2025-04-22 01:00:00+00:00,2025-04-23 01:00:00+00:00,25,0.0,0.0,0.1,0.1,plausible_physical_zero_not_rejected
rain_toelz,frozen,2025-04-26 07:00:00+00:00,2025-05-03 12:00:00+00:00,174,0.0,0.0,0.1,0.3,plausible_physical_zero_not_rejected
rain_toelz,frozen,2025-05-06 07:00:00+00:00,2025-05-07 15:00:00+00:00,33,0.0,0.0,0.1,0.2,plausible_physical_zero_not_rejected
rain_toelz,frozen,2025-05-08 09:00:00+00:00,2025-05-16 16:00:00+00:00,200,0.0,0.0,0.1,0.1,plausible_physical_zero_not_rejected
rain_toelz,frozen,2025-05-18 13:00:00+00:00,2025-05-21 18:00:00+00:00,78,0.0,0.0,0.1,0.2,plausible_physical_zero_not_rejected
rain_toelz,frozen,2025-05-24 00:00:00+00:00,2025-05-25 03:00:00+00:00,28,0.0,0.0,0.1,0.1,plausible_physical_zero_not_rejected
rain_toelz,frozen,2025-05-29 12:00:00+00:00,2025-06-02 04:00:00+00:00,89,0.0,0.0,0.1,0.5,plausible_physical_zero_not_rejected
rain_toelz,frozen,2025-06-03 22:00:00+00:00,2025-06-05 11:00:00+00:00,38,0.0,0.0,0.1,1.7,plausible_physical_zero_not_rejected
rain_toelz,frozen,2025-06-08 23:00:00+00:00,2025-06-15 15:00:00+00:00,161,0.0,0.0,0.2,1.8,plausible_physical_zero_not_rejected
rain_toelz,frozen,2025-06-15 23:00:00+00:00,2025-06-23 14:00:00+00:00,184,0.0,0.0,1.1,0.1,plausible_physical_zero_not_rejected
rain_toelz,frozen,2025-06-23 17:00:00+00:00,2025-06-26 12:00:00+00:00,68,0.0,0.0,0.1,0.5,plausible_physical_zero_not_rejected
rain_toelz,frozen,2025-06-26 20:00:00+00:00,2025-06-27 19:00:00+00:00,24,0.0,0.0,0.1,3.3,plausible_physical_zero_not_rejected
rain_toelz,frozen,2025-06-27 23:00:00+00:00,2025-07-02 16:00:00+00:00,114,0.0,0.0,0.5,0.1,plausible_physical_zero_not_rejected
rain_toelz,frozen,2025-07-04 12:00:00+00:00,2025-07-06 06:00:00+00:00,43,0.0,0.0,2.1,0.2,plausible_physical_zero_not_rejected
rain_toelz,frozen,2025-07-09 05:00:00+00:00,2025-07-11 00:00:00+00:00,44,0.0,0.0,0.1,0.1,plausible_physical_zero_not_rejected
rain_toelz,frozen,2025-07-11 19:00:00+00:00,2025-07-13 22:00:00+00:00,52,0.0,0.0,0.8,0.3,plausible_physical_zero_not_rejected
rain_toelz,frozen,2025-07-17 07:00:00+00:00,2025-07-19 18:00:00+00:00,60,0.0,0.0,2.6,1.4,plausible_physical_zero_not_rejected
rain_toelz,frozen,2025-07-21 19:00:00+00:00,2025-07-24 02:00:00+00:00,56,0.0,0.0,0.3,0.6,plausible_physical_zero_not_rejected
rain_toelz,frozen,2025-08-04 16:00:00+00:00,2025-08-05 21:00:00+00:00,30,0.0,0.0,0.8,0.1,plausible_physical_zero_not_rejected
rain_toelz,frozen,2025-08-05 23:00:00+00:00,2025-08-16 01:00:00+00:00,243,0.0,0.0,0.1,0.8,plausible_physical_zero_not_rejected
rain_toelz,frozen,2025-08-16 06:00:00+00:00,2025-08-17 10:00:00+00:00,29,0.0,0.0,1.5,0.3,plausible_physical_zero_not_rejected
rain_toelz,frozen,2025-08-17 16:00:00+00:00,2025-08-20 12:00:00+00:00,69,0.0,0.0,0.1,0.4,plausible_physical_zero_not_rejected
rain_toelz,frozen,2025-08-22 23:00:00+00:00,2025-08-27 04:00:00+00:00,102,0.0,0.0,0.2,0.5,plausible_physical_zero_not_rejected
rain_toelz,frozen,2025-08-27 08:00:00+00:00,2025-08-28 10:00:00+00:00,27,0.0,0.0,1.2,0.1,plausible_physical_zero_not_rejected
rain_toelz,frozen,2025-08-30 18:00:00+00:00,2025-09-02 00:00:00+00:00,55,0.0,0.0,0.1,2.1,plausible_physical_zero_not_rejected
rain_toelz,frozen,2025-09-02 11:00:00+00:00,2025-09-04 20:00:00+00:00,58,0.0,0.0,0.2,1.0,plausible_physical_zero_not_rejected
rain_toelz,frozen,2025-09-05 16:00:00+00:00,2025-09-10 08:00:00+00:00,113,0.0,0.0,0.8,0.4,plausible_physical_zero_not_rejected
rain_toelz,frozen,2025-09-12 13:00:00+00:00,2025-09-13 18:00:00+00:00,30,0.0,0.0,0.7,0.2,plausible_physical_zero_not_rejected
rain_toelz,frozen,2025-09-14 14:00:00+00:00,2025-09-15 18:00:00+00:00,29,0.0,0.0,0.4,1.6,plausible_physical_zero_not_rejected
rain_toelz,frozen,2025-09-16 04:00:00+00:00,2025-09-21 22:00:00+00:00,139,0.0,0.0,0.5,0.1,plausible_physical_zero_not_rejected
rain_toelz,frozen,2025-09-26 05:00:00+00:00,2025-09-27 17:00:00+00:00,37,0.0,0.0,0.1,0.1,plausible_physical_zero_not_rejected
rain_toelz,frozen,2025-09-27 23:00:00+00:00,2025-09-30 05:00:00+00:00,55,0.0,0.0,0.4,0.5,plausible_physical_zero_not_rejected
rain_toelz,frozen,2025-09-30 21:00:00+00:00,2025-10-04 16:00:00+00:00,92,0.0,0.0,1.1,4.0,plausible_physical_zero_not_rejected
rain_toelz,frozen,2025-10-07 08:00:00+00:00,2025-10-09 11:00:00+00:00,52,0.0,0.0,0.2,0.7,plausible_physical_zero_not_rejected
rain_toelz,frozen,2025-10-11 03:00:00+00:00,2025-10-20 18:00:00+00:00,232,0.0,0.0,0.1,0.1,plausible_physical_zero_not_rejected
rain_toelz,frozen,2025-10-20 21:00:00+00:00,2025-10-22 10:00:00+00:00,38,0.0,0.0,0.1,0.2,plausible_physical_zero_not_rejected
rain_toelz,frozen,2025-10-28 06:00:00+00:00,2025-11-02 09:00:00+00:00,124,0.0,0.0,0.7,0.3,plausible_physical_zero_not_rejected
rain_toelz,frozen,2025-11-03 06:00:00+00:00,2025-11-09 00:00:00+00:00,139,0.0,0.0,0.6,0.7,plausible_physical_zero_not_rejected
rain_toelz,frozen,2025-11-10 03:00:00+00:00,2025-11-11 05:00:00+00:00,27,0.0,0.0,0.4,0.1,plausible_physical_zero_not_rejected
rain_toelz,frozen,2025-11-11 07:00:00+00:00,2025-11-17 01:00:00+00:00,139,0.0,0.0,0.1,0.2,plausible_physical_zero_not_rejected
rain_toelz,frozen,2025-11-18 07:00:00+00:00,2025-11-20 04:00:00+00:00,46,0.0,0.0,0.1,0.5,plausible_physical_zero_not_rejected
rain_toelz,frozen,2025-11-21 20:00:00+00:00,2025-11-24 18:00:00+00:00,71,0.0,0.0,0.1,0.2,plausible_physical_zero_not_rejected
rain_toelz,frozen,2025-11-27 07:00:00+00:00,2025-11-29 03:00:00+00:00,45,0.0,0.0,0.1,0.5,plausible_physical_zero_not_rejected
rain_toelz,frozen,2025-11-29 08:00:00+00:00,2025-11-30 20:00:00+00:00,37,0.0,0.0,0.1,0.2,plausible_physical_zero_not_rejected
rain_toelz,frozen,2025-12-01 06:00:00+00:00,2025-12-05 00:00:00+00:00,91,0.0,0.0,0.2,0.1,plausible_physical_zero_not_rejected
rain_toelz,frozen,2025-12-05 11:00:00+00:00,2025-12-07 03:00:00+00:00,41,0.0,0.0,0.2,0.1,plausible_physical_zero_not_rejected
rain_toelz,frozen,2025-12-08 09:00:00+00:00,2025-12-24 01:00:00+00:00,377,0.0,0.0,0.2,0.1,plausible_physical_zero_not_rejected
rain_toelz,frozen,2025-12-24 17:00:00+00:00,2025-12-30 15:00:00+00:00,143,0.0,0.0,0.1,0.7,plausible_physical_zero_not_rejected
rain_toelz,frozen,2025-12-30 21:00:00+00:00,2026-01-02 12:00:00+00:00,64,0.0,0.0,0.4,0.1,plausible_physical_zero_not_rejected
rain_toelz,frozen,2026-01-04 00:00:00+00:00,2026-01-08 01:00:00+00:00,98,0.0,0.0,0.2,0.7,plausible_physical_zero_not_rejected
rain_toelz,frozen,2026-01-09 05:00:00+00:00,2026-01-10 12:00:00+00:00,32,0.0,0.0,0.1,0.4,plausible_physical_zero_not_rejected
rain_toelz,frozen,2026-01-11 06:00:00+00:00,2026-01-12 10:00:00+00:00,29,0.0,0.0,0.1,0.1,plausible_physical_zero_not_rejected
rain_toelz,frozen,2026-01-13 00:00:00+00:00,2026-01-25 15:00:00+00:00,304,0.0,0.0,0.2,0.1,plausible_physical_zero_not_rejected
rain_toelz,frozen,2026-01-26 13:00:00+00:00,2026-01-28 21:00:00+00:00,57,0.0,0.0,0.2,0.1,plausible_physical_zero_not_rejected
rain_toelz,frozen,2026-01-29 11:00:00+00:00,2026-01-30 23:00:00+00:00,37,0.0,0.0,0.1,0.2,plausible_physical_zero_not_rejected
rain_toelz,frozen,2026-01-31 01:00:00+00:00,2026-02-06 12:00:00+00:00,156,0.0,0.0,0.2,0.2,plausible_physical_zero_not_rejected
rain_toelz,frozen,2026-02-06 22:00:00+00:00,2026-02-11 01:00:00+00:00,100,0.0,0.0,0.2,0.2,plausible_physical_zero_not_rejected
rain_toelz,frozen,2026-02-13 03:00:00+00:00,2026-02-14 13:00:00+00:00,35,0.0,0.0,0.7,0.1,plausible_physical_zero_not_rejected
rain_toelz,frozen,2026-02-25 01:00:00+00:00,2026-02-28 21:00:00+00:00,93,0.0,0.0,0.1,0.4,plausible_physical_zero_not_rejected
rain_toelz,frozen,2026-03-01 15:00:00+00:00,2026-03-11 07:00:00+00:00,233,0.0,0.0,0.3,0.4,plausible_physical_zero_not_rejected
rain_toelz,frozen,2026-03-12 13:00:00+00:00,2026-03-14 14:00:00+00:00,50,0.0,0.0,0.1,0.8,plausible_physical_zero_not_rejected
rain_toelz,frozen,2026-03-17 13:00:00+00:00,2026-03-21 16:00:00+00:00,100,0.0,0.0,0.4,0.3,plausible_physical_zero_not_rejected
rain_toelz,frozen,2026-03-21 18:00:00+00:00,2026-03-25 15:00:00+00:00,94,0.0,0.0,0.3,1.4,plausible_physical_zero_not_rejected
rain_toelz,frozen,2026-03-27 10:00:00+00:00,2026-03-28 22:00:00+00:00,37,0.0,0.0,0.1,0.5,plausible_physical_zero_not_rejected
rain_toelz,frozen,2026-04-01 06:00:00+00:00,2026-04-04 05:00:00+00:00,72,0.0,0.0,1.7,0.6,plausible_physical_zero_not_rejected
rain_toelz,frozen,2026-04-04 10:00:00+00:00,2026-04-05 19:00:00+00:00,34,0.0,0.0,0.1,2.1,plausible_physical_zero_not_rejected
rain_toelz,frozen,2026-04-06 02:00:00+00:00,2026-04-10 07:00:00+00:00,102,0.0,0.0,0.1,0.7,plausible_physical_zero_not_rejected
rain_toelz,frozen,2026-04-10 17:00:00+00:00,2026-04-12 08:00:00+00:00,40,0.0,0.0,0.2,0.1,plausible_physical_zero_not_rejected
rain_toelz,frozen,2026-04-15 01:00:00+00:00,2026-04-19 06:00:00+00:00,102,0.0,0.0,0.1,0.1,plausible_physical_zero_not_rejected
rain_toelz,frozen,2026-04-19 16:00:00+00:00,2026-05-05 13:00:00+00:00,382,0.0,0.0,0.7,0.1,plausible_physical_zero_not_rejected
rain_toelz,frozen,2026-05-07 22:00:00+00:00,2026-05-08 23:00:00+00:00,26,0.0,0.0,0.6,0.1,plausible_physical_zero_not_rejected
rain_toelz,frozen,2026-05-09 08:00:00+00:00,2026-05-10 21:00:00+00:00,38,0.0,0.0,1.6,0.6,plausible_physical_zero_not_rejected
rain_toelz,frozen,2026-05-12 21:00:00+00:00,2026-05-14 04:00:00+00:00,32,0.0,0.0,0.1,1.6,plausible_physical_zero_not_rejected
rain_toelz,frozen,2026-05-16 21:00:00+00:00,2026-05-18 14:00:00+00:00,42,0.0,0.0,0.3,0.5,plausible_physical_zero_not_rejected
rain_toelz,frozen,2026-05-19 06:00:00+00:00,2026-05-20 05:00:00+00:00,24,0.0,0.0,0.1,0.3,plausible_physical_zero_not_rejected
rain_toelz,frozen,2026-05-20 21:00:00+00:00,2026-05-30 21:00:00+00:00,241,0.0,0.0,0.7,0.6,plausible_physical_zero_not_rejected
rain_toelz,frozen,2026-06-03 17:00:00+00:00,2026-06-04 17:00:00+00:00,25,0.0,0.0,0.4,1.2,plausible_physical_zero_not_rejected
rain_toelz,frozen,2026-06-05 09:00:00+00:00,2026-06-07 03:00:00+00:00,43,0.0,0.0,0.5,0.6,plausible_physical_zero_not_rejected
rain_toelz,frozen,2026-06-07 06:00:00+00:00,2026-06-08 18:00:00+00:00,37,0.0,0.0,0.1,1.5,plausible_physical_zero_not_rejected
rain_toelz,frozen,2026-06-13 06:00:00+00:00,2026-06-15 00:00:00+00:00,43,0.0,0.0,1.7,0.2,plausible_physical_zero_not_rejected
rain_toelz,frozen,2026-06-15 02:00:00+00:00,2026-06-16 17:00:00+00:00,40,0.0,0.0,0.2,0.1,plausible_physical_zero_not_rejected
rain_toelz,frozen,2026-06-17 20:00:00+00:00,2026-06-19 22:00:00+00:00,51,0.0,0.0,0.1,0.1,plausible_physical_zero_not_rejected
rain_toelz,frozen,2026-06-20 00:00:00+00:00,2026-06-29 15:00:00+00:00,232,0.0,0.0,0.1,0.5,plausible_physical_zero_not_rejected
rain_toelz,frozen,2026-07-02 01:00:00+00:00,2026-07-05 17:00:00+00:00,89,0.0,0.0,0.7,2.0,plausible_physical_zero_not_rejected
rain_toelz,frozen,2026-07-06 05:00:00+00:00,2026-07-08 08:00:00+00:00,52,0.0,0.0,2.8,0.3,plausible_physical_zero_not_rejected
rain_toelz,frozen,2026-07-08 11:00:00+00:00,2026-07-14 08:00:00+00:00,142,0.0,0.0,0.1,0.7,plausible_physical_zero_not_rejected
rain_toelz,frozen,2026-07-16 23:00:00+00:00,2026-07-17 22:00:00+00:00,24,0.0,0.0,0.1,0.3,plausible_physical_zero_not_rejected
rain_toelz,frozen,2026-07-19 11:00:00+00:00,2026-07-26 06:00:00+00:00,164,0.0,0.0,3.6,0.5,plausible_physical_zero_not_rejected
rain_toelz,frozen,2026-07-27 18:00:00+00:00,2026-07-31 17:00:00+00:00,96,0.0,0.0,0.2,16.5,plausible_physical_zero_not_rejected
rain_toelz,frozen,2026-08-02 20:00:00+00:00,2026-08-04 19:00:00+00:00,48,0.0,0.0,0.2,0.1,plausible_physical_zero_not_rejected
rain_toelz,frozen,2026-08-06 16:00:00+00:00,2026-08-10 06:00:00+00:00,87,0.0,0.0,1.2,0.3,plausible_physical_zero_not_rejected
rain_toelz,frozen,2026-08-10 08:00:00+00:00,2026-08-16 23:00:00+00:00,160,0.0,0.0,0.3,2.1,plausible_physical_zero_not_rejected
rain_toelz,frozen,2026-08-19 02:00:00+00:00,2026-08-20 01:00:00+00:00,24,0.0,0.0,0.6,1.1,plausible_physical_zero_not_rejected
rain_toelz,frozen,2026-08-22 10:00:00+00:00,2026-08-25 06:00:00+00:00,69,0.0,0.0,0.4,0.2,plausible_physical_zero_not_rejected
rain_toelz,frozen,2026-08-26 11:00:00+00:00,2026-08-28 12:00:00+00:00,50,0.0,0.0,0.1,0.6,plausible_physical_zero_not_rejected
rain_toelz,frozen,2026-08-29 01:00:00+00:00,2026-08-30 04:00:00+00:00,28,0.0,0.0,1.1,0.1,plausible_physical_zero_not_rejected
rain_toelz,frozen,2026-08-31 05:00:00+00:00,2026-09-05 06:00:00+00:00,122,0.0,0.0,0.5,4.9,plausible_physical_zero_not_rejected
rain_toelz,frozen,2026-09-05 15:00:00+00:00,2026-09-08 21:00:00+00:00,79,0.0,0.0,0.9,0.3,plausible_physical_zero_not_rejected
rain_toelz,frozen,2026-09-09 21:00:00+00:00,2026-09-13 17:00:00+00:00,93,0.0,0.0,0.1,0.1,plausible_physical_zero_not_rejected
rain_lenggries,hampel,2010-07-05 04:00:00+00:00,2010-07-05 04:00:00+00:00,1,11.2,11.2,0.0,0.0,undecidable_without_independent_evidence
rain_lenggries,hampel,2010-07-12 21:00:00+00:00,2010-07-12 21:00:00+00:00,1,20.2,20.2,0.0,9.9,undecidable_without_independent_evidence
rain_lenggries,hampel,2010-07-17 13:00:00+00:00,2010-07-17 14:00:00+00:00,2,14.5,17.1,0.0,0.2,undecidable_without_independent_evidence
rain_lenggries,hampel,2010-07-22 16:00:00+00:00,2010-07-22 17:00:00+00:00,2,11.2,25.3,0.0,0.2,undecidable_without_independent_evidence
rain_lenggries,hampel,2011-05-26 14:00:00+00:00,2011-05-26 14:00:00+00:00,1,12.4,12.4,0.0,0.0,undecidable_without_independent_evidence
rain_lenggries,hampel,2011-05-31 15:00:00+00:00,2011-05-31 15:00:00+00:00,1,14.7,14.7,0.0,0.0,undecidable_without_independent_evidence
rain_lenggries,hampel,2011-06-22 19:00:00+00:00,2011-06-22 19:00:00+00:00,1,12.6,12.6,1.8,0.1,undecidable_without_independent_evidence
rain_lenggries,hampel,2011-07-10 15:00:00+00:00,2011-07-10 15:00:00+00:00,1,11.5,11.5,0.3,0.0,undecidable_without_independent_evidence
rain_lenggries,hampel,2011-08-14 20:00:00+00:00,2011-08-14 20:00:00+00:00,1,10.5,10.5,0.0,4.4,undecidable_without_independent_evidence
rain_lenggries,hampel,2011-09-17 20:00:00+00:00,2011-09-17 20:00:00+00:00,1,11.8,11.8,0.0,3.5,undecidable_without_independent_evidence
rain_lenggries,hampel,2012-06-19 01:00:00+00:00,2012-06-19 01:00:00+00:00,1,22.2,22.2,0.6,1.7,undecidable_without_independent_evidence
rain_lenggries,hampel,2012-07-05 19:00:00+00:00,2012-07-05 19:00:00+00:00,1,31.6,31.6,0.0,1.5,undecidable_without_independent_evidence
rain_lenggries,hampel,2012-07-08 18:00:00+00:00,2012-07-08 18:00:00+00:00,1,28.0,28.0,0.0,,undecidable_without_independent_evidence
rain_lenggries,hampel,2012-08-30 15:00:00+00:00,2012-08-30 15:00:00+00:00,1,15.2,15.2,0.1,1.6,undecidable_without_independent_evidence
rain_lenggries,hampel,2012-09-06 01:00:00+00:00,2012-09-06 01:00:00+00:00,1,13.3,13.3,4.5,0.0,undecidable_without_independent_evidence
rain_lenggries,hampel,2014-06-12 23:00:00+00:00,2014-06-12 23:00:00+00:00,1,11.9,11.9,0.0,2.0,undecidable_without_independent_evidence
rain_lenggries,hampel,2014-07-07 14:00:00+00:00,2014-07-07 14:00:00+00:00,1,13.9,13.9,0.0,0.0,undecidable_without_independent_evidence
rain_lenggries,hampel,2014-07-20 14:00:00+00:00,2014-07-20 14:00:00+00:00,1,10.3,10.3,0.0,0.0,undecidable_without_independent_evidence
rain_lenggries,hampel,2014-08-02 13:00:00+00:00,2014-08-02 13:00:00+00:00,1,11.9,11.9,0.0,1.7,undecidable_without_independent_evidence
rain_lenggries,hampel,2014-08-02 17:00:00+00:00,2014-08-02 17:00:00+00:00,1,10.3,10.3,0.1,0.0,undecidable_without_independent_evidence
rain_lenggries,hampel,2014-08-07 17:00:00+00:00,2014-08-07 17:00:00+00:00,1,11.0,11.0,0.0,0.7,undecidable_without_independent_evidence
rain_lenggries,hampel,2014-10-21 21:00:00+00:00,2014-10-21 21:00:00+00:00,1,11.1,11.1,4.0,0.7,undecidable_without_independent_evidence
rain_lenggries,hampel,2016-06-25 16:00:00+00:00,2016-06-25 16:00:00+00:00,1,12.7,12.7,0.0,0.4,undecidable_without_independent_evidence
rain_lenggries,hampel,2016-06-29 22:00:00+00:00,2016-06-29 22:00:00+00:00,1,16.3,16.3,0.0,0.1,undecidable_without_independent_evidence
rain_lenggries,hampel,2016-07-22 16:00:00+00:00,2016-07-22 16:00:00+00:00,1,39.7,39.7,0.0,3.8,undecidable_without_independent_evidence
rain_lenggries,hampel,2016-07-23 15:00:00+00:00,2016-07-23 15:00:00+00:00,1,27.9,27.9,0.0,0.0,undecidable_without_independent_evidence
rain_lenggries,hampel,2017-05-30 16:00:00+00:00,2017-05-30 16:00:00+00:00,1,17.1,17.1,0.0,3.8,undecidable_without_independent_evidence
rain_lenggries,hampel,2017-07-07 22:00:00+00:00,2017-07-07 22:00:00+00:00,1,13.5,13.5,2.8,1.0,undecidable_without_independent_evidence
rain_lenggries,hampel,2017-07-20 14:00:00+00:00,2017-07-20 14:00:00+00:00,1,12.2,12.2,1.0,0.8,undecidable_without_independent_evidence
rain_lenggries,hampel,2017-08-06 00:00:00+00:00,2017-08-06 00:00:00+00:00,1,10.8,10.8,4.8,0.0,undecidable_without_independent_evidence
rain_lenggries,hampel,2017-08-08 20:00:00+00:00,2017-08-08 20:00:00+00:00,1,14.7,14.7,0.0,2.3,undecidable_without_independent_evidence
rain_lenggries,hampel,2018-09-13 19:00:00+00:00,2018-09-13 19:00:00+00:00,1,10.6,10.6,0.1,4.1,undecidable_without_independent_evidence
rain_lenggries,hampel,2019-08-02 12:00:00+00:00,2019-08-02 12:00:00+00:00,1,22.2,22.2,0.0,0.9,undecidable_without_independent_evidence
rain_lenggries,hampel,2019-08-12 18:00:00+00:00,2019-08-12 18:00:00+00:00,1,12.9,12.9,0.2,4.2,undecidable_without_independent_evidence
rain_lenggries,hampel,2019-08-24 16:00:00+00:00,2019-08-24 16:00:00+00:00,1,24.9,24.9,0.0,3.0,undecidable_without_independent_evidence
rain_lenggries,hampel,2020-06-28 18:00:00+00:00,2020-06-28 18:00:00+00:00,1,11.0,11.0,0.0,4.0,undecidable_without_independent_evidence
rain_lenggries,hampel,2020-08-22 14:00:00+00:00,2020-08-22 14:00:00+00:00,1,16.6,16.6,6.8,0.4,undecidable_without_independent_evidence
rain_lenggries,hampel,2020-09-22 16:00:00+00:00,2020-09-22 16:00:00+00:00,1,25.7,25.7,0.0,0.8,undecidable_without_independent_evidence
rain_lenggries,hampel,2021-07-24 19:00:00+00:00,2021-07-24 19:00:00+00:00,1,24.3,24.3,0.0,2.6,undecidable_without_independent_evidence
rain_lenggries,hampel,2021-08-22 04:00:00+00:00,2021-08-22 04:00:00+00:00,1,14.6,14.6,0.0,2.5,undecidable_without_independent_evidence
rain_lenggries,hampel,2021-09-15 19:00:00+00:00,2021-09-15 19:00:00+00:00,1,20.3,20.3,0.0,4.2,undecidable_without_independent_evidence
rain_lenggries,hampel,2022-05-04 17:00:00+00:00,2022-05-04 17:00:00+00:00,1,22.4,22.4,3.1,0.3,undecidable_without_independent_evidence
rain_lenggries,hampel,2022-06-24 14:00:00+00:00,2022-06-24 14:00:00+00:00,1,27.4,27.4,0.0,2.5,undecidable_without_independent_evidence
rain_lenggries,hampel,2022-06-30 17:00:00+00:00,2022-06-30 17:00:00+00:00,1,26.8,26.8,0.1,2.0,undecidable_without_independent_evidence
rain_lenggries,hampel,2022-09-03 15:00:00+00:00,2022-09-03 15:00:00+00:00,1,13.6,13.6,0.0,8.0,undecidable_without_independent_evidence
rain_lenggries,hampel,2023-05-07 15:00:00+00:00,2023-05-07 15:00:00+00:00,1,15.2,15.2,2.8,0.3,undecidable_without_independent_evidence
rain_lenggries,hampel,2023-08-13 22:00:00+00:00,2023-08-13 22:00:00+00:00,1,18.7,18.7,1.1,3.5,undecidable_without_independent_evidence
rain_lenggries,hampel,2023-08-26 04:00:00+00:00,2023-08-26 04:00:00+00:00,1,11.0,11.0,0.0,3.8,undecidable_without_independent_evidence
rain_lenggries,hampel,2024-06-09 16:00:00+00:00,2024-06-09 16:00:00+00:00,1,11.4,11.4,0.1,0.6,undecidable_without_independent_evidence
rain_lenggries,hampel,2024-06-17 21:00:00+00:00,2024-06-17 21:00:00+00:00,1,16.2,16.2,0.0,1.9,undecidable_without_independent_evidence
rain_lenggries,hampel,2024-07-10 15:00:00+00:00,2024-07-10 15:00:00+00:00,1,11.7,11.7,0.1,0.0,undecidable_without_independent_evidence
rain_lenggries,hampel,2024-07-12 20:00:00+00:00,2024-07-12 20:00:00+00:00,1,15.3,15.3,0.0,3.2,undecidable_without_independent_evidence
rain_lenggries,hampel,2024-08-14 17:00:00+00:00,2024-08-14 17:00:00+00:00,1,28.2,28.2,0.2,3.0,undecidable_without_independent_evidence
rain_lenggries,hampel,2024-09-04 17:00:00+00:00,2024-09-04 17:00:00+00:00,1,16.8,16.8,0.0,3.9,undecidable_without_independent_evidence
rain_lenggries,hampel,2025-04-23 17:00:00+00:00,2025-04-23 17:00:00+00:00,1,22.5,22.5,0.8,0.0,undecidable_without_independent_evidence
rain_lenggries,hampel,2025-06-03 18:00:00+00:00,2025-06-03 18:00:00+00:00,1,13.3,13.3,0.0,6.5,undecidable_without_independent_evidence
rain_lenggries,hampel,2026-06-29 16:00:00+00:00,2026-06-29 16:00:00+00:00,1,22.2,22.2,0.0,3.7,undecidable_without_independent_evidence
rain_lenggries,hampel,2026-07-14 10:00:00+00:00,2026-07-14 10:00:00+00:00,1,11.1,11.1,4.1,0.6,undecidable_without_independent_evidence
rain_lenggries,hampel,2026-07-14 22:00:00+00:00,2026-07-14 22:00:00+00:00,1,18.0,18.0,0.0,0.0,undecidable_without_independent_evidence
rain_lenggries,hampel,2026-07-18 12:00:00+00:00,2026-07-18 12:00:00+00:00,1,28.5,28.5,1.8,1.1,undecidable_without_independent_evidence
rain_lenggries,hampel,2026-07-31 18:00:00+00:00,2026-07-31 18:00:00+00:00,1,12.2,12.2,0.1,2.0,undecidable_without_independent_evidence
rain_lenggries,jump,2012-07-05 19:00:00+00:00,2012-07-05 20:00:00+00:00,2,1.5,31.6,0.0,0.0,undecidable_without_independent_evidence
rain_lenggries,jump,2016-07-22 16:00:00+00:00,2016-07-22 17:00:00+00:00,2,3.8,39.7,0.0,0.6,undecidable_without_independent_evidence
rain_lenggries,frozen,2010-01-02 15:00:00+00:00,2010-01-07 01:00:00+00:00,107,0.0,0.0,0.1,0.3,plausible_physical_zero_not_rejected
rain_lenggries,frozen,2010-01-07 10:00:00+00:00,2010-01-10 18:00:00+00:00,81,0.0,0.0,0.1,0.2,plausible_physical_zero_not_rejected
rain_lenggries,frozen,2010-01-12 05:00:00+00:00,2010-01-13 22:00:00+00:00,42,0.0,0.0,0.1,0.1,plausible_physical_zero_not_rejected
rain_lenggries,frozen,2010-01-14 05:00:00+00:00,2010-01-17 03:00:00+00:00,71,0.0,0.0,0.1,0.1,plausible_physical_zero_not_rejected
rain_lenggries,frozen,2010-01-18 15:00:00+00:00,2010-01-21 02:00:00+00:00,60,0.0,0.0,0.3,0.3,plausible_physical_zero_not_rejected
rain_lenggries,frozen,2010-01-22 00:00:00+00:00,2010-01-26 01:00:00+00:00,98,0.0,0.0,0.1,0.4,plausible_physical_zero_not_rejected
rain_lenggries,frozen,2010-01-26 16:00:00+00:00,2010-01-28 02:00:00+00:00,35,0.0,0.0,0.1,0.1,plausible_physical_zero_not_rejected
rain_lenggries,frozen,2010-01-28 12:00:00+00:00,2010-01-30 02:00:00+00:00,39,0.0,0.0,0.4,1.8,plausible_physical_zero_not_rejected
rain_lenggries,frozen,2010-02-02 05:00:00+00:00,2010-02-03 06:00:00+00:00,26,0.0,0.0,0.1,0.3,plausible_physical_zero_not_rejected
rain_lenggries,frozen,2010-02-03 16:00:00+00:00,2010-02-05 19:00:00+00:00,52,0.0,0.0,1.2,0.3,plausible_physical_zero_not_rejected
rain_lenggries,frozen,2010-02-07 10:00:00+00:00,2010-02-10 12:00:00+00:00,75,0.0,0.0,0.1,0.2,plausible_physical_zero_not_rejected
rain_lenggries,frozen,2010-02-11 18:00:00+00:00,2010-02-18 05:00:00+00:00,156,0.0,0.0,0.4,0.2,plausible_physical_zero_not_rejected
rain_lenggries,frozen,2010-02-18 08:00:00+00:00,2010-02-19 17:00:00+00:00,34,0.0,0.0,0.2,0.2,plausible_physical_zero_not_rejected
rain_lenggries,frozen,2010-02-20 07:00:00+00:00,2010-02-25 03:00:00+00:00,117,0.0,0.0,0.2,0.6,plausible_physical_zero_not_rejected
rain_lenggries,frozen,2010-02-26 22:00:00+00:00,2010-03-01 00:00:00+00:00,51,0.0,0.0,0.1,0.1,plausible_physical_zero_not_rejected
rain_lenggries,frozen,2010-03-01 02:00:00+00:00,2010-03-02 11:00:00+00:00,34,0.0,0.0,0.1,0.1,plausible_physical_zero_not_rejected
rain_lenggries,frozen,2010-03-03 01:00:00+00:00,2010-03-04 19:00:00+00:00,43,0.0,0.0,0.1,0.1,plausible_physical_zero_not_rejected
rain_lenggries,frozen,2010-03-07 03:00:00+00:00,2010-03-11 07:00:00+00:00,101,0.0,0.0,0.1,0.1,plausible_physical_zero_not_rejected
rain_lenggries,frozen,2010-03-12 07:00:00+00:00,2010-03-15 01:00:00+00:00,67,0.0,0.0,0.1,0.1,plausible_physical_zero_not_rejected
rain_lenggries,frozen,2010-03-16 16:00:00+00:00,2010-03-21 08:00:00+00:00,113,0.0,0.0,0.7,0.2,plausible_physical_zero_not_rejected
rain_lenggries,frozen,2010-03-22 05:00:00+00:00,2010-03-26 15:00:00+00:00,107,0.0,0.0,0.1,0.1,plausible_physical_zero_not_rejected
rain_lenggries,frozen,2010-03-29 02:00:00+00:00,2010-03-30 21:00:00+00:00,44,0.0,0.0,0.8,2.2,plausible_physical_zero_not_rejected
rain_lenggries,frozen,2010-04-01 16:00:00+00:00,2010-04-04 13:00:00+00:00,70,0.0,0.0,0.1,0.6,plausible_physical_zero_not_rejected
rain_lenggries,frozen,2010-04-05 17:00:00+00:00,2010-04-10 17:00:00+00:00,121,0.0,0.0,0.2,0.9,plausible_physical_zero_not_rejected
rain_lenggries,frozen,2010-04-11 20:00:00+00:00,2010-04-14 02:00:00+00:00,55,0.0,0.0,0.2,0.3,plausible_physical_zero_not_rejected
rain_lenggries,frozen,2010-04-14 22:00:00+00:00,2010-04-18 15:00:00+00:00,90,0.0,0.0,0.1,0.1,plausible_physical_zero_not_rejected
rain_lenggries,frozen,2010-04-18 17:00:00+00:00,2010-04-20 11:00:00+00:00,43,0.0,0.0,0.1,0.1,plausible_physical_zero_not_rejected
rain_lenggries,frozen,2010-04-21 13:00:00+00:00,2010-04-25 15:00:00+00:00,99,0.0,0.0,0.3,2.0,plausible_physical_zero_not_rejected
rain_lenggries,frozen,2010-04-26 14:00:00+00:00,2010-04-30 20:00:00+00:00,103,0.0,0.0,0.4,5.6,plausible_physical_zero_not_rejected
rain_lenggries,frozen,2010-05-07 11:00:00+00:00,2010-05-08 11:00:00+00:00,25,0.0,0.0,0.1,1.2,plausible_physical_zero_not_rejected
rain_lenggries,frozen,2010-05-11 00:00:00+00:00,2010-05-12 01:00:00+00:00,26,0.0,0.0,0.5,0.2,plausible_physical_zero_not_rejected
rain_lenggries,frozen,2010-05-23 15:00:00+00:00,2010-05-26 00:00:00+00:00,58,0.0,0.0,0.1,4.3,plausible_physical_zero_not_rejected
rain_lenggries,frozen,2010-06-04 06:00:00+00:00,2010-06-06 19:00:00+00:00,62,0.0,0.0,0.1,0.5,plausible_physical_zero_not_rejected
rain_lenggries,frozen,2010-06-07 06:00:00+00:00,2010-06-12 15:00:00+00:00,130,0.0,0.0,0.5,1.8,plausible_physical_zero_not_rejected
rain_lenggries,frozen,2010-06-22 09:00:00+00:00,2010-07-04 14:00:00+00:00,294,0.0,0.0,0.3,0.7,plausible_physical_zero_not_rejected
rain_lenggries,frozen,2010-07-06 12:00:00+00:00,2010-07-12 20:00:00+00:00,153,0.0,0.0,0.1,20.2,plausible_physical_zero_not_rejected
rain_lenggries,frozen,2010-07-13 01:00:00+00:00,2010-07-15 16:00:00+00:00,64,0.0,0.0,0.1,1.7,plausible_physical_zero_not_rejected
rain_lenggries,frozen,2010-07-15 18:00:00+00:00,2010-07-17 12:00:00+00:00,43,0.0,0.0,1.7,17.1,plausible_physical_zero_not_rejected
rain_lenggries,frozen,2010-07-18 07:00:00+00:00,2010-07-21 19:00:00+00:00,85,0.0,0.0,0.1,0.2,plausible_physical_zero_not_rejected
rain_lenggries,frozen,2010-07-25 07:00:00+00:00,2010-07-26 14:00:00+00:00,32,0.0,0.0,0.1,0.2,plausible_physical_zero_not_rejected
rain_lenggries,frozen,2010-07-27 11:00:00+00:00,2010-07-28 12:00:00+00:00,26,0.0,0.0,0.2,0.1,plausible_physical_zero_not_rejected
rain_lenggries,frozen,2010-07-30 11:00:00+00:00,2010-08-02 01:00:00+00:00,63,0.0,0.0,0.3,0.4,plausible_physical_zero_not_rejected
rain_lenggries,frozen,2010-08-03 20:00:00+00:00,2010-08-05 05:00:00+00:00,34,0.0,0.0,0.1,0.3,plausible_physical_zero_not_rejected
rain_lenggries,frozen,2010-08-07 11:00:00+00:00,2010-08-08 14:00:00+00:00,28,0.0,0.0,0.2,0.1,plausible_physical_zero_not_rejected
rain_lenggries,frozen,2010-08-08 22:00:00+00:00,2010-08-11 14:00:00+00:00,65,0.0,0.0,1.3,0.5,plausible_physical_zero_not_rejected
rain_lenggries,frozen,2010-08-13 22:00:00+00:00,2010-08-15 16:00:00+00:00,43,0.0,0.0,0.4,0.1,plausible_physical_zero_not_rejected
rain_lenggries,frozen,2010-08-17 10:00:00+00:00,2010-08-18 21:00:00+00:00,36,0.0,0.0,1.1,0.3,plausible_physical_zero_not_rejected
rain_lenggries,frozen,2010-08-19 08:00:00+00:00,2010-08-23 23:00:00+00:00,112,0.0,0.0,0.1,0.1,plausible_physical_zero_not_rejected
rain_lenggries,frozen,2010-08-24 16:00:00+00:00,2010-08-27 09:00:00+00:00,66,0.0,0.0,0.6,1.7,plausible_physical_zero_not_rejected
rain_lenggries,frozen,2010-08-31 23:00:00+00:00,2010-09-04 01:00:00+00:00,75,0.0,0.0,0.8,0.3,plausible_physical_zero_not_rejected
rain_lenggries,frozen,2010-09-04 12:00:00+00:00,2010-09-07 00:00:00+00:00,61,0.0,0.0,1.2,0.1,plausible_physical_zero_not_rejected
rain_lenggries,frozen,2010-09-07 05:00:00+00:00,2010-09-08 14:00:00+00:00,34,0.0,0.0,0.1,0.1,plausible_physical_zero_not_rejected
rain_lenggries,frozen,2010-09-09 09:00:00+00:00,2010-09-13 00:00:00+00:00,88,0.0,0.0,0.1,0.9,plausible_physical_zero_not_rejected
rain_lenggries,frozen,2010-09-13 23:00:00+00:00,2010-09-16 04:00:00+00:00,54,0.0,0.0,0.4,0.6,plausible_physical_zero_not_rejected
rain_lenggries,frozen,2010-09-18 02:00:00+00:00,2010-09-24 22:00:00+00:00,165,0.0,0.0,0.4,0.3,plausible_physical_zero_not_rejected
rain_lenggries,frozen,2010-09-26 16:00:00+00:00,2010-09-27 23:00:00+00:00,32,0.0,0.0,0.1,0.1,plausible_physical_zero_not_rejected
rain_lenggries,frozen,2010-10-01 07:00:00+00:00,2010-10-05 03:00:00+00:00,93,0.0,0.0,0.1,0.3,plausible_physical_zero_not_rejected
rain_lenggries,frozen,2010-10-06 00:00:00+00:00,2010-10-14 07:00:00+00:00,200,0.0,0.0,0.3,0.1,plausible_physical_zero_not_rejected
rain_lenggries,frozen,2010-10-14 09:00:00+00:00,2010-10-16 13:00:00+00:00,53,0.0,0.0,0.1,0.1,plausible_physical_zero_not_rejected
rain_lenggries,frozen,2010-10-18 02:00:00+00:00,2010-10-19 23:00:00+00:00,46,0.0,0.0,0.1,0.4,plausible_physical_zero_not_rejected
rain_lenggries,frozen,2010-10-21 03:00:00+00:00,2010-10-24 08:00:00+00:00,78,0.0,0.0,0.3,0.1,plausible_physical_zero_not_rejected
rain_lenggries,frozen,2010-10-25 23:00:00+00:00,2010-11-02 16:00:00+00:00,186,0.0,0.0,0.2,0.2,plausible_physical_zero_not_rejected
rain_lenggries,frozen,2010-11-02 20:00:00+00:00,2010-11-07 17:00:00+00:00,118,0.0,0.0,0.8,0.7,plausible_physical_zero_not_rejected
rain_lenggries,frozen,2010-11-08 15:00:00+00:00,2010-11-11 00:00:00+00:00,58,0.0,0.0,0.1,0.5,plausible_physical_zero_not_rejected
rain_lenggries,frozen,2010-11-13 08:00:00+00:00,2010-11-16 00:00:00+00:00,65,0.0,0.0,,0.4,plausible_physical_zero_not_rejected
rain_lenggries,frozen,2010-11-16 19:00:00+00:00,2010-11-18 22:00:00+00:00,52,0.0,0.0,0.3,0.7,plausible_physical_zero_not_rejected
rain_lenggries,frozen,2010-11-19 12:00:00+00:00,2010-11-21 22:00:00+00:00,59,0.0,0.0,0.1,1.0,plausible_physical_zero_not_rejected
rain_lenggries,frozen,2010-11-25 05:00:00+00:00,2010-11-26 06:00:00+00:00,26,0.0,0.0,0.1,0.1,plausible_physical_zero_not_rejected
rain_lenggries,frozen,2010-11-27 11:00:00+00:00,2010-11-28 18:00:00+00:00,32,0.0,0.0,0.6,0.1,plausible_physical_zero_not_rejected
rain_lenggries,frozen,2010-11-29 14:00:00+00:00,2010-12-01 14:00:00+00:00,49,0.0,0.0,0.1,0.3,plausible_physical_zero_not_rejected
rain_lenggries,frozen,2010-12-03 08:00:00+00:00,2010-12-06 23:00:00+00:00,88,0.0,0.0,0.3,0.1,plausible_physical_zero_not_rejected
rain_lenggries,frozen,2010-12-17 18:00:00+00:00,2010-12-24 03:00:00+00:00,154,0.0,0.0,0.1,0.1,plausible_physical_zero_not_rejected
rain_lenggries,frozen,2010-12-26 06:00:00+00:00,2010-12-28 16:00:00+00:00,59,0.0,0.0,0.1,0.4,plausible_physical_zero_not_rejected
rain_lenggries,frozen,2010-12-30 03:00:00+00:00,2011-01-02 03:00:00+00:00,73,0.0,0.0,0.1,0.2,plausible_physical_zero_not_rejected
rain_lenggries,frozen,2011-01-03 00:00:00+00:00,2011-01-06 21:00:00+00:00,94,0.0,0.0,0.3,0.1,plausible_physical_zero_not_rejected
rain_lenggries,frozen,2011-01-07 05:00:00+00:00,2011-01-10 02:00:00+00:00,70,0.0,0.0,0.1,0.3,plausible_physical_zero_not_rejected
rain_lenggries,frozen,2011-01-10 15:00:00+00:00,2011-01-11 22:00:00+00:00,32,0.0,0.0,0.1,0.3,plausible_physical_zero_not_rejected
rain_lenggries,frozen,2011-01-15 10:00:00+00:00,2011-01-18 19:00:00+00:00,82,0.0,0.0,0.2,0.1,plausible_physical_zero_not_rejected
rain_lenggries,frozen,2011-01-21 22:00:00+00:00,2011-01-24 04:00:00+00:00,55,0.0,0.0,0.1,0.2,plausible_physical_zero_not_rejected
rain_lenggries,frozen,2011-01-26 21:00:00+00:00,2011-02-11 05:00:00+00:00,369,0.0,0.0,0.1,0.3,plausible_physical_zero_not_rejected
rain_lenggries,frozen,2011-02-12 05:00:00+00:00,2011-02-13 06:00:00+00:00,26,0.0,0.0,0.3,0.1,plausible_physical_zero_not_rejected
rain_lenggries,frozen,2011-02-13 08:00:00+00:00,2011-02-18 14:00:00+00:00,127,0.0,0.0,0.1,0.1,plausible_physical_zero_not_rejected
rain_lenggries,frozen,2011-02-18 23:00:00+00:00,2011-02-20 18:00:00+00:00,44,0.0,0.0,0.1,0.1,plausible_physical_zero_not_rejected
rain_lenggries,frozen,2011-02-22 18:00:00+00:00,2011-02-25 02:00:00+00:00,57,0.0,0.0,0.1,0.1,plausible_physical_zero_not_rejected
rain_lenggries,frozen,2011-02-25 07:00:00+00:00,2011-02-26 22:00:00+00:00,40,0.0,0.0,0.1,0.1,plausible_physical_zero_not_rejected
rain_lenggries,frozen,2011-02-28 02:00:00+00:00,2011-03-16 11:00:00+00:00,394,0.0,0.0,0.3,0.3,plausible_physical_zero_not_rejected
rain_lenggries,frozen,2011-03-19 19:00:00+00:00,2011-03-26 15:00:00+00:00,165,0.0,0.0,0.3,0.3,plausible_physical_zero_not_rejected
rain_lenggries,frozen,2011-03-28 01:00:00+00:00,2011-03-31 18:00:00+00:00,90,0.0,0.0,0.1,0.6,plausible_physical_zero_not_rejected
rain_lenggries,frozen,2011-04-01 08:00:00+00:00,2011-04-04 07:00:00+00:00,72,0.0,0.0,0.3,3.9,plausible_physical_zero_not_rejected
rain_lenggries,frozen,2011-04-05 07:00:00+00:00,2011-04-12 10:00:00+00:00,172,0.0,0.0,0.6,1.2,plausible_physical_zero_not_rejected
rain_lenggries,frozen,2011-04-14 20:00:00+00:00,2011-04-24 04:00:00+00:00,225,0.0,0.0,0.1,0.6,plausible_physical_zero_not_rejected
rain_lenggries,frozen,2011-04-24 20:00:00+00:00,2011-04-27 13:00:00+00:00,66,0.0,0.0,0.1,0.3,plausible_physical_zero_not_rejected
rain_lenggries,frozen,2011-04-27 17:00:00+00:00,2011-04-28 16:00:00+00:00,24,0.0,0.0,0.3,0.6,plausible_physical_zero_not_rejected
rain_lenggries,frozen,2011-05-01 02:00:00+00:00,2011-05-02 13:00:00+00:00,36,0.0,0.0,0.1,0.3,plausible_physical_zero_not_rejected
rain_lenggries,frozen,2011-05-03 10:00:00+00:00,2011-05-11 14:00:00+00:00,197,0.0,0.0,0.5,2.5,plausible_physical_zero_not_rejected
rain_lenggries,frozen,2011-05-13 04:00:00+00:00,2011-05-14 04:00:00+00:00,25,0.0,0.0,0.1,0.1,plausible_physical_zero_not_rejected
rain_lenggries,frozen,2011-05-16 14:00:00+00:00,2011-05-19 21:00:00+00:00,80,0.0,0.0,0.1,1.4,plausible_physical_zero_not_rejected
rain_lenggries,frozen,2011-05-23 08:00:00+00:00,2011-05-26 13:00:00+00:00,78,0.0,0.0,0.1,12.4,plausible_physical_zero_not_rejected
rain_lenggries,frozen,2011-05-28 09:00:00+00:00,2011-05-31 14:00:00+00:00,78,0.0,0.0,0.5,14.7,plausible_physical_zero_not_rejected
rain_lenggries,frozen,2011-06-02 06:00:00+00:00,2011-06-06 04:00:00+00:00,95,0.0,0.0,0.1,0.1,plausible_physical_zero_not_rejected
rain_lenggries,frozen,2011-06-12 05:00:00+00:00,2011-06-13 05:00:00+00:00,25,0.0,0.0,0.1,0.1,plausible_physical_zero_not_rejected
rain_lenggries,frozen,2011-06-14 05:00:00+00:00,2011-06-15 21:00:00+00:00,41,0.0,0.0,0.2,0.1,plausible_physical_zero_not_rejected
rain_lenggries,frozen,2011-06-21 03:00:00+00:00,2011-06-22 16:00:00+00:00,38,0.0,0.0,0.1,0.2,plausible_physical_zero_not_rejected
rain_lenggries,frozen,2011-06-25 02:00:00+00:00,2011-06-26 01:00:00+00:00,24,0.0,0.0,0.1,0.2,plausible_physical_zero_not_rejected
rain_lenggries,frozen,2011-06-26 08:00:00+00:00,2011-06-29 16:00:00+00:00,81,0.0,0.0,0.3,0.1,plausible_physical_zero_not_rejected
rain_lenggries,frozen,2011-06-30 12:00:00+00:00,2011-07-01 11:00:00+00:00,24,0.0,0.0,0.8,1.0,plausible_physical_zero_not_rejected
rain_lenggries,frozen,2011-07-02 17:00:00+00:00,2011-07-03 19:00:00+00:00,27,0.0,0.0,0.4,0.1,plausible_physical_zero_not_rejected
rain_lenggries,frozen,2011-07-03 21:00:00+00:00,2011-07-07 13:00:00+00:00,89,0.0,0.0,0.1,1.6,plausible_physical_zero_not_rejected
rain_lenggries,frozen,2011-07-08 22:00:00+00:00,2011-07-09 21:00:00+00:00,24,0.0,0.0,0.1,2.1,plausible_physical_zero_not_rejected
rain_lenggries,frozen,2011-07-11 01:00:00+00:00,2011-07-13 06:00:00+00:00,54,0.0,0.0,0.4,0.1,plausible_physical_zero_not_rejected
rain_lenggries,frozen,2011-07-15 08:00:00+00:00,2011-07-17 13:00:00+00:00,54,0.0,0.0,0.1,0.3,plausible_physical_zero_not_rejected
rain_lenggries,frozen,2011-07-24 16:00:00+00:00,2011-07-27 12:00:00+00:00,69,0.0,0.0,0.1,0.7,plausible_physical_zero_not_rejected
rain_lenggries,frozen,2011-07-30 16:00:00+00:00,2011-08-03 13:00:00+00:00,94,0.0,0.0,0.1,5.3,plausible_physical_zero_not_rejected
rain_lenggries,frozen,2011-08-10 06:00:00+00:00,2011-08-13 03:00:00+00:00,70,0.0,0.0,3.1,0.9,plausible_physical_zero_not_rejected
rain_lenggries,frozen,2011-08-13 07:00:00+00:00,2011-08-14 19:00:00+00:00,37,0.0,0.0,0.1,10.5,plausible_physical_zero_not_rejected
rain_lenggries,frozen,2011-08-15 18:00:00+00:00,2011-08-18 23:00:00+00:00,78,0.0,0.0,0.1,6.1,plausible_physical_zero_not_rejected
rain_lenggries,frozen,2011-08-20 00:00:00+00:00,2011-08-24 15:00:00+00:00,112,0.0,0.0,2.0,0.3,plausible_physical_zero_not_rejected
rain_lenggries,frozen,2011-08-25 02:00:00+00:00,2011-08-27 05:00:00+00:00,52,0.0,0.0,0.1,0.2,plausible_physical_zero_not_rejected
rain_lenggries,frozen,2011-08-27 16:00:00+00:00,2011-09-02 08:00:00+00:00,137,0.0,0.0,1.3,0.4,plausible_physical_zero_not_rejected
rain_lenggries,frozen,2011-09-02 13:00:00+00:00,2011-09-03 23:00:00+00:00,35,0.0,0.0,0.5,0.2,plausible_physical_zero_not_rejected
rain_lenggries,frozen,2011-09-04 01:00:00+00:00,2011-09-05 02:00:00+00:00,26,0.0,0.0,0.2,0.1,plausible_physical_zero_not_rejected
rain_lenggries,frozen,2011-09-05 16:00:00+00:00,2011-09-07 21:00:00+00:00,54,0.0,0.0,0.2,0.6,plausible_physical_zero_not_rejected
rain_lenggries,frozen,2011-09-09 08:00:00+00:00,2011-09-11 18:00:00+00:00,59,0.0,0.0,1.0,4.8,plausible_physical_zero_not_rejected
rain_lenggries,frozen,2011-09-12 05:00:00+00:00,2011-09-14 09:00:00+00:00,53,0.0,0.0,0.5,0.4,plausible_physical_zero_not_rejected
rain_lenggries,frozen,2011-09-14 12:00:00+00:00,2011-09-17 01:00:00+00:00,62,0.0,0.0,0.3,0.1,plausible_physical_zero_not_rejected
rain_lenggries,frozen,2011-09-20 08:00:00+00:00,2011-10-06 19:00:00+00:00,396,0.0,0.0,0.1,0.2,plausible_physical_zero_not_rejected
rain_lenggries,frozen,2011-10-10 15:00:00+00:00,2011-10-13 00:00:00+00:00,58,0.0,0.0,0.2,0.2,plausible_physical_zero_not_rejected
rain_lenggries,frozen,2011-10-13 18:00:00+00:00,2011-10-19 15:00:00+00:00,142,0.0,0.0,0.1,0.2,plausible_physical_zero_not_rejected
rain_lenggries,frozen,2011-10-20 14:00:00+00:00,2011-10-26 05:00:00+00:00,136,0.0,0.0,0.4,0.9,plausible_physical_zero_not_rejected
rain_lenggries,frozen,2011-10-26 13:00:00+00:00,2011-12-03 00:00:00+00:00,900,0.0,0.0,0.2,0.5,plausible_physical_zero_not_rejected
rain_lenggries,frozen,2011-12-08 06:00:00+00:00,2011-12-10 04:00:00+00:00,47,0.0,0.0,0.4,0.2,plausible_physical_zero_not_rejected
rain_lenggries,frozen,2011-12-11 01:00:00+00:00,2011-12-12 14:00:00+00:00,38,0.0,0.0,0.1,1.0,plausible_physical_zero_not_rejected
rain_lenggries,frozen,2011-12-12 22:00:00+00:00,2011-12-14 17:00:00+00:00,44,0.0,0.0,1.2,0.1,plausible_physical_zero_not_rejected
rain_lenggries,frozen,2011-12-15 18:00:00+00:00,2011-12-16 17:00:00+00:00,24,0.0,0.0,0.5,7.6,plausible_physical_zero_not_rejected
rain_lenggries,frozen,2011-12-17 21:00:00+00:00,2011-12-19 00:00:00+00:00,28,0.0,0.0,0.2,0.2,plausible_physical_zero_not_rejected
rain_lenggries,frozen,2011-12-19 10:00:00+00:00,2011-12-20 12:00:00+00:00,27,0.0,0.0,0.2,0.8,plausible_physical_zero_not_rejected
rain_lenggries,frozen,2011-12-25 02:00:00+00:00,2011-12-29 04:00:00+00:00,99,0.0,0.0,0.1,0.3,plausible_physical_zero_not_rejected
rain_lenggries,frozen,2012-01-01 09:00:00+00:00,2012-01-02 15:00:00+00:00,31,0.0,0.0,0.9,0.1,plausible_physical_zero_not_rejected
rain_lenggries,frozen,2012-01-03 01:00:00+00:00,2012-01-04 07:00:00+00:00,31,0.0,0.0,0.1,1.9,plausible_physical_zero_not_rejected
rain_lenggries,frozen,2012-01-10 16:00:00+00:00,2012-01-12 22:00:00+00:00,55,0.0,0.0,0.1,0.1,plausible_physical_zero_not_rejected
rain_lenggries,frozen,2012-01-14 12:00:00+00:00,2012-01-19 06:00:00+00:00,115,0.0,0.0,0.3,0.6,plausible_physical_zero_not_rejected
rain_lenggries,frozen,2012-01-25 02:00:00+00:00,2012-01-28 01:00:00+00:00,72,0.0,0.0,0.4,0.1,plausible_physical_zero_not_rejected
rain_lenggries,frozen,2012-01-28 23:00:00+00:00,2012-02-01 21:00:00+00:00,95,0.0,0.0,0.1,0.1,plausible_physical_zero_not_rejected
rain_lenggries,frozen,2012-02-02 15:00:00+00:00,2012-02-07 00:00:00+00:00,106,0.0,0.0,0.1,0.1,plausible_physical_zero_not_rejected
rain_lenggries,frozen,2012-02-07 10:00:00+00:00,2012-02-09 16:00:00+00:00,55,0.0,0.0,0.1,0.1,plausible_physical_zero_not_rejected
rain_lenggries,frozen,2012-02-10 09:00:00+00:00,2012-02-13 17:00:00+00:00,81,0.0,0.0,0.1,0.2,plausible_physical_zero_not_rejected
rain_lenggries,frozen,2012-02-18 04:00:00+00:00,2012-02-19 11:00:00+00:00,32,0.0,0.0,0.1,0.4,plausible_physical_zero_not_rejected
rain_lenggries,frozen,2012-02-20 09:00:00+00:00,2012-02-23 21:00:00+00:00,85,0.0,0.0,0.2,0.1,plausible_physical_zero_not_rejected
rain_lenggries,frozen,2012-02-24 04:00:00+00:00,2012-02-25 10:00:00+00:00,31,0.0,0.0,0.1,0.2,plausible_physical_zero_not_rejected
rain_lenggries,frozen,2012-02-27 06:00:00+00:00,2012-02-28 14:00:00+00:00,33,0.0,0.0,0.6,0.1,plausible_physical_zero_not_rejected
rain_lenggries,frozen,2012-02-28 22:00:00+00:00,2012-03-05 06:00:00+00:00,129,0.0,0.0,0.1,0.1,plausible_physical_zero_not_rejected
rain_lenggries,frozen,2012-03-05 17:00:00+00:00,2012-03-08 07:00:00+00:00,63,0.0,0.0,0.1,0.7,plausible_physical_zero_not_rejected
rain_lenggries,frozen,2012-03-09 02:00:00+00:00,2012-03-11 08:00:00+00:00,55,0.0,0.0,0.1,0.4,plausible_physical_zero_not_rejected
rain_lenggries,frozen,2012-03-12 06:00:00+00:00,2012-03-18 21:00:00+00:00,160,0.0,0.0,0.2,0.2,plausible_physical_zero_not_rejected
rain_lenggries,frozen,2012-03-20 01:00:00+00:00,2012-03-24 11:00:00+00:00,107,0.0,0.0,0.5,0.2,plausible_physical_zero_not_rejected
rain_lenggries,frozen,2012-03-24 17:00:00+00:00,2012-03-29 20:00:00+00:00,124,0.0,0.0,0.1,0.2,plausible_physical_zero_not_rejected
rain_lenggries,frozen,2012-03-30 15:00:00+00:00,2012-03-31 17:00:00+00:00,27,0.0,0.0,0.1,0.2,plausible_physical_zero_not_rejected
rain_lenggries,frozen,2012-04-01 05:00:00+00:00,2012-04-04 23:00:00+00:00,91,0.0,0.0,0.1,0.6,plausible_physical_zero_not_rejected
rain_lenggries,frozen,2012-04-08 14:00:00+00:00,2012-04-11 11:00:00+00:00,70,0.0,0.0,0.4,1.1,plausible_physical_zero_not_rejected
rain_lenggries,frozen,2012-04-12 01:00:00+00:00,2012-04-13 06:00:00+00:00,30,0.0,0.0,0.1,0.4,plausible_physical_zero_not_rejected
rain_lenggries,frozen,2012-04-14 06:00:00+00:00,2012-04-15 07:00:00+00:00,26,0.0,0.0,0.1,0.1,plausible_physical_zero_not_rejected
rain_lenggries,frozen,2012-04-17 04:00:00+00:00,2012-04-18 15:00:00+00:00,36,0.0,0.0,0.1,0.4,plausible_physical_zero_not_rejected
rain_lenggries,frozen,2012-04-18 21:00:00+00:00,2012-04-20 01:00:00+00:00,29,0.0,0.0,0.1,0.1,plausible_physical_zero_not_rejected
rain_lenggries,frozen,2012-04-20 19:00:00+00:00,2012-04-21 23:00:00+00:00,29,0.0,0.0,0.5,0.9,plausible_physical_zero_not_rejected
rain_lenggries,frozen,2012-04-22 13:00:00+00:00,2012-04-24 07:00:00+00:00,43,0.0,0.0,0.1,0.9,plausible_physical_zero_not_rejected
rain_lenggries,frozen,2012-04-24 15:00:00+00:00,2012-05-02 16:00:00+00:00,194,0.0,0.0,0.1,0.2,plausible_physical_zero_not_rejected
rain_lenggries,frozen,2012-05-02 18:00:00+00:00,2012-05-05 10:00:00+00:00,65,0.0,0.0,0.2,0.2,plausible_physical_zero_not_rejected
rain_lenggries,frozen,2012-05-07 13:00:00+00:00,2012-05-09 12:00:00+00:00,48,0.0,0.0,2.0,0.1,plausible_physical_zero_not_rejected
rain_lenggries,frozen,2012-05-09 18:00:00+00:00,2012-05-12 04:00:00+00:00,59,0.0,0.0,0.1,2.2,plausible_physical_zero_not_rejected
rain_lenggries,frozen,2012-05-12 21:00:00+00:00,2012-05-15 17:00:00+00:00,69,0.0,0.0,0.3,3.7,plausible_physical_zero_not_rejected
rain_lenggries,frozen,2012-05-17 03:00:00+00:00,2012-05-22 13:00:00+00:00,131,0.0,0.0,0.2,0.1,plausible_physical_zero_not_rejected
rain_lenggries,frozen,2012-05-24 19:00:00+00:00,2012-05-28 22:00:00+00:00,100,0.0,0.0,1.5,0.3,plausible_physical_zero_not_rejected
rain_lenggries,frozen,2012-06-02 04:00:00+00:00,2012-06-03 16:00:00+00:00,37,0.0,0.0,0.3,1.8,plausible_physical_zero_not_rejected
rain_lenggries,frozen,2012-06-06 19:00:00+00:00,2012-06-07 20:00:00+00:00,26,0.0,0.0,0.7,1.6,plausible_physical_zero_not_rejected
rain_lenggries,frozen,2012-06-13 17:00:00+00:00,2012-06-16 20:00:00+00:00,76,0.0,0.0,3.4,0.4,plausible_physical_zero_not_rejected
rain_lenggries,frozen,2012-06-16 22:00:00+00:00,2012-06-18 23:00:00+00:00,50,0.0,0.0,0.4,0.6,plausible_physical_zero_not_rejected
rain_lenggries,frozen,2012-06-21 21:00:00+00:00,2012-06-25 01:00:00+00:00,77,0.0,0.0,0.3,0.2,plausible_physical_zero_not_rejected
rain_lenggries,frozen,2012-06-26 01:00:00+00:00,2012-06-27 00:00:00+00:00,24,0.0,0.0,0.1,0.1,plausible_physical_zero_not_rejected
rain_lenggries,frozen,2012-06-27 08:00:00+00:00,2012-06-29 02:00:00+00:00,43,0.0,0.0,0.1,1.2,plausible_physical_zero_not_rejected
rain_lenggries,frozen,2012-06-29 08:00:00+00:00,2012-07-01 12:00:00+00:00,53,0.0,0.0,2.2,0.3,plausible_physical_zero_not_rejected
rain_lenggries,frozen,2012-07-07 07:00:00+00:00,2012-07-08 17:00:00+00:00,35,0.0,0.0,0.5,28.0,plausible_physical_zero_not_rejected
rain_lenggries,frozen,2012-07-23 01:00:00+00:00,2012-07-25 14:00:00+00:00,62,0.0,0.0,,0.7,plausible_physical_zero_not_rejected
rain_lenggries,frozen,2012-07-26 02:00:00+00:00,2012-07-28 00:00:00+00:00,47,0.0,0.0,2.4,0.3,plausible_physical_zero_not_rejected
rain_lenggries,frozen,2012-07-30 04:00:00+00:00,2012-07-31 18:00:00+00:00,39,0.0,0.0,0.5,0.2,plausible_physical_zero_not_rejected
rain_lenggries,frozen,2012-07-31 20:00:00+00:00,2012-08-02 18:00:00+00:00,47,0.0,0.0,0.2,0.1,plausible_physical_zero_not_rejected
rain_lenggries,frozen,2012-08-06 23:00:00+00:00,2012-08-16 07:00:00+00:00,225,0.0,0.0,1.2,7.7,plausible_physical_zero_not_rejected
rain_lenggries,frozen,2012-08-16 12:00:00+00:00,2012-08-20 23:00:00+00:00,108,0.0,0.0,1.4,0.1,plausible_physical_zero_not_rejected
rain_lenggries,frozen,2012-08-21 03:00:00+00:00,2012-08-22 23:00:00+00:00,45,0.0,0.0,0.5,5.2,plausible_physical_zero_not_rejected
rain_lenggries,frozen,2012-08-26 23:00:00+00:00,2012-08-28 18:00:00+00:00,44,0.0,0.0,0.2,0.1,plausible_physical_zero_not_rejected
rain_lenggries,frozen,2012-08-28 22:00:00+00:00,2012-08-30 03:00:00+00:00,30,0.0,0.0,0.2,0.1,plausible_physical_zero_not_rejected
rain_lenggries,frozen,2012-09-01 13:00:00+00:00,2012-09-02 17:00:00+00:00,29,0.0,0.0,0.1,0.1,plausible_physical_zero_not_rejected
rain_lenggries,frozen,2012-09-02 22:00:00+00:00,2012-09-05 17:00:00+00:00,68,0.0,0.0,0.1,2.9,plausible_physical_zero_not_rejected
rain_lenggries,frozen,2012-09-06 11:00:00+00:00,2012-09-10 19:00:00+00:00,105,0.0,0.0,0.1,2.3,plausible_physical_zero_not_rejected
rain_lenggries,frozen,2012-09-13 13:00:00+00:00,2012-09-15 07:00:00+00:00,43,0.0,0.0,0.4,0.2,plausible_physical_zero_not_rejected
rain_lenggries,frozen,2012-09-15 09:00:00+00:00,2012-09-18 21:00:00+00:00,85,0.0,0.0,0.2,1.2,plausible_physical_zero_not_rejected
rain_lenggries,frozen,2012-09-19 22:00:00+00:00,2012-09-22 00:00:00+00:00,51,0.0,0.0,1.4,0.1,plausible_physical_zero_not_rejected
rain_lenggries,frozen,2012-09-22 23:00:00+00:00,2012-09-24 13:00:00+00:00,39,0.0,0.0,0.2,2.5,plausible_physical_zero_not_rejected
rain_lenggries,frozen,2012-09-24 19:00:00+00:00,2012-09-27 01:00:00+00:00,55,0.0,0.0,0.4,2.1,plausible_physical_zero_not_rejected
rain_lenggries,frozen,2012-09-27 22:00:00+00:00,2012-09-29 14:00:00+00:00,41,0.0,0.0,0.8,0.2,plausible_physical_zero_not_rejected
rain_lenggries,frozen,2012-09-30 02:00:00+00:00,2012-10-01 01:00:00+00:00,24,0.0,0.0,0.1,0.1,plausible_physical_zero_not_rejected
rain_lenggries,frozen,2012-10-01 23:00:00+00:00,2012-10-04 17:00:00+00:00,67,0.0,0.0,0.2,0.1,plausible_physical_zero_not_rejected
rain_lenggries,frozen,2012-10-05 00:00:00+00:00,2012-10-07 05:00:00+00:00,54,0.0,0.0,0.2,0.1,plausible_physical_zero_not_rejected
rain_lenggries,frozen,2012-10-07 16:00:00+00:00,2012-10-08 20:00:00+00:00,29,0.0,0.0,0.7,0.1,plausible_physical_zero_not_rejected
rain_lenggries,frozen,2012-10-11 08:00:00+00:00,2012-10-12 13:00:00+00:00,30,0.0,0.0,0.3,1.4,plausible_physical_zero_not_rejected
rain_lenggries,frozen,2012-10-12 22:00:00+00:00,2012-10-15 06:00:00+00:00,57,0.0,0.0,0.5,0.1,plausible_physical_zero_not_rejected
rain_lenggries,frozen,2012-10-16 06:00:00+00:00,2012-10-27 04:00:00+00:00,263,0.0,0.0,0.1,0.1,plausible_physical_zero_not_rejected
rain_lenggries,frozen,2012-10-29 10:00:00+00:00,2012-11-02 02:00:00+00:00,89,0.0,0.0,0.1,0.2,plausible_physical_zero_not_rejected
rain_lenggries,frozen,2012-11-02 08:00:00+00:00,2012-11-04 20:00:00+00:00,61,0.0,0.0,0.3,1.7,plausible_physical_zero_not_rejected
rain_lenggries,frozen,2012-11-06 19:00:00+00:00,2012-11-10 08:00:00+00:00,86,0.0,0.0,0.2,0.1,plausible_physical_zero_not_rejected
rain_lenggries,frozen,2012-11-13 02:00:00+00:00,2012-11-22 13:00:00+00:00,228,0.0,0.0,0.1,0.2,plausible_physical_zero_not_rejected
rain_lenggries,frozen,2012-11-22 18:00:00+00:00,2012-11-28 19:00:00+00:00,146,0.0,0.0,0.2,0.1,plausible_physical_zero_not_rejected
rain_lenggries,frozen,2012-11-30 14:00:00+00:00,2012-12-02 17:00:00+00:00,52,0.0,0.0,0.1,0.1,plausible_physical_zero_not_rejected
rain_lenggries,frozen,2012-12-08 10:00:00+00:00,2012-12-09 16:00:00+00:00,31,0.0,0.0,0.1,0.3,plausible_physical_zero_not_rejected
rain_lenggries,frozen,2012-12-11 21:00:00+00:00,2012-12-15 07:00:00+00:00,83,0.0,0.0,0.1,0.1,plausible_physical_zero_not_rejected
rain_lenggries,frozen,2012-12-19 08:00:00+00:00,2012-12-20 19:00:00+00:00,36,0.0,0.0,0.2,0.1,plausible_physical_zero_not_rejected
rain_lenggries,frozen,2012-12-23 06:00:00+00:00,2012-12-26 03:00:00+00:00,70,0.0,0.0,1.9,0.3,plausible_physical_zero_not_rejected
rain_lenggries,frozen,2012-12-26 09:00:00+00:00,2012-12-27 13:00:00+00:00,29,0.0,0.0,0.1,0.1,plausible_physical_zero_not_rejected
rain_lenggries,frozen,2012-12-28 16:00:00+00:00,2013-01-01 23:00:00+00:00,104,0.0,0.0,0.2,0.2,plausible_physical_zero_not_rejected
rain_lenggries,frozen,2013-01-02 09:00:00+00:00,2013-01-03 13:00:00+00:00,29,0.0,0.0,0.1,0.2,plausible_physical_zero_not_rejected
rain_lenggries,frozen,2013-01-07 05:00:00+00:00,2013-01-10 03:00:00+00:00,71,0.0,0.0,0.5,0.1,plausible_physical_zero_not_rejected
rain_lenggries,frozen,2013-01-12 11:00:00+00:00,2013-01-14 06:00:00+00:00,44,0.0,0.0,0.2,0.1,plausible_physical_zero_not_rejected
rain_lenggries,frozen,2013-01-18 02:00:00+00:00,2013-01-21 04:00:00+00:00,75,0.0,0.0,0.2,0.3,plausible_physical_zero_not_rejected
rain_lenggries,frozen,2013-01-22 18:00:00+00:00,2013-01-24 18:00:00+00:00,49,0.0,0.0,0.1,0.2,plausible_physical_zero_not_rejected
rain_lenggries,frozen,2013-01-25 11:00:00+00:00,2013-01-28 00:00:00+00:00,62,0.0,0.0,0.1,0.4,plausible_physical_zero_not_rejected
rain_lenggries,frozen,2013-02-09 23:00:00+00:00,2013-02-12 06:00:00+00:00,56,0.0,0.0,0.2,0.1,plausible_physical_zero_not_rejected
rain_lenggries,frozen,2013-02-13 10:00:00+00:00,2013-02-15 06:00:00+00:00,45,0.0,0.0,0.1,0.2,plausible_physical_zero_not_rejected
rain_lenggries,frozen,2013-02-17 12:00:00+00:00,2013-02-19 18:00:00+00:00,55,0.0,0.0,0.1,0.2,plausible_physical_zero_not_rejected
rain_lenggries,frozen,2013-02-20 11:00:00+00:00,2013-02-23 19:00:00+00:00,81,0.0,0.0,0.3,0.2,plausible_physical_zero_not_rejected
rain_lenggries,frozen,2013-02-24 22:00:00+00:00,2013-02-26 07:00:00+00:00,34,0.0,0.0,0.2,0.1,plausible_physical_zero_not_rejected
rain_lenggries,frozen,2013-02-26 13:00:00+00:00,2013-03-09 01:00:00+00:00,253,0.0,0.0,0.2,1.0,plausible_physical_zero_not_rejected
rain_lenggries,frozen,2013-03-15 18:00:00+00:00,2013-03-18 12:00:00+00:00,67,0.0,0.0,0.1,0.1,plausible_physical_zero_not_rejected
rain_lenggries,frozen,2013-03-19 10:00:00+00:00,2013-03-20 15:00:00+00:00,30,0.0,0.0,0.1,1.6,plausible_physical_zero_not_rejected
rain_lenggries,frozen,2013-03-21 16:00:00+00:00,2013-03-25 11:00:00+00:00,92,0.0,0.0,0.1,0.1,plausible_physical_zero_not_rejected
rain_lenggries,frozen,2013-03-27 06:00:00+00:00,2013-03-28 22:00:00+00:00,41,0.0,0.0,0.1,0.1,plausible_physical_zero_not_rejected
rain_lenggries,frozen,2013-03-31 21:00:00+00:00,2013-04-06 19:00:00+00:00,143,0.0,0.0,0.2,0.1,plausible_physical_zero_not_rejected
rain_lenggries,frozen,2013-04-07 09:00:00+00:00,2013-04-08 21:00:00+00:00,37,0.0,0.0,0.1,0.4,plausible_physical_zero_not_rejected
rain_lenggries,frozen,2013-04-09 01:00:00+00:00,2013-04-10 01:00:00+00:00,25,0.0,0.0,0.1,0.1,plausible_physical_zero_not_rejected
rain_lenggries,frozen,2013-04-13 12:00:00+00:00,2013-04-17 01:00:00+00:00,86,0.0,0.0,0.1,0.3,plausible_physical_zero_not_rejected
rain_lenggries,frozen,2013-04-17 03:00:00+00:00,2013-04-19 00:00:00+00:00,46,0.0,0.0,0.3,0.2,plausible_physical_zero_not_rejected
rain_lenggries,frozen,2013-04-20 07:00:00+00:00,2013-04-22 03:00:00+00:00,45,0.0,0.0,0.1,0.2,plausible_physical_zero_not_rejected
rain_lenggries,frozen,2013-04-22 08:00:00+00:00,2013-05-02 08:00:00+00:00,241,0.0,0.0,0.3,1.8,plausible_physical_zero_not_rejected
rain_lenggries,frozen,2013-05-04 21:00:00+00:00,2013-05-06 15:00:00+00:00,43,0.0,0.0,1.7,0.3,plausible_physical_zero_not_rejected
rain_lenggries,frozen,2013-05-07 18:00:00+00:00,2013-05-10 03:00:00+00:00,58,0.0,0.0,0.1,0.1,plausible_physical_zero_not_rejected
rain_lenggries,frozen,2013-05-13 17:00:00+00:00,2013-05-17 10:00:00+00:00,90,0.0,0.0,0.1,0.1,plausible_physical_zero_not_rejected
rain_lenggries,frozen,2013-05-18 04:00:00+00:00,2013-05-19 11:00:00+00:00,32,0.0,0.0,0.1,0.1,plausible_physical_zero_not_rejected
rain_lenggries,frozen,2013-05-27 09:00:00+00:00,2013-05-28 14:00:00+00:00,30,0.0,0.0,0.2,0.3,plausible_physical_zero_not_rejected
rain_lenggries,frozen,2013-06-04 11:00:00+00:00,2013-06-09 12:00:00+00:00,122,0.0,0.0,0.1,0.5,plausible_physical_zero_not_rejected
rain_lenggries,frozen,2013-06-12 03:00:00+00:00,2013-06-14 00:00:00+00:00,46,0.0,0.0,0.2,1.1,plausible_physical_zero_not_rejected
rain_lenggries,frozen,2013-06-16 02:00:00+00:00,2013-06-21 00:00:00+00:00,119,0.0,0.0,0.1,0.6,plausible_physical_zero_not_rejected
rain_lenggries,frozen,2013-06-21 02:00:00+00:00,2013-06-22 08:00:00+00:00,31,0.0,0.0,0.6,0.1,plausible_physical_zero_not_rejected
rain_lenggries,frozen,2013-06-22 12:00:00+00:00,2013-06-23 14:00:00+00:00,27,0.0,0.0,0.1,1.5,plausible_physical_zero_not_rejected
rain_lenggries,frozen,2013-06-26 14:00:00+00:00,2013-06-27 15:00:00+00:00,26,0.0,0.0,0.1,1.5,plausible_physical_zero_not_rejected
rain_lenggries,frozen,2013-06-30 04:00:00+00:00,2013-07-02 03:00:00+00:00,48,0.0,0.0,0.1,0.3,plausible_physical_zero_not_rejected
rain_lenggries,frozen,2013-07-02 06:00:00+00:00,2013-07-03 12:00:00+00:00,31,0.0,0.0,0.5,0.1,plausible_physical_zero_not_rejected
rain_lenggries,frozen,2013-07-05 22:00:00+00:00,2013-07-11 00:00:00+00:00,123,0.0,0.0,0.9,0.1,plausible_physical_zero_not_rejected
rain_lenggries,frozen,2013-07-11 02:00:00+00:00,2013-07-19 14:00:00+00:00,205,0.0,0.0,0.1,0.2,plausible_physical_zero_not_rejected
rain_lenggries,frozen,2013-07-19 20:00:00+00:00,2013-07-24 15:00:00+00:00,116,0.0,0.0,1.2,0.9,plausible_physical_zero_not_rejected
rain_lenggries,frozen,2013-07-25 16:00:00+00:00,2013-07-27 15:00:00+00:00,48,0.0,0.0,1.5,1.7,plausible_physical_zero_not_rejected
rain_lenggries,frozen,2013-07-27 17:00:00+00:00,2013-07-29 13:00:00+00:00,45,0.0,0.0,1.7,4.4,plausible_physical_zero_not_rejected
rain_lenggries,frozen,2013-07-30 08:00:00+00:00,2013-08-03 19:00:00+00:00,108,0.0,0.0,0.1,1.4,plausible_physical_zero_not_rejected
rain_lenggries,frozen,2013-08-04 16:00:00+00:00,2013-08-06 18:00:00+00:00,51,0.0,0.0,0.2,0.1,plausible_physical_zero_not_rejected
rain_lenggries,frozen,2013-08-06 23:00:00+00:00,2013-08-09 05:00:00+00:00,55,0.0,0.0,0.3,0.4,plausible_physical_zero_not_rejected
rain_lenggries,frozen,2013-08-09 21:00:00+00:00,2013-08-11 04:00:00+00:00,32,0.0,0.0,0.9,0.5,plausible_physical_zero_not_rejected
rain_lenggries,frozen,2013-08-11 07:00:00+00:00,2013-08-13 05:00:00+00:00,47,0.0,0.0,0.4,0.6,plausible_physical_zero_not_rejected
rain_lenggries,frozen,2013-08-13 09:00:00+00:00,2013-08-18 17:00:00+00:00,129,0.0,0.0,0.9,0.1,plausible_physical_zero_not_rejected
rain_lenggries,frozen,2013-08-20 08:00:00+00:00,2013-08-24 16:00:00+00:00,105,0.0,0.0,0.1,4.4,plausible_physical_zero_not_rejected
rain_lenggries,frozen,2013-08-25 19:00:00+00:00,2013-08-27 12:00:00+00:00,42,0.0,0.0,1.0,0.5,plausible_physical_zero_not_rejected
rain_lenggries,frozen,2013-08-28 22:00:00+00:00,2013-08-31 20:00:00+00:00,71,0.0,0.0,0.1,1.6,plausible_physical_zero_not_rejected
rain_lenggries,frozen,2013-09-01 21:00:00+00:00,2013-09-08 23:00:00+00:00,171,0.0,0.0,0.3,0.3,plausible_physical_zero_not_rejected
rain_lenggries,frozen,2013-09-09 11:00:00+00:00,2013-09-10 13:00:00+00:00,27,0.0,0.0,0.2,4.1,plausible_physical_zero_not_rejected
rain_lenggries,frozen,2013-09-14 18:00:00+00:00,2013-09-16 07:00:00+00:00,38,0.0,0.0,0.2,0.1,plausible_physical_zero_not_rejected
rain_lenggries,frozen,2013-09-19 11:00:00+00:00,2013-09-26 04:00:00+00:00,162,0.0,0.0,0.2,0.3,plausible_physical_zero_not_rejected
rain_lenggries,frozen,2013-09-27 11:00:00+00:00,2013-09-29 02:00:00+00:00,40,0.0,0.0,1.8,0.1,plausible_physical_zero_not_rejected
rain_lenggries,frozen,2013-09-30 05:00:00+00:00,2013-10-01 07:00:00+00:00,27,0.0,0.0,0.2,0.1,plausible_physical_zero_not_rejected
rain_lenggries,frozen,2013-10-01 09:00:00+00:00,2013-10-04 08:00:00+00:00,72,0.0,0.0,0.1,0.1,plausible_physical_zero_not_rejected
rain_lenggries,frozen,2013-10-05 17:00:00+00:00,2013-10-09 04:00:00+00:00,84,0.0,0.0,1.0,0.1,plausible_physical_zero_not_rejected
rain_lenggries,frozen,2013-10-11 15:00:00+00:00,2013-10-15 18:00:00+00:00,100,0.0,0.0,,0.1,plausible_physical_zero_not_rejected
rain_lenggries,frozen,2013-10-16 03:00:00+00:00,2013-10-17 03:00:00+00:00,25,0.0,0.0,2.4,0.9,plausible_physical_zero_not_rejected
rain_lenggries,frozen,2013-10-17 07:00:00+00:00,2013-10-21 00:00:00+00:00,90,0.0,0.0,0.2,0.3,plausible_physical_zero_not_rejected
rain_lenggries,frozen,2013-10-21 02:00:00+00:00,2013-10-23 14:00:00+00:00,61,0.0,0.0,0.3,0.7,plausible_physical_zero_not_rejected
rain_lenggries,frozen,2013-10-24 01:00:00+00:00,2013-10-27 15:00:00+00:00,87,0.0,0.0,0.1,0.5,plausible_physical_zero_not_rejected
rain_lenggries,frozen,2013-10-27 23:00:00+00:00,2013-10-29 04:00:00+00:00,30,0.0,0.0,0.4,0.1,plausible_physical_zero_not_rejected
rain_lenggries,frozen,2013-10-30 11:00:00+00:00,2013-11-02 08:00:00+00:00,70,0.0,0.0,0.1,0.1,plausible_physical_zero_not_rejected
rain_lenggries,frozen,2013-11-03 14:00:00+00:00,2013-11-05 01:00:00+00:00,36,0.0,0.0,0.2,0.1,plausible_physical_zero_not_rejected
rain_lenggries,frozen,2013-11-06 18:00:00+00:00,2013-11-09 01:00:00+00:00,56,0.0,0.0,1.0,0.7,plausible_physical_zero_not_rejected
rain_lenggries,frozen,2013-11-11 08:00:00+00:00,2013-11-14 12:00:00+00:00,77,0.0,0.0,0.3,0.3,plausible_physical_zero_not_rejected
rain_lenggries,frozen,2013-11-15 02:00:00+00:00,2013-11-19 16:00:00+00:00,111,0.0,0.0,0.4,0.5,plausible_physical_zero_not_rejected
rain_lenggries,frozen,2013-11-21 03:00:00+00:00,2013-11-23 04:00:00+00:00,50,0.0,0.0,0.4,0.5,plausible_physical_zero_not_rejected
rain_lenggries,frozen,2013-11-27 10:00:00+00:00,2013-11-30 01:00:00+00:00,64,0.0,0.0,0.1,0.4,plausible_physical_zero_not_rejected
rain_lenggries,frozen,2013-11-30 08:00:00+00:00,2013-12-06 01:00:00+00:00,138,0.0,0.0,0.9,0.1,plausible_physical_zero_not_rejected
rain_lenggries,frozen,2013-12-07 05:00:00+00:00,2013-12-14 16:00:00+00:00,180,0.0,0.0,0.2,0.5,plausible_physical_zero_not_rejected
rain_lenggries,frozen,2013-12-15 01:00:00+00:00,2013-12-20 15:00:00+00:00,135,0.0,0.0,0.2,0.3,plausible_physical_zero_not_rejected
rain_lenggries,frozen,2013-12-20 20:00:00+00:00,2013-12-26 15:00:00+00:00,140,0.0,0.0,0.2,0.3,plausible_physical_zero_not_rejected
rain_lenggries,frozen,2013-12-27 03:00:00+00:00,2013-12-28 23:00:00+00:00,45,0.0,0.0,0.3,0.8,plausible_physical_zero_not_rejected
rain_lenggries,frozen,2013-12-29 08:00:00+00:00,2014-01-02 15:00:00+00:00,104,0.0,0.0,0.1,0.2,plausible_physical_zero_not_rejected
rain_lenggries,frozen,2014-01-02 17:00:00+00:00,2014-01-04 20:00:00+00:00,52,0.0,0.0,0.2,0.5,plausible_physical_zero_not_rejected
rain_lenggries,frozen,2014-01-05 15:00:00+00:00,2014-01-10 01:00:00+00:00,107,0.0,0.0,0.3,1.8,plausible_physical_zero_not_rejected
rain_lenggries,frozen,2014-01-10 09:00:00+00:00,2014-01-11 21:00:00+00:00,37,0.0,0.0,0.3,0.1,plausible_physical_zero_not_rejected
rain_lenggries,frozen,2014-01-12 01:00:00+00:00,2014-01-14 11:00:00+00:00,59,0.0,0.0,0.1,0.2,plausible_physical_zero_not_rejected
rain_lenggries,frozen,2014-01-15 05:00:00+00:00,2014-01-17 05:00:00+00:00,49,0.0,0.0,0.2,0.3,plausible_physical_zero_not_rejected
rain_lenggries,frozen,2014-01-17 08:00:00+00:00,2014-01-20 15:00:00+00:00,80,0.0,0.0,0.1,0.2,plausible_physical_zero_not_rejected
rain_lenggries,frozen,2014-01-21 22:00:00+00:00,2014-01-23 16:00:00+00:00,43,0.0,0.0,0.1,0.2,plausible_physical_zero_not_rejected
rain_lenggries,frozen,2014-01-24 23:00:00+00:00,2014-01-26 01:00:00+00:00,27,0.0,0.0,0.2,1.8,plausible_physical_zero_not_rejected
rain_lenggries,frozen,2014-01-27 21:00:00+00:00,2014-02-02 06:00:00+00:00,130,0.0,0.0,0.1,0.1,plausible_physical_zero_not_rejected
rain_lenggries,frozen,2014-02-02 23:00:00+00:00,2014-02-07 14:00:00+00:00,112,0.0,0.0,0.2,0.5,plausible_physical_zero_not_rejected
rain_lenggries,frozen,2014-02-08 01:00:00+00:00,2014-02-09 03:00:00+00:00,27,0.0,0.0,0.1,1.1,plausible_physical_zero_not_rejected
rain_lenggries,frozen,2014-02-09 16:00:00+00:00,2014-02-11 00:00:00+00:00,33,0.0,0.0,0.1,0.2,plausible_physical_zero_not_rejected
rain_lenggries,frozen,2014-02-11 10:00:00+00:00,2014-02-13 17:00:00+00:00,56,0.0,0.0,0.1,0.1,plausible_physical_zero_not_rejected
rain_lenggries,frozen,2014-02-14 01:00:00+00:00,2014-02-16 03:00:00+00:00,51,0.0,0.0,0.1,0.2,plausible_physical_zero_not_rejected
rain_lenggries,frozen,2014-02-17 17:00:00+00:00,2014-02-19 07:00:00+00:00,39,0.0,0.0,0.1,0.2,plausible_physical_zero_not_rejected
rain_lenggries,frozen,2014-02-22 08:00:00+00:00,2014-02-28 01:00:00+00:00,138,0.0,0.0,0.8,0.8,plausible_physical_zero_not_rejected
rain_lenggries,frozen,2014-02-28 06:00:00+00:00,2014-03-01 18:00:00+00:00,37,0.0,0.0,0.2,0.1,plausible_physical_zero_not_rejected
rain_lenggries,frozen,2014-03-02 10:00:00+00:00,2014-03-03 16:00:00+00:00,31,0.0,0.0,0.1,0.3,plausible_physical_zero_not_rejected
rain_lenggries,frozen,2014-03-05 23:00:00+00:00,2014-03-15 15:00:00+00:00,233,0.0,0.0,1.4,0.8,plausible_physical_zero_not_rejected
rain_lenggries,frozen,2014-03-16 14:00:00+00:00,2014-03-22 18:00:00+00:00,149,0.0,0.0,0.3,0.2,plausible_physical_zero_not_rejected
rain_lenggries,frozen,2014-03-25 17:00:00+00:00,2014-04-05 19:00:00+00:00,267,0.0,0.0,0.2,2.5,plausible_physical_zero_not_rejected
rain_lenggries,frozen,2014-04-06 11:00:00+00:00,2014-04-08 16:00:00+00:00,54,0.0,0.0,0.1,0.1,plausible_physical_zero_not_rejected
rain_lenggries,frozen,2014-04-10 13:00:00+00:00,2014-04-12 22:00:00+00:00,58,0.0,0.0,0.1,1.4,plausible_physical_zero_not_rejected
rain_lenggries,frozen,2014-04-13 14:00:00+00:00,2014-04-14 14:00:00+00:00,25,0.0,0.0,1.1,0.8,plausible_physical_zero_not_rejected
rain_lenggries,frozen,2014-04-16 08:00:00+00:00,2014-04-18 12:00:00+00:00,53,0.0,0.0,0.1,0.3,plausible_physical_zero_not_rejected
rain_lenggries,frozen,2014-04-19 05:00:00+00:00,2014-04-20 19:00:00+00:00,39,0.0,0.0,0.2,0.4,plausible_physical_zero_not_rejected
rain_lenggries,frozen,2014-04-22 18:00:00+00:00,2014-04-27 05:00:00+00:00,108,0.0,0.0,1.4,2.8,plausible_physical_zero_not_rejected
rain_lenggries,frozen,2014-04-29 08:00:00+00:00,2014-04-30 22:00:00+00:00,39,0.0,0.0,0.1,1.8,plausible_physical_zero_not_rejected
rain_lenggries,frozen,2014-05-04 07:00:00+00:00,2014-05-07 03:00:00+00:00,69,0.0,0.0,0.4,0.2,plausible_physical_zero_not_rejected
rain_lenggries,frozen,2014-05-17 11:00:00+00:00,2014-05-26 12:00:00+00:00,218,0.0,0.0,0.2,0.8,plausible_physical_zero_not_rejected
rain_lenggries,frozen,2014-05-30 10:00:00+00:00,2014-06-02 10:00:00+00:00,73,0.0,0.0,0.3,0.7,plausible_physical_zero_not_rejected
rain_lenggries,frozen,2014-06-05 03:00:00+00:00,2014-06-11 01:00:00+00:00,143,0.0,0.0,0.1,0.1,plausible_physical_zero_not_rejected
rain_lenggries,frozen,2014-06-13 14:00:00+00:00,2014-06-14 18:00:00+00:00,29,0.0,0.0,6.2,0.3,plausible_physical_zero_not_rejected
rain_lenggries,frozen,2014-06-14 20:00:00+00:00,2014-06-18 13:00:00+00:00,90,0.0,0.0,0.3,0.1,plausible_physical_zero_not_rejected
rain_lenggries,frozen,2014-06-20 17:00:00+00:00,2014-06-23 16:00:00+00:00,72,0.0,0.0,0.1,0.1,plausible_physical_zero_not_rejected
rain_lenggries,frozen,2014-06-24 11:00:00+00:00,2014-06-25 10:00:00+00:00,24,0.0,0.0,0.5,0.2,plausible_physical_zero_not_rejected
rain_lenggries,frozen,2014-06-25 21:00:00+00:00,2014-06-28 00:00:00+00:00,52,0.0,0.0,0.7,0.9,plausible_physical_zero_not_rejected
rain_lenggries,frozen,2014-06-30 13:00:00+00:00,2014-07-01 20:00:00+00:00,32,0.0,0.0,0.1,3.3,plausible_physical_zero_not_rejected
rain_lenggries,frozen,2014-07-02 19:00:00+00:00,2014-07-05 10:00:00+00:00,64,0.0,0.0,0.2,0.4,plausible_physical_zero_not_rejected
rain_lenggries,frozen,2014-07-05 22:00:00+00:00,2014-07-07 13:00:00+00:00,40,0.0,0.0,0.3,13.9,plausible_physical_zero_not_rejected
rain_lenggries,frozen,2014-07-09 16:00:00+00:00,2014-07-10 18:00:00+00:00,27,0.0,0.0,0.3,0.3,plausible_physical_zero_not_rejected
rain_lenggries,frozen,2014-07-15 05:00:00+00:00,2014-07-20 13:00:00+00:00,129,0.0,0.0,0.3,10.3,plausible_physical_zero_not_rejected
rain_lenggries,frozen,2014-07-23 01:00:00+00:00,2014-07-26 11:00:00+00:00,83,0.0,0.0,0.1,1.3,plausible_physical_zero_not_rejected
rain_lenggries,frozen,2014-07-27 04:00:00+00:00,2014-07-28 17:00:00+00:00,38,0.0,0.0,0.1,0.3,plausible_physical_zero_not_rejected
rain_lenggries,frozen,2014-07-31 11:00:00+00:00,2014-08-02 12:00:00+00:00,50,0.0,0.0,0.7,11.9,plausible_physical_zero_not_rejected
rain_lenggries,frozen,2014-08-05 18:00:00+00:00,2014-08-07 04:00:00+00:00,35,0.0,0.0,0.1,0.1,plausible_physical_zero_not_rejected
rain_lenggries,frozen,2014-08-07 19:00:00+00:00,2014-08-09 10:00:00+00:00,40,0.0,0.0,0.7,0.1,plausible_physical_zero_not_rejected
rain_lenggries,frozen,2014-08-09 16:00:00+00:00,2014-08-11 03:00:00+00:00,36,0.0,0.0,2.2,0.7,plausible_physical_zero_not_rejected
rain_lenggries,frozen,2014-08-13 22:00:00+00:00,2014-08-14 23:00:00+00:00,26,0.0,0.0,0.6,0.5,plausible_physical_zero_not_rejected
rain_lenggries,frozen,2014-08-17 01:00:00+00:00,2014-08-18 18:00:00+00:00,42,0.0,0.0,0.2,0.1,plausible_physical_zero_not_rejected
rain_lenggries,frozen,2014-08-21 05:00:00+00:00,2014-08-23 15:00:00+00:00,59,0.0,0.0,0.1,0.1,plausible_physical_zero_not_rejected
rain_lenggries,frozen,2014-08-24 09:00:00+00:00,2014-08-25 19:00:00+00:00,35,0.0,0.0,0.1,0.4,plausible_physical_zero_not_rejected
rain_lenggries,frozen,2014-08-27 21:00:00+00:00,2014-08-29 13:00:00+00:00,41,0.0,0.0,0.1,0.1,plausible_physical_zero_not_rejected
rain_lenggries,frozen,2014-09-03 07:00:00+00:00,2014-09-05 13:00:00+00:00,55,0.0,0.0,0.7,0.6,plausible_physical_zero_not_rejected
rain_lenggries,frozen,2014-09-05 17:00:00+00:00,2014-09-07 13:00:00+00:00,45,0.0,0.0,0.1,5.1,plausible_physical_zero_not_rejected
rain_lenggries,frozen,2014-09-07 16:00:00+00:00,2014-09-09 05:00:00+00:00,38,0.0,0.0,1.5,7.4,plausible_physical_zero_not_rejected
rain_lenggries,frozen,2014-09-14 17:00:00+00:00,2014-09-18 19:00:00+00:00,99,0.0,0.0,0.1,0.9,plausible_physical_zero_not_rejected
rain_lenggries,frozen,2014-09-22 22:00:00+00:00,2014-09-24 20:00:00+00:00,47,0.0,0.0,0.3,1.6,plausible_physical_zero_not_rejected
rain_lenggries,frozen,2014-09-26 10:00:00+00:00,2014-09-30 16:00:00+00:00,103,0.0,0.0,0.1,0.1,plausible_physical_zero_not_rejected
rain_lenggries,frozen,2014-10-01 23:00:00+00:00,2014-10-11 14:00:00+00:00,232,0.0,0.0,0.1,0.3,plausible_physical_zero_not_rejected
rain_lenggries,frozen,2014-10-11 16:00:00+00:00,2014-10-13 10:00:00+00:00,43,0.0,0.0,0.3,0.1,plausible_physical_zero_not_rejected
rain_lenggries,frozen,2014-10-17 13:00:00+00:00,2014-10-20 20:00:00+00:00,80,0.0,0.0,0.1,0.4,plausible_physical_zero_not_rejected
rain_lenggries,frozen,2014-10-24 04:00:00+00:00,2014-10-25 14:00:00+00:00,35,0.0,0.0,0.2,0.4,plausible_physical_zero_not_rejected
rain_lenggries,frozen,2014-10-26 03:00:00+00:00,2014-10-30 08:00:00+00:00,102,0.0,0.0,0.3,0.1,plausible_physical_zero_not_rejected
rain_lenggries,frozen,2014-10-30 14:00:00+00:00,2014-11-05 16:00:00+00:00,147,0.0,0.0,0.1,0.3,plausible_physical_zero_not_rejected
rain_lenggries,frozen,2014-11-06 18:00:00+00:00,2014-11-08 05:00:00+00:00,36,0.0,0.0,0.3,0.1,plausible_physical_zero_not_rejected
rain_lenggries,frozen,2014-11-08 07:00:00+00:00,2014-11-13 04:00:00+00:00,118,0.0,0.0,0.1,0.1,plausible_physical_zero_not_rejected
rain_lenggries,frozen,2014-11-13 06:00:00+00:00,2014-11-16 06:00:00+00:00,73,0.0,0.0,0.1,0.5,plausible_physical_zero_not_rejected
rain_lenggries,frozen,2014-11-16 11:00:00+00:00,2014-11-18 01:00:00+00:00,39,0.0,0.0,0.8,0.1,plausible_physical_zero_not_rejected
rain_lenggries,frozen,2014-11-19 13:00:00+00:00,2014-11-21 19:00:00+00:00,55,0.0,0.0,0.3,0.3,plausible_physical_zero_not_rejected
rain_lenggries,frozen,2014-11-21 21:00:00+00:00,2014-11-24 02:00:00+00:00,54,0.0,0.0,0.3,0.1,plausible_physical_zero_not_rejected
rain_lenggries,frozen,2014-11-24 04:00:00+00:00,2014-12-01 04:00:00+00:00,169,0.0,0.0,0.1,0.2,plausible_physical_zero_not_rejected
rain_lenggries,frozen,2014-12-02 10:00:00+00:00,2014-12-06 14:00:00+00:00,101,0.0,0.0,0.1,0.1,plausible_physical_zero_not_rejected
rain_lenggries,frozen,2014-12-08 19:00:00+00:00,2014-12-11 03:00:00+00:00,57,0.0,0.0,0.1,0.2,plausible_physical_zero_not_rejected
rain_lenggries,frozen,2014-12-11 08:00:00+00:00,2014-12-16 06:00:00+00:00,119,0.0,0.0,0.2,0.3,plausible_physical_zero_not_rejected
rain_lenggries,frozen,2014-12-21 02:00:00+00:00,2014-12-23 16:00:00+00:00,63,0.0,0.0,0.2,0.1,plausible_physical_zero_not_rejected
rain_lenggries,frozen,2014-12-23 18:00:00+00:00,2014-12-25 05:00:00+00:00,36,0.0,0.0,0.1,0.2,plausible_physical_zero_not_rejected
rain_lenggries,frozen,2014-12-31 15:00:00+00:00,2015-01-02 13:00:00+00:00,47,0.0,0.0,0.3,0.1,plausible_physical_zero_not_rejected
rain_lenggries,frozen,2015-01-05 05:00:00+00:00,2015-01-08 21:00:00+00:00,89,0.0,0.0,0.3,0.2,plausible_physical_zero_not_rejected
rain_lenggries,frozen,2015-01-10 01:00:00+00:00,2015-01-11 03:00:00+00:00,27,0.0,0.0,0.3,0.2,plausible_physical_zero_not_rejected
rain_lenggries,frozen,2015-01-11 11:00:00+00:00,2015-01-14 11:00:00+00:00,73,0.0,0.0,1.6,0.2,plausible_physical_zero_not_rejected
rain_lenggries,frozen,2015-01-14 22:00:00+00:00,2015-01-17 05:00:00+00:00,56,0.0,0.0,0.2,0.5,plausible_physical_zero_not_rejected
rain_lenggries,frozen,2015-01-18 07:00:00+00:00,2015-01-24 00:00:00+00:00,138,0.0,0.0,0.1,0.1,plausible_physical_zero_not_rejected
rain_lenggries,frozen,2015-01-31 09:00:00+00:00,2015-02-01 10:00:00+00:00,26,0.0,0.0,0.2,0.2,plausible_physical_zero_not_rejected
rain_lenggries,frozen,2015-02-03 02:00:00+00:00,2015-02-08 05:00:00+00:00,124,0.0,0.0,0.4,0.9,plausible_physical_zero_not_rejected
rain_lenggries,frozen,2015-02-09 17:00:00+00:00,2015-02-22 01:00:00+00:00,297,0.0,0.0,0.1,0.2,plausible_physical_zero_not_rejected
rain_lenggries,frozen,2015-02-22 18:00:00+00:00,2015-02-23 20:00:00+00:00,27,0.0,0.0,0.1,0.1,plausible_physical_zero_not_rejected
rain_lenggries,frozen,2015-02-25 18:00:00+00:00,2015-02-27 14:00:00+00:00,45,0.0,0.0,0.2,0.5,plausible_physical_zero_not_rejected
rain_lenggries,frozen,2015-02-28 08:00:00+00:00,2015-03-01 09:00:00+00:00,26,0.0,0.0,0.1,0.1,plausible_physical_zero_not_rejected
rain_lenggries,frozen,2015-03-02 23:00:00+00:00,2015-03-04 04:00:00+00:00,30,0.0,0.0,0.5,1.0,plausible_physical_zero_not_rejected
rain_lenggries,frozen,2015-03-05 22:00:00+00:00,2015-03-11 05:00:00+00:00,128,0.0,0.0,0.4,0.2,plausible_physical_zero_not_rejected
rain_lenggries,frozen,2015-03-11 14:00:00+00:00,2015-03-16 16:00:00+00:00,123,0.0,0.0,0.2,0.1,plausible_physical_zero_not_rejected
rain_lenggries,frozen,2015-03-18 19:00:00+00:00,2015-03-21 16:00:00+00:00,70,0.0,0.0,0.1,0.1,plausible_physical_zero_not_rejected
rain_lenggries,frozen,2015-03-22 09:00:00+00:00,2015-03-26 07:00:00+00:00,95,0.0,0.0,0.1,0.2,plausible_physical_zero_not_rejected
rain_lenggries,frozen,2015-03-27 20:00:00+00:00,2015-03-28 22:00:00+00:00,27,0.0,0.0,0.1,0.2,plausible_physical_zero_not_rejected
rain_lenggries,frozen,2015-04-07 01:00:00+00:00,2015-04-11 12:00:00+00:00,108,0.0,0.0,0.2,0.4,plausible_physical_zero_not_rejected
rain_lenggries,frozen,2015-04-11 14:00:00+00:00,2015-04-13 19:00:00+00:00,54,0.0,0.0,0.4,0.2,plausible_physical_zero_not_rejected
rain_lenggries,frozen,2015-04-13 21:00:00+00:00,2015-04-17 04:00:00+00:00,80,0.0,0.0,0.2,0.2,plausible_physical_zero_not_rejected
rain_lenggries,frozen,2015-04-18 05:00:00+00:00,2015-04-23 18:00:00+00:00,134,0.0,0.0,0.1,0.7,plausible_physical_zero_not_rejected
rain_lenggries,frozen,2015-04-25 18:00:00+00:00,2015-04-27 19:00:00+00:00,50,0.0,0.0,0.6,0.1,plausible_physical_zero_not_rejected
rain_lenggries,frozen,2015-04-28 17:00:00+00:00,2015-04-30 02:00:00+00:00,34,0.0,0.0,0.2,0.8,plausible_physical_zero_not_rejected
rain_lenggries,frozen,2015-05-04 09:00:00+00:00,2015-05-06 03:00:00+00:00,43,0.0,0.0,0.2,0.6,plausible_physical_zero_not_rejected
rain_lenggries,frozen,2015-05-07 02:00:00+00:00,2015-05-08 08:00:00+00:00,31,0.0,0.0,1.8,,plausible_physical_zero_not_rejected
rain_lenggries,frozen,2015-05-17 09:00:00+00:00,2015-05-18 18:00:00+00:00,34,0.0,0.0,0.2,1.4,plausible_physical_zero_not_rejected
rain_lenggries,frozen,2015-05-24 05:00:00+00:00,2015-05-25 18:00:00+00:00,38,0.0,0.0,0.2,1.0,plausible_physical_zero_not_rejected
rain_lenggries,frozen,2015-05-27 12:00:00+00:00,2015-05-29 17:00:00+00:00,54,0.0,0.0,0.1,0.3,plausible_physical_zero_not_rejected
rain_lenggries,frozen,2015-05-30 05:00:00+00:00,2015-06-01 16:00:00+00:00,60,0.0,0.0,0.8,0.3,plausible_physical_zero_not_rejected
rain_lenggries,frozen,2015-06-02 03:00:00+00:00,2015-06-06 15:00:00+00:00,109,0.0,0.0,0.5,0.5,plausible_physical_zero_not_rejected
rain_lenggries,frozen,2015-06-08 23:00:00+00:00,2015-06-11 19:00:00+00:00,69,0.0,0.0,0.9,1.9,plausible_physical_zero_not_rejected
rain_lenggries,frozen,2015-06-11 22:00:00+00:00,2015-06-13 12:00:00+00:00,39,0.0,0.0,0.1,0.5,plausible_physical_zero_not_rejected
rain_lenggries,frozen,2015-06-16 17:00:00+00:00,2015-06-18 10:00:00+00:00,42,0.0,0.0,0.1,0.1,plausible_physical_zero_not_rejected
rain_lenggries,frozen,2015-06-23 13:00:00+00:00,2015-06-27 13:00:00+00:00,97,0.0,0.0,0.6,1.6,plausible_physical_zero_not_rejected
rain_lenggries,frozen,2015-06-28 04:00:00+00:00,2015-07-03 09:00:00+00:00,126,0.0,0.0,1.9,0.1,plausible_physical_zero_not_rejected
rain_lenggries,frozen,2015-07-03 12:00:00+00:00,2015-07-06 03:00:00+00:00,64,0.0,0.0,0.7,8.1,plausible_physical_zero_not_rejected
rain_lenggries,frozen,2015-07-06 08:00:00+00:00,2015-07-07 20:00:00+00:00,37,0.0,0.0,0.1,3.4,plausible_physical_zero_not_rejected
rain_lenggries,frozen,2015-07-08 14:00:00+00:00,2015-07-13 00:00:00+00:00,107,0.0,0.0,0.2,0.4,plausible_physical_zero_not_rejected
rain_lenggries,frozen,2015-07-13 23:00:00+00:00,2015-07-17 17:00:00+00:00,91,0.0,0.0,0.1,1.0,plausible_physical_zero_not_rejected
rain_lenggries,frozen,2015-07-17 22:00:00+00:00,2015-07-19 17:00:00+00:00,44,0.0,0.0,0.4,4.8,plausible_physical_zero_not_rejected
rain_lenggries,frozen,2015-07-20 00:00:00+00:00,2015-07-22 13:00:00+00:00,62,0.0,0.0,0.3,0.4,plausible_physical_zero_not_rejected
rain_lenggries,frozen,2015-07-23 23:00:00+00:00,2015-07-25 13:00:00+00:00,39,0.0,0.0,0.2,0.4,plausible_physical_zero_not_rejected
rain_lenggries,frozen,2015-07-25 15:00:00+00:00,2015-07-26 20:00:00+00:00,30,0.0,0.0,0.4,0.3,plausible_physical_zero_not_rejected
rain_lenggries,frozen,2015-07-27 08:00:00+00:00,2015-07-28 21:00:00+00:00,38,0.0,0.0,0.8,0.3,plausible_physical_zero_not_rejected
rain_lenggries,frozen,2015-07-30 01:00:00+00:00,2015-08-01 15:00:00+00:00,63,0.0,0.0,0.1,0.1,plausible_physical_zero_not_rejected
rain_lenggries,frozen,2015-08-02 10:00:00+00:00,2015-08-04 17:00:00+00:00,56,0.0,0.0,0.4,1.3,plausible_physical_zero_not_rejected
rain_lenggries,frozen,2015-08-04 22:00:00+00:00,2015-08-08 16:00:00+00:00,91,0.0,0.0,0.4,2.2,plausible_physical_zero_not_rejected
rain_lenggries,frozen,2015-08-08 21:00:00+00:00,2015-08-13 18:00:00+00:00,118,0.0,0.0,1.6,0.1,plausible_physical_zero_not_rejected
rain_lenggries,frozen,2015-08-20 21:00:00+00:00,2015-08-23 15:00:00+00:00,67,0.0,0.0,1.3,0.3,plausible_physical_zero_not_rejected
rain_lenggries,frozen,2015-08-23 18:00:00+00:00,2015-08-25 00:00:00+00:00,31,0.0,0.0,0.2,0.3,plausible_physical_zero_not_rejected
rain_lenggries,frozen,2015-08-25 10:00:00+00:00,2015-08-31 18:00:00+00:00,153,0.0,0.0,0.2,0.1,plausible_physical_zero_not_rejected
rain_lenggries,frozen,2015-09-06 16:00:00+00:00,2015-09-11 14:00:00+00:00,119,0.0,0.0,0.1,0.2,plausible_physical_zero_not_rejected
rain_lenggries,frozen,2015-09-11 16:00:00+00:00,2015-09-14 08:00:00+00:00,65,0.0,0.0,0.2,0.1,plausible_physical_zero_not_rejected
rain_lenggries,frozen,2015-09-14 18:00:00+00:00,2015-09-17 12:00:00+00:00,67,0.0,0.0,0.2,0.1,plausible_physical_zero_not_rejected
rain_lenggries,frozen,2015-09-17 19:00:00+00:00,2015-09-18 18:00:00+00:00,24,0.0,0.0,1.6,0.1,plausible_physical_zero_not_rejected
rain_lenggries,frozen,2015-09-20 20:00:00+00:00,2015-09-22 19:00:00+00:00,48,0.0,0.0,0.1,0.2,plausible_physical_zero_not_rejected
rain_lenggries,frozen,2015-09-24 10:00:00+00:00,2015-10-04 02:00:00+00:00,233,0.0,0.0,0.1,0.1,plausible_physical_zero_not_rejected
rain_lenggries,frozen,2015-10-04 15:00:00+00:00,2015-10-05 22:00:00+00:00,32,0.0,0.0,0.1,0.5,plausible_physical_zero_not_rejected
rain_lenggries,frozen,2015-10-08 01:00:00+00:00,2015-10-13 03:00:00+00:00,123,0.0,0.0,0.1,0.2,plausible_physical_zero_not_rejected
rain_lenggries,frozen,2015-10-16 20:00:00+00:00,2015-10-18 01:00:00+00:00,30,0.0,0.0,0.1,0.1,plausible_physical_zero_not_rejected
rain_lenggries,frozen,2015-10-19 17:00:00+00:00,2015-10-22 22:00:00+00:00,78,0.0,0.0,0.1,0.2,plausible_physical_zero_not_rejected
rain_lenggries,frozen,2015-10-23 08:00:00+00:00,2015-10-28 16:00:00+00:00,129,0.0,0.0,0.1,0.1,plausible_physical_zero_not_rejected
rain_lenggries,frozen,2015-10-29 10:00:00+00:00,2015-11-01 16:00:00+00:00,79,0.0,0.0,0.1,0.1,plausible_physical_zero_not_rejected
rain_lenggries,frozen,2015-11-01 18:00:00+00:00,2015-11-06 16:00:00+00:00,119,0.0,0.0,0.1,0.1,plausible_physical_zero_not_rejected
rain_lenggries,frozen,2015-11-06 18:00:00+00:00,2015-11-14 00:00:00+00:00,175,0.0,0.0,0.1,0.1,plausible_physical_zero_not_rejected
rain_lenggries,frozen,2015-11-15 03:00:00+00:00,2015-11-19 23:00:00+00:00,117,0.0,0.0,0.1,0.1,plausible_physical_zero_not_rejected
rain_lenggries,frozen,2015-11-23 01:00:00+00:00,2015-11-25 16:00:00+00:00,64,0.0,0.0,0.1,0.1,plausible_physical_zero_not_rejected
rain_lenggries,frozen,2015-11-26 22:00:00+00:00,2015-11-28 10:00:00+00:00,37,0.0,0.0,0.1,0.8,plausible_physical_zero_not_rejected
rain_lenggries,frozen,2015-12-02 00:00:00+00:00,2015-12-04 18:00:00+00:00,67,0.0,0.0,0.1,0.1,plausible_physical_zero_not_rejected
rain_lenggries,frozen,2015-12-04 21:00:00+00:00,2015-12-09 09:00:00+00:00,109,0.0,0.0,0.3,0.8,plausible_physical_zero_not_rejected
rain_lenggries,frozen,2015-12-09 22:00:00+00:00,2015-12-16 11:00:00+00:00,158,0.0,0.0,1.0,1.4,plausible_physical_zero_not_rejected
rain_lenggries,frozen,2015-12-17 10:00:00+00:00,2015-12-18 15:00:00+00:00,30,0.0,0.0,0.6,0.1,plausible_physical_zero_not_rejected
rain_lenggries,frozen,2015-12-18 23:00:00+00:00,2015-12-31 16:00:00+00:00,306,0.0,0.0,0.1,0.7,plausible_physical_zero_not_rejected
rain_lenggries,frozen,2016-01-01 11:00:00+00:00,2016-01-02 21:00:00+00:00,35,0.0,0.0,0.1,0.4,plausible_physical_zero_not_rejected
rain_lenggries,frozen,2016-01-05 12:00:00+00:00,2016-01-06 17:00:00+00:00,30,0.0,0.0,0.4,0.4,plausible_physical_zero_not_rejected
rain_lenggries,frozen,2016-01-13 12:00:00+00:00,2016-01-14 20:00:00+00:00,33,0.0,0.0,0.1,0.2,plausible_physical_zero_not_rejected
rain_lenggries,frozen,2016-01-18 01:00:00+00:00,2016-01-19 14:00:00+00:00,38,0.0,0.0,0.2,0.1,plausible_physical_zero_not_rejected
rain_lenggries,frozen,2016-01-20 08:00:00+00:00,2016-01-23 05:00:00+00:00,70,0.0,0.0,0.1,0.1,plausible_physical_zero_not_rejected
rain_lenggries,frozen,2016-01-23 15:00:00+00:00,2016-01-25 02:00:00+00:00,36,0.0,0.0,0.1,0.1,plausible_physical_zero_not_rejected
rain_lenggries,frozen,2016-01-25 18:00:00+00:00,2016-01-28 18:00:00+00:00,73,0.0,0.0,0.1,0.2,plausible_physical_zero_not_rejected
rain_lenggries,frozen,2016-01-29 11:00:00+00:00,2016-01-30 22:00:00+00:00,36,0.0,0.0,0.1,0.5,plausible_physical_zero_not_rejected
rain_lenggries,frozen,2016-02-01 08:00:00+00:00,2016-02-03 07:00:00+00:00,48,0.0,0.0,0.1,0.1,plausible_physical_zero_not_rejected
rain_lenggries,frozen,2016-02-05 09:00:00+00:00,2016-02-07 22:00:00+00:00,62,0.0,0.0,0.1,1.0,plausible_physical_zero_not_rejected
rain_lenggries,frozen,2016-02-10 21:00:00+00:00,2016-02-13 06:00:00+00:00,58,0.0,0.0,0.1,0.2,plausible_physical_zero_not_rejected
rain_lenggries,frozen,2016-02-13 11:00:00+00:00,2016-02-14 17:00:00+00:00,31,0.0,0.0,0.1,0.9,plausible_physical_zero_not_rejected
rain_lenggries,frozen,2016-02-17 11:00:00+00:00,2016-02-19 09:00:00+00:00,47,0.0,0.0,0.3,0.1,plausible_physical_zero_not_rejected
rain_lenggries,frozen,2016-02-21 11:00:00+00:00,2016-02-23 00:00:00+00:00,38,0.0,0.0,1.2,0.1,plausible_physical_zero_not_rejected
rain_lenggries,frozen,2016-02-23 22:00:00+00:00,2016-02-25 08:00:00+00:00,35,0.0,0.0,0.3,0.2,plausible_physical_zero_not_rejected
rain_lenggries,frozen,2016-02-25 21:00:00+00:00,2016-02-29 10:00:00+00:00,86,0.0,0.0,0.1,0.3,plausible_physical_zero_not_rejected
rain_lenggries,frozen,2016-03-04 02:00:00+00:00,2016-03-05 17:00:00+00:00,40,0.0,0.0,0.2,0.1,plausible_physical_zero_not_rejected
rain_lenggries,frozen,2016-03-09 01:00:00+00:00,2016-03-15 09:00:00+00:00,153,0.0,0.0,0.1,0.1,plausible_physical_zero_not_rejected
rain_lenggries,frozen,2016-03-15 17:00:00+00:00,2016-03-23 07:00:00+00:00,183,0.0,0.0,0.2,0.1,plausible_physical_zero_not_rejected
rain_lenggries,frozen,2016-03-24 05:00:00+00:00,2016-03-25 07:00:00+00:00,27,0.0,0.0,0.1,0.2,plausible_physical_zero_not_rejected
rain_lenggries,frozen,2016-03-26 19:00:00+00:00,2016-03-27 20:00:00+00:00,26,0.0,0.0,0.1,0.9,plausible_physical_zero_not_rejected
rain_lenggries,frozen,2016-03-28 00:00:00+00:00,2016-03-30 02:00:00+00:00,51,0.0,0.0,0.1,0.1,plausible_physical_zero_not_rejected
rain_lenggries,frozen,2016-03-30 15:00:00+00:00,2016-04-03 18:00:00+00:00,100,0.0,0.0,0.1,0.1,plausible_physical_zero_not_rejected
rain_lenggries,frozen,2016-04-04 20:00:00+00:00,2016-04-06 02:00:00+00:00,31,0.0,0.0,0.1,0.2,plausible_physical_zero_not_rejected
rain_lenggries,frozen,2016-04-06 18:00:00+00:00,2016-04-07 17:00:00+00:00,24,0.0,0.0,0.1,0.1,plausible_physical_zero_not_rejected
rain_lenggries,frozen,2016-04-09 21:00:00+00:00,2016-04-13 16:00:00+00:00,92,0.0,0.0,0.3,0.8,plausible_physical_zero_not_rejected
rain_lenggries,frozen,2016-04-14 14:00:00+00:00,2016-04-15 14:00:00+00:00,25,0.0,0.0,0.9,0.2,plausible_physical_zero_not_rejected
rain_lenggries,frozen,2016-04-15 16:00:00+00:00,2016-04-17 12:00:00+00:00,45,0.0,0.0,0.2,0.9,plausible_physical_zero_not_rejected
rain_lenggries,frozen,2016-04-19 01:00:00+00:00,2016-04-23 12:00:00+00:00,108,0.0,0.0,0.3,0.6,plausible_physical_zero_not_rejected
rain_lenggries,frozen,2016-04-25 14:00:00+00:00,2016-04-26 15:00:00+00:00,26,0.0,0.0,0.3,0.2,plausible_physical_zero_not_rejected
rain_lenggries,frozen,2016-04-27 07:00:00+00:00,2016-05-01 09:00:00+00:00,99,0.0,0.0,0.2,0.1,plausible_physical_zero_not_rejected
rain_lenggries,frozen,2016-05-02 05:00:00+00:00,2016-05-03 11:00:00+00:00,31,0.0,0.0,0.3,0.7,plausible_physical_zero_not_rejected
rain_lenggries,frozen,2016-05-04 10:00:00+00:00,2016-05-06 18:00:00+00:00,57,0.0,0.0,0.1,0.1,plausible_physical_zero_not_rejected
rain_lenggries,frozen,2016-05-06 20:00:00+00:00,2016-05-08 15:00:00+00:00,44,0.0,0.0,0.1,0.2,plausible_physical_zero_not_rejected
rain_lenggries,frozen,2016-05-08 17:00:00+00:00,2016-05-10 12:00:00+00:00,44,0.0,0.0,0.2,0.2,plausible_physical_zero_not_rejected
rain_lenggries,frozen,2016-05-17 01:00:00+00:00,2016-05-19 02:00:00+00:00,50,0.0,0.0,0.1,0.1,plausible_physical_zero_not_rejected
rain_lenggries,frozen,2016-05-20 05:00:00+00:00,2016-05-23 09:00:00+00:00,77,0.0,0.0,0.1,0.1,plausible_physical_zero_not_rejected
rain_lenggries,frozen,2016-05-24 18:00:00+00:00,2016-05-27 18:00:00+00:00,73,0.0,0.0,0.1,1.5,plausible_physical_zero_not_rejected
rain_lenggries,frozen,2016-05-28 17:00:00+00:00,2016-05-29 20:00:00+00:00,28,0.0,0.0,0.4,1.7,plausible_physical_zero_not_rejected
rain_lenggries,frozen,2016-06-06 16:00:00+00:00,2016-06-08 06:00:00+00:00,39,0.0,0.0,0.5,1.2,plausible_physical_zero_not_rejected
rain_lenggries,frozen,2016-06-09 22:00:00+00:00,2016-06-11 09:00:00+00:00,36,0.0,0.0,0.1,0.5,plausible_physical_zero_not_rejected
rain_lenggries,frozen,2016-06-20 03:00:00+00:00,2016-06-24 23:00:00+00:00,117,0.0,0.0,2.0,0.2,plausible_physical_zero_not_rejected
rain_lenggries,frozen,2016-06-27 05:00:00+00:00,2016-06-29 21:00:00+00:00,65,0.0,0.0,0.2,16.3,plausible_physical_zero_not_rejected
rain_lenggries,frozen,2016-07-01 01:00:00+00:00,2016-07-02 02:00:00+00:00,26,0.0,0.0,0.1,0.1,plausible_physical_zero_not_rejected
rain_lenggries,frozen,2016-07-03 03:00:00+00:00,2016-07-08 20:00:00+00:00,138,0.0,0.0,0.1,0.8,plausible_physical_zero_not_rejected
rain_lenggries,frozen,2016-07-09 09:00:00+00:00,2016-07-11 14:00:00+00:00,54,0.0,0.0,0.1,0.2,plausible_physical_zero_not_rejected
rain_lenggries,frozen,2016-07-15 15:00:00+00:00,2016-07-17 05:00:00+00:00,39,0.0,0.0,0.4,0.2,plausible_physical_zero_not_rejected
rain_lenggries,frozen,2016-07-17 07:00:00+00:00,2016-07-20 18:00:00+00:00,84,0.0,0.0,0.2,0.1,plausible_physical_zero_not_rejected
rain_lenggries,frozen,2016-07-28 00:00:00+00:00,2016-07-29 02:00:00+00:00,27,0.0,0.0,0.2,0.5,plausible_physical_zero_not_rejected
rain_lenggries,frozen,2016-07-29 06:00:00+00:00,2016-07-30 18:00:00+00:00,37,0.0,0.0,1.2,0.1,plausible_physical_zero_not_rejected
rain_lenggries,frozen,2016-08-01 07:00:00+00:00,2016-08-02 19:00:00+00:00,37,0.0,0.0,0.7,0.6,plausible_physical_zero_not_rejected
rain_lenggries,frozen,2016-08-03 02:00:00+00:00,2016-08-04 18:00:00+00:00,41,0.0,0.0,0.1,0.1,plausible_physical_zero_not_rejected
rain_lenggries,frozen,2016-08-06 23:00:00+00:00,2016-08-09 01:00:00+00:00,51,0.0,0.0,0.4,0.1,plausible_physical_zero_not_rejected
rain_lenggries,frozen,2016-08-12 23:00:00+00:00,2016-08-16 19:00:00+00:00,93,0.0,0.0,0.2,5.4,plausible_physical_zero_not_rejected
rain_lenggries,frozen,2016-08-17 01:00:00+00:00,2016-08-18 00:00:00+00:00,24,0.0,0.0,1.0,3.7,plausible_physical_zero_not_rejected
rain_lenggries,frozen,2016-08-19 05:00:00+00:00,2016-08-20 14:00:00+00:00,34,0.0,0.0,0.3,0.5,plausible_physical_zero_not_rejected
rain_lenggries,frozen,2016-08-21 23:00:00+00:00,2016-08-27 18:00:00+00:00,140,0.0,0.0,0.5,0.1,plausible_physical_zero_not_rejected
rain_lenggries,frozen,2016-08-30 03:00:00+00:00,2016-09-01 05:00:00+00:00,51,0.0,0.0,1.1,0.1,plausible_physical_zero_not_rejected
rain_lenggries,frozen,2016-09-02 03:00:00+00:00,2016-09-04 17:00:00+00:00,63,0.0,0.0,0.1,0.2,plausible_physical_zero_not_rejected
rain_lenggries,frozen,2016-09-06 09:00:00+00:00,2016-09-11 12:00:00+00:00,124,0.0,0.0,0.3,0.1,plausible_physical_zero_not_rejected
rain_lenggries,frozen,2016-09-11 15:00:00+00:00,2016-09-12 17:00:00+00:00,27,0.0,0.0,0.2,0.1,plausible_physical_zero_not_rejected
rain_lenggries,frozen,2016-09-12 19:00:00+00:00,2016-09-15 13:00:00+00:00,67,0.0,0.0,0.1,0.1,plausible_physical_zero_not_rejected
rain_lenggries,frozen,2016-09-15 15:00:00+00:00,2016-09-16 18:00:00+00:00,28,0.0,0.0,0.1,1.4,plausible_physical_zero_not_rejected
rain_lenggries,frozen,2016-09-19 23:00:00+00:00,2016-10-02 03:00:00+00:00,293,0.0,0.0,0.1,0.6,plausible_physical_zero_not_rejected
rain_lenggries,frozen,2016-10-04 21:00:00+00:00,2016-10-07 06:00:00+00:00,58,0.0,0.0,1.0,0.5,plausible_physical_zero_not_rejected
rain_lenggries,frozen,2016-10-08 23:00:00+00:00,2016-10-11 18:00:00+00:00,68,0.0,0.0,0.2,0.1,plausible_physical_zero_not_rejected
rain_lenggries,frozen,2016-10-12 07:00:00+00:00,2016-10-17 20:00:00+00:00,134,0.0,0.0,0.1,1.2,plausible_physical_zero_not_rejected
rain_lenggries,frozen,2016-10-19 18:00:00+00:00,2016-10-21 06:00:00+00:00,37,0.0,0.0,0.4,0.1,plausible_physical_zero_not_rejected
rain_lenggries,frozen,2016-10-22 01:00:00+00:00,2016-10-23 17:00:00+00:00,41,0.0,0.0,0.2,0.8,plausible_physical_zero_not_rejected
rain_lenggries,frozen,2016-10-23 20:00:00+00:00,2016-10-25 06:00:00+00:00,35,0.0,0.0,1.0,2.8,plausible_physical_zero_not_rejected
rain_lenggries,frozen,2016-10-26 04:00:00+00:00,2016-11-02 15:00:00+00:00,180,0.0,0.0,0.3,0.2,plausible_physical_zero_not_rejected
rain_lenggries,frozen,2016-11-03 00:00:00+00:00,2016-11-05 21:00:00+00:00,70,0.0,0.0,0.1,1.6,plausible_physical_zero_not_rejected
rain_lenggries,frozen,2016-11-07 20:00:00+00:00,2016-11-08 22:00:00+00:00,27,0.0,0.0,0.1,0.4,plausible_physical_zero_not_rejected
rain_lenggries,frozen,2016-11-12 09:00:00+00:00,2016-11-15 19:00:00+00:00,83,0.0,0.0,0.3,0.2,plausible_physical_zero_not_rejected
rain_lenggries,frozen,2016-11-17 11:00:00+00:00,2016-11-19 08:00:00+00:00,46,0.0,0.0,0.2,0.8,plausible_physical_zero_not_rejected
rain_lenggries,frozen,2016-11-19 18:00:00+00:00,2016-11-27 00:00:00+00:00,175,0.0,0.0,0.1,0.2,plausible_physical_zero_not_rejected
rain_lenggries,frozen,2016-11-27 23:00:00+00:00,2016-12-02 18:00:00+00:00,116,0.0,0.0,0.2,0.1,plausible_physical_zero_not_rejected
rain_lenggries,frozen,2016-12-02 20:00:00+00:00,2016-12-11 13:00:00+00:00,210,0.0,0.0,0.1,0.4,plausible_physical_zero_not_rejected
rain_lenggries,frozen,2016-12-12 14:00:00+00:00,2016-12-14 10:00:00+00:00,45,0.0,0.0,0.4,0.5,plausible_physical_zero_not_rejected
rain_lenggries,frozen,2016-12-14 12:00:00+00:00,2016-12-18 19:00:00+00:00,104,0.0,0.0,0.5,0.7,plausible_physical_zero_not_rejected
rain_lenggries,frozen,2016-12-19 02:00:00+00:00,2016-12-24 17:00:00+00:00,136,0.0,0.0,0.1,0.2,plausible_physical_zero_not_rejected
rain_lenggries,frozen,2016-12-25 15:00:00+00:00,2016-12-26 15:00:00+00:00,25,0.0,0.0,0.6,0.4,plausible_physical_zero_not_rejected
rain_lenggries,frozen,2016-12-27 02:00:00+00:00,2017-01-02 17:00:00+00:00,160,0.0,0.0,0.1,0.5,plausible_physical_zero_not_rejected
rain_lenggries,frozen,2017-01-03 01:00:00+00:00,2017-01-04 06:00:00+00:00,30,0.0,0.0,0.4,0.7,plausible_physical_zero_not_rejected
rain_lenggries,frozen,2017-01-06 05:00:00+00:00,2017-01-07 20:00:00+00:00,40,0.0,0.0,0.1,0.7,plausible_physical_zero_not_rejected
rain_lenggries,frozen,2017-01-08 20:00:00+00:00,2017-01-10 21:00:00+00:00,50,0.0,0.0,0.4,0.1,plausible_physical_zero_not_rejected
rain_lenggries,frozen,2017-01-17 10:00:00+00:00,2017-01-30 15:00:00+00:00,318,0.0,0.0,0.1,0.1,plausible_physical_zero_not_rejected
rain_lenggries,frozen,2017-02-01 19:00:00+00:00,2017-02-04 16:00:00+00:00,70,0.0,0.0,1.2,0.1,plausible_physical_zero_not_rejected
rain_lenggries,frozen,2017-02-06 15:00:00+00:00,2017-02-08 01:00:00+00:00,35,0.0,0.0,0.5,0.1,plausible_physical_zero_not_rejected
rain_lenggries,frozen,2017-02-08 03:00:00+00:00,2017-02-17 03:00:00+00:00,217,0.0,0.0,0.1,0.3,plausible_physical_zero_not_rejected
rain_lenggries,frozen,2017-02-18 08:00:00+00:00,2017-02-19 22:00:00+00:00,39,0.0,0.0,0.1,0.7,plausible_physical_zero_not_rejected
rain_lenggries,frozen,2017-02-22 09:00:00+00:00,2017-02-24 02:00:00+00:00,42,0.0,0.0,0.1,1.0,plausible_physical_zero_not_rejected
rain_lenggries,frozen,2017-02-25 05:00:00+00:00,2017-02-28 07:00:00+00:00,75,0.0,0.0,0.1,0.2,plausible_physical_zero_not_rejected
rain_lenggries,frozen,2017-03-02 12:00:00+00:00,2017-03-04 18:00:00+00:00,55,0.0,0.0,0.8,0.1,plausible_physical_zero_not_rejected
rain_lenggries,frozen,2017-03-10 07:00:00+00:00,2017-03-17 18:00:00+00:00,180,0.0,0.0,1.0,0.1,plausible_physical_zero_not_rejected
rain_lenggries,frozen,2017-03-19 08:00:00+00:00,2017-03-21 21:00:00+00:00,62,0.0,0.0,2.7,0.3,plausible_physical_zero_not_rejected
rain_lenggries,frozen,2017-03-22 12:00:00+00:00,2017-04-03 11:00:00+00:00,288,0.0,0.0,0.1,0.6,plausible_physical_zero_not_rejected
rain_lenggries,frozen,2017-04-06 09:00:00+00:00,2017-04-10 22:00:00+00:00,110,0.0,0.0,0.1,0.2,plausible_physical_zero_not_rejected
rain_lenggries,frozen,2017-04-11 09:00:00+00:00,2017-04-15 14:00:00+00:00,102,0.0,0.0,0.1,0.1,plausible_physical_zero_not_rejected
rain_lenggries,frozen,2017-04-20 14:00:00+00:00,2017-04-22 15:00:00+00:00,50,0.0,0.0,0.1,0.1,plausible_physical_zero_not_rejected
rain_lenggries,frozen,2017-04-23 04:00:00+00:00,2017-04-25 15:00:00+00:00,60,0.0,0.0,0.1,0.1,plausible_physical_zero_not_rejected
rain_lenggries,frozen,2017-04-29 00:00:00+00:00,2017-05-01 12:00:00+00:00,61,0.0,0.0,0.1,0.2,plausible_physical_zero_not_rejected
rain_lenggries,frozen,2017-05-02 07:00:00+00:00,2017-05-03 15:00:00+00:00,33,0.0,0.0,0.5,0.6,plausible_physical_zero_not_rejected
rain_lenggries,frozen,2017-05-05 09:00:00+00:00,2017-05-06 20:00:00+00:00,36,0.0,0.0,0.2,1.4,plausible_physical_zero_not_rejected
rain_lenggries,frozen,2017-05-09 09:00:00+00:00,2017-05-12 01:00:00+00:00,65,0.0,0.0,0.1,0.3,plausible_physical_zero_not_rejected
rain_lenggries,frozen,2017-05-15 13:00:00+00:00,2017-05-19 17:00:00+00:00,101,0.0,0.0,0.1,1.0,plausible_physical_zero_not_rejected
rain_lenggries,frozen,2017-05-21 01:00:00+00:00,2017-05-23 18:00:00+00:00,66,0.0,0.0,0.1,0.1,plausible_physical_zero_not_rejected
rain_lenggries,frozen,2017-05-25 01:00:00+00:00,2017-05-30 15:00:00+00:00,135,0.0,0.0,0.4,17.1,plausible_physical_zero_not_rejected
rain_lenggries,frozen,2017-06-02 20:00:00+00:00,2017-06-04 06:00:00+00:00,35,0.0,0.0,0.7,3.7,plausible_physical_zero_not_rejected
rain_lenggries,frozen,2017-06-07 04:00:00+00:00,2017-06-09 19:00:00+00:00,64,0.0,0.0,0.1,0.2,plausible_physical_zero_not_rejected
rain_lenggries,frozen,2017-06-10 04:00:00+00:00,2017-06-12 05:00:00+00:00,50,0.0,0.0,3.4,0.1,plausible_physical_zero_not_rejected
rain_lenggries,frozen,2017-06-12 07:00:00+00:00,2017-06-15 20:00:00+00:00,86,0.0,0.0,0.1,1.8,plausible_physical_zero_not_rejected
rain_lenggries,frozen,2017-06-16 11:00:00+00:00,2017-06-20 14:00:00+00:00,100,0.0,0.0,0.7,0.9,plausible_physical_zero_not_rejected
rain_lenggries,frozen,2017-06-21 08:00:00+00:00,2017-06-25 05:00:00+00:00,94,0.0,0.0,0.1,1.5,plausible_physical_zero_not_rejected
rain_lenggries,frozen,2017-06-25 14:00:00+00:00,2017-06-26 20:00:00+00:00,31,0.0,0.0,1.6,0.4,plausible_physical_zero_not_rejected
rain_lenggries,frozen,2017-07-03 08:00:00+00:00,2017-07-07 20:00:00+00:00,109,0.0,0.0,0.1,2.8,plausible_physical_zero_not_rejected
rain_lenggries,frozen,2017-07-13 07:00:00+00:00,2017-07-14 06:00:00+00:00,24,0.0,0.0,0.4,1.9,plausible_physical_zero_not_rejected
rain_lenggries,frozen,2017-07-15 09:00:00+00:00,2017-07-18 17:00:00+00:00,81,0.0,0.0,0.1,0.5,plausible_physical_zero_not_rejected
rain_lenggries,frozen,2017-07-28 12:00:00+00:00,2017-07-29 19:00:00+00:00,32,0.0,0.0,0.7,0.1,plausible_physical_zero_not_rejected
rain_lenggries,frozen,2017-07-31 19:00:00+00:00,2017-08-01 19:00:00+00:00,25,0.0,0.0,0.1,2.7,plausible_physical_zero_not_rejected
rain_lenggries,frozen,2017-08-02 13:00:00+00:00,2017-08-04 19:00:00+00:00,55,0.0,0.0,0.2,0.2,plausible_physical_zero_not_rejected
rain_lenggries,frozen,2017-08-04 21:00:00+00:00,2017-08-05 20:00:00+00:00,24,0.0,0.0,0.2,0.1,plausible_physical_zero_not_rejected
rain_lenggries,frozen,2017-08-06 19:00:00+00:00,2017-08-08 19:00:00+00:00,49,0.0,0.0,0.1,14.7,plausible_physical_zero_not_rejected
rain_lenggries,frozen,2017-08-12 13:00:00+00:00,2017-08-15 22:00:00+00:00,82,0.0,0.0,0.2,0.7,plausible_physical_zero_not_rejected
rain_lenggries,frozen,2017-08-16 07:00:00+00:00,2017-08-18 20:00:00+00:00,62,0.0,0.0,0.1,2.4,plausible_physical_zero_not_rejected
rain_lenggries,frozen,2017-08-19 17:00:00+00:00,2017-08-24 18:00:00+00:00,122,0.0,0.0,2.3,7.1,plausible_physical_zero_not_rejected
rain_lenggries,frozen,2017-08-24 22:00:00+00:00,2017-08-27 13:00:00+00:00,64,0.0,0.0,4.1,0.1,plausible_physical_zero_not_rejected
rain_lenggries,frozen,2017-08-28 13:00:00+00:00,2017-08-31 15:00:00+00:00,75,0.0,0.0,0.1,0.2,plausible_physical_zero_not_rejected
rain_lenggries,frozen,2017-09-03 17:00:00+00:00,2017-09-05 06:00:00+00:00,38,0.0,0.0,0.4,1.7,plausible_physical_zero_not_rejected
rain_lenggries,frozen,2017-09-07 05:00:00+00:00,2017-09-09 19:00:00+00:00,63,0.0,0.0,0.1,0.7,plausible_physical_zero_not_rejected
rain_lenggries,frozen,2017-09-12 12:00:00+00:00,2017-09-14 11:00:00+00:00,48,0.0,0.0,0.1,1.9,plausible_physical_zero_not_rejected
rain_lenggries,frozen,2017-09-14 17:00:00+00:00,2017-09-15 23:00:00+00:00,31,0.0,0.0,0.6,0.1,plausible_physical_zero_not_rejected
rain_lenggries,frozen,2017-09-20 15:00:00+00:00,2017-09-24 03:00:00+00:00,85,0.0,0.0,1.8,0.2,plausible_physical_zero_not_rejected
rain_lenggries,frozen,2017-09-24 16:00:00+00:00,2017-09-25 16:00:00+00:00,25,0.0,0.0,0.4,0.2,plausible_physical_zero_not_rejected
rain_lenggries,frozen,2017-09-25 18:00:00+00:00,2017-09-27 07:00:00+00:00,38,0.0,0.0,0.2,0.1,plausible_physical_zero_not_rejected
rain_lenggries,frozen,2017-09-27 09:00:00+00:00,2017-09-30 20:00:00+00:00,84,0.0,0.0,0.1,2.0,plausible_physical_zero_not_rejected
rain_lenggries,frozen,2017-10-03 17:00:00+00:00,2017-10-05 18:00:00+00:00,50,0.0,0.0,0.1,0.4,plausible_physical_zero_not_rejected
rain_lenggries,frozen,2017-10-10 19:00:00+00:00,2017-10-22 00:00:00+00:00,270,0.0,0.0,0.1,0.1,plausible_physical_zero_not_rejected
rain_lenggries,frozen,2017-10-24 08:00:00+00:00,2017-10-27 05:00:00+00:00,70,0.0,0.0,0.1,0.9,plausible_physical_zero_not_rejected
rain_lenggries,frozen,2017-10-27 19:00:00+00:00,2017-10-28 23:00:00+00:00,29,0.0,0.0,1.3,1.1,plausible_physical_zero_not_rejected
rain_lenggries,frozen,2017-10-29 19:00:00+00:00,2017-11-01 08:00:00+00:00,62,0.0,0.0,0.5,0.1,plausible_physical_zero_not_rejected
rain_lenggries,frozen,2017-11-01 11:00:00+00:00,2017-11-03 00:00:00+00:00,38,0.0,0.0,0.1,0.7,plausible_physical_zero_not_rejected
rain_lenggries,frozen,2017-11-03 09:00:00+00:00,2017-11-05 12:00:00+00:00,52,0.0,0.0,0.6,0.1,plausible_physical_zero_not_rejected
rain_lenggries,frozen,2017-11-07 01:00:00+00:00,2017-11-10 14:00:00+00:00,86,0.0,0.0,0.1,0.1,plausible_physical_zero_not_rejected
rain_lenggries,frozen,2017-11-13 20:00:00+00:00,2017-11-19 01:00:00+00:00,126,0.0,0.0,0.1,0.7,plausible_physical_zero_not_rejected
rain_lenggries,frozen,2017-11-21 17:00:00+00:00,2017-11-25 12:00:00+00:00,92,0.0,0.0,0.1,1.2,plausible_physical_zero_not_rejected
rain_lenggries,frozen,2017-11-27 02:00:00+00:00,2017-11-29 09:00:00+00:00,56,0.0,0.0,0.1,0.2,plausible_physical_zero_not_rejected
rain_lenggries,frozen,2017-11-30 17:00:00+00:00,2017-12-03 21:00:00+00:00,77,0.0,0.0,0.2,0.2,plausible_physical_zero_not_rejected
rain_lenggries,frozen,2017-12-05 04:00:00+00:00,2017-12-08 10:00:00+00:00,79,0.0,0.0,0.3,1.7,plausible_physical_zero_not_rejected
rain_lenggries,frozen,2017-12-09 06:00:00+00:00,2017-12-11 21:00:00+00:00,64,0.0,0.0,0.3,0.1,plausible_physical_zero_not_rejected
rain_lenggries,frozen,2017-12-12 20:00:00+00:00,2017-12-14 07:00:00+00:00,36,0.0,0.0,0.1,0.7,plausible_physical_zero_not_rejected
rain_lenggries,frozen,2017-12-20 08:00:00+00:00,2017-12-21 07:00:00+00:00,24,0.0,0.0,0.5,0.3,plausible_physical_zero_not_rejected
rain_lenggries,frozen,2017-12-23 07:00:00+00:00,2017-12-27 19:00:00+00:00,109,0.0,0.0,0.3,0.3,plausible_physical_zero_not_rejected
rain_lenggries,frozen,2017-12-31 04:00:00+00:00,2018-01-01 05:00:00+00:00,26,0.0,0.0,0.1,0.9,plausible_physical_zero_not_rejected
rain_lenggries,frozen,2018-01-05 07:00:00+00:00,2018-01-11 17:00:00+00:00,155,0.0,0.0,0.1,0.1,plausible_physical_zero_not_rejected
rain_lenggries,frozen,2018-01-11 20:00:00+00:00,2018-01-16 09:00:00+00:00,110,0.0,0.0,0.1,0.3,plausible_physical_zero_not_rejected
rain_lenggries,frozen,2018-01-23 11:00:00+00:00,2018-01-30 03:00:00+00:00,161,0.0,0.0,0.1,0.2,plausible_physical_zero_not_rejected
rain_lenggries,frozen,2018-01-30 09:00:00+00:00,2018-02-01 09:00:00+00:00,49,0.0,0.0,0.2,0.2,plausible_physical_zero_not_rejected
rain_lenggries,frozen,2018-02-02 00:00:00+00:00,2018-02-03 02:00:00+00:00,27,0.0,0.0,0.1,0.1,plausible_physical_zero_not_rejected
rain_lenggries,frozen,2018-02-04 09:00:00+00:00,2018-02-07 21:00:00+00:00,85,0.0,0.0,0.1,0.1,plausible_physical_zero_not_rejected
rain_lenggries,frozen,2018-02-08 12:00:00+00:00,2018-02-10 18:00:00+00:00,55,0.0,0.0,0.1,0.1,plausible_physical_zero_not_rejected
rain_lenggries,frozen,2018-02-13 02:00:00+00:00,2018-02-15 13:00:00+00:00,60,0.0,0.0,0.2,1.3,plausible_physical_zero_not_rejected
rain_lenggries,frozen,2018-02-18 09:00:00+00:00,2018-02-20 08:00:00+00:00,48,0.0,0.0,0.1,0.3,plausible_physical_zero_not_rejected
rain_lenggries,frozen,2018-02-21 08:00:00+00:00,2018-02-26 21:00:00+00:00,134,0.0,0.0,0.1,0.1,plausible_physical_zero_not_rejected
rain_lenggries,frozen,2018-02-27 06:00:00+00:00,2018-03-02 19:00:00+00:00,86,0.0,0.0,0.1,0.1,plausible_physical_zero_not_rejected
rain_lenggries,frozen,2018-03-02 21:00:00+00:00,2018-03-03 22:00:00+00:00,26,0.0,0.0,0.1,0.1,plausible_physical_zero_not_rejected
rain_lenggries,frozen,2018-03-04 05:00:00+00:00,2018-03-06 13:00:00+00:00,57,0.0,0.0,0.3,0.1,plausible_physical_zero_not_rejected
rain_lenggries,frozen,2018-03-07 15:00:00+00:00,2018-03-10 13:00:00+00:00,71,0.0,0.0,0.2,0.1,plausible_physical_zero_not_rejected
rain_lenggries,frozen,2018-03-10 18:00:00+00:00,2018-03-12 03:00:00+00:00,34,0.0,0.0,0.2,0.1,plausible_physical_zero_not_rejected
rain_lenggries,frozen,2018-03-12 14:00:00+00:00,2018-03-13 20:00:00+00:00,31,0.0,0.0,0.1,0.1,plausible_physical_zero_not_rejected
rain_lenggries,frozen,2018-03-14 08:00:00+00:00,2018-03-16 01:00:00+00:00,42,0.0,0.0,0.3,0.8,plausible_physical_zero_not_rejected
rain_lenggries,frozen,2018-03-16 16:00:00+00:00,2018-03-18 02:00:00+00:00,35,0.0,0.0,1.6,0.4,plausible_physical_zero_not_rejected
rain_lenggries,frozen,2018-03-21 11:00:00+00:00,2018-03-22 21:00:00+00:00,35,0.0,0.0,0.2,0.1,plausible_physical_zero_not_rejected
rain_lenggries,frozen,2018-03-23 10:00:00+00:00,2018-03-26 14:00:00+00:00,77,0.0,0.0,0.4,0.2,plausible_physical_zero_not_rejected
rain_lenggries,frozen,2018-03-29 22:00:00+00:00,2018-03-31 03:00:00+00:00,30,0.0,0.0,0.1,0.9,plausible_physical_zero_not_rejected
rain_lenggries,frozen,2018-04-01 22:00:00+00:00,2018-04-05 04:00:00+00:00,79,0.0,0.0,0.4,0.5,plausible_physical_zero_not_rejected
rain_lenggries,frozen,2018-04-05 23:00:00+00:00,2018-04-15 20:00:00+00:00,238,0.0,0.0,0.2,0.2,plausible_physical_zero_not_rejected
rain_lenggries,frozen,2018-04-17 05:00:00+00:00,2018-04-23 20:00:00+00:00,160,0.0,0.0,0.2,0.5,plausible_physical_zero_not_rejected
rain_lenggries,frozen,2018-04-24 06:00:00+00:00,2018-04-25 20:00:00+00:00,39,0.0,0.0,0.2,0.9,plausible_physical_zero_not_rejected
rain_lenggries,frozen,2018-04-26 10:00:00+00:00,2018-04-30 05:00:00+00:00,92,0.0,0.0,0.5,0.3,plausible_physical_zero_not_rejected
rain_lenggries,frozen,2018-04-30 08:00:00+00:00,2018-05-03 19:00:00+00:00,84,0.0,0.0,0.9,3.7,plausible_physical_zero_not_rejected
rain_lenggries,frozen,2018-05-04 00:00:00+00:00,2018-05-09 10:00:00+00:00,131,0.0,0.0,0.6,6.3,plausible_physical_zero_not_rejected
rain_lenggries,frozen,2018-05-09 12:00:00+00:00,2018-05-10 16:00:00+00:00,29,0.0,0.0,6.3,1.0,plausible_physical_zero_not_rejected
rain_lenggries,frozen,2018-05-10 22:00:00+00:00,2018-05-12 18:00:00+00:00,45,0.0,0.0,0.1,0.1,plausible_physical_zero_not_rejected
rain_lenggries,frozen,2018-05-18 04:00:00+00:00,2018-05-19 13:00:00+00:00,34,0.0,0.0,0.4,0.9,plausible_physical_zero_not_rejected
rain_lenggries,frozen,2018-05-21 14:00:00+00:00,2018-05-23 14:00:00+00:00,49,0.0,0.0,1.4,0.5,plausible_physical_zero_not_rejected
rain_lenggries,frozen,2018-05-24 17:00:00+00:00,2018-05-27 12:00:00+00:00,68,0.0,0.0,0.1,5.7,plausible_physical_zero_not_rejected
rain_lenggries,frozen,2018-05-27 14:00:00+00:00,2018-05-29 19:00:00+00:00,54,0.0,0.0,5.7,4.4,plausible_physical_zero_not_rejected
rain_lenggries,frozen,2018-05-30 01:00:00+00:00,2018-05-31 15:00:00+00:00,39,0.0,0.0,0.1,0.9,plausible_physical_zero_not_rejected
rain_lenggries,frozen,2018-05-31 18:00:00+00:00,2018-06-01 18:00:00+00:00,25,0.0,0.0,0.1,0.1,plausible_physical_zero_not_rejected
rain_lenggries,frozen,2018-06-02 20:00:00+00:00,2018-06-06 13:00:00+00:00,90,0.0,0.0,0.6,0.2,plausible_physical_zero_not_rejected
rain_lenggries,frozen,2018-06-14 05:00:00+00:00,2018-06-17 19:00:00+00:00,87,0.0,0.0,0.1,0.1,plausible_physical_zero_not_rejected
rain_lenggries,frozen,2018-06-18 07:00:00+00:00,2018-06-21 16:00:00+00:00,82,0.0,0.0,0.1,0.2,plausible_physical_zero_not_rejected
rain_lenggries,frozen,2018-06-22 02:00:00+00:00,2018-06-23 22:00:00+00:00,45,0.0,0.0,0.2,0.1,plausible_physical_zero_not_rejected
rain_lenggries,frozen,2018-06-25 11:00:00+00:00,2018-06-27 00:00:00+00:00,38,0.0,0.0,0.5,0.5,plausible_physical_zero_not_rejected
rain_lenggries,frozen,2018-06-29 11:00:00+00:00,2018-07-05 13:00:00+00:00,147,0.0,0.0,0.6,0.7,plausible_physical_zero_not_rejected
rain_lenggries,frozen,2018-07-07 03:00:00+00:00,2018-07-08 12:00:00+00:00,34,0.0,0.0,0.1,0.6,plausible_physical_zero_not_rejected
rain_lenggries,frozen,2018-07-08 15:00:00+00:00,2018-07-10 10:00:00+00:00,44,0.0,0.0,0.3,0.4,plausible_physical_zero_not_rejected
rain_lenggries,frozen,2018-07-11 07:00:00+00:00,2018-07-15 04:00:00+00:00,94,0.0,0.0,0.1,0.5,plausible_physical_zero_not_rejected
rain_lenggries,frozen,2018-07-17 20:00:00+00:00,2018-07-21 04:00:00+00:00,81,0.0,0.0,0.1,0.1,plausible_physical_zero_not_rejected
rain_lenggries,frozen,2018-07-23 12:00:00+00:00,2018-07-25 13:00:00+00:00,50,0.0,0.0,0.1,0.2,plausible_physical_zero_not_rejected
rain_lenggries,frozen,2018-07-25 18:00:00+00:00,2018-07-28 11:00:00+00:00,66,0.0,0.0,7.3,1.1,plausible_physical_zero_not_rejected
rain_lenggries,frozen,2018-08-03 07:00:00+00:00,2018-08-08 15:00:00+00:00,129,0.0,0.0,,0.1,plausible_physical_zero_not_rejected
rain_lenggries,frozen,2018-08-10 13:00:00+00:00,2018-08-12 19:00:00+00:00,55,0.0,0.0,0.2,0.1,plausible_physical_zero_not_rejected
rain_lenggries,frozen,2018-08-14 17:00:00+00:00,2018-08-22 15:00:00+00:00,191,0.0,0.0,0.1,3.6,plausible_physical_zero_not_rejected
rain_lenggries,frozen,2018-08-26 07:00:00+00:00,2018-08-27 20:00:00+00:00,38,0.0,0.0,0.4,0.1,plausible_physical_zero_not_rejected
rain_lenggries,frozen,2018-08-27 23:00:00+00:00,2018-08-29 19:00:00+00:00,45,0.0,0.0,0.2,1.9,plausible_physical_zero_not_rejected
rain_lenggries,frozen,2018-09-02 00:00:00+00:00,2018-09-03 22:00:00+00:00,47,0.0,0.0,0.2,0.4,plausible_physical_zero_not_rejected
rain_lenggries,frozen,2018-09-04 10:00:00+00:00,2018-09-06 17:00:00+00:00,56,0.0,0.0,0.1,0.4,plausible_physical_zero_not_rejected
rain_lenggries,frozen,2018-09-07 09:00:00+00:00,2018-09-13 17:00:00+00:00,153,0.0,0.0,0.2,0.1,plausible_physical_zero_not_rejected
rain_lenggries,frozen,2018-09-15 13:00:00+00:00,2018-09-17 03:00:00+00:00,39,0.0,0.0,0.6,0.1,plausible_physical_zero_not_rejected
rain_lenggries,frozen,2018-09-17 06:00:00+00:00,2018-09-18 06:00:00+00:00,25,0.0,0.0,0.3,,plausible_physical_zero_not_rejected
rain_lenggries,frozen,2018-09-19 07:00:00+00:00,2018-09-21 20:00:00+00:00,62,0.0,0.0,,1.3,plausible_physical_zero_not_rejected
rain_lenggries,frozen,2018-09-24 09:00:00+00:00,2018-10-01 02:00:00+00:00,162,0.0,0.0,0.3,0.5,plausible_physical_zero_not_rejected
rain_lenggries,frozen,2018-10-02 05:00:00+00:00,2018-10-03 09:00:00+00:00,29,0.0,0.0,0.7,0.1,plausible_physical_zero_not_rejected
rain_lenggries,frozen,2018-10-03 17:00:00+00:00,2018-10-07 01:00:00+00:00,81,0.0,0.0,0.4,0.2,plausible_physical_zero_not_rejected
rain_lenggries,frozen,2018-10-07 03:00:00+00:00,2018-10-23 19:00:00+00:00,401,0.0,0.0,0.2,0.6,plausible_physical_zero_not_rejected
rain_lenggries,frozen,2018-10-25 03:00:00+00:00,2018-10-27 02:00:00+00:00,48,0.0,0.0,0.4,0.3,plausible_physical_zero_not_rejected
rain_lenggries,frozen,2018-10-30 00:00:00+00:00,2018-11-02 15:00:00+00:00,88,0.0,0.0,1.0,0.8,plausible_physical_zero_not_rejected
rain_lenggries,frozen,2018-11-03 03:00:00+00:00,2018-11-19 02:00:00+00:00,384,0.0,0.0,0.1,0.1,plausible_physical_zero_not_rejected
rain_lenggries,frozen,2018-11-19 07:00:00+00:00,2018-11-24 07:00:00+00:00,121,0.0,0.0,0.2,0.1,plausible_physical_zero_not_rejected
rain_lenggries,frozen,2018-11-24 18:00:00+00:00,2018-11-26 04:00:00+00:00,35,0.0,0.0,0.2,0.1,plausible_physical_zero_not_rejected
rain_lenggries,frozen,2018-11-27 17:00:00+00:00,2018-11-30 16:00:00+00:00,72,0.0,0.0,0.1,0.2,plausible_physical_zero_not_rejected
rain_lenggries,frozen,2018-12-01 08:00:00+00:00,2018-12-02 09:00:00+00:00,26,0.0,0.0,0.2,0.2,plausible_physical_zero_not_rejected
rain_lenggries,frozen,2018-12-06 10:00:00+00:00,2018-12-07 21:00:00+00:00,36,0.0,0.0,0.4,0.6,plausible_physical_zero_not_rejected
rain_lenggries,frozen,2018-12-11 22:00:00+00:00,2018-12-16 07:00:00+00:00,106,0.0,0.0,0.1,1.3,plausible_physical_zero_not_rejected
rain_lenggries,frozen,2018-12-16 11:00:00+00:00,2018-12-17 18:00:00+00:00,32,0.0,0.0,0.6,0.5,plausible_physical_zero_not_rejected
rain_lenggries,frozen,2018-12-17 21:00:00+00:00,2018-12-20 02:00:00+00:00,54,0.0,0.0,0.9,0.1,plausible_physical_zero_not_rejected
rain_lenggries,frozen,2018-12-20 07:00:00+00:00,2018-12-21 13:00:00+00:00,31,0.0,0.0,0.1,0.1,plausible_physical_zero_not_rejected
rain_lenggries,frozen,2018-12-24 17:00:00+00:00,2018-12-30 00:00:00+00:00,128,0.0,0.0,0.3,1.3,plausible_physical_zero_not_rejected
rain_lenggries,frozen,2019-01-15 05:00:00+00:00,2019-01-17 14:00:00+00:00,58,0.0,0.0,0.2,0.4,plausible_physical_zero_not_rejected
rain_lenggries,frozen,2019-01-18 05:00:00+00:00,2019-01-24 19:00:00+00:00,159,0.0,0.0,0.4,0.1,plausible_physical_zero_not_rejected
rain_lenggries,frozen,2019-01-26 13:00:00+00:00,2019-01-27 19:00:00+00:00,31,0.0,0.0,1.4,0.3,plausible_physical_zero_not_rejected
rain_lenggries,frozen,2019-01-29 07:00:00+00:00,2019-02-02 04:00:00+00:00,94,0.0,0.0,0.5,0.1,plausible_physical_zero_not_rejected
rain_lenggries,frozen,2019-02-04 04:00:00+00:00,2019-02-07 19:00:00+00:00,88,0.0,0.0,0.1,0.6,plausible_physical_zero_not_rejected
rain_lenggries,frozen,2019-02-08 02:00:00+00:00,2019-02-10 18:00:00+00:00,65,0.0,0.0,0.4,2.7,plausible_physical_zero_not_rejected
rain_lenggries,frozen,2019-02-12 14:00:00+00:00,2019-02-21 21:00:00+00:00,224,0.0,0.0,0.1,0.1,plausible_physical_zero_not_rejected
rain_lenggries,frozen,2019-02-22 21:00:00+00:00,2019-02-28 12:00:00+00:00,136,0.0,0.0,0.5,0.4,plausible_physical_zero_not_rejected
rain_lenggries,frozen,2019-03-02 04:00:00+00:00,2019-03-04 14:00:00+00:00,59,0.0,0.0,0.5,1.6,plausible_physical_zero_not_rejected
rain_lenggries,frozen,2019-03-05 08:00:00+00:00,2019-03-07 11:00:00+00:00,52,0.0,0.0,0.2,1.0,plausible_physical_zero_not_rejected
rain_lenggries,frozen,2019-03-16 04:00:00+00:00,2019-03-17 18:00:00+00:00,39,0.0,0.0,0.2,0.4,plausible_physical_zero_not_rejected
rain_lenggries,frozen,2019-03-19 12:00:00+00:00,2019-03-25 04:00:00+00:00,137,0.0,0.0,0.3,0.1,plausible_physical_zero_not_rejected
rain_lenggries,frozen,2019-03-26 03:00:00+00:00,2019-04-04 21:00:00+00:00,235,0.0,0.0,1.1,0.2,plausible_physical_zero_not_rejected
rain_lenggries,frozen,2019-04-05 00:00:00+00:00,2019-04-07 18:00:00+00:00,67,0.0,0.0,0.3,0.1,plausible_physical_zero_not_rejected
rain_lenggries,frozen,2019-04-08 17:00:00+00:00,2019-04-09 19:00:00+00:00,27,0.0,0.0,0.1,0.4,plausible_physical_zero_not_rejected
rain_lenggries,frozen,2019-04-11 00:00:00+00:00,2019-04-13 20:00:00+00:00,69,0.0,0.0,0.1,0.3,plausible_physical_zero_not_rejected
rain_lenggries,frozen,2019-04-14 05:00:00+00:00,2019-04-26 11:00:00+00:00,295,0.0,0.0,0.1,1.5,plausible_physical_zero_not_rejected
rain_lenggries,frozen,2019-04-30 15:00:00+00:00,2019-05-02 19:00:00+00:00,53,0.0,0.0,0.1,0.1,plausible_physical_zero_not_rejected
rain_lenggries,frozen,2019-05-06 10:00:00+00:00,2019-05-08 23:00:00+00:00,62,0.0,0.0,0.2,0.2,plausible_physical_zero_not_rejected
rain_lenggries,frozen,2019-05-13 06:00:00+00:00,2019-05-14 11:00:00+00:00,30,0.0,0.0,0.1,0.4,plausible_physical_zero_not_rejected
rain_lenggries,frozen,2019-05-15 14:00:00+00:00,2019-05-19 12:00:00+00:00,95,0.0,0.0,0.1,1.1,plausible_physical_zero_not_rejected
rain_lenggries,frozen,2019-05-23 00:00:00+00:00,2019-05-25 14:00:00+00:00,63,0.0,0.0,0.1,0.3,plausible_physical_zero_not_rejected
rain_lenggries,frozen,2019-05-26 03:00:00+00:00,2019-05-27 14:00:00+00:00,36,0.0,0.0,0.2,0.2,plausible_physical_zero_not_rejected
rain_lenggries,frozen,2019-05-30 00:00:00+00:00,2019-06-01 05:00:00+00:00,54,0.0,0.0,0.1,,plausible_physical_zero_not_rejected
rain_lenggries,frozen,2019-06-04 10:00:00+00:00,2019-06-06 15:00:00+00:00,54,0.0,0.0,,0.2,plausible_physical_zero_not_rejected
rain_lenggries,frozen,2019-06-06 21:00:00+00:00,2019-06-09 20:00:00+00:00,72,0.0,0.0,0.3,0.1,plausible_physical_zero_not_rejected
rain_lenggries,frozen,2019-06-10 18:00:00+00:00,2019-06-12 03:00:00+00:00,34,0.0,0.0,0.1,0.1,plausible_physical_zero_not_rejected
rain_lenggries,frozen,2019-06-12 17:00:00+00:00,2019-06-15 22:00:00+00:00,78,0.0,0.0,0.2,2.1,plausible_physical_zero_not_rejected
rain_lenggries,frozen,2019-06-16 05:00:00+00:00,2019-06-18 23:00:00+00:00,67,0.0,0.0,0.1,0.3,plausible_physical_zero_not_rejected
rain_lenggries,frozen,2019-06-19 01:00:00+00:00,2019-06-20 00:00:00+00:00,24,0.0,0.0,0.3,8.7,plausible_physical_zero_not_rejected
rain_lenggries,frozen,2019-06-23 09:00:00+00:00,2019-07-01 11:00:00+00:00,195,0.0,0.0,0.1,0.2,plausible_physical_zero_not_rejected
rain_lenggries,frozen,2019-07-02 05:00:00+00:00,2019-07-06 16:00:00+00:00,108,0.0,0.0,1.0,0.1,plausible_physical_zero_not_rejected
rain_lenggries,frozen,2019-07-09 06:00:00+00:00,2019-07-11 13:00:00+00:00,56,0.0,0.0,0.1,0.4,plausible_physical_zero_not_rejected
rain_lenggries,frozen,2019-07-14 14:00:00+00:00,2019-07-20 18:00:00+00:00,149,0.0,0.0,2.3,0.6,plausible_physical_zero_not_rejected
rain_lenggries,frozen,2019-07-21 12:00:00+00:00,2019-07-27 13:00:00+00:00,146,0.0,0.0,0.7,1.5,plausible_physical_zero_not_rejected
rain_lenggries,frozen,2019-07-29 10:00:00+00:00,2019-07-31 06:00:00+00:00,45,0.0,0.0,0.4,0.1,plausible_physical_zero_not_rejected
rain_lenggries,frozen,2019-07-31 15:00:00+00:00,2019-08-02 11:00:00+00:00,45,0.0,0.0,0.1,22.2,plausible_physical_zero_not_rejected
rain_lenggries,frozen,2019-08-03 18:00:00+00:00,2019-08-05 22:00:00+00:00,53,0.0,0.0,0.7,3.8,plausible_physical_zero_not_rejected
rain_lenggries,frozen,2019-08-08 06:00:00+00:00,2019-08-10 20:00:00+00:00,63,0.0,0.0,0.1,1.8,plausible_physical_zero_not_rejected
rain_lenggries,frozen,2019-08-14 05:00:00+00:00,2019-08-15 13:00:00+00:00,33,0.0,0.0,0.3,0.4,plausible_physical_zero_not_rejected
rain_lenggries,frozen,2019-08-16 03:00:00+00:00,2019-08-19 01:00:00+00:00,71,0.0,0.0,0.8,3.9,plausible_physical_zero_not_rejected
rain_lenggries,frozen,2019-08-21 07:00:00+00:00,2019-08-24 15:00:00+00:00,81,0.0,0.0,,24.9,plausible_physical_zero_not_rejected
rain_lenggries,frozen,2019-08-26 19:00:00+00:00,2019-08-29 01:00:00+00:00,55,0.0,0.0,0.1,0.3,plausible_physical_zero_not_rejected
rain_lenggries,frozen,2019-08-29 16:00:00+00:00,2019-08-31 18:00:00+00:00,51,0.0,0.0,0.1,0.5,plausible_physical_zero_not_rejected
rain_lenggries,frozen,2019-09-02 21:00:00+00:00,2019-09-05 09:00:00+00:00,61,0.0,0.0,0.4,0.1,plausible_physical_zero_not_rejected
rain_lenggries,frozen,2019-09-09 13:00:00+00:00,2019-09-11 18:00:00+00:00,54,0.0,0.0,1.1,0.1,plausible_physical_zero_not_rejected
rain_lenggries,frozen,2019-09-11 23:00:00+00:00,2019-09-23 05:00:00+00:00,271,0.0,0.0,0.2,0.3,plausible_physical_zero_not_rejected
rain_lenggries,frozen,2019-09-26 22:00:00+00:00,2019-09-27 22:00:00+00:00,25,0.0,0.0,0.1,1.0,plausible_physical_zero_not_rejected
rain_lenggries,frozen,2019-09-28 07:00:00+00:00,2019-10-01 23:00:00+00:00,89,0.0,0.0,0.1,3.8,plausible_physical_zero_not_rejected
rain_lenggries,frozen,2019-10-03 04:00:00+00:00,2019-10-04 09:00:00+00:00,30,0.0,0.0,0.1,0.1,plausible_physical_zero_not_rejected
rain_lenggries,frozen,2019-10-07 13:00:00+00:00,2019-10-09 02:00:00+00:00,38,0.0,0.0,0.5,0.3,plausible_physical_zero_not_rejected
rain_lenggries,frozen,2019-10-10 17:00:00+00:00,2019-10-15 21:00:00+00:00,125,0.0,0.0,0.1,0.8,plausible_physical_zero_not_rejected
rain_lenggries,frozen,2019-10-16 04:00:00+00:00,2019-10-28 01:00:00+00:00,286,0.0,0.0,0.1,0.2,plausible_physical_zero_not_rejected
rain_lenggries,frozen,2019-10-31 05:00:00+00:00,2019-11-01 20:00:00+00:00,40,0.0,0.0,0.1,0.1,plausible_physical_zero_not_rejected
rain_lenggries,frozen,2019-11-02 08:00:00+00:00,2019-11-03 17:00:00+00:00,34,0.0,0.0,0.3,0.1,plausible_physical_zero_not_rejected
rain_lenggries,frozen,2019-11-05 17:00:00+00:00,2019-11-06 16:00:00+00:00,24,0.0,0.0,0.3,0.1,plausible_physical_zero_not_rejected
rain_lenggries,frozen,2019-11-06 18:00:00+00:00,2019-11-08 11:00:00+00:00,42,0.0,0.0,0.1,0.1,plausible_physical_zero_not_rejected
rain_lenggries,frozen,2019-11-09 14:00:00+00:00,2019-11-12 00:00:00+00:00,59,0.0,0.0,0.1,0.3,plausible_physical_zero_not_rejected
rain_lenggries,frozen,2019-11-13 17:00:00+00:00,2019-11-15 18:00:00+00:00,50,0.0,0.0,0.1,0.6,plausible_physical_zero_not_rejected
rain_lenggries,frozen,2019-11-15 23:00:00+00:00,2019-11-17 00:00:00+00:00,26,0.0,0.0,0.2,0.6,plausible_physical_zero_not_rejected
rain_lenggries,frozen,2019-11-18 01:00:00+00:00,2019-11-27 08:00:00+00:00,224,0.0,0.0,0.1,0.5,plausible_physical_zero_not_rejected
rain_lenggries,frozen,2019-11-27 10:00:00+00:00,2019-11-28 13:00:00+00:00,28,0.0,0.0,0.5,1.5,plausible_physical_zero_not_rejected
rain_lenggries,frozen,2019-11-30 02:00:00+00:00,2019-12-02 00:00:00+00:00,47,0.0,0.0,0.1,0.4,plausible_physical_zero_not_rejected
rain_lenggries,frozen,2019-12-02 11:00:00+00:00,2019-12-07 03:00:00+00:00,113,0.0,0.0,0.3,0.1,plausible_physical_zero_not_rejected
rain_lenggries,frozen,2019-12-07 05:00:00+00:00,2019-12-09 04:00:00+00:00,48,0.0,0.0,0.1,1.7,plausible_physical_zero_not_rejected
rain_lenggries,frozen,2019-12-10 11:00:00+00:00,2019-12-12 03:00:00+00:00,41,0.0,0.0,0.8,0.2,plausible_physical_zero_not_rejected
rain_lenggries,frozen,2019-12-14 13:00:00+00:00,2019-12-20 23:00:00+00:00,155,0.0,0.0,0.1,2.1,plausible_physical_zero_not_rejected
rain_lenggries,frozen,2019-12-27 21:00:00+00:00,2020-01-04 00:00:00+00:00,172,0.0,0.0,0.3,0.3,plausible_physical_zero_not_rejected
rain_lenggries,frozen,2020-01-05 08:00:00+00:00,2020-01-07 10:00:00+00:00,51,0.0,0.0,0.3,0.1,plausible_physical_zero_not_rejected
rain_lenggries,frozen,2020-01-07 15:00:00+00:00,2020-01-10 22:00:00+00:00,80,0.0,0.0,0.5,0.2,plausible_physical_zero_not_rejected
rain_lenggries,frozen,2020-01-11 07:00:00+00:00,2020-01-18 01:00:00+00:00,163,0.0,0.0,0.1,0.2,plausible_physical_zero_not_rejected
rain_lenggries,frozen,2020-01-19 17:00:00+00:00,2020-01-27 03:00:00+00:00,179,0.0,0.0,0.5,0.1,plausible_physical_zero_not_rejected
rain_lenggries,frozen,2020-01-27 05:00:00+00:00,2020-01-28 05:00:00+00:00,25,0.0,0.0,0.1,0.1,plausible_physical_zero_not_rejected
rain_lenggries,frozen,2020-01-31 01:00:00+00:00,2020-02-01 18:00:00+00:00,42,0.0,0.0,0.1,0.1,plausible_physical_zero_not_rejected
rain_lenggries,frozen,2020-02-05 17:00:00+00:00,2020-02-10 10:00:00+00:00,114,0.0,0.0,0.3,1.7,plausible_physical_zero_not_rejected
rain_lenggries,frozen,2020-02-12 07:00:00+00:00,2020-02-13 19:00:00+00:00,37,0.0,0.0,0.1,1.6,plausible_physical_zero_not_rejected
rain_lenggries,frozen,2020-02-14 15:00:00+00:00,2020-02-17 21:00:00+00:00,79,0.0,0.0,0.1,0.2,plausible_physical_zero_not_rejected
rain_lenggries,frozen,2020-02-18 00:00:00+00:00,2020-02-19 11:00:00+00:00,36,0.0,0.0,0.3,0.1,plausible_physical_zero_not_rejected
rain_lenggries,frozen,2020-02-19 20:00:00+00:00,2020-02-21 02:00:00+00:00,31,0.0,0.0,0.1,0.3,plausible_physical_zero_not_rejected
rain_lenggries,frozen,2020-02-21 06:00:00+00:00,2020-02-23 05:00:00+00:00,48,0.0,0.0,0.4,0.5,plausible_physical_zero_not_rejected
rain_lenggries,frozen,2020-02-24 13:00:00+00:00,2020-02-25 22:00:00+00:00,34,0.0,0.0,0.2,0.9,plausible_physical_zero_not_rejected
rain_lenggries,frozen,2020-02-28 12:00:00+00:00,2020-03-01 04:00:00+00:00,41,0.0,0.0,0.1,0.3,plausible_physical_zero_not_rejected
rain_lenggries,frozen,2020-03-04 07:00:00+00:00,2020-03-05 14:00:00+00:00,32,0.0,0.0,0.8,0.8,plausible_physical_zero_not_rejected
rain_lenggries,frozen,2020-03-11 01:00:00+00:00,2020-03-13 02:00:00+00:00,50,0.0,0.0,0.2,0.1,plausible_physical_zero_not_rejected
rain_lenggries,frozen,2020-03-13 11:00:00+00:00,2020-03-20 17:00:00+00:00,175,0.0,0.0,0.2,0.2,plausible_physical_zero_not_rejected
rain_lenggries,frozen,2020-03-21 12:00:00+00:00,2020-03-29 16:00:00+00:00,197,0.0,0.0,0.1,0.5,plausible_physical_zero_not_rejected
rain_lenggries,frozen,2020-03-30 06:00:00+00:00,2020-04-13 13:00:00+00:00,344,0.0,0.0,0.1,0.1,plausible_physical_zero_not_rejected
rain_lenggries,frozen,2020-04-14 02:00:00+00:00,2020-04-19 01:00:00+00:00,120,0.0,0.0,0.1,0.1,plausible_physical_zero_not_rejected
rain_lenggries,frozen,2020-04-19 03:00:00+00:00,2020-04-27 01:00:00+00:00,191,0.0,0.0,0.1,0.1,plausible_physical_zero_not_rejected
rain_lenggries,frozen,2020-04-27 08:00:00+00:00,2020-04-28 13:00:00+00:00,30,0.0,0.0,0.1,4.5,plausible_physical_zero_not_rejected
rain_lenggries,frozen,2020-04-29 16:00:00+00:00,2020-04-30 15:00:00+00:00,24,0.0,0.0,0.1,0.1,plausible_physical_zero_not_rejected
rain_lenggries,frozen,2020-05-02 23:00:00+00:00,2020-05-04 00:00:00+00:00,26,0.0,0.0,0.7,0.4,plausible_physical_zero_not_rejected
rain_lenggries,frozen,2020-05-05 20:00:00+00:00,2020-05-10 04:00:00+00:00,105,0.0,0.0,0.6,0.3,plausible_physical_zero_not_rejected
rain_lenggries,frozen,2020-05-10 10:00:00+00:00,2020-05-11 14:00:00+00:00,29,0.0,0.0,0.5,0.4,plausible_physical_zero_not_rejected
rain_lenggries,frozen,2020-05-12 05:00:00+00:00,2020-05-13 05:00:00+00:00,25,0.0,0.0,0.5,0.3,plausible_physical_zero_not_rejected
rain_lenggries,frozen,2020-05-15 16:00:00+00:00,2020-05-20 03:00:00+00:00,108,0.0,0.0,0.1,0.4,plausible_physical_zero_not_rejected
rain_lenggries,frozen,2020-05-20 05:00:00+00:00,2020-05-23 13:00:00+00:00,81,0.0,0.0,0.4,9.9,plausible_physical_zero_not_rejected
rain_lenggries,frozen,2020-05-26 01:00:00+00:00,2020-05-28 11:00:00+00:00,59,0.0,0.0,0.4,1.3,plausible_physical_zero_not_rejected
rain_lenggries,frozen,2020-05-28 23:00:00+00:00,2020-06-03 15:00:00+00:00,137,0.0,0.0,1.2,0.1,plausible_physical_zero_not_rejected
rain_lenggries,frozen,2020-06-05 09:00:00+00:00,2020-06-06 15:00:00+00:00,31,0.0,0.0,0.5,0.1,plausible_physical_zero_not_rejected
rain_lenggries,frozen,2020-06-11 03:00:00+00:00,2020-06-13 20:00:00+00:00,66,0.0,0.0,1.4,0.8,plausible_physical_zero_not_rejected
rain_lenggries,frozen,2020-06-16 16:00:00+00:00,2020-06-17 15:00:00+00:00,24,0.0,0.0,0.1,0.7,plausible_physical_zero_not_rejected
rain_lenggries,frozen,2020-06-17 20:00:00+00:00,2020-06-18 23:00:00+00:00,28,0.0,0.0,0.9,0.1,plausible_physical_zero_not_rejected
rain_lenggries,frozen,2020-06-21 14:00:00+00:00,2020-06-25 15:00:00+00:00,98,0.0,0.0,0.1,0.1,plausible_physical_zero_not_rejected
rain_lenggries,frozen,2020-06-29 14:00:00+00:00,2020-07-01 15:00:00+00:00,50,0.0,0.0,3.1,3.2,plausible_physical_zero_not_rejected
rain_lenggries,frozen,2020-07-03 09:00:00+00:00,2020-07-06 14:00:00+00:00,78,0.0,0.0,0.5,0.7,plausible_physical_zero_not_rejected
rain_lenggries,frozen,2020-07-06 21:00:00+00:00,2020-07-10 15:00:00+00:00,91,0.0,0.0,0.2,3.6,plausible_physical_zero_not_rejected
rain_lenggries,frozen,2020-07-11 17:00:00+00:00,2020-07-15 13:00:00+00:00,93,0.0,0.0,0.1,2.6,plausible_physical_zero_not_rejected
rain_lenggries,frozen,2020-07-17 22:00:00+00:00,2020-07-21 15:00:00+00:00,90,0.0,0.0,5.3,2.2,plausible_physical_zero_not_rejected
rain_lenggries,frozen,2020-07-21 22:00:00+00:00,2020-07-23 02:00:00+00:00,29,0.0,0.0,0.1,5.2,plausible_physical_zero_not_rejected
rain_lenggries,frozen,2020-07-25 07:00:00+00:00,2020-07-26 06:00:00+00:00,24,0.0,0.0,0.1,0.1,plausible_physical_zero_not_rejected
rain_lenggries,frozen,2020-07-26 23:00:00+00:00,2020-07-28 15:00:00+00:00,41,0.0,0.0,0.1,1.2,plausible_physical_zero_not_rejected
rain_lenggries,frozen,2020-07-29 05:00:00+00:00,2020-08-01 18:00:00+00:00,86,0.0,0.0,0.1,3.1,plausible_physical_zero_not_rejected
rain_lenggries,frozen,2020-08-04 19:00:00+00:00,2020-08-13 08:00:00+00:00,206,0.0,0.0,0.1,0.6,plausible_physical_zero_not_rejected
rain_lenggries,frozen,2020-08-15 06:00:00+00:00,2020-08-16 13:00:00+00:00,32,0.0,0.0,0.1,0.8,plausible_physical_zero_not_rejected
rain_lenggries,frozen,2020-08-19 09:00:00+00:00,2020-08-22 12:00:00+00:00,76,0.0,0.0,0.1,6.8,plausible_physical_zero_not_rejected
rain_lenggries,frozen,2020-08-22 18:00:00+00:00,2020-08-28 17:00:00+00:00,144,0.0,0.0,0.5,0.1,plausible_physical_zero_not_rejected
rain_lenggries,frozen,2020-08-30 16:00:00+00:00,2020-08-31 16:00:00+00:00,25,0.0,0.0,4.0,2.0,plausible_physical_zero_not_rejected
rain_lenggries,frozen,2020-09-02 17:00:00+00:00,2020-09-05 19:00:00+00:00,75,0.0,0.0,0.2,1.2,plausible_physical_zero_not_rejected
rain_lenggries,frozen,2020-09-07 03:00:00+00:00,2020-09-20 23:00:00+00:00,333,0.0,0.0,0.1,0.3,plausible_physical_zero_not_rejected
rain_lenggries,frozen,2020-09-21 16:00:00+00:00,2020-09-22 15:00:00+00:00,24,0.0,0.0,1.0,25.7,plausible_physical_zero_not_rejected
rain_lenggries,frozen,2020-09-22 19:00:00+00:00,2020-09-24 21:00:00+00:00,51,0.0,0.0,0.5,1.7,plausible_physical_zero_not_rejected
rain_lenggries,frozen,2020-09-26 20:00:00+00:00,2020-09-28 06:00:00+00:00,35,0.0,0.0,0.1,0.2,plausible_physical_zero_not_rejected
rain_lenggries,frozen,2020-09-29 18:00:00+00:00,2020-10-03 10:00:00+00:00,89,0.0,0.0,0.4,0.1,plausible_physical_zero_not_rejected
rain_lenggries,frozen,2020-10-03 17:00:00+00:00,2020-10-05 05:00:00+00:00,37,0.0,0.0,0.6,1.3,plausible_physical_zero_not_rejected
rain_lenggries,frozen,2020-10-08 05:00:00+00:00,2020-10-10 09:00:00+00:00,53,0.0,0.0,0.3,0.2,plausible_physical_zero_not_rejected
rain_lenggries,frozen,2020-10-13 06:00:00+00:00,2020-10-15 15:00:00+00:00,58,0.0,0.0,0.2,0.1,plausible_physical_zero_not_rejected
rain_lenggries,frozen,2020-10-17 22:00:00+00:00,2020-10-23 00:00:00+00:00,123,0.0,0.0,0.1,0.1,plausible_physical_zero_not_rejected
rain_lenggries,frozen,2020-10-24 12:00:00+00:00,2020-10-26 11:00:00+00:00,48,0.0,0.0,1.5,0.1,plausible_physical_zero_not_rejected
rain_lenggries,frozen,2020-10-27 10:00:00+00:00,2020-10-29 00:00:00+00:00,39,0.0,0.0,0.1,0.1,plausible_physical_zero_not_rejected
rain_lenggries,frozen,2020-10-30 05:00:00+00:00,2020-11-01 13:00:00+00:00,57,0.0,0.0,0.2,0.5,plausible_physical_zero_not_rejected
rain_lenggries,frozen,2020-11-02 00:00:00+00:00,2020-11-03 07:00:00+00:00,32,0.0,0.0,0.1,0.9,plausible_physical_zero_not_rejected
rain_lenggries,frozen,2020-11-04 02:00:00+00:00,2020-11-16 03:00:00+00:00,290,0.0,0.0,0.1,0.2,plausible_physical_zero_not_rejected
rain_lenggries,frozen,2020-11-16 17:00:00+00:00,2020-11-19 14:00:00+00:00,70,0.0,0.0,0.3,0.8,plausible_physical_zero_not_rejected
rain_lenggries,frozen,2020-11-21 01:00:00+00:00,2020-12-01 11:00:00+00:00,251,0.0,0.0,0.1,0.1,plausible_physical_zero_not_rejected
rain_lenggries,frozen,2020-12-01 20:00:00+00:00,2020-12-05 10:00:00+00:00,87,0.0,0.0,0.1,0.3,plausible_physical_zero_not_rejected
rain_lenggries,frozen,2020-12-07 08:00:00+00:00,2020-12-09 06:00:00+00:00,47,0.0,0.0,0.3,0.7,plausible_physical_zero_not_rejected
rain_lenggries,frozen,2020-12-09 20:00:00+00:00,2020-12-12 23:00:00+00:00,76,0.0,0.0,0.1,0.2,plausible_physical_zero_not_rejected
rain_lenggries,frozen,2020-12-13 16:00:00+00:00,2020-12-21 21:00:00+00:00,198,0.0,0.0,0.8,0.3,plausible_physical_zero_not_rejected
rain_lenggries,frozen,2020-12-22 22:00:00+00:00,2020-12-24 04:00:00+00:00,31,0.0,0.0,0.2,0.1,plausible_physical_zero_not_rejected
rain_lenggries,frozen,2020-12-25 22:00:00+00:00,2020-12-28 15:00:00+00:00,66,0.0,0.0,0.3,0.2,plausible_physical_zero_not_rejected
rain_lenggries,frozen,2020-12-28 19:00:00+00:00,2020-12-30 17:00:00+00:00,47,0.0,0.0,0.3,0.2,plausible_physical_zero_not_rejected
rain_lenggries,frozen,2020-12-30 20:00:00+00:00,2021-01-06 00:00:00+00:00,149,0.0,0.0,0.3,0.1,plausible_physical_zero_not_rejected
rain_lenggries,frozen,2021-01-07 05:00:00+00:00,2021-01-12 16:00:00+00:00,132,0.0,0.0,0.1,1.9,plausible_physical_zero_not_rejected
rain_lenggries,frozen,2021-01-14 12:00:00+00:00,2021-01-16 00:00:00+00:00,37,0.0,0.0,0.1,0.3,plausible_physical_zero_not_rejected
rain_lenggries,frozen,2021-01-18 14:00:00+00:00,2021-01-23 02:00:00+00:00,109,0.0,0.0,0.1,0.7,plausible_physical_zero_not_rejected
rain_lenggries,frozen,2021-01-23 11:00:00+00:00,2021-01-25 12:00:00+00:00,50,0.0,0.0,0.1,0.4,plausible_physical_zero_not_rejected
rain_lenggries,frozen,2021-01-31 09:00:00+00:00,2021-02-01 09:00:00+00:00,25,0.0,0.0,0.3,0.1,plausible_physical_zero_not_rejected
rain_lenggries,frozen,2021-02-03 22:00:00+00:00,2021-02-07 16:00:00+00:00,91,0.0,0.0,0.3,0.7,plausible_physical_zero_not_rejected
rain_lenggries,frozen,2021-02-08 05:00:00+00:00,2021-02-09 09:00:00+00:00,29,0.0,0.0,0.1,0.1,plausible_physical_zero_not_rejected
rain_lenggries,frozen,2021-02-09 11:00:00+00:00,2021-02-10 11:00:00+00:00,25,0.0,0.0,0.1,0.1,plausible_physical_zero_not_rejected
rain_lenggries,frozen,2021-02-11 04:00:00+00:00,2021-02-15 21:00:00+00:00,114,0.0,0.0,0.1,0.6,plausible_physical_zero_not_rejected
rain_lenggries,frozen,2021-02-17 08:00:00+00:00,2021-02-26 22:00:00+00:00,231,0.0,0.0,0.5,0.1,plausible_physical_zero_not_rejected
rain_lenggries,frozen,2021-02-27 06:00:00+00:00,2021-03-04 22:00:00+00:00,137,0.0,0.0,0.3,0.7,plausible_physical_zero_not_rejected
rain_lenggries,frozen,2021-03-05 21:00:00+00:00,2021-03-07 13:00:00+00:00,41,0.0,0.0,0.4,0.4,plausible_physical_zero_not_rejected
rain_lenggries,frozen,2021-03-08 03:00:00+00:00,2021-03-10 02:00:00+00:00,48,0.0,0.0,2.1,0.3,plausible_physical_zero_not_rejected
rain_lenggries,frozen,2021-03-10 13:00:00+00:00,2021-03-11 20:00:00+00:00,32,0.0,0.0,0.1,3.5,plausible_physical_zero_not_rejected
rain_lenggries,frozen,2021-03-12 08:00:00+00:00,2021-03-13 20:00:00+00:00,37,0.0,0.0,0.1,0.1,plausible_physical_zero_not_rejected
rain_lenggries,frozen,2021-03-20 13:00:00+00:00,2021-03-21 12:00:00+00:00,24,0.0,0.0,0.3,0.1,plausible_physical_zero_not_rejected
rain_lenggries,frozen,2021-03-22 23:00:00+00:00,2021-03-27 08:00:00+00:00,106,0.0,0.0,0.1,0.1,plausible_physical_zero_not_rejected
rain_lenggries,frozen,2021-03-27 11:00:00+00:00,2021-04-01 18:00:00+00:00,128,0.0,0.0,0.3,1.9,plausible_physical_zero_not_rejected
rain_lenggries,frozen,2021-04-01 21:00:00+00:00,2021-04-03 07:00:00+00:00,35,0.0,0.0,1.0,0.1,plausible_physical_zero_not_rejected
rain_lenggries,frozen,2021-04-03 15:00:00+00:00,2021-04-05 18:00:00+00:00,52,0.0,0.0,0.2,1.5,plausible_physical_zero_not_rejected
rain_lenggries,frozen,2021-04-08 03:00:00+00:00,2021-04-12 05:00:00+00:00,99,0.0,0.0,0.1,0.9,plausible_physical_zero_not_rejected
rain_lenggries,frozen,2021-04-14 09:00:00+00:00,2021-04-19 13:00:00+00:00,125,0.0,0.0,0.3,1.3,plausible_physical_zero_not_rejected
rain_lenggries,frozen,2021-04-20 08:00:00+00:00,2021-04-22 05:00:00+00:00,46,0.0,0.0,0.2,0.2,plausible_physical_zero_not_rejected
rain_lenggries,frozen,2021-04-22 17:00:00+00:00,2021-04-29 15:00:00+00:00,167,0.0,0.0,0.3,0.4,plausible_physical_zero_not_rejected
rain_lenggries,frozen,2021-05-03 11:00:00+00:00,2021-05-05 10:00:00+00:00,48,0.0,0.0,0.2,0.2,plausible_physical_zero_not_rejected
rain_lenggries,frozen,2021-05-05 14:00:00+00:00,2021-05-06 15:00:00+00:00,26,0.0,0.0,0.1,0.1,plausible_physical_zero_not_rejected
rain_lenggries,frozen,2021-05-07 21:00:00+00:00,2021-05-11 21:00:00+00:00,97,0.0,0.0,0.1,0.1,plausible_physical_zero_not_rejected
rain_lenggries,frozen,2021-05-13 17:00:00+00:00,2021-05-14 19:00:00+00:00,27,0.0,0.0,1.6,0.5,plausible_physical_zero_not_rejected
rain_lenggries,frozen,2021-05-20 13:00:00+00:00,2021-05-21 23:00:00+00:00,35,0.0,0.0,0.3,0.2,plausible_physical_zero_not_rejected
rain_lenggries,frozen,2021-05-23 11:00:00+00:00,2021-05-24 16:00:00+00:00,30,0.0,0.0,0.1,0.6,plausible_physical_zero_not_rejected
rain_lenggries,frozen,2021-05-25 08:00:00+00:00,2021-05-26 23:00:00+00:00,40,0.0,0.0,0.1,0.1,plausible_physical_zero_not_rejected
rain_lenggries,frozen,2021-05-27 17:00:00+00:00,2021-05-30 05:00:00+00:00,61,0.0,0.0,0.1,0.1,plausible_physical_zero_not_rejected
rain_lenggries,frozen,2021-05-30 07:00:00+00:00,2021-06-02 07:00:00+00:00,73,0.0,0.0,0.1,0.3,plausible_physical_zero_not_rejected
rain_lenggries,frozen,2021-06-02 09:00:00+00:00,2021-06-04 18:00:00+00:00,58,0.0,0.0,0.3,0.4,plausible_physical_zero_not_rejected
rain_lenggries,frozen,2021-06-07 21:00:00+00:00,2021-06-09 12:00:00+00:00,40,0.0,0.0,0.3,0.4,plausible_physical_zero_not_rejected
rain_lenggries,frozen,2021-06-10 22:00:00+00:00,2021-06-12 19:00:00+00:00,46,0.0,0.0,0.5,0.4,plausible_physical_zero_not_rejected
rain_lenggries,frozen,2021-06-13 07:00:00+00:00,2021-06-21 21:00:00+00:00,207,0.0,0.0,0.1,0.3,plausible_physical_zero_not_rejected
rain_lenggries,frozen,2021-06-25 22:00:00+00:00,2021-06-27 16:00:00+00:00,43,0.0,0.0,0.2,0.4,plausible_physical_zero_not_rejected
rain_lenggries,frozen,2021-06-28 02:00:00+00:00,2021-06-29 05:00:00+00:00,28,0.0,0.0,0.1,0.5,plausible_physical_zero_not_rejected
rain_lenggries,frozen,2021-07-01 21:00:00+00:00,2021-07-03 19:00:00+00:00,47,0.0,0.0,0.1,0.6,plausible_physical_zero_not_rejected
rain_lenggries,frozen,2021-07-04 23:00:00+00:00,2021-07-06 21:00:00+00:00,47,0.0,0.0,0.1,0.5,plausible_physical_zero_not_rejected
rain_lenggries,frozen,2021-07-09 12:00:00+00:00,2021-07-10 19:00:00+00:00,32,0.0,0.0,0.2,0.6,plausible_physical_zero_not_rejected
rain_lenggries,frozen,2021-07-11 15:00:00+00:00,2021-07-13 12:00:00+00:00,46,0.0,0.0,0.1,0.1,plausible_physical_zero_not_rejected
rain_lenggries,frozen,2021-07-15 21:00:00+00:00,2021-07-16 20:00:00+00:00,24,0.0,0.0,0.1,0.4,plausible_physical_zero_not_rejected
rain_lenggries,frozen,2021-07-20 07:00:00+00:00,2021-07-24 08:00:00+00:00,98,0.0,0.0,,0.3,plausible_physical_zero_not_rejected
rain_lenggries,frozen,2021-07-25 18:00:00+00:00,2021-07-26 17:00:00+00:00,24,0.0,0.0,0.4,7.7,plausible_physical_zero_not_rejected
rain_lenggries,frozen,2021-07-26 20:00:00+00:00,2021-07-28 02:00:00+00:00,31,0.0,0.0,3.4,0.2,plausible_physical_zero_not_rejected
rain_lenggries,frozen,2021-07-28 17:00:00+00:00,2021-07-30 04:00:00+00:00,36,0.0,0.0,0.4,0.1,plausible_physical_zero_not_rejected
rain_lenggries,frozen,2021-08-01 23:00:00+00:00,2021-08-03 14:00:00+00:00,40,0.0,0.0,0.1,6.1,plausible_physical_zero_not_rejected
rain_lenggries,frozen,2021-08-06 10:00:00+00:00,2021-08-07 16:00:00+00:00,31,0.0,0.0,0.5,0.1,plausible_physical_zero_not_rejected
rain_lenggries,frozen,2021-08-08 19:00:00+00:00,2021-08-13 07:00:00+00:00,109,0.0,0.0,2.5,0.2,plausible_physical_zero_not_rejected
rain_lenggries,frozen,2021-08-13 09:00:00+00:00,2021-08-15 14:00:00+00:00,54,0.0,0.0,0.2,0.1,plausible_physical_zero_not_rejected
rain_lenggries,frozen,2021-08-18 07:00:00+00:00,2021-08-22 03:00:00+00:00,93,0.0,0.0,0.1,14.6,plausible_physical_zero_not_rejected
rain_lenggries,frozen,2021-08-24 20:00:00+00:00,2021-08-26 11:00:00+00:00,40,0.0,0.0,0.8,0.4,plausible_physical_zero_not_rejected
rain_lenggries,frozen,2021-09-01 04:00:00+00:00,2021-09-09 14:00:00+00:00,203,0.0,0.0,0.8,0.1,plausible_physical_zero_not_rejected
rain_lenggries,frozen,2021-09-09 16:00:00+00:00,2021-09-11 00:00:00+00:00,33,0.0,0.0,0.1,2.3,plausible_physical_zero_not_rejected
rain_lenggries,frozen,2021-09-11 06:00:00+00:00,2021-09-15 18:00:00+00:00,109,0.0,0.0,0.1,20.3,plausible_physical_zero_not_rejected
rain_lenggries,frozen,2021-09-17 09:00:00+00:00,2021-09-19 14:00:00+00:00,54,0.0,0.0,0.2,1.0,plausible_physical_zero_not_rejected
rain_lenggries,frozen,2021-09-20 09:00:00+00:00,2021-09-22 12:00:00+00:00,52,0.0,0.0,0.1,,plausible_physical_zero_not_rejected
rain_lenggries,frozen,2021-09-23 12:00:00+00:00,2021-09-26 17:00:00+00:00,78,0.0,0.0,,6.3,plausible_physical_zero_not_rejected
rain_lenggries,frozen,2021-09-27 04:00:00+00:00,2021-09-28 03:00:00+00:00,24,0.0,0.0,0.1,0.5,plausible_physical_zero_not_rejected
rain_lenggries,frozen,2021-09-30 05:00:00+00:00,2021-10-05 02:00:00+00:00,118,0.0,0.0,0.1,0.3,plausible_physical_zero_not_rejected
rain_lenggries,frozen,2021-10-07 12:00:00+00:00,2021-10-12 02:00:00+00:00,111,0.0,0.0,0.2,0.4,plausible_physical_zero_not_rejected
rain_lenggries,frozen,2021-10-13 21:00:00+00:00,2021-10-21 07:00:00+00:00,179,0.0,0.0,1.1,0.1,plausible_physical_zero_not_rejected
rain_lenggries,frozen,2021-10-21 11:00:00+00:00,2021-11-01 11:00:00+00:00,265,0.0,0.0,0.2,1.2,plausible_physical_zero_not_rejected
rain_lenggries,frozen,2021-11-02 18:00:00+00:00,2021-11-03 17:00:00+00:00,24,0.0,0.0,0.7,0.3,plausible_physical_zero_not_rejected
rain_lenggries,frozen,2021-11-04 11:00:00+00:00,2021-11-05 21:00:00+00:00,35,0.0,0.0,0.1,0.1,plausible_physical_zero_not_rejected
rain_lenggries,frozen,2021-11-05 23:00:00+00:00,2021-11-07 22:00:00+00:00,48,0.0,0.0,0.1,0.2,plausible_physical_zero_not_rejected
rain_lenggries,frozen,2021-11-08 07:00:00+00:00,2021-11-13 16:00:00+00:00,130,0.0,0.0,0.1,0.9,plausible_physical_zero_not_rejected
rain_lenggries,frozen,2021-11-14 09:00:00+00:00,2021-11-22 12:00:00+00:00,196,0.0,0.0,0.4,0.2,plausible_physical_zero_not_rejected
rain_lenggries,frozen,2021-11-22 19:00:00+00:00,2021-11-26 14:00:00+00:00,92,0.0,0.0,0.1,0.1,plausible_physical_zero_not_rejected
rain_lenggries,frozen,2021-12-13 08:00:00+00:00,2021-12-23 22:00:00+00:00,255,0.0,0.0,0.1,0.2,plausible_physical_zero_not_rejected
rain_lenggries,frozen,2021-12-26 18:00:00+00:00,2021-12-27 21:00:00+00:00,28,0.0,0.0,0.1,0.1,plausible_physical_zero_not_rejected
rain_lenggries,frozen,2021-12-30 12:00:00+00:00,2022-01-04 07:00:00+00:00,116,0.0,0.0,0.1,0.1,plausible_physical_zero_not_rejected
rain_lenggries,frozen,2022-01-06 14:00:00+00:00,2022-01-08 09:00:00+00:00,44,0.0,0.0,0.1,1.0,plausible_physical_zero_not_rejected
rain_lenggries,frozen,2022-01-11 01:00:00+00:00,2022-01-17 01:00:00+00:00,145,0.0,0.0,0.1,0.1,plausible_physical_zero_not_rejected
rain_lenggries,frozen,2022-01-18 08:00:00+00:00,2022-01-20 03:00:00+00:00,44,0.0,0.0,0.3,0.1,plausible_physical_zero_not_rejected
rain_lenggries,frozen,2022-01-23 04:00:00+00:00,2022-01-27 22:00:00+00:00,115,0.0,0.0,0.1,0.1,plausible_physical_zero_not_rejected
rain_lenggries,frozen,2022-01-28 15:00:00+00:00,2022-01-30 00:00:00+00:00,34,0.0,0.0,0.1,0.2,plausible_physical_zero_not_rejected
rain_lenggries,frozen,2022-02-03 07:00:00+00:00,2022-02-05 02:00:00+00:00,44,0.0,0.0,0.2,1.1,plausible_physical_zero_not_rejected
rain_lenggries,frozen,2022-02-05 06:00:00+00:00,2022-02-06 20:00:00+00:00,39,0.0,0.0,0.9,0.1,plausible_physical_zero_not_rejected
rain_lenggries,frozen,2022-02-07 15:00:00+00:00,2022-02-11 04:00:00+00:00,86,0.0,0.0,1.0,0.6,plausible_physical_zero_not_rejected
rain_lenggries,frozen,2022-02-11 12:00:00+00:00,2022-02-15 03:00:00+00:00,88,0.0,0.0,0.4,0.1,plausible_physical_zero_not_rejected
rain_lenggries,frozen,2022-02-19 03:00:00+00:00,2022-02-21 07:00:00+00:00,53,0.0,0.0,0.4,4.1,plausible_physical_zero_not_rejected
rain_lenggries,frozen,2022-02-23 10:00:00+00:00,2022-02-25 00:00:00+00:00,39,0.0,0.0,0.2,0.2,plausible_physical_zero_not_rejected
rain_lenggries,frozen,2022-02-26 16:00:00+00:00,2022-03-15 14:00:00+00:00,407,0.0,0.0,0.1,0.9,plausible_physical_zero_not_rejected
rain_lenggries,frozen,2022-03-16 01:00:00+00:00,2022-03-30 15:00:00+00:00,351,0.0,0.0,0.1,0.1,plausible_physical_zero_not_rejected
rain_lenggries,frozen,2022-04-03 21:00:00+00:00,2022-04-05 06:00:00+00:00,34,0.0,0.0,0.1,0.5,plausible_physical_zero_not_rejected
rain_lenggries,frozen,2022-04-10 13:00:00+00:00,2022-04-15 03:00:00+00:00,111,0.0,0.0,0.2,1.1,plausible_physical_zero_not_rejected
rain_lenggries,frozen,2022-04-15 10:00:00+00:00,2022-04-24 11:00:00+00:00,218,0.0,0.0,1.3,0.7,plausible_physical_zero_not_rejected
rain_lenggries,frozen,2022-04-27 05:00:00+00:00,2022-04-30 09:00:00+00:00,77,0.0,0.0,0.3,0.1,plausible_physical_zero_not_rejected
rain_lenggries,frozen,2022-05-01 09:00:00+00:00,2022-05-02 15:00:00+00:00,31,0.0,0.0,0.1,0.1,plausible_physical_zero_not_rejected
rain_lenggries,frozen,2022-05-08 21:00:00+00:00,2022-05-12 22:00:00+00:00,98,0.0,0.0,0.6,0.5,plausible_physical_zero_not_rejected
rain_lenggries,frozen,2022-05-14 02:00:00+00:00,2022-05-16 03:00:00+00:00,50,0.0,0.0,0.3,0.5,plausible_physical_zero_not_rejected
rain_lenggries,frozen,2022-05-17 00:00:00+00:00,2022-05-19 19:00:00+00:00,68,0.0,0.0,0.1,6.6,plausible_physical_zero_not_rejected
rain_lenggries,frozen,2022-05-21 07:00:00+00:00,2022-05-22 17:00:00+00:00,35,0.0,0.0,2.0,0.1,plausible_physical_zero_not_rejected
rain_lenggries,frozen,2022-05-25 11:00:00+00:00,2022-05-27 21:00:00+00:00,59,0.0,0.0,0.1,0.6,plausible_physical_zero_not_rejected
rain_lenggries,frozen,2022-05-28 09:00:00+00:00,2022-05-29 12:00:00+00:00,28,0.0,0.0,0.8,0.1,plausible_physical_zero_not_rejected
rain_lenggries,frozen,2022-05-30 15:00:00+00:00,2022-05-31 14:00:00+00:00,24,0.0,0.0,0.1,0.6,plausible_physical_zero_not_rejected
rain_lenggries,frozen,2022-06-02 06:00:00+00:00,2022-06-03 15:00:00+00:00,34,0.0,0.0,0.1,4.2,plausible_physical_zero_not_rejected
rain_lenggries,frozen,2022-06-04 04:00:00+00:00,2022-06-05 14:00:00+00:00,35,0.0,0.0,0.1,3.9,plausible_physical_zero_not_rejected
rain_lenggries,frozen,2022-06-05 19:00:00+00:00,2022-06-06 20:00:00+00:00,26,0.0,0.0,0.1,0.2,plausible_physical_zero_not_rejected
rain_lenggries,frozen,2022-06-07 13:00:00+00:00,2022-06-08 17:00:00+00:00,29,0.0,0.0,0.8,1.5,plausible_physical_zero_not_rejected
rain_lenggries,frozen,2022-06-10 07:00:00+00:00,2022-06-13 01:00:00+00:00,67,0.0,0.0,0.1,1.2,plausible_physical_zero_not_rejected
rain_lenggries,frozen,2022-06-13 14:00:00+00:00,2022-06-15 17:00:00+00:00,52,0.0,0.0,0.1,,plausible_physical_zero_not_rejected
rain_lenggries,frozen,2022-06-20 10:00:00+00:00,2022-06-21 21:00:00+00:00,36,0.0,0.0,,1.1,plausible_physical_zero_not_rejected
rain_lenggries,frozen,2022-06-22 19:00:00+00:00,2022-06-23 21:00:00+00:00,27,0.0,0.0,2.5,0.3,plausible_physical_zero_not_rejected
rain_lenggries,frozen,2022-06-25 02:00:00+00:00,2022-06-26 10:00:00+00:00,33,0.0,0.0,0.1,0.1,plausible_physical_zero_not_rejected
rain_lenggries,frozen,2022-06-26 13:00:00+00:00,2022-06-27 16:00:00+00:00,28,0.0,0.0,0.1,4.1,plausible_physical_zero_not_rejected
rain_lenggries,frozen,2022-06-29 02:00:00+00:00,2022-06-30 15:00:00+00:00,38,0.0,0.0,0.1,0.1,plausible_physical_zero_not_rejected
rain_lenggries,frozen,2022-07-01 17:00:00+00:00,2022-07-04 00:00:00+00:00,56,0.0,0.0,1.2,1.7,plausible_physical_zero_not_rejected
rain_lenggries,frozen,2022-07-08 07:00:00+00:00,2022-07-10 00:00:00+00:00,42,0.0,0.0,0.5,0.1,plausible_physical_zero_not_rejected
rain_lenggries,frozen,2022-07-10 11:00:00+00:00,2022-07-14 21:00:00+00:00,107,0.0,0.0,0.1,0.6,plausible_physical_zero_not_rejected
rain_lenggries,frozen,2022-07-15 06:00:00+00:00,2022-07-22 18:00:00+00:00,181,0.0,0.0,0.6,3.0,plausible_physical_zero_not_rejected
rain_lenggries,frozen,2022-07-23 09:00:00+00:00,2022-07-25 20:00:00+00:00,60,0.0,0.0,0.3,1.7,plausible_physical_zero_not_rejected
rain_lenggries,frozen,2022-07-26 15:00:00+00:00,2022-07-28 17:00:00+00:00,51,0.0,0.0,0.1,0.9,plausible_physical_zero_not_rejected
rain_lenggries,frozen,2022-07-30 19:00:00+00:00,2022-08-02 00:00:00+00:00,54,0.0,0.0,0.3,8.0,plausible_physical_zero_not_rejected
rain_lenggries,frozen,2022-08-02 05:00:00+00:00,2022-08-05 14:00:00+00:00,82,0.0,0.0,0.1,0.1,plausible_physical_zero_not_rejected
rain_lenggries,frozen,2022-08-06 08:00:00+00:00,2022-08-15 07:00:00+00:00,216,0.0,0.0,0.1,2.9,plausible_physical_zero_not_rejected
rain_lenggries,frozen,2022-08-16 00:00:00+00:00,2022-08-18 14:00:00+00:00,63,0.0,0.0,0.4,0.3,plausible_physical_zero_not_rejected
rain_lenggries,frozen,2022-08-20 22:00:00+00:00,2022-08-26 18:00:00+00:00,141,0.0,0.0,0.1,3.9,plausible_physical_zero_not_rejected
rain_lenggries,frozen,2022-08-28 15:00:00+00:00,2022-08-31 03:00:00+00:00,61,0.0,0.0,0.7,0.5,plausible_physical_zero_not_rejected
rain_lenggries,frozen,2022-08-31 19:00:00+00:00,2022-09-03 14:00:00+00:00,68,0.0,0.0,0.2,13.6,plausible_physical_zero_not_rejected
rain_lenggries,frozen,2022-09-03 21:00:00+00:00,2022-09-06 06:00:00+00:00,58,0.0,0.0,0.1,4.0,plausible_physical_zero_not_rejected
rain_lenggries,frozen,2022-09-06 09:00:00+00:00,2022-09-08 02:00:00+00:00,42,0.0,0.0,0.1,2.7,plausible_physical_zero_not_rejected
rain_lenggries,frozen,2022-09-11 16:00:00+00:00,2022-09-14 15:00:00+00:00,72,0.0,0.0,0.7,0.4,plausible_physical_zero_not_rejected
rain_lenggries,frozen,2022-09-20 15:00:00+00:00,2022-09-24 14:00:00+00:00,96,0.0,0.0,0.1,0.3,plausible_physical_zero_not_rejected
rain_lenggries,frozen,2022-09-30 01:00:00+00:00,2022-10-01 11:00:00+00:00,35,0.0,0.0,0.1,1.3,plausible_physical_zero_not_rejected
rain_lenggries,frozen,2022-10-03 07:00:00+00:00,2022-10-08 15:00:00+00:00,129,0.0,0.0,0.1,0.3,plausible_physical_zero_not_rejected
rain_lenggries,frozen,2022-10-09 15:00:00+00:00,2022-10-10 16:00:00+00:00,26,0.0,0.0,0.2,1.7,plausible_physical_zero_not_rejected
rain_lenggries,frozen,2022-10-11 09:00:00+00:00,2022-10-13 22:00:00+00:00,62,0.0,0.0,0.1,0.5,plausible_physical_zero_not_rejected
rain_lenggries,frozen,2022-10-15 21:00:00+00:00,2022-10-18 19:00:00+00:00,71,0.0,0.0,0.2,0.1,plausible_physical_zero_not_rejected
rain_lenggries,frozen,2022-10-18 23:00:00+00:00,2022-10-21 20:00:00+00:00,70,0.0,0.0,1.6,0.1,plausible_physical_zero_not_rejected
rain_lenggries,frozen,2022-10-23 03:00:00+00:00,2022-10-24 02:00:00+00:00,24,0.0,0.0,0.1,0.3,plausible_physical_zero_not_rejected
rain_lenggries,frozen,2022-10-27 03:00:00+00:00,2022-11-03 23:00:00+00:00,189,0.0,0.0,0.1,1.3,plausible_physical_zero_not_rejected
rain_lenggries,frozen,2022-11-06 01:00:00+00:00,2022-11-09 22:00:00+00:00,94,0.0,0.0,0.1,0.8,plausible_physical_zero_not_rejected
rain_lenggries,frozen,2022-11-10 10:00:00+00:00,2022-11-16 04:00:00+00:00,139,0.0,0.0,0.1,0.4,plausible_physical_zero_not_rejected
rain_lenggries,frozen,2022-11-19 00:00:00+00:00,2022-11-20 05:00:00+00:00,30,0.0,0.0,0.1,0.2,plausible_physical_zero_not_rejected
rain_lenggries,frozen,2022-11-24 14:00:00+00:00,2022-11-25 18:00:00+00:00,29,0.0,0.0,0.2,0.4,plausible_physical_zero_not_rejected
rain_lenggries,frozen,2022-11-26 17:00:00+00:00,2022-11-28 11:00:00+00:00,43,0.0,0.0,0.7,0.2,plausible_physical_zero_not_rejected
rain_lenggries,frozen,2022-11-30 03:00:00+00:00,2022-12-02 07:00:00+00:00,53,0.0,0.0,0.1,0.1,plausible_physical_zero_not_rejected
rain_lenggries,frozen,2022-12-02 18:00:00+00:00,2022-12-05 16:00:00+00:00,71,0.0,0.0,0.3,0.7,plausible_physical_zero_not_rejected
rain_lenggries,frozen,2022-12-05 20:00:00+00:00,2022-12-07 07:00:00+00:00,36,0.0,0.0,0.5,0.1,plausible_physical_zero_not_rejected
rain_lenggries,frozen,2022-12-07 12:00:00+00:00,2022-12-09 16:00:00+00:00,53,0.0,0.0,0.1,0.3,plausible_physical_zero_not_rejected
rain_lenggries,frozen,2022-12-11 09:00:00+00:00,2022-12-14 04:00:00+00:00,68,0.0,0.0,0.1,0.1,plausible_physical_zero_not_rejected
rain_lenggries,frozen,2022-12-17 00:00:00+00:00,2022-12-22 23:00:00+00:00,144,0.0,0.0,0.1,0.2,plausible_physical_zero_not_rejected
rain_lenggries,frozen,2022-12-25 05:00:00+00:00,2022-12-26 15:00:00+00:00,35,0.0,0.0,0.4,0.1,plausible_physical_zero_not_rejected
rain_lenggries,frozen,2022-12-27 07:00:00+00:00,2023-01-03 04:00:00+00:00,166,0.0,0.0,0.1,0.1,plausible_physical_zero_not_rejected
rain_lenggries,frozen,2023-01-03 19:00:00+00:00,2023-01-05 01:00:00+00:00,31,0.0,0.0,0.2,0.4,plausible_physical_zero_not_rejected
rain_lenggries,frozen,2023-01-05 22:00:00+00:00,2023-01-09 04:00:00+00:00,79,0.0,0.0,0.3,0.1,plausible_physical_zero_not_rejected
rain_lenggries,frozen,2023-01-12 01:00:00+00:00,2023-01-13 13:00:00+00:00,37,0.0,0.0,0.4,0.4,plausible_physical_zero_not_rejected
rain_lenggries,frozen,2023-01-14 01:00:00+00:00,2023-01-15 12:00:00+00:00,36,0.0,0.0,0.1,0.4,plausible_physical_zero_not_rejected
rain_lenggries,frozen,2023-01-15 17:00:00+00:00,2023-01-19 03:00:00+00:00,83,0.0,0.0,0.1,0.1,plausible_physical_zero_not_rejected
rain_lenggries,frozen,2023-01-19 05:00:00+00:00,2023-01-20 15:00:00+00:00,35,0.0,0.0,0.1,0.4,plausible_physical_zero_not_rejected
rain_lenggries,frozen,2023-01-22 06:00:00+00:00,2023-01-26 22:00:00+00:00,113,0.0,0.0,0.1,0.1,plausible_physical_zero_not_rejected
rain_lenggries,frozen,2023-01-28 03:00:00+00:00,2023-01-30 15:00:00+00:00,61,0.0,0.0,0.3,0.2,plausible_physical_zero_not_rejected
rain_lenggries,frozen,2023-01-30 19:00:00+00:00,2023-02-01 05:00:00+00:00,35,0.0,0.0,0.8,0.2,plausible_physical_zero_not_rejected
rain_lenggries,frozen,2023-02-06 02:00:00+00:00,2023-02-17 10:00:00+00:00,273,0.0,0.0,0.2,0.2,plausible_physical_zero_not_rejected
rain_lenggries,frozen,2023-02-17 19:00:00+00:00,2023-02-19 05:00:00+00:00,35,0.0,0.0,0.1,0.2,plausible_physical_zero_not_rejected
rain_lenggries,frozen,2023-02-26 22:00:00+00:00,2023-03-08 12:00:00+00:00,231,0.0,0.0,0.1,0.2,plausible_physical_zero_not_rejected
rain_lenggries,frozen,2023-03-09 11:00:00+00:00,2023-03-10 10:00:00+00:00,24,0.0,0.0,0.1,0.9,plausible_physical_zero_not_rejected
rain_lenggries,frozen,2023-03-15 10:00:00+00:00,2023-03-19 19:00:00+00:00,106,0.0,0.0,0.1,0.1,plausible_physical_zero_not_rejected
rain_lenggries,frozen,2023-03-20 09:00:00+00:00,2023-03-24 10:00:00+00:00,98,0.0,0.0,0.1,0.1,plausible_physical_zero_not_rejected
rain_lenggries,frozen,2023-03-28 02:00:00+00:00,2023-03-29 01:00:00+00:00,24,0.0,0.0,0.4,0.9,plausible_physical_zero_not_rejected
rain_lenggries,frozen,2023-04-03 03:00:00+00:00,2023-04-07 05:00:00+00:00,99,0.0,0.0,0.1,0.2,plausible_physical_zero_not_rejected
rain_lenggries,frozen,2023-04-09 01:00:00+00:00,2023-04-11 05:00:00+00:00,53,0.0,0.0,0.7,0.1,plausible_physical_zero_not_rejected
rain_lenggries,frozen,2023-04-18 05:00:00+00:00,2023-04-19 11:00:00+00:00,31,0.0,0.0,0.1,1.1,plausible_physical_zero_not_rejected
rain_lenggries,frozen,2023-04-20 05:00:00+00:00,2023-04-23 05:00:00+00:00,73,0.0,0.0,0.1,0.6,plausible_physical_zero_not_rejected
rain_lenggries,frozen,2023-04-29 18:00:00+00:00,2023-05-01 14:00:00+00:00,45,0.0,0.0,1.2,5.0,plausible_physical_zero_not_rejected
rain_lenggries,frozen,2023-05-02 16:00:00+00:00,2023-05-05 19:00:00+00:00,76,0.0,0.0,0.7,9.0,plausible_physical_zero_not_rejected
rain_lenggries,frozen,2023-05-06 12:00:00+00:00,2023-05-07 12:00:00+00:00,25,0.0,0.0,0.6,4.3,plausible_physical_zero_not_rejected
rain_lenggries,frozen,2023-05-08 22:00:00+00:00,2023-05-09 21:00:00+00:00,24,0.0,0.0,0.1,1.8,plausible_physical_zero_not_rejected
rain_lenggries,frozen,2023-05-11 17:00:00+00:00,2023-05-13 05:00:00+00:00,37,0.0,0.0,0.8,0.1,plausible_physical_zero_not_rejected
rain_lenggries,frozen,2023-05-17 12:00:00+00:00,2023-05-22 15:00:00+00:00,124,0.0,0.0,0.1,0.1,plausible_physical_zero_not_rejected
rain_lenggries,frozen,2023-05-24 17:00:00+00:00,2023-06-05 05:00:00+00:00,277,0.0,0.0,0.1,0.5,plausible_physical_zero_not_rejected
rain_lenggries,frozen,2023-06-05 09:00:00+00:00,2023-06-08 11:00:00+00:00,75,0.0,0.0,0.1,0.1,plausible_physical_zero_not_rejected
rain_lenggries,frozen,2023-06-08 14:00:00+00:00,2023-06-16 11:00:00+00:00,190,0.0,0.0,0.8,1.0,plausible_physical_zero_not_rejected
rain_lenggries,frozen,2023-06-16 21:00:00+00:00,2023-06-19 08:00:00+00:00,60,0.0,0.0,0.1,0.1,plausible_physical_zero_not_rejected
rain_lenggries,frozen,2023-06-21 18:00:00+00:00,2023-06-22 20:00:00+00:00,27,0.0,0.0,3.7,0.2,plausible_physical_zero_not_rejected
rain_lenggries,frozen,2023-06-24 02:00:00+00:00,2023-06-27 04:00:00+00:00,75,0.0,0.0,1.5,1.3,plausible_physical_zero_not_rejected
rain_lenggries,frozen,2023-06-28 07:00:00+00:00,2023-06-29 23:00:00+00:00,41,0.0,0.0,0.2,0.1,plausible_physical_zero_not_rejected
rain_lenggries,frozen,2023-07-26 17:00:00+00:00,2023-07-28 06:00:00+00:00,38,0.0,0.0,1.3,0.1,plausible_physical_zero_not_rejected
rain_lenggries,frozen,2023-07-30 16:00:00+00:00,2023-07-31 22:00:00+00:00,31,0.0,0.0,0.2,0.1,plausible_physical_zero_not_rejected
rain_lenggries,frozen,2023-08-07 20:00:00+00:00,2023-08-09 04:00:00+00:00,33,0.0,0.0,0.2,0.1,plausible_physical_zero_not_rejected
rain_lenggries,frozen,2023-08-10 04:00:00+00:00,2023-08-12 13:00:00+00:00,58,0.0,0.0,0.2,0.1,plausible_physical_zero_not_rejected
rain_lenggries,frozen,2023-08-12 16:00:00+00:00,2023-08-13 20:00:00+00:00,29,0.0,0.0,0.3,1.1,plausible_physical_zero_not_rejected
rain_lenggries,frozen,2023-08-14 01:00:00+00:00,2023-08-15 14:00:00+00:00,38,0.0,0.0,0.3,1.3,plausible_physical_zero_not_rejected
rain_lenggries,frozen,2023-08-15 18:00:00+00:00,2023-08-17 15:00:00+00:00,46,0.0,0.0,0.3,1.0,plausible_physical_zero_not_rejected
rain_lenggries,frozen,2023-08-17 23:00:00+00:00,2023-08-23 06:00:00+00:00,128,0.0,0.0,0.4,1.7,plausible_physical_zero_not_rejected
rain_lenggries,frozen,2023-08-23 08:00:00+00:00,2023-08-24 19:00:00+00:00,36,0.0,0.0,1.7,2.7,plausible_physical_zero_not_rejected
rain_lenggries,frozen,2023-08-30 10:00:00+00:00,2023-09-12 19:00:00+00:00,322,0.0,0.0,0.1,0.1,plausible_physical_zero_not_rejected
rain_lenggries,frozen,2023-09-14 04:00:00+00:00,2023-09-18 12:00:00+00:00,105,0.0,0.0,0.1,1.5,plausible_physical_zero_not_rejected
rain_lenggries,frozen,2023-09-19 04:00:00+00:00,2023-09-22 03:00:00+00:00,72,0.0,0.0,0.2,0.5,plausible_physical_zero_not_rejected
rain_lenggries,frozen,2023-09-23 12:00:00+00:00,2023-09-29 19:00:00+00:00,152,0.0,0.0,,0.1,plausible_physical_zero_not_rejected
rain_lenggries,frozen,2023-09-30 02:00:00+00:00,2023-10-03 18:00:00+00:00,89,0.0,0.0,0.1,,plausible_physical_zero_not_rejected
rain_lenggries,frozen,2023-10-04 07:00:00+00:00,2023-10-14 16:00:00+00:00,250,0.0,0.0,,,plausible_physical_zero_not_rejected
rain_lenggries,frozen,2023-10-15 18:00:00+00:00,2023-10-18 16:00:00+00:00,71,0.0,0.0,0.4,0.2,plausible_physical_zero_not_rejected
rain_lenggries,frozen,2023-10-18 18:00:00+00:00,2023-10-19 20:00:00+00:00,27,0.0,0.0,0.2,0.1,plausible_physical_zero_not_rejected
rain_lenggries,frozen,2023-10-22 05:00:00+00:00,2023-10-24 11:00:00+00:00,55,0.0,0.0,0.1,0.3,plausible_physical_zero_not_rejected
rain_lenggries,frozen,2023-10-28 04:00:00+00:00,2023-10-30 22:00:00+00:00,67,0.0,0.0,0.5,1.6,plausible_physical_zero_not_rejected
rain_lenggries,frozen,2023-11-01 02:00:00+00:00,2023-11-02 15:00:00+00:00,38,0.0,0.0,0.1,1.8,plausible_physical_zero_not_rejected
rain_lenggries,frozen,2023-11-05 17:00:00+00:00,2023-11-07 12:00:00+00:00,44,0.0,0.0,0.1,3.1,plausible_physical_zero_not_rejected
rain_lenggries,frozen,2023-11-07 22:00:00+00:00,2023-11-10 12:00:00+00:00,63,0.0,0.0,0.1,0.4,plausible_physical_zero_not_rejected
rain_lenggries,frozen,2023-11-15 15:00:00+00:00,2023-11-16 20:00:00+00:00,30,0.0,0.0,0.1,2.0,plausible_physical_zero_not_rejected
rain_lenggries,frozen,2023-11-19 18:00:00+00:00,2023-11-21 06:00:00+00:00,37,0.0,0.0,0.2,0.1,plausible_physical_zero_not_rejected
rain_lenggries,frozen,2023-11-22 16:00:00+00:00,2023-11-24 04:00:00+00:00,37,0.0,0.0,0.1,0.4,plausible_physical_zero_not_rejected
rain_lenggries,frozen,2023-11-26 16:00:00+00:00,2023-11-27 22:00:00+00:00,31,0.0,0.0,0.2,0.8,plausible_physical_zero_not_rejected
rain_lenggries,frozen,2023-11-29 03:00:00+00:00,2023-11-30 08:00:00+00:00,30,0.0,0.0,0.1,0.3,plausible_physical_zero_not_rejected
rain_lenggries,frozen,2023-12-02 20:00:00+00:00,2023-12-04 18:00:00+00:00,47,0.0,0.0,0.1,0.1,plausible_physical_zero_not_rejected
rain_lenggries,frozen,2023-12-15 10:00:00+00:00,2023-12-20 07:00:00+00:00,118,0.0,0.0,0.3,0.5,plausible_physical_zero_not_rejected
rain_lenggries,frozen,2023-12-23 09:00:00+00:00,2023-12-24 17:00:00+00:00,33,0.0,0.0,0.3,0.6,plausible_physical_zero_not_rejected
rain_lenggries,frozen,2023-12-24 20:00:00+00:00,2023-12-31 16:00:00+00:00,165,0.0,0.0,0.1,0.1,plausible_physical_zero_not_rejected
rain_lenggries,frozen,2024-01-01 00:00:00+00:00,2024-01-03 00:00:00+00:00,49,0.0,0.0,0.1,0.4,plausible_physical_zero_not_rejected
rain_lenggries,frozen,2024-01-03 22:00:00+00:00,2024-01-05 23:00:00+00:00,50,0.0,0.0,0.1,0.5,plausible_physical_zero_not_rejected
rain_lenggries,frozen,2024-01-08 00:00:00+00:00,2024-01-15 03:00:00+00:00,172,0.0,0.0,0.1,0.1,plausible_physical_zero_not_rejected
rain_lenggries,frozen,2024-01-15 22:00:00+00:00,2024-01-17 09:00:00+00:00,36,0.0,0.0,0.5,0.8,plausible_physical_zero_not_rejected
rain_lenggries,frozen,2024-01-19 09:00:00+00:00,2024-01-22 19:00:00+00:00,83,0.0,0.0,0.1,0.8,plausible_physical_zero_not_rejected
rain_lenggries,frozen,2024-01-27 05:00:00+00:00,2024-02-01 09:00:00+00:00,125,0.0,0.0,0.1,3.2,plausible_physical_zero_not_rejected
rain_lenggries,frozen,2024-02-02 14:00:00+00:00,2024-02-07 23:00:00+00:00,130,0.0,0.0,0.9,0.5,plausible_physical_zero_not_rejected
rain_lenggries,frozen,2024-02-08 08:00:00+00:00,2024-02-11 01:00:00+00:00,66,0.0,0.0,0.2,0.2,plausible_physical_zero_not_rejected
rain_lenggries,frozen,2024-02-13 07:00:00+00:00,2024-02-14 16:00:00+00:00,34,0.0,0.0,0.1,0.1,plausible_physical_zero_not_rejected
rain_lenggries,frozen,2024-02-14 18:00:00+00:00,2024-02-16 23:00:00+00:00,54,0.0,0.0,0.1,0.1,plausible_physical_zero_not_rejected
rain_lenggries,frozen,2024-02-20 12:00:00+00:00,2024-02-22 21:00:00+00:00,58,0.0,0.0,0.4,0.2,plausible_physical_zero_not_rejected
rain_lenggries,frozen,2024-02-23 19:00:00+00:00,2024-03-01 15:00:00+00:00,165,0.0,0.0,0.1,0.1,plausible_physical_zero_not_rejected
rain_lenggries,frozen,2024-03-01 20:00:00+00:00,2024-03-05 06:00:00+00:00,83,0.0,0.0,0.1,0.2,plausible_physical_zero_not_rejected
rain_lenggries,frozen,2024-03-07 09:00:00+00:00,2024-03-10 18:00:00+00:00,82,0.0,0.0,0.1,0.1,plausible_physical_zero_not_rejected
rain_lenggries,frozen,2024-03-10 20:00:00+00:00,2024-03-11 23:00:00+00:00,28,0.0,0.0,0.1,0.1,plausible_physical_zero_not_rejected
rain_lenggries,frozen,2024-03-14 01:00:00+00:00,2024-03-15 11:00:00+00:00,35,0.0,0.0,0.7,0.7,plausible_physical_zero_not_rejected
rain_lenggries,frozen,2024-03-19 07:00:00+00:00,2024-03-21 09:00:00+00:00,51,0.0,0.0,0.1,1.0,plausible_physical_zero_not_rejected
rain_lenggries,frozen,2024-03-21 21:00:00+00:00,2024-03-23 10:00:00+00:00,38,0.0,0.0,0.1,1.6,plausible_physical_zero_not_rejected
rain_lenggries,frozen,2024-03-25 01:00:00+00:00,2024-03-27 16:00:00+00:00,64,0.0,0.0,0.6,0.4,plausible_physical_zero_not_rejected
rain_lenggries,frozen,2024-03-28 18:00:00+00:00,2024-04-01 09:00:00+00:00,88,0.0,0.0,0.2,2.1,plausible_physical_zero_not_rejected
rain_lenggries,frozen,2024-04-02 18:00:00+00:00,2024-04-03 17:00:00+00:00,24,0.0,0.0,0.1,0.7,plausible_physical_zero_not_rejected
rain_lenggries,frozen,2024-04-05 03:00:00+00:00,2024-04-09 18:00:00+00:00,112,0.0,0.0,0.1,0.3,plausible_physical_zero_not_rejected
rain_lenggries,frozen,2024-04-10 10:00:00+00:00,2024-04-15 08:00:00+00:00,119,0.0,0.0,1.2,0.3,plausible_physical_zero_not_rejected
rain_lenggries,frozen,2024-04-25 00:00:00+00:00,2024-05-03 01:00:00+00:00,194,0.0,0.0,0.1,0.9,plausible_physical_zero_not_rejected
rain_lenggries,frozen,2024-05-04 01:00:00+00:00,2024-05-06 13:00:00+00:00,61,0.0,0.0,0.1,0.1,plausible_physical_zero_not_rejected
rain_lenggries,frozen,2024-05-08 23:00:00+00:00,2024-05-13 02:00:00+00:00,100,0.0,0.0,0.3,0.1,plausible_physical_zero_not_rejected
rain_lenggries,frozen,2024-05-13 14:00:00+00:00,2024-05-16 20:00:00+00:00,79,0.0,0.0,0.3,0.1,plausible_physical_zero_not_rejected
rain_lenggries,frozen,2024-05-17 22:00:00+00:00,2024-05-18 21:00:00+00:00,24,0.0,0.0,0.1,4.2,plausible_physical_zero_not_rejected
rain_lenggries,frozen,2024-05-26 02:00:00+00:00,2024-05-27 18:00:00+00:00,41,0.0,0.0,0.4,2.4,plausible_physical_zero_not_rejected
rain_lenggries,frozen,2024-05-28 08:00:00+00:00,2024-05-29 09:00:00+00:00,26,0.0,0.0,0.2,0.1,plausible_physical_zero_not_rejected
rain_lenggries,frozen,2024-06-04 12:00:00+00:00,2024-06-05 18:00:00+00:00,31,0.0,0.0,0.1,1.6,plausible_physical_zero_not_rejected
rain_lenggries,frozen,2024-06-12 00:00:00+00:00,2024-06-13 08:00:00+00:00,33,0.0,0.0,0.1,0.5,plausible_physical_zero_not_rejected
rain_lenggries,frozen,2024-06-13 14:00:00+00:00,2024-06-15 11:00:00+00:00,46,0.0,0.0,0.1,0.1,plausible_physical_zero_not_rejected
rain_lenggries,frozen,2024-06-16 07:00:00+00:00,2024-06-17 15:00:00+00:00,33,0.0,0.0,0.1,6.4,plausible_physical_zero_not_rejected
rain_lenggries,frozen,2024-06-17 23:00:00+00:00,2024-06-19 02:00:00+00:00,28,0.0,0.0,1.9,0.1,plausible_physical_zero_not_rejected
rain_lenggries,frozen,2024-06-19 05:00:00+00:00,2024-06-20 13:00:00+00:00,33,0.0,0.0,0.2,0.4,plausible_physical_zero_not_rejected
rain_lenggries,frozen,2024-06-20 16:00:00+00:00,2024-06-21 18:00:00+00:00,27,0.0,0.0,4.3,0.8,plausible_physical_zero_not_rejected
rain_lenggries,frozen,2024-06-23 07:00:00+00:00,2024-06-25 06:00:00+00:00,48,0.0,0.0,0.1,,plausible_physical_zero_not_rejected
rain_lenggries,frozen,2024-07-05 07:00:00+00:00,2024-07-06 16:00:00+00:00,34,0.0,0.0,,0.1,plausible_physical_zero_not_rejected
rain_lenggries,frozen,2024-07-08 07:00:00+00:00,2024-07-10 13:00:00+00:00,55,0.0,0.0,0.1,0.1,plausible_physical_zero_not_rejected
rain_lenggries,frozen,2024-07-13 18:00:00+00:00,2024-07-16 03:00:00+00:00,58,0.0,0.0,0.1,0.6,plausible_physical_zero_not_rejected
rain_lenggries,frozen,2024-07-17 06:00:00+00:00,2024-07-20 06:00:00+00:00,73,0.0,0.0,0.1,0.8,plausible_physical_zero_not_rejected
rain_lenggries,frozen,2024-07-20 10:00:00+00:00,2024-07-21 15:00:00+00:00,30,0.0,0.0,0.7,8.9,plausible_physical_zero_not_rejected
rain_lenggries,frozen,2024-07-22 17:00:00+00:00,2024-07-23 22:00:00+00:00,30,0.0,0.0,1.3,0.2,plausible_physical_zero_not_rejected
rain_lenggries,frozen,2024-07-24 06:00:00+00:00,2024-07-27 17:00:00+00:00,84,0.0,0.0,0.1,0.8,plausible_physical_zero_not_rejected
rain_lenggries,frozen,2024-07-28 13:00:00+00:00,2024-07-31 18:00:00+00:00,78,0.0,0.0,0.3,0.8,plausible_physical_zero_not_rejected
rain_lenggries,frozen,2024-08-02 03:00:00+00:00,2024-08-03 09:00:00+00:00,31,0.0,0.0,0.9,0.7,plausible_physical_zero_not_rejected
rain_lenggries,frozen,2024-08-04 08:00:00+00:00,2024-08-07 11:00:00+00:00,76,0.0,0.0,0.3,0.4,plausible_physical_zero_not_rejected
rain_lenggries,frozen,2024-08-07 14:00:00+00:00,2024-08-08 13:00:00+00:00,24,0.0,0.0,0.1,0.8,plausible_physical_zero_not_rejected
rain_lenggries,frozen,2024-08-08 22:00:00+00:00,2024-08-12 10:00:00+00:00,85,0.0,0.0,0.2,,plausible_physical_zero_not_rejected
rain_lenggries,frozen,2024-08-14 21:00:00+00:00,2024-08-16 22:00:00+00:00,50,0.0,0.0,0.3,0.1,plausible_physical_zero_not_rejected
rain_lenggries,frozen,2024-08-19 17:00:00+00:00,2024-08-24 16:00:00+00:00,120,0.0,0.0,0.1,0.5,plausible_physical_zero_not_rejected
rain_lenggries,frozen,2024-08-26 22:00:00+00:00,2024-09-02 19:00:00+00:00,166,0.0,0.0,0.1,0.2,plausible_physical_zero_not_rejected
rain_lenggries,frozen,2024-09-05 02:00:00+00:00,2024-09-08 13:00:00+00:00,84,0.0,0.0,0.1,0.4,plausible_physical_zero_not_rejected
rain_lenggries,frozen,2024-09-10 13:00:00+00:00,2024-09-11 15:00:00+00:00,27,0.0,0.0,0.2,0.7,plausible_physical_zero_not_rejected
rain_lenggries,frozen,2024-09-17 09:00:00+00:00,2024-09-23 22:00:00+00:00,158,0.0,0.0,0.4,0.1,plausible_physical_zero_not_rejected
rain_lenggries,frozen,2024-09-25 01:00:00+00:00,2024-09-26 17:00:00+00:00,41,0.0,0.0,0.1,1.7,plausible_physical_zero_not_rejected
rain_lenggries,frozen,2024-09-29 07:00:00+00:00,2024-10-01 13:00:00+00:00,55,0.0,0.0,0.1,0.1,plausible_physical_zero_not_rejected
rain_lenggries,frozen,2024-10-05 09:00:00+00:00,2024-10-06 23:00:00+00:00,39,0.0,0.0,0.1,0.4,plausible_physical_zero_not_rejected
rain_lenggries,frozen,2024-10-07 01:00:00+00:00,2024-10-08 16:00:00+00:00,40,0.0,0.0,0.4,0.1,plausible_physical_zero_not_rejected
rain_lenggries,frozen,2024-10-09 03:00:00+00:00,2024-10-10 06:00:00+00:00,28,0.0,0.0,0.1,3.3,plausible_physical_zero_not_rejected
rain_lenggries,frozen,2024-10-11 14:00:00+00:00,2024-10-12 20:00:00+00:00,31,0.0,0.0,0.2,0.1,plausible_physical_zero_not_rejected
rain_lenggries,frozen,2024-10-13 18:00:00+00:00,2024-10-14 17:00:00+00:00,24,0.0,0.0,0.2,0.5,plausible_physical_zero_not_rejected
rain_lenggries,frozen,2024-10-15 02:00:00+00:00,2024-10-18 07:00:00+00:00,78,0.0,0.0,0.1,0.5,plausible_physical_zero_not_rejected
rain_lenggries,frozen,2024-10-18 18:00:00+00:00,2024-10-22 19:00:00+00:00,98,0.0,0.0,0.1,1.0,plausible_physical_zero_not_rejected
rain_lenggries,frozen,2024-10-23 23:00:00+00:00,2024-11-13 17:00:00+00:00,499,0.0,0.0,0.3,0.6,plausible_physical_zero_not_rejected
rain_lenggries,frozen,2024-11-14 01:00:00+00:00,2024-11-17 20:00:00+00:00,92,0.0,0.0,0.1,0.6,plausible_physical_zero_not_rejected
rain_lenggries,frozen,2024-11-18 05:00:00+00:00,2024-11-20 01:00:00+00:00,45,0.0,0.0,0.1,4.7,plausible_physical_zero_not_rejected
rain_lenggries,frozen,2024-11-20 11:00:00+00:00,2024-11-21 18:00:00+00:00,32,0.0,0.0,0.1,0.5,plausible_physical_zero_not_rejected
rain_lenggries,frozen,2024-11-23 06:00:00+00:00,2024-11-26 03:00:00+00:00,70,0.0,0.0,0.1,0.4,plausible_physical_zero_not_rejected
rain_lenggries,frozen,2024-11-26 10:00:00+00:00,2024-11-28 04:00:00+00:00,43,0.0,0.0,0.1,0.1,plausible_physical_zero_not_rejected
rain_lenggries,frozen,2024-11-28 15:00:00+00:00,2024-12-03 01:00:00+00:00,107,0.0,0.0,0.5,0.7,plausible_physical_zero_not_rejected
rain_lenggries,frozen,2024-12-04 23:00:00+00:00,2024-12-06 04:00:00+00:00,30,0.0,0.0,0.1,0.5,plausible_physical_zero_not_rejected
rain_lenggries,frozen,2024-12-09 23:00:00+00:00,2024-12-14 15:00:00+00:00,113,0.0,0.0,0.1,0.2,plausible_physical_zero_not_rejected
rain_lenggries,frozen,2024-12-16 05:00:00+00:00,2024-12-19 16:00:00+00:00,84,0.0,0.0,0.1,0.1,plausible_physical_zero_not_rejected
rain_lenggries,frozen,2024-12-20 17:00:00+00:00,2024-12-21 23:00:00+00:00,31,0.0,0.0,0.2,0.2,plausible_physical_zero_not_rejected
rain_lenggries,frozen,2024-12-24 18:00:00+00:00,2025-01-02 19:00:00+00:00,218,0.0,0.0,0.4,1.6,plausible_physical_zero_not_rejected
rain_lenggries,frozen,2025-01-03 10:00:00+00:00,2025-01-04 23:00:00+00:00,38,0.0,0.0,0.1,0.1,plausible_physical_zero_not_rejected
rain_lenggries,frozen,2025-01-05 12:00:00+00:00,2025-01-07 01:00:00+00:00,38,0.0,0.0,0.2,0.1,plausible_physical_zero_not_rejected
rain_lenggries,frozen,2025-01-10 02:00:00+00:00,2025-01-15 17:00:00+00:00,136,0.0,0.0,0.1,0.1,plausible_physical_zero_not_rejected
rain_lenggries,frozen,2025-01-15 19:00:00+00:00,2025-01-23 10:00:00+00:00,184,0.0,0.0,0.1,1.0,plausible_physical_zero_not_rejected
rain_lenggries,frozen,2025-01-23 13:00:00+00:00,2025-01-26 06:00:00+00:00,66,0.0,0.0,0.5,0.1,plausible_physical_zero_not_rejected
rain_lenggries,frozen,2025-01-26 12:00:00+00:00,2025-01-27 18:00:00+00:00,31,0.0,0.0,0.1,0.1,plausible_physical_zero_not_rejected
rain_lenggries,frozen,2025-01-28 18:00:00+00:00,2025-01-31 05:00:00+00:00,60,0.0,0.0,0.1,0.1,plausible_physical_zero_not_rejected
rain_lenggries,frozen,2025-01-31 11:00:00+00:00,2025-02-11 05:00:00+00:00,259,0.0,0.0,0.1,0.1,plausible_physical_zero_not_rejected
rain_lenggries,frozen,2025-02-14 21:00:00+00:00,2025-02-16 23:00:00+00:00,51,0.0,0.0,0.1,0.1,plausible_physical_zero_not_rejected
rain_lenggries,frozen,2025-02-17 01:00:00+00:00,2025-02-23 22:00:00+00:00,166,0.0,0.0,0.1,0.1,plausible_physical_zero_not_rejected
rain_lenggries,frozen,2025-02-24 01:00:00+00:00,2025-02-25 19:00:00+00:00,43,0.0,0.0,1.0,0.1,plausible_physical_zero_not_rejected
rain_lenggries,frozen,2025-02-27 16:00:00+00:00,2025-02-28 19:00:00+00:00,28,0.0,0.0,0.1,0.4,plausible_physical_zero_not_rejected
rain_lenggries,frozen,2025-02-28 22:00:00+00:00,2025-03-10 14:00:00+00:00,233,0.0,0.0,0.1,0.2,plausible_physical_zero_not_rejected
rain_lenggries,frozen,2025-03-10 18:00:00+00:00,2025-03-12 19:00:00+00:00,50,0.0,0.0,0.1,0.1,plausible_physical_zero_not_rejected
rain_lenggries,frozen,2025-03-17 15:00:00+00:00,2025-03-24 13:00:00+00:00,167,0.0,0.0,0.1,0.1,plausible_physical_zero_not_rejected
rain_lenggries,frozen,2025-03-27 06:00:00+00:00,2025-03-28 18:00:00+00:00,37,0.0,0.0,0.4,0.4,plausible_physical_zero_not_rejected
rain_lenggries,frozen,2025-04-01 10:00:00+00:00,2025-04-17 23:00:00+00:00,398,0.0,0.0,0.6,0.1,plausible_physical_zero_not_rejected
rain_lenggries,frozen,2025-04-18 08:00:00+00:00,2025-04-21 19:00:00+00:00,84,0.0,0.0,0.1,0.4,plausible_physical_zero_not_rejected
rain_lenggries,frozen,2025-04-21 21:00:00+00:00,2025-04-23 14:00:00+00:00,42,0.0,0.0,0.4,2.8,plausible_physical_zero_not_rejected
rain_lenggries,frozen,2025-04-26 05:00:00+00:00,2025-04-28 15:00:00+00:00,59,0.0,0.0,0.2,0.1,plausible_physical_zero_not_rejected
rain_lenggries,frozen,2025-04-28 17:00:00+00:00,2025-05-03 23:00:00+00:00,127,0.0,0.0,0.1,0.2,plausible_physical_zero_not_rejected
rain_lenggries,frozen,2025-05-05 22:00:00+00:00,2025-05-07 13:00:00+00:00,40,0.0,0.0,0.1,0.3,plausible_physical_zero_not_rejected
rain_lenggries,frozen,2025-05-08 07:00:00+00:00,2025-05-09 14:00:00+00:00,32,0.0,0.0,0.1,0.4,plausible_physical_zero_not_rejected
rain_lenggries,frozen,2025-05-09 16:00:00+00:00,2025-05-16 17:00:00+00:00,170,0.0,0.0,0.4,0.1,plausible_physical_zero_not_rejected
rain_lenggries,frozen,2025-05-18 14:00:00+00:00,2025-05-20 06:00:00+00:00,41,0.0,0.0,0.3,0.1,plausible_physical_zero_not_rejected
rain_lenggries,frozen,2025-05-23 23:00:00+00:00,2025-05-25 03:00:00+00:00,29,0.0,0.0,0.1,0.3,plausible_physical_zero_not_rejected
rain_lenggries,frozen,2025-05-29 08:00:00+00:00,2025-06-02 10:00:00+00:00,99,0.0,0.0,0.9,0.1,plausible_physical_zero_not_rejected
rain_lenggries,frozen,2025-06-03 23:00:00+00:00,2025-06-05 11:00:00+00:00,37,0.0,0.0,0.1,3.2,plausible_physical_zero_not_rejected
rain_lenggries,frozen,2025-06-09 01:00:00+00:00,2025-06-15 14:00:00+00:00,158,0.0,0.0,0.6,3.2,plausible_physical_zero_not_rejected
rain_lenggries,frozen,2025-06-16 05:00:00+00:00,2025-06-23 14:00:00+00:00,178,0.0,0.0,0.7,1.1,plausible_physical_zero_not_rejected
rain_lenggries,frozen,2025-06-23 20:00:00+00:00,2025-06-26 12:00:00+00:00,65,0.0,0.0,0.7,0.5,plausible_physical_zero_not_rejected
rain_lenggries,frozen,2025-06-27 23:00:00+00:00,2025-07-02 15:00:00+00:00,113,0.0,0.0,0.5,2.3,plausible_physical_zero_not_rejected
rain_lenggries,frozen,2025-07-04 12:00:00+00:00,2025-07-06 05:00:00+00:00,42,0.0,0.0,0.3,0.5,plausible_physical_zero_not_rejected
rain_lenggries,frozen,2025-07-09 12:00:00+00:00,2025-07-11 03:00:00+00:00,40,0.0,0.0,0.1,0.1,plausible_physical_zero_not_rejected
rain_lenggries,frozen,2025-07-12 04:00:00+00:00,2025-07-13 13:00:00+00:00,34,0.0,0.0,0.1,2.5,plausible_physical_zero_not_rejected
rain_lenggries,frozen,2025-07-17 02:00:00+00:00,2025-07-19 17:00:00+00:00,64,0.0,0.0,2.9,4.3,plausible_physical_zero_not_rejected
rain_lenggries,frozen,2025-07-19 23:00:00+00:00,2025-07-21 01:00:00+00:00,27,0.0,0.0,0.4,0.4,plausible_physical_zero_not_rejected
rain_lenggries,frozen,2025-07-22 03:00:00+00:00,2025-07-24 00:00:00+00:00,46,0.0,0.0,0.1,0.2,plausible_physical_zero_not_rejected
rain_lenggries,frozen,2025-07-29 16:00:00+00:00,2025-07-30 15:00:00+00:00,24,0.0,0.0,1.1,0.4,plausible_physical_zero_not_rejected
rain_lenggries,frozen,2025-08-04 17:00:00+00:00,2025-08-05 19:00:00+00:00,27,0.0,0.0,0.2,1.4,plausible_physical_zero_not_rejected
rain_lenggries,frozen,2025-08-06 00:00:00+00:00,2025-08-16 02:00:00+00:00,243,0.0,0.0,1.3,0.1,plausible_physical_zero_not_rejected
rain_lenggries,frozen,2025-08-16 08:00:00+00:00,2025-08-17 09:00:00+00:00,26,0.0,0.0,0.1,2.0,plausible_physical_zero_not_rejected
rain_lenggries,frozen,2025-08-17 16:00:00+00:00,2025-08-20 12:00:00+00:00,69,0.0,0.0,0.2,2.0,plausible_physical_zero_not_rejected
rain_lenggries,frozen,2025-08-22 05:00:00+00:00,2025-08-27 04:00:00+00:00,120,0.0,0.0,0.3,0.2,plausible_physical_zero_not_rejected
rain_lenggries,frozen,2025-08-27 08:00:00+00:00,2025-08-28 12:00:00+00:00,29,0.0,0.0,0.6,0.6,plausible_physical_zero_not_rejected
rain_lenggries,frozen,2025-08-29 22:00:00+00:00,2025-09-01 23:00:00+00:00,74,0.0,0.0,0.1,0.8,plausible_physical_zero_not_rejected
rain_lenggries,frozen,2025-09-02 15:00:00+00:00,2025-09-04 20:00:00+00:00,54,0.0,0.0,0.8,7.1,plausible_physical_zero_not_rejected
rain_lenggries,frozen,2025-09-05 17:00:00+00:00,2025-09-08 17:00:00+00:00,73,0.0,0.0,0.1,0.6,plausible_physical_zero_not_rejected
rain_lenggries,frozen,2025-09-12 12:00:00+00:00,2025-09-13 18:00:00+00:00,31,0.0,0.0,0.5,0.8,plausible_physical_zero_not_rejected
rain_lenggries,frozen,2025-09-16 02:00:00+00:00,2025-09-21 23:00:00+00:00,142,0.0,0.0,0.2,0.1,plausible_physical_zero_not_rejected
rain_lenggries,frozen,2025-09-25 15:00:00+00:00,2025-09-30 05:00:00+00:00,111,0.0,0.0,0.2,2.4,plausible_physical_zero_not_rejected
rain_lenggries,frozen,2025-10-01 04:00:00+00:00,2025-10-04 16:00:00+00:00,85,0.0,0.0,0.1,0.2,plausible_physical_zero_not_rejected
rain_lenggries,frozen,2025-10-07 09:00:00+00:00,2025-10-20 18:00:00+00:00,322,0.0,0.0,0.3,0.2,plausible_physical_zero_not_rejected
rain_lenggries,frozen,2025-10-20 20:00:00+00:00,2025-10-23 11:00:00+00:00,64,0.0,0.0,0.2,2.9,plausible_physical_zero_not_rejected
rain_lenggries,frozen,2025-10-26 09:00:00+00:00,2025-10-27 08:00:00+00:00,24,0.0,0.0,0.8,0.3,plausible_physical_zero_not_rejected
rain_lenggries,frozen,2025-10-28 07:00:00+00:00,2025-11-02 09:00:00+00:00,123,0.0,0.0,0.2,0.2,plausible_physical_zero_not_rejected
rain_lenggries,frozen,2025-11-03 06:00:00+00:00,2025-11-09 03:00:00+00:00,142,0.0,0.0,1.1,0.3,plausible_physical_zero_not_rejected
rain_lenggries,frozen,2025-11-10 02:00:00+00:00,2025-11-17 01:00:00+00:00,168,0.0,0.0,0.2,0.2,plausible_physical_zero_not_rejected
rain_lenggries,frozen,2025-11-18 03:00:00+00:00,2025-11-20 05:00:00+00:00,51,0.0,0.0,0.3,0.5,plausible_physical_zero_not_rejected
rain_lenggries,frozen,2025-11-21 21:00:00+00:00,2025-11-24 18:00:00+00:00,70,0.0,0.0,0.1,0.2,plausible_physical_zero_not_rejected
rain_lenggries,frozen,2025-11-27 10:00:00+00:00,2025-11-29 03:00:00+00:00,42,0.0,0.0,0.1,0.1,plausible_physical_zero_not_rejected
rain_lenggries,frozen,2025-11-29 06:00:00+00:00,2025-11-30 18:00:00+00:00,37,0.0,0.0,0.1,0.2,plausible_physical_zero_not_rejected
rain_lenggries,frozen,2025-12-01 06:00:00+00:00,2025-12-04 23:00:00+00:00,90,0.0,0.0,0.2,0.1,plausible_physical_zero_not_rejected
rain_lenggries,frozen,2025-12-05 11:00:00+00:00,2025-12-07 07:00:00+00:00,45,0.0,0.0,0.2,0.2,plausible_physical_zero_not_rejected
rain_lenggries,frozen,2025-12-08 12:00:00+00:00,2025-12-17 09:00:00+00:00,214,0.0,0.0,0.1,0.1,plausible_physical_zero_not_rejected
rain_lenggries,frozen,2025-12-17 11:00:00+00:00,2025-12-24 07:00:00+00:00,165,0.0,0.0,0.1,0.4,plausible_physical_zero_not_rejected
rain_lenggries,frozen,2025-12-24 16:00:00+00:00,2025-12-30 08:00:00+00:00,137,0.0,0.0,0.1,0.1,plausible_physical_zero_not_rejected
rain_lenggries,frozen,2025-12-30 20:00:00+00:00,2026-01-02 22:00:00+00:00,75,0.0,0.0,0.1,1.3,plausible_physical_zero_not_rejected
rain_lenggries,frozen,2026-01-04 01:00:00+00:00,2026-01-08 02:00:00+00:00,98,0.0,0.0,0.1,0.2,plausible_physical_zero_not_rejected
rain_lenggries,frozen,2026-01-09 08:00:00+00:00,2026-01-10 10:00:00+00:00,27,0.0,0.0,0.1,0.3,plausible_physical_zero_not_rejected
rain_lenggries,frozen,2026-01-11 07:00:00+00:00,2026-01-12 09:00:00+00:00,27,0.0,0.0,0.1,0.1,plausible_physical_zero_not_rejected
rain_lenggries,frozen,2026-01-12 23:00:00+00:00,2026-01-25 14:00:00+00:00,304,0.0,0.0,0.3,0.1,plausible_physical_zero_not_rejected
rain_lenggries,frozen,2026-01-26 12:00:00+00:00,2026-01-28 21:00:00+00:00,58,0.0,0.0,0.1,0.1,plausible_physical_zero_not_rejected
rain_lenggries,frozen,2026-01-29 12:00:00+00:00,2026-02-06 12:00:00+00:00,193,0.0,0.0,0.1,0.2,plausible_physical_zero_not_rejected
rain_lenggries,frozen,2026-02-06 21:00:00+00:00,2026-02-11 02:00:00+00:00,102,0.0,0.0,0.3,0.4,plausible_physical_zero_not_rejected
rain_lenggries,frozen,2026-02-13 03:00:00+00:00,2026-02-14 12:00:00+00:00,34,0.0,0.0,1.1,0.1,plausible_physical_zero_not_rejected
rain_lenggries,frozen,2026-02-25 01:00:00+00:00,2026-03-01 02:00:00+00:00,98,0.0,0.0,0.1,1.6,plausible_physical_zero_not_rejected
rain_lenggries,frozen,2026-03-01 10:00:00+00:00,2026-03-11 07:00:00+00:00,238,0.0,0.0,0.2,0.3,plausible_physical_zero_not_rejected
rain_lenggries,frozen,2026-03-12 11:00:00+00:00,2026-03-14 15:00:00+00:00,53,0.0,0.0,0.7,0.2,plausible_physical_zero_not_rejected
rain_lenggries,frozen,2026-03-17 17:00:00+00:00,2026-03-25 15:00:00+00:00,191,0.0,0.0,0.7,4.9,plausible_physical_zero_not_rejected
rain_lenggries,frozen,2026-03-27 16:00:00+00:00,2026-03-28 23:00:00+00:00,32,0.0,0.0,0.1,0.9,plausible_physical_zero_not_rejected
rain_lenggries,frozen,2026-04-01 07:00:00+00:00,2026-04-04 05:00:00+00:00,71,0.0,0.0,1.3,0.7,plausible_physical_zero_not_rejected
rain_lenggries,frozen,2026-04-04 11:00:00+00:00,2026-04-05 19:00:00+00:00,33,0.0,0.0,0.2,0.5,plausible_physical_zero_not_rejected
rain_lenggries,frozen,2026-04-06 03:00:00+00:00,2026-04-10 07:00:00+00:00,101,0.0,0.0,0.1,0.6,plausible_physical_zero_not_rejected
rain_lenggries,frozen,2026-04-11 05:00:00+00:00,2026-04-12 17:00:00+00:00,37,0.0,0.0,0.1,0.2,plausible_physical_zero_not_rejected
rain_lenggries,frozen,2026-04-12 19:00:00+00:00,2026-04-13 19:00:00+00:00,25,0.0,0.0,0.2,0.1,plausible_physical_zero_not_rejected
rain_lenggries,frozen,2026-04-14 23:00:00+00:00,2026-04-19 06:00:00+00:00,104,0.0,0.0,0.1,2.8,plausible_physical_zero_not_rejected
rain_lenggries,frozen,2026-04-19 19:00:00+00:00,2026-05-06 18:00:00+00:00,408,0.0,0.0,1.6,1.0,plausible_physical_zero_not_rejected
rain_lenggries,frozen,2026-05-07 21:00:00+00:00,2026-05-09 04:00:00+00:00,32,0.0,0.0,0.3,0.1,plausible_physical_zero_not_rejected
rain_lenggries,frozen,2026-05-09 17:00:00+00:00,2026-05-10 16:00:00+00:00,24,0.0,0.0,1.3,0.3,plausible_physical_zero_not_rejected
rain_lenggries,frozen,2026-05-12 15:00:00+00:00,2026-05-14 03:00:00+00:00,37,0.0,0.0,0.1,0.3,plausible_physical_zero_not_rejected
rain_lenggries,frozen,2026-05-16 14:00:00+00:00,2026-05-18 12:00:00+00:00,47,0.0,0.0,0.3,6.0,plausible_physical_zero_not_rejected
rain_lenggries,frozen,2026-05-19 04:00:00+00:00,2026-05-20 05:00:00+00:00,26,0.0,0.0,0.4,0.8,plausible_physical_zero_not_rejected
rain_lenggries,frozen,2026-05-21 03:00:00+00:00,2026-05-30 21:00:00+00:00,235,0.0,0.0,0.1,0.7,plausible_physical_zero_not_rejected
rain_lenggries,frozen,2026-06-03 14:00:00+00:00,2026-06-04 17:00:00+00:00,28,0.0,0.0,0.2,0.1,plausible_physical_zero_not_rejected
rain_lenggries,frozen,2026-06-07 03:00:00+00:00,2026-06-08 18:00:00+00:00,40,0.0,0.0,0.3,3.6,plausible_physical_zero_not_rejected
rain_lenggries,frozen,2026-06-13 06:00:00+00:00,2026-06-16 10:00:00+00:00,77,0.0,0.0,0.5,0.1,plausible_physical_zero_not_rejected
rain_lenggries,frozen,2026-06-16 19:00:00+00:00,2026-06-19 18:00:00+00:00,72,0.0,0.0,0.1,0.4,plausible_physical_zero_not_rejected
rain_lenggries,frozen,2026-06-19 21:00:00+00:00,2026-06-29 15:00:00+00:00,235,0.0,0.0,0.1,22.2,plausible_physical_zero_not_rejected
rain_lenggries,frozen,2026-06-29 23:00:00+00:00,2026-07-01 04:00:00+00:00,30,0.0,0.0,0.1,1.9,plausible_physical_zero_not_rejected
rain_lenggries,frozen,2026-07-01 16:00:00+00:00,2026-07-03 03:00:00+00:00,36,0.0,0.0,1.6,0.1,plausible_physical_zero_not_rejected
rain_lenggries,frozen,2026-07-03 08:00:00+00:00,2026-07-05 15:00:00+00:00,56,0.0,0.0,0.1,0.7,plausible_physical_zero_not_rejected
rain_lenggries,frozen,2026-07-06 07:00:00+00:00,2026-07-14 08:00:00+00:00,194,0.0,0.0,0.7,4.1,plausible_physical_zero_not_rejected
rain_lenggries,frozen,2026-07-16 22:00:00+00:00,2026-07-17 22:00:00+00:00,25,0.0,0.0,0.3,4.7,plausible_physical_zero_not_rejected
rain_lenggries,frozen,2026-07-19 12:00:00+00:00,2026-07-26 05:00:00+00:00,162,0.0,0.0,0.2,0.2,plausible_physical_zero_not_rejected
rain_lenggries,frozen,2026-07-27 15:00:00+00:00,2026-07-31 16:00:00+00:00,98,0.0,0.0,0.3,0.1,plausible_physical_zero_not_rejected
rain_lenggries,frozen,2026-08-03 19:00:00+00:00,2026-08-04 18:00:00+00:00,24,0.0,0.0,0.8,4.4,plausible_physical_zero_not_rejected
rain_lenggries,frozen,2026-08-06 17:00:00+00:00,2026-08-10 05:00:00+00:00,85,0.0,0.0,0.5,0.1,plausible_physical_zero_not_rejected
rain_lenggries,frozen,2026-08-11 01:00:00+00:00,2026-08-16 22:00:00+00:00,142,0.0,0.0,3.1,0.6,plausible_physical_zero_not_rejected
rain_lenggries,frozen,2026-08-21 19:00:00+00:00,2026-08-25 05:00:00+00:00,83,0.0,0.0,0.2,0.5,plausible_physical_zero_not_rejected
rain_lenggries,frozen,2026-08-25 15:00:00+00:00,2026-08-28 13:00:00+00:00,71,0.0,0.0,0.4,2.5,plausible_physical_zero_not_rejected
rain_lenggries,frozen,2026-08-29 02:00:00+00:00,2026-08-30 06:00:00+00:00,29,0.0,0.0,0.1,0.1,plausible_physical_zero_not_rejected
rain_lenggries,frozen,2026-08-31 22:00:00+00:00,2026-09-05 06:00:00+00:00,105,0.0,0.0,0.1,1.4,plausible_physical_zero_not_rejected
rain_lenggries,frozen,2026-09-05 20:00:00+00:00,2026-09-08 22:00:00+00:00,75,0.0,0.0,0.1,1.5,plausible_physical_zero_not_rejected
rain_lenggries,frozen,2026-09-09 23:00:00+00:00,2026-09-13 19:00:00+00:00,93,0.0,0.0,0.1,2.9,plausible_physical_zero_not_rejected
rain_kochel,hampel,2010-06-06 23:00:00+00:00,2010-06-06 23:00:00+00:00,1,14.0,14.0,6.8,0.7,undecidable_without_independent_evidence
rain_kochel,hampel,2010-07-22 16:00:00+00:00,2010-07-22 16:00:00+00:00,1,23.3,23.3,0.0,0.7,undecidable_without_independent_evidence
rain_kochel,hampel,2010-08-08 14:00:00+00:00,2010-08-08 14:00:00+00:00,1,12.1,12.1,0.0,0.2,undecidable_without_independent_evidence
rain_kochel,hampel,2011-05-12 13:00:00+00:00,2011-05-12 13:00:00+00:00,1,18.4,18.4,0.0,1.7,undecidable_without_independent_evidence
rain_kochel,hampel,2011-06-16 20:00:00+00:00,2011-06-16 20:00:00+00:00,1,10.3,10.3,0.0,2.0,undecidable_without_independent_evidence
rain_kochel,hampel,2011-06-22 18:00:00+00:00,2011-06-22 18:00:00+00:00,1,19.5,19.5,2.4,3.9,undecidable_without_independent_evidence
rain_kochel,hampel,2011-07-10 17:00:00+00:00,2011-07-10 17:00:00+00:00,1,13.7,13.7,0.2,2.6,undecidable_without_independent_evidence
rain_kochel,hampel,2011-07-28 18:00:00+00:00,2011-07-28 18:00:00+00:00,1,13.8,13.8,0.0,1.5,undecidable_without_independent_evidence
rain_kochel,hampel,2011-08-03 14:00:00+00:00,2011-08-03 14:00:00+00:00,1,18.1,18.1,0.0,2.8,undecidable_without_independent_evidence
rain_kochel,hampel,2011-09-17 20:00:00+00:00,2011-09-17 20:00:00+00:00,1,10.3,10.3,0.0,1.8,undecidable_without_independent_evidence
rain_kochel,hampel,2012-01-05 17:00:00+00:00,2012-01-05 17:00:00+00:00,1,10.9,10.9,4.8,0.7,undecidable_without_independent_evidence
rain_kochel,hampel,2012-05-23 18:00:00+00:00,2012-05-23 18:00:00+00:00,1,10.8,10.8,0.0,0.2,undecidable_without_independent_evidence
rain_kochel,hampel,2012-06-03 17:00:00+00:00,2012-06-03 17:00:00+00:00,1,15.0,15.0,0.0,4.0,undecidable_without_independent_evidence
rain_kochel,hampel,2012-06-08 14:00:00+00:00,2012-06-08 14:00:00+00:00,1,10.6,10.6,0.0,1.9,undecidable_without_independent_evidence
rain_kochel,hampel,2012-06-19 00:00:00+00:00,2012-06-19 00:00:00+00:00,1,10.9,10.9,0.2,7.8,undecidable_without_independent_evidence
rain_kochel,hampel,2012-06-20 16:00:00+00:00,2012-06-20 16:00:00+00:00,1,29.5,29.5,0.2,2.8,undecidable_without_independent_evidence
rain_kochel,hampel,2012-07-05 18:00:00+00:00,2012-07-05 18:00:00+00:00,1,52.6,52.6,0.0,1.7,undecidable_without_independent_evidence
rain_kochel,hampel,2012-07-08 18:00:00+00:00,2012-07-08 18:00:00+00:00,1,12.3,12.3,2.4,0.0,undecidable_without_independent_evidence
rain_kochel,hampel,2012-08-02 19:00:00+00:00,2012-08-02 20:00:00+00:00,2,13.3,18.0,0.0,1.5,undecidable_without_independent_evidence
rain_kochel,hampel,2012-08-16 09:00:00+00:00,2012-08-16 09:00:00+00:00,1,12.1,12.1,5.5,3.4,undecidable_without_independent_evidence
rain_kochel,hampel,2013-06-09 15:00:00+00:00,2013-06-09 15:00:00+00:00,1,17.4,17.4,1.2,0.1,undecidable_without_independent_evidence
rain_kochel,hampel,2013-06-15 20:00:00+00:00,2013-06-15 20:00:00+00:00,1,10.8,10.8,0.0,2.5,undecidable_without_independent_evidence
rain_kochel,hampel,2013-08-04 14:00:00+00:00,2013-08-04 14:00:00+00:00,1,14.6,14.6,0.0,0.0,undecidable_without_independent_evidence
rain_kochel,hampel,2014-05-26 13:00:00+00:00,2014-05-26 14:00:00+00:00,2,12.3,12.7,0.1,0.2,undecidable_without_independent_evidence
rain_kochel,hampel,2014-06-25 11:00:00+00:00,2014-06-25 11:00:00+00:00,1,10.8,10.8,0.0,0.1,undecidable_without_independent_evidence
rain_kochel,hampel,2014-08-03 20:00:00+00:00,2014-08-03 20:00:00+00:00,1,11.1,11.1,0.3,9.3,undecidable_without_independent_evidence
rain_kochel,hampel,2014-08-07 17:00:00+00:00,2014-08-07 17:00:00+00:00,1,17.4,17.4,0.0,0.0,undecidable_without_independent_evidence
rain_kochel,hampel,2015-06-01 23:00:00+00:00,2015-06-01 23:00:00+00:00,1,38.0,38.0,0.0,0.5,undecidable_without_independent_evidence
rain_kochel,hampel,2015-06-08 18:00:00+00:00,2015-06-08 18:00:00+00:00,1,13.8,13.8,1.0,1.0,undecidable_without_independent_evidence
rain_kochel,hampel,2015-07-19 18:00:00+00:00,2015-07-19 18:00:00+00:00,1,18.1,18.1,0.0,0.0,undecidable_without_independent_evidence
rain_kochel,hampel,2016-07-22 16:00:00+00:00,2016-07-22 16:00:00+00:00,1,34.1,34.1,0.0,3.5,undecidable_without_independent_evidence
rain_kochel,hampel,2016-07-25 00:00:00+00:00,2016-07-25 00:00:00+00:00,1,10.3,10.3,0.0,1.1,undecidable_without_independent_evidence
rain_kochel,hampel,2016-07-31 14:00:00+00:00,2016-07-31 14:00:00+00:00,1,18.3,18.3,0.0,1.4,undecidable_without_independent_evidence
rain_kochel,hampel,2016-09-01 08:00:00+00:00,2016-09-01 08:00:00+00:00,1,11.3,11.3,5.8,1.0,undecidable_without_independent_evidence
rain_kochel,hampel,2017-05-31 03:00:00+00:00,2017-05-31 03:00:00+00:00,1,12.3,12.3,0.1,6.0,undecidable_without_independent_evidence
rain_kochel,hampel,2017-07-14 14:00:00+00:00,2017-07-14 14:00:00+00:00,1,19.3,19.3,9.3,0.4,undecidable_without_independent_evidence
rain_kochel,hampel,2017-08-01 20:00:00+00:00,2017-08-01 20:00:00+00:00,1,13.9,13.9,0.0,0.0,undecidable_without_independent_evidence
rain_kochel,hampel,2017-08-05 23:00:00+00:00,2017-08-06 00:00:00+00:00,2,17.5,17.7,0.3,2.2,undecidable_without_independent_evidence
rain_kochel,hampel,2017-08-08 20:00:00+00:00,2017-08-08 20:00:00+00:00,1,10.6,10.6,0.0,2.3,undecidable_without_independent_evidence
rain_kochel,hampel,2017-08-24 19:00:00+00:00,2017-08-24 19:00:00+00:00,1,27.5,27.5,0.0,3.7,undecidable_without_independent_evidence
rain_kochel,hampel,2018-05-28 16:00:00+00:00,2018-05-28 17:00:00+00:00,2,19.0,22.3,0.0,0.0,undecidable_without_independent_evidence
rain_kochel,hampel,2018-06-08 15:00:00+00:00,2018-06-08 15:00:00+00:00,1,44.2,44.2,0.3,3.5,undecidable_without_independent_evidence
rain_kochel,hampel,2018-06-12 15:00:00+00:00,2018-06-12 16:00:00+00:00,2,29.9,38.9,0.0,5.7,undecidable_without_independent_evidence
rain_kochel,hampel,2018-09-13 19:00:00+00:00,2018-09-13 19:00:00+00:00,1,17.9,17.9,7.8,3.7,undecidable_without_independent_evidence
rain_kochel,hampel,2018-09-21 21:00:00+00:00,2018-09-21 21:00:00+00:00,1,11.6,11.6,0.6,4.1,undecidable_without_independent_evidence
rain_kochel,hampel,2019-06-21 15:00:00+00:00,2019-06-21 15:00:00+00:00,1,23.5,23.5,0.0,27.6,undecidable_without_independent_evidence
rain_kochel,hampel,2020-06-13 22:00:00+00:00,2020-06-13 22:00:00+00:00,1,26.9,26.9,0.3,5.9,undecidable_without_independent_evidence
rain_kochel,hampel,2020-06-27 18:00:00+00:00,2020-06-27 18:00:00+00:00,1,23.0,23.0,0.0,4.2,undecidable_without_independent_evidence
rain_kochel,hampel,2020-06-28 18:00:00+00:00,2020-06-28 18:00:00+00:00,1,18.8,18.8,0.0,1.0,undecidable_without_independent_evidence
rain_kochel,hampel,2020-07-02 16:00:00+00:00,2020-07-02 16:00:00+00:00,1,30.4,30.4,0.3,0.4,undecidable_without_independent_evidence
rain_kochel,hampel,2020-07-02 22:00:00+00:00,2020-07-02 22:00:00+00:00,1,22.1,22.1,5.2,1.8,undecidable_without_independent_evidence
rain_kochel,hampel,2020-07-23 02:00:00+00:00,2020-07-23 02:00:00+00:00,1,10.5,10.5,0.0,3.7,undecidable_without_independent_evidence
rain_kochel,hampel,2020-08-02 18:00:00+00:00,2020-08-02 18:00:00+00:00,1,12.2,12.2,0.2,1.3,undecidable_without_independent_evidence
rain_kochel,hampel,2020-08-22 13:00:00+00:00,2020-08-22 13:00:00+00:00,1,12.8,12.8,0.2,7.3,undecidable_without_independent_evidence
rain_kochel,hampel,2021-06-10 03:00:00+00:00,2021-06-10 05:00:00+00:00,3,11.5,16.6,0.0,0.0,undecidable_without_independent_evidence
rain_kochel,hampel,2021-06-29 16:00:00+00:00,2021-06-29 16:00:00+00:00,1,15.4,15.4,0.0,7.2,undecidable_without_independent_evidence
rain_kochel,hampel,2021-07-08 14:00:00+00:00,2021-07-08 14:00:00+00:00,1,15.6,15.6,7.3,0.0,undecidable_without_independent_evidence
rain_kochel,hampel,2021-07-24 19:00:00+00:00,2021-07-24 19:00:00+00:00,1,13.4,13.4,0.0,0.7,undecidable_without_independent_evidence
rain_kochel,hampel,2021-07-26 18:00:00+00:00,2021-07-26 18:00:00+00:00,1,16.8,16.8,0.0,0.7,undecidable_without_independent_evidence
rain_kochel,hampel,2021-08-15 16:00:00+00:00,2021-08-15 16:00:00+00:00,1,14.1,14.1,1.1,0.0,undecidable_without_independent_evidence
rain_kochel,hampel,2021-09-11 02:00:00+00:00,2021-09-11 02:00:00+00:00,1,12.3,12.3,3.1,0.6,undecidable_without_independent_evidence
rain_kochel,hampel,2022-05-04 16:00:00+00:00,2022-05-04 16:00:00+00:00,1,10.3,10.3,0.0,0.9,undecidable_without_independent_evidence
rain_kochel,hampel,2022-05-16 19:00:00+00:00,2022-05-16 19:00:00+00:00,1,10.7,10.7,8.1,2.6,undecidable_without_independent_evidence
rain_kochel,hampel,2022-06-30 16:00:00+00:00,2022-06-30 16:00:00+00:00,1,19.8,19.8,0.0,6.3,undecidable_without_independent_evidence
rain_kochel,hampel,2022-09-03 15:00:00+00:00,2022-09-03 15:00:00+00:00,1,18.0,18.0,0.0,4.1,undecidable_without_independent_evidence
rain_kochel,hampel,2023-05-05 20:00:00+00:00,2023-05-05 20:00:00+00:00,1,15.2,15.2,0.0,4.6,undecidable_without_independent_evidence
rain_kochel,hampel,2023-08-17 18:00:00+00:00,2023-08-17 18:00:00+00:00,1,20.9,20.9,0.0,1.1,undecidable_without_independent_evidence
rain_kochel,hampel,2023-08-26 15:00:00+00:00,2023-08-26 15:00:00+00:00,1,21.6,21.6,0.0,0.0,undecidable_without_independent_evidence
rain_kochel,hampel,2024-06-17 21:00:00+00:00,2024-06-17 21:00:00+00:00,1,10.3,10.3,0.0,0.0,undecidable_without_independent_evidence
rain_kochel,hampel,2024-07-10 14:00:00+00:00,2024-07-10 14:00:00+00:00,1,15.6,15.6,0.0,1.2,undecidable_without_independent_evidence
rain_kochel,hampel,2024-09-02 21:00:00+00:00,2024-09-02 21:00:00+00:00,1,10.5,10.5,0.2,2.3,undecidable_without_independent_evidence
rain_kochel,hampel,2024-09-04 16:00:00+00:00,2024-09-04 17:00:00+00:00,2,11.1,16.3,0.0,0.0,undecidable_without_independent_evidence
rain_kochel,hampel,2025-06-26 16:00:00+00:00,2025-06-26 16:00:00+00:00,1,15.3,15.3,0.0,5.3,undecidable_without_independent_evidence
rain_kochel,hampel,2025-07-29 14:00:00+00:00,2025-07-29 14:00:00+00:00,1,11.3,11.3,0.0,0.0,undecidable_without_independent_evidence
rain_kochel,hampel,2025-08-29 16:00:00+00:00,2025-08-29 16:00:00+00:00,1,14.0,14.0,0.0,2.9,undecidable_without_independent_evidence
rain_kochel,hampel,2026-06-01 14:00:00+00:00,2026-06-01 14:00:00+00:00,1,14.1,14.1,0.2,0.0,undecidable_without_independent_evidence
rain_kochel,hampel,2026-06-29 18:00:00+00:00,2026-06-29 18:00:00+00:00,1,30.8,30.8,9.0,2.3,undecidable_without_independent_evidence
rain_kochel,hampel,2026-07-14 22:00:00+00:00,2026-07-14 22:00:00+00:00,1,12.3,12.3,0.1,0.0,undecidable_without_independent_evidence
rain_kochel,hampel,2026-08-05 20:00:00+00:00,2026-08-05 20:00:00+00:00,1,30.6,30.6,0.0,0.0,undecidable_without_independent_evidence
rain_kochel,hampel,2026-08-28 14:00:00+00:00,2026-08-28 14:00:00+00:00,1,15.9,15.9,0.0,2.0,undecidable_without_independent_evidence
rain_kochel,jump,2012-07-05 18:00:00+00:00,2012-07-05 19:00:00+00:00,2,1.7,52.6,0.0,1.4,undecidable_without_independent_evidence
rain_kochel,jump,2015-06-01 23:00:00+00:00,2015-06-02 00:00:00+00:00,2,0.5,38.0,0.0,0.3,undecidable_without_independent_evidence
rain_kochel,jump,2016-07-22 16:00:00+00:00,2016-07-22 17:00:00+00:00,2,3.5,34.1,0.0,2.9,undecidable_without_independent_evidence
rain_kochel,jump,2018-06-08 15:00:00+00:00,2018-06-08 16:00:00+00:00,2,3.5,44.2,0.3,0.0,undecidable_without_independent_evidence
rain_kochel,jump,2018-06-12 17:00:00+00:00,2018-06-12 17:00:00+00:00,1,5.7,5.7,38.9,2.1,undecidable_without_independent_evidence
rain_kochel,jump,2020-07-02 16:00:00+00:00,2020-07-02 16:00:00+00:00,1,30.4,30.4,0.3,0.4,undecidable_without_independent_evidence
rain_kochel,jump,2026-08-05 20:00:00+00:00,2026-08-05 21:00:00+00:00,2,0.0,30.6,0.0,0.5,undecidable_without_independent_evidence
rain_kochel,frozen,2010-01-02 14:00:00+00:00,2010-01-07 01:00:00+00:00,108,0.0,0.0,0.7,0.1,plausible_physical_zero_not_rejected
rain_kochel,frozen,2010-01-07 08:00:00+00:00,2010-01-10 19:00:00+00:00,84,0.0,0.0,0.1,0.2,plausible_physical_zero_not_rejected
rain_kochel,frozen,2010-01-12 07:00:00+00:00,2010-01-13 22:00:00+00:00,40,0.0,0.0,0.1,0.1,plausible_physical_zero_not_rejected
rain_kochel,frozen,2010-01-14 05:00:00+00:00,2010-01-17 06:00:00+00:00,74,0.0,0.0,0.1,0.3,plausible_physical_zero_not_rejected
rain_kochel,frozen,2010-01-18 14:00:00+00:00,2010-01-21 01:00:00+00:00,60,0.0,0.0,0.7,0.4,plausible_physical_zero_not_rejected
rain_kochel,frozen,2010-01-21 22:00:00+00:00,2010-01-26 01:00:00+00:00,100,0.0,0.0,0.4,0.1,plausible_physical_zero_not_rejected
rain_kochel,frozen,2010-01-26 17:00:00+00:00,2010-01-28 04:00:00+00:00,36,0.0,0.0,0.1,0.4,plausible_physical_zero_not_rejected
rain_kochel,frozen,2010-01-28 11:00:00+00:00,2010-01-30 01:00:00+00:00,39,0.0,0.0,0.2,0.6,plausible_physical_zero_not_rejected
rain_kochel,frozen,2010-02-01 02:00:00+00:00,2010-02-02 02:00:00+00:00,25,0.0,0.0,0.2,0.2,plausible_physical_zero_not_rejected
rain_kochel,frozen,2010-02-02 05:00:00+00:00,2010-02-03 06:00:00+00:00,26,0.0,0.0,0.2,0.1,plausible_physical_zero_not_rejected
rain_kochel,frozen,2010-02-03 16:00:00+00:00,2010-02-05 07:00:00+00:00,40,0.0,0.0,0.4,0.1,plausible_physical_zero_not_rejected
rain_kochel,frozen,2010-02-07 09:00:00+00:00,2010-02-10 05:00:00+00:00,69,0.0,0.0,0.1,0.2,plausible_physical_zero_not_rejected
rain_kochel,frozen,2010-02-12 11:00:00+00:00,2010-02-19 16:00:00+00:00,174,0.0,0.0,0.1,0.1,plausible_physical_zero_not_rejected
rain_kochel,frozen,2010-02-20 05:00:00+00:00,2010-02-25 04:00:00+00:00,120,0.0,0.0,0.1,0.2,plausible_physical_zero_not_rejected
rain_kochel,frozen,2010-02-26 22:00:00+00:00,2010-03-01 00:00:00+00:00,51,0.0,0.0,0.2,0.1,plausible_physical_zero_not_rejected
rain_kochel,frozen,2010-03-01 02:00:00+00:00,2010-03-02 09:00:00+00:00,32,0.0,0.0,0.1,0.1,plausible_physical_zero_not_rejected
rain_kochel,frozen,2010-03-03 01:00:00+00:00,2010-03-04 22:00:00+00:00,46,0.0,0.0,0.2,0.8,plausible_physical_zero_not_rejected
rain_kochel,frozen,2010-03-07 05:00:00+00:00,2010-03-11 08:00:00+00:00,100,0.0,0.0,0.2,0.9,plausible_physical_zero_not_rejected
rain_kochel,frozen,2010-03-12 06:00:00+00:00,2010-03-16 03:00:00+00:00,94,0.0,0.0,0.1,0.2,plausible_physical_zero_not_rejected
rain_kochel,frozen,2010-03-16 14:00:00+00:00,2010-03-21 07:00:00+00:00,114,0.0,0.0,0.1,0.2,plausible_physical_zero_not_rejected
rain_kochel,frozen,2010-03-22 05:00:00+00:00,2010-03-26 15:00:00+00:00,107,0.0,0.0,0.1,0.6,plausible_physical_zero_not_rejected
rain_kochel,frozen,2010-03-29 00:00:00+00:00,2010-03-30 20:00:00+00:00,45,0.0,0.0,0.6,0.2,plausible_physical_zero_not_rejected
rain_kochel,frozen,2010-03-31 01:00:00+00:00,2010-04-01 07:00:00+00:00,31,0.0,0.0,0.1,1.1,plausible_physical_zero_not_rejected
rain_kochel,frozen,2010-04-01 15:00:00+00:00,2010-04-04 11:00:00+00:00,69,0.0,0.0,0.5,0.3,plausible_physical_zero_not_rejected
rain_kochel,frozen,2010-04-05 15:00:00+00:00,2010-04-11 12:00:00+00:00,142,0.0,0.0,1.0,0.3,plausible_physical_zero_not_rejected
rain_kochel,frozen,2010-04-11 20:00:00+00:00,2010-04-13 21:00:00+00:00,50,0.0,0.0,0.6,0.2,plausible_physical_zero_not_rejected
rain_kochel,frozen,2010-04-14 22:00:00+00:00,2010-04-18 13:00:00+00:00,88,0.0,0.0,0.1,0.1,plausible_physical_zero_not_rejected
rain_kochel,frozen,2010-04-18 17:00:00+00:00,2010-04-20 12:00:00+00:00,44,0.0,0.0,0.3,0.4,plausible_physical_zero_not_rejected
rain_kochel,frozen,2010-04-21 13:00:00+00:00,2010-04-25 03:00:00+00:00,87,0.0,0.0,0.2,,plausible_physical_zero_not_rejected
rain_kochel,frozen,2010-04-26 14:00:00+00:00,2010-04-30 20:00:00+00:00,103,0.0,0.0,0.8,8.0,plausible_physical_zero_not_rejected
rain_kochel,frozen,2010-05-04 03:00:00+00:00,2010-05-05 02:00:00+00:00,24,0.0,0.0,0.3,0.5,plausible_physical_zero_not_rejected
rain_kochel,frozen,2010-05-05 09:00:00+00:00,2010-05-06 09:00:00+00:00,25,0.0,0.0,0.1,1.0,plausible_physical_zero_not_rejected
rain_kochel,frozen,2010-05-07 10:00:00+00:00,2010-05-08 11:00:00+00:00,26,0.0,0.0,0.2,0.1,plausible_physical_zero_not_rejected
rain_kochel,frozen,2010-05-08 14:00:00+00:00,2010-05-09 18:00:00+00:00,29,0.0,0.0,0.2,1.1,plausible_physical_zero_not_rejected
rain_kochel,frozen,2010-05-10 22:00:00+00:00,2010-05-12 02:00:00+00:00,29,0.0,0.0,0.4,0.1,plausible_physical_zero_not_rejected
rain_kochel,frozen,2010-05-22 00:00:00+00:00,2010-05-22 23:00:00+00:00,24,0.0,0.0,0.2,0.6,plausible_physical_zero_not_rejected
rain_kochel,frozen,2010-05-23 02:00:00+00:00,2010-05-25 21:00:00+00:00,68,0.0,0.0,0.1,0.1,plausible_physical_zero_not_rejected
rain_kochel,frozen,2010-05-27 18:00:00+00:00,2010-05-28 19:00:00+00:00,26,0.0,0.0,0.1,2.3,plausible_physical_zero_not_rejected
rain_kochel,frozen,2010-06-04 05:00:00+00:00,2010-06-06 19:00:00+00:00,63,0.0,0.0,0.1,2.3,plausible_physical_zero_not_rejected
rain_kochel,frozen,2010-06-07 12:00:00+00:00,2010-06-12 19:00:00+00:00,128,0.0,0.0,0.3,4.5,plausible_physical_zero_not_rejected
rain_kochel,frozen,2010-06-22 09:00:00+00:00,2010-06-27 02:00:00+00:00,114,0.0,0.0,0.7,0.1,plausible_physical_zero_not_rejected
rain_kochel,frozen,2010-06-27 04:00:00+00:00,2010-07-04 13:00:00+00:00,178,0.0,0.0,0.1,2.5,plausible_physical_zero_not_rejected
rain_kochel,frozen,2010-07-06 11:00:00+00:00,2010-07-12 21:00:00+00:00,155,0.0,0.0,1.0,0.5,plausible_physical_zero_not_rejected
rain_kochel,frozen,2010-07-13 01:00:00+00:00,2010-07-14 23:00:00+00:00,47,0.0,0.0,0.1,0.3,plausible_physical_zero_not_rejected
rain_kochel,frozen,2010-07-15 01:00:00+00:00,2010-07-16 21:00:00+00:00,45,0.0,0.0,0.3,0.3,plausible_physical_zero_not_rejected
rain_kochel,frozen,2010-07-18 16:00:00+00:00,2010-07-22 15:00:00+00:00,96,0.0,0.0,0.1,23.3,plausible_physical_zero_not_rejected
rain_kochel,frozen,2010-07-25 06:00:00+00:00,2010-07-26 21:00:00+00:00,40,0.0,0.0,0.1,0.2,plausible_physical_zero_not_rejected
rain_kochel,frozen,2010-07-27 12:00:00+00:00,2010-07-28 12:00:00+00:00,25,0.0,0.0,0.1,0.2,plausible_physical_zero_not_rejected
rain_kochel,frozen,2010-07-30 18:00:00+00:00,2010-08-01 22:00:00+00:00,53,0.0,0.0,1.4,0.3,plausible_physical_zero_not_rejected
rain_kochel,frozen,2010-08-03 19:00:00+00:00,2010-08-05 05:00:00+00:00,35,0.0,0.0,6.5,0.1,plausible_physical_zero_not_rejected
rain_kochel,frozen,2010-08-07 10:00:00+00:00,2010-08-08 13:00:00+00:00,28,0.0,0.0,0.1,12.1,plausible_physical_zero_not_rejected
rain_kochel,frozen,2010-08-08 22:00:00+00:00,2010-08-11 02:00:00+00:00,53,0.0,0.0,0.4,0.1,plausible_physical_zero_not_rejected
rain_kochel,frozen,2010-08-13 21:00:00+00:00,2010-08-15 17:00:00+00:00,45,0.0,0.0,0.1,0.7,plausible_physical_zero_not_rejected
rain_kochel,frozen,2010-08-17 10:00:00+00:00,2010-08-18 13:00:00+00:00,28,0.0,0.0,0.1,0.1,plausible_physical_zero_not_rejected
rain_kochel,frozen,2010-08-19 07:00:00+00:00,2010-08-23 22:00:00+00:00,112,0.0,0.0,0.1,0.1,plausible_physical_zero_not_rejected
rain_kochel,frozen,2010-08-24 20:00:00+00:00,2010-08-27 09:00:00+00:00,62,0.0,0.0,0.1,6.0,plausible_physical_zero_not_rejected
rain_kochel,frozen,2010-08-31 23:00:00+00:00,2010-09-04 01:00:00+00:00,75,0.0,0.0,0.5,0.9,plausible_physical_zero_not_rejected
rain_kochel,frozen,2010-09-04 12:00:00+00:00,2010-09-07 00:00:00+00:00,61,0.0,0.0,3.5,0.2,plausible_physical_zero_not_rejected
rain_kochel,frozen,2010-09-07 04:00:00+00:00,2010-09-08 13:00:00+00:00,34,0.0,0.0,0.1,0.1,plausible_physical_zero_not_rejected
rain_kochel,frozen,2010-09-10 12:00:00+00:00,2010-09-12 23:00:00+00:00,60,0.0,0.0,0.9,0.2,plausible_physical_zero_not_rejected
rain_kochel,frozen,2010-09-13 17:00:00+00:00,2010-09-16 04:00:00+00:00,60,0.0,0.0,0.2,0.5,plausible_physical_zero_not_rejected
rain_kochel,frozen,2010-09-18 01:00:00+00:00,2010-09-24 19:00:00+00:00,163,0.0,0.0,0.7,1.1,plausible_physical_zero_not_rejected
rain_kochel,frozen,2010-09-26 10:00:00+00:00,2010-09-27 23:00:00+00:00,38,0.0,0.0,0.1,0.1,plausible_physical_zero_not_rejected
rain_kochel,frozen,2010-10-01 12:00:00+00:00,2010-10-05 03:00:00+00:00,88,0.0,0.0,0.3,0.2,plausible_physical_zero_not_rejected
rain_kochel,frozen,2010-10-05 23:00:00+00:00,2010-10-10 01:00:00+00:00,99,0.0,0.0,0.5,0.1,plausible_physical_zero_not_rejected
rain_kochel,frozen,2010-10-10 03:00:00+00:00,2010-10-13 16:00:00+00:00,86,0.0,0.0,0.1,0.1,plausible_physical_zero_not_rejected
rain_kochel,frozen,2010-10-14 08:00:00+00:00,2010-10-16 10:00:00+00:00,51,0.0,0.0,0.1,0.3,plausible_physical_zero_not_rejected
rain_kochel,frozen,2010-10-18 06:00:00+00:00,2010-10-19 22:00:00+00:00,41,0.0,0.0,0.2,0.4,plausible_physical_zero_not_rejected
rain_kochel,frozen,2010-10-21 09:00:00+00:00,2010-10-24 08:00:00+00:00,72,0.0,0.0,0.1,0.2,plausible_physical_zero_not_rejected
rain_kochel,frozen,2010-10-25 20:00:00+00:00,2010-10-28 07:00:00+00:00,60,0.0,0.0,0.1,0.1,plausible_physical_zero_not_rejected
rain_kochel,frozen,2010-10-28 09:00:00+00:00,2010-11-02 02:00:00+00:00,114,0.0,0.0,0.1,0.1,plausible_physical_zero_not_rejected
rain_kochel,frozen,2010-11-02 21:00:00+00:00,2010-11-07 17:00:00+00:00,117,0.0,0.0,0.1,4.0,plausible_physical_zero_not_rejected
rain_kochel,frozen,2010-11-08 16:00:00+00:00,2010-11-10 23:00:00+00:00,56,0.0,0.0,0.1,0.1,plausible_physical_zero_not_rejected
rain_kochel,frozen,2010-11-12 14:00:00+00:00,2010-11-15 21:00:00+00:00,80,0.0,0.0,0.7,0.2,plausible_physical_zero_not_rejected
rain_kochel,frozen,2010-11-16 20:00:00+00:00,2010-11-18 19:00:00+00:00,48,0.0,0.0,0.1,0.4,plausible_physical_zero_not_rejected
rain_kochel,frozen,2010-11-19 16:00:00+00:00,2010-11-21 22:00:00+00:00,55,0.0,0.0,0.1,0.7,plausible_physical_zero_not_rejected
rain_kochel,frozen,2010-11-23 21:00:00+00:00,2010-11-26 07:00:00+00:00,59,0.0,0.0,0.1,0.2,plausible_physical_zero_not_rejected
rain_kochel,frozen,2010-11-27 04:00:00+00:00,2010-11-28 19:00:00+00:00,40,0.0,0.0,0.1,0.3,plausible_physical_zero_not_rejected
rain_kochel,frozen,2010-11-29 08:00:00+00:00,2010-12-01 12:00:00+00:00,53,0.0,0.0,0.4,0.2,plausible_physical_zero_not_rejected
rain_kochel,frozen,2010-12-02 03:00:00+00:00,2010-12-06 09:00:00+00:00,103,0.0,0.0,0.1,0.1,plausible_physical_zero_not_rejected
rain_kochel,frozen,2010-12-16 10:00:00+00:00,2010-12-17 12:00:00+00:00,27,0.0,0.0,0.1,1.2,plausible_physical_zero_not_rejected
rain_kochel,frozen,2010-12-17 17:00:00+00:00,2010-12-21 20:00:00+00:00,100,0.0,0.0,0.2,0.1,plausible_physical_zero_not_rejected
rain_kochel,frozen,2010-12-21 22:00:00+00:00,2010-12-24 03:00:00+00:00,54,0.0,0.0,0.1,0.1,plausible_physical_zero_not_rejected
rain_kochel,frozen,2010-12-26 04:00:00+00:00,2010-12-28 15:00:00+00:00,60,0.0,0.0,0.2,0.2,plausible_physical_zero_not_rejected
rain_kochel,frozen,2010-12-30 04:00:00+00:00,2011-01-02 03:00:00+00:00,72,0.0,0.0,0.1,0.4,plausible_physical_zero_not_rejected
rain_kochel,frozen,2011-01-02 13:00:00+00:00,2011-01-05 13:00:00+00:00,73,0.0,0.0,0.1,0.1,plausible_physical_zero_not_rejected
rain_kochel,frozen,2011-01-05 15:00:00+00:00,2011-01-06 22:00:00+00:00,32,0.0,0.0,0.1,0.1,plausible_physical_zero_not_rejected
rain_kochel,frozen,2011-01-07 05:00:00+00:00,2011-01-10 01:00:00+00:00,69,0.0,0.0,0.1,0.1,plausible_physical_zero_not_rejected
rain_kochel,frozen,2011-01-10 17:00:00+00:00,2011-01-11 22:00:00+00:00,30,0.0,0.0,0.1,0.1,plausible_physical_zero_not_rejected
rain_kochel,frozen,2011-01-15 09:00:00+00:00,2011-01-18 18:00:00+00:00,82,0.0,0.0,0.1,0.1,plausible_physical_zero_not_rejected
rain_kochel,frozen,2011-01-22 15:00:00+00:00,2011-01-24 05:00:00+00:00,39,0.0,0.0,0.2,0.2,plausible_physical_zero_not_rejected
rain_kochel,frozen,2011-02-14 15:00:00+00:00,2011-02-18 17:00:00+00:00,99,0.0,0.0,,0.1,plausible_physical_zero_not_rejected
rain_kochel,frozen,2011-02-18 22:00:00+00:00,2011-02-20 17:00:00+00:00,44,0.0,0.0,0.2,0.2,plausible_physical_zero_not_rejected
rain_kochel,frozen,2011-02-23 14:00:00+00:00,2011-02-25 02:00:00+00:00,37,0.0,0.0,0.2,0.4,plausible_physical_zero_not_rejected
rain_kochel,frozen,2011-02-25 10:00:00+00:00,2011-02-26 22:00:00+00:00,37,0.0,0.0,0.2,0.3,plausible_physical_zero_not_rejected
rain_kochel,frozen,2011-02-28 03:00:00+00:00,2011-03-17 01:00:00+00:00,407,0.0,0.0,0.2,0.1,plausible_physical_zero_not_rejected
rain_kochel,frozen,2011-03-19 20:00:00+00:00,2011-03-27 02:00:00+00:00,175,0.0,0.0,0.1,0.1,plausible_physical_zero_not_rejected
rain_kochel,frozen,2011-03-28 07:00:00+00:00,2011-03-30 16:00:00+00:00,58,0.0,0.0,0.1,0.8,plausible_physical_zero_not_rejected
rain_kochel,frozen,2011-04-01 08:00:00+00:00,2011-04-04 06:00:00+00:00,71,0.0,0.0,0.1,2.4,plausible_physical_zero_not_rejected
rain_kochel,frozen,2011-04-05 08:00:00+00:00,2011-04-12 10:00:00+00:00,171,0.0,0.0,0.4,0.6,plausible_physical_zero_not_rejected
rain_kochel,frozen,2011-04-13 02:00:00+00:00,2011-04-14 03:00:00+00:00,26,0.0,0.0,0.5,0.1,plausible_physical_zero_not_rejected
rain_kochel,frozen,2011-04-14 15:00:00+00:00,2011-04-24 04:00:00+00:00,230,0.0,0.0,0.1,0.1,plausible_physical_zero_not_rejected
rain_kochel,frozen,2011-04-24 19:00:00+00:00,2011-04-27 12:00:00+00:00,66,0.0,0.0,6.6,0.4,plausible_physical_zero_not_rejected
rain_kochel,frozen,2011-05-01 13:00:00+00:00,2011-05-02 13:00:00+00:00,25,0.0,0.0,3.0,0.1,plausible_physical_zero_not_rejected
rain_kochel,frozen,2011-05-03 14:00:00+00:00,2011-05-12 12:00:00+00:00,215,0.0,0.0,1.0,18.4,plausible_physical_zero_not_rejected
rain_kochel,frozen,2011-05-13 04:00:00+00:00,2011-05-14 04:00:00+00:00,25,0.0,0.0,0.2,0.2,plausible_physical_zero_not_rejected
rain_kochel,frozen,2011-05-16 14:00:00+00:00,2011-05-19 20:00:00+00:00,79,0.0,0.0,0.1,0.2,plausible_physical_zero_not_rejected
rain_kochel,frozen,2011-05-23 09:00:00+00:00,2011-05-26 12:00:00+00:00,76,0.0,0.0,0.1,0.9,plausible_physical_zero_not_rejected
rain_kochel,frozen,2011-05-28 09:00:00+00:00,2011-05-31 13:00:00+00:00,77,0.0,0.0,0.3,2.3,plausible_physical_zero_not_rejected
rain_kochel,frozen,2011-06-02 07:00:00+00:00,2011-06-04 18:00:00+00:00,60,0.0,0.0,0.1,0.3,plausible_physical_zero_not_rejected
rain_kochel,frozen,2011-06-12 00:00:00+00:00,2011-06-13 04:00:00+00:00,29,0.0,0.0,0.4,0.1,plausible_physical_zero_not_rejected
rain_kochel,frozen,2011-06-14 08:00:00+00:00,2011-06-15 20:00:00+00:00,37,0.0,0.0,0.1,0.1,plausible_physical_zero_not_rejected
rain_kochel,frozen,2011-06-19 16:00:00+00:00,2011-06-20 15:00:00+00:00,24,0.0,0.0,0.6,0.1,plausible_physical_zero_not_rejected
rain_kochel,frozen,2011-06-21 02:00:00+00:00,2011-06-22 16:00:00+00:00,39,0.0,0.0,0.1,2.4,plausible_physical_zero_not_rejected
rain_kochel,frozen,2011-06-25 01:00:00+00:00,2011-06-26 03:00:00+00:00,27,0.0,0.0,0.1,1.8,plausible_physical_zero_not_rejected
rain_kochel,frozen,2011-06-26 07:00:00+00:00,2011-06-29 19:00:00+00:00,85,0.0,0.0,0.1,0.5,plausible_physical_zero_not_rejected
rain_kochel,frozen,2011-06-30 11:00:00+00:00,2011-07-01 10:00:00+00:00,24,0.0,0.0,0.6,0.4,plausible_physical_zero_not_rejected
rain_kochel,frozen,2011-07-02 20:00:00+00:00,2011-07-03 22:00:00+00:00,27,0.0,0.0,0.1,0.1,plausible_physical_zero_not_rejected
rain_kochel,frozen,2011-07-04 00:00:00+00:00,2011-07-07 19:00:00+00:00,92,0.0,0.0,0.1,0.1,plausible_physical_zero_not_rejected
rain_kochel,frozen,2011-07-11 00:00:00+00:00,2011-07-13 02:00:00+00:00,51,0.0,0.0,0.4,1.5,plausible_physical_zero_not_rejected
rain_kochel,frozen,2011-07-15 08:00:00+00:00,2011-07-17 13:00:00+00:00,54,0.0,0.0,0.7,0.1,plausible_physical_zero_not_rejected
rain_kochel,frozen,2011-07-18 18:00:00+00:00,2011-07-19 19:00:00+00:00,26,0.0,0.0,0.2,3.1,plausible_physical_zero_not_rejected
rain_kochel,frozen,2011-07-24 16:00:00+00:00,2011-07-28 17:00:00+00:00,98,0.0,0.0,0.1,13.8,plausible_physical_zero_not_rejected
rain_kochel,frozen,2011-07-30 16:00:00+00:00,2011-08-03 13:00:00+00:00,94,0.0,0.0,0.4,18.1,plausible_physical_zero_not_rejected
rain_kochel,frozen,2011-08-04 08:00:00+00:00,2011-08-05 07:00:00+00:00,24,0.0,0.0,0.1,0.1,plausible_physical_zero_not_rejected
rain_kochel,frozen,2011-08-10 04:00:00+00:00,2011-08-13 03:00:00+00:00,72,0.0,0.0,1.5,0.8,plausible_physical_zero_not_rejected
rain_kochel,frozen,2011-08-13 05:00:00+00:00,2011-08-14 18:00:00+00:00,38,0.0,0.0,0.8,2.9,plausible_physical_zero_not_rejected
rain_kochel,frozen,2011-08-15 18:00:00+00:00,2011-08-18 23:00:00+00:00,78,0.0,0.0,0.5,0.8,plausible_physical_zero_not_rejected
rain_kochel,frozen,2011-08-20 01:00:00+00:00,2011-08-24 15:00:00+00:00,111,0.0,0.0,0.1,2.7,plausible_physical_zero_not_rejected
rain_kochel,frozen,2011-08-25 00:00:00+00:00,2011-08-27 00:00:00+00:00,49,0.0,0.0,0.8,0.1,plausible_physical_zero_not_rejected
rain_kochel,frozen,2011-08-27 15:00:00+00:00,2011-09-01 06:00:00+00:00,112,0.0,0.0,3.5,1.3,plausible_physical_zero_not_rejected
rain_kochel,frozen,2011-09-02 13:00:00+00:00,2011-09-03 23:00:00+00:00,35,0.0,0.0,0.2,0.4,plausible_physical_zero_not_rejected
rain_kochel,frozen,2011-09-05 16:00:00+00:00,2011-09-07 21:00:00+00:00,54,0.0,0.0,0.1,0.2,plausible_physical_zero_not_rejected
rain_kochel,frozen,2011-09-09 03:00:00+00:00,2011-09-11 20:00:00+00:00,66,0.0,0.0,0.2,0.1,plausible_physical_zero_not_rejected
rain_kochel,frozen,2011-09-12 05:00:00+00:00,2011-09-14 07:00:00+00:00,51,0.0,0.0,0.1,0.9,plausible_physical_zero_not_rejected
rain_kochel,frozen,2011-09-14 13:00:00+00:00,2011-09-17 01:00:00+00:00,61,0.0,0.0,0.1,0.6,plausible_physical_zero_not_rejected
rain_kochel,frozen,2011-09-20 08:00:00+00:00,2011-10-06 23:00:00+00:00,400,0.0,0.0,0.2,2.8,plausible_physical_zero_not_rejected
rain_kochel,frozen,2011-10-10 15:00:00+00:00,2011-10-13 01:00:00+00:00,59,0.0,0.0,0.1,0.1,plausible_physical_zero_not_rejected
rain_kochel,frozen,2011-10-13 13:00:00+00:00,2011-10-19 13:00:00+00:00,145,0.0,0.0,1.1,0.2,plausible_physical_zero_not_rejected
rain_kochel,frozen,2011-10-20 22:00:00+00:00,2011-10-26 04:00:00+00:00,127,0.0,0.0,0.7,0.2,plausible_physical_zero_not_rejected
rain_kochel,frozen,2011-10-26 13:00:00+00:00,2011-12-02 23:00:00+00:00,899,0.0,0.0,0.2,1.0,plausible_physical_zero_not_rejected
rain_kochel,frozen,2011-12-03 10:00:00+00:00,2011-12-04 10:00:00+00:00,25,0.0,0.0,0.1,0.2,plausible_physical_zero_not_rejected
rain_kochel,frozen,2011-12-08 06:00:00+00:00,2011-12-10 04:00:00+00:00,47,0.0,0.0,0.1,0.5,plausible_physical_zero_not_rejected
rain_kochel,frozen,2011-12-11 04:00:00+00:00,2011-12-12 13:00:00+00:00,34,0.0,0.0,0.1,0.2,plausible_physical_zero_not_rejected
rain_kochel,frozen,2011-12-12 21:00:00+00:00,2011-12-14 15:00:00+00:00,43,0.0,0.0,0.1,0.1,plausible_physical_zero_not_rejected
rain_kochel,frozen,2011-12-17 15:00:00+00:00,2011-12-18 16:00:00+00:00,26,0.0,0.0,0.2,0.1,plausible_physical_zero_not_rejected
rain_kochel,frozen,2011-12-19 09:00:00+00:00,2011-12-20 12:00:00+00:00,28,0.0,0.0,0.2,0.8,plausible_physical_zero_not_rejected
rain_kochel,frozen,2011-12-23 08:00:00+00:00,2011-12-24 09:00:00+00:00,26,0.0,0.0,0.3,0.2,plausible_physical_zero_not_rejected
rain_kochel,frozen,2011-12-24 11:00:00+00:00,2011-12-29 06:00:00+00:00,116,0.0,0.0,0.2,0.1,plausible_physical_zero_not_rejected
rain_kochel,frozen,2012-01-01 09:00:00+00:00,2012-01-02 15:00:00+00:00,31,0.0,0.0,0.3,0.7,plausible_physical_zero_not_rejected
rain_kochel,frozen,2012-01-03 00:00:00+00:00,2012-01-04 07:00:00+00:00,32,0.0,0.0,0.3,3.2,plausible_physical_zero_not_rejected
rain_kochel,frozen,2012-01-10 15:00:00+00:00,2012-01-12 22:00:00+00:00,56,0.0,0.0,0.2,0.1,plausible_physical_zero_not_rejected
rain_kochel,frozen,2012-01-13 20:00:00+00:00,2012-01-19 19:00:00+00:00,144,0.0,0.0,0.7,0.2,plausible_physical_zero_not_rejected
rain_kochel,frozen,2012-01-25 01:00:00+00:00,2012-01-27 08:00:00+00:00,56,0.0,0.0,0.6,0.2,plausible_physical_zero_not_rejected
rain_kochel,frozen,2012-01-29 00:00:00+00:00,2012-01-31 17:00:00+00:00,66,0.0,0.0,0.1,0.1,plausible_physical_zero_not_rejected
rain_kochel,frozen,2012-01-31 19:00:00+00:00,2012-02-01 22:00:00+00:00,28,0.0,0.0,0.1,0.3,plausible_physical_zero_not_rejected
rain_kochel,frozen,2012-02-02 16:00:00+00:00,2012-02-07 01:00:00+00:00,106,0.0,0.0,0.1,0.3,plausible_physical_zero_not_rejected
rain_kochel,frozen,2012-02-07 11:00:00+00:00,2012-02-09 16:00:00+00:00,54,0.0,0.0,0.1,0.1,plausible_physical_zero_not_rejected
rain_kochel,frozen,2012-02-10 09:00:00+00:00,2012-02-13 18:00:00+00:00,82,0.0,0.0,0.1,0.2,plausible_physical_zero_not_rejected
rain_kochel,frozen,2012-02-16 07:00:00+00:00,2012-02-17 07:00:00+00:00,25,0.0,0.0,0.1,0.4,plausible_physical_zero_not_rejected
rain_kochel,frozen,2012-02-18 03:00:00+00:00,2012-02-19 05:00:00+00:00,27,0.0,0.0,0.1,0.1,plausible_physical_zero_not_rejected
rain_kochel,frozen,2012-02-20 10:00:00+00:00,2012-02-23 23:00:00+00:00,86,0.0,0.0,0.1,0.1,plausible_physical_zero_not_rejected
rain_kochel,frozen,2012-02-24 01:00:00+00:00,2012-02-25 10:00:00+00:00,34,0.0,0.0,0.1,0.1,plausible_physical_zero_not_rejected
rain_kochel,frozen,2012-02-27 04:00:00+00:00,2012-02-28 17:00:00+00:00,38,0.0,0.0,0.1,0.1,plausible_physical_zero_not_rejected
rain_kochel,frozen,2012-02-28 21:00:00+00:00,2012-03-05 06:00:00+00:00,130,0.0,0.0,0.1,0.6,plausible_physical_zero_not_rejected
rain_kochel,frozen,2012-03-05 10:00:00+00:00,2012-03-08 07:00:00+00:00,70,0.0,0.0,0.1,0.1,plausible_physical_zero_not_rejected
rain_kochel,frozen,2012-03-09 02:00:00+00:00,2012-03-11 07:00:00+00:00,54,0.0,0.0,0.1,0.1,plausible_physical_zero_not_rejected
rain_kochel,frozen,2012-03-12 03:00:00+00:00,2012-03-18 18:00:00+00:00,160,0.0,0.0,0.2,1.8,plausible_physical_zero_not_rejected
rain_kochel,frozen,2012-03-20 02:00:00+00:00,2012-03-24 13:00:00+00:00,108,0.0,0.0,0.3,0.2,plausible_physical_zero_not_rejected
rain_kochel,frozen,2012-03-24 15:00:00+00:00,2012-03-29 23:00:00+00:00,129,0.0,0.0,0.2,0.7,plausible_physical_zero_not_rejected
rain_kochel,frozen,2012-03-30 13:00:00+00:00,2012-03-31 17:00:00+00:00,29,0.0,0.0,0.2,0.1,plausible_physical_zero_not_rejected
rain_kochel,frozen,2012-04-01 06:00:00+00:00,2012-04-05 05:00:00+00:00,96,0.0,0.0,0.1,0.4,plausible_physical_zero_not_rejected
rain_kochel,frozen,2012-04-08 14:00:00+00:00,2012-04-11 08:00:00+00:00,67,0.0,0.0,0.1,0.1,plausible_physical_zero_not_rejected
rain_kochel,frozen,2012-04-14 06:00:00+00:00,2012-04-15 07:00:00+00:00,26,0.0,0.0,0.2,0.1,plausible_physical_zero_not_rejected
rain_kochel,frozen,2012-04-17 05:00:00+00:00,2012-04-18 15:00:00+00:00,35,0.0,0.0,0.1,0.5,plausible_physical_zero_not_rejected
rain_kochel,frozen,2012-04-18 19:00:00+00:00,2012-04-20 01:00:00+00:00,31,0.0,0.0,0.4,0.3,plausible_physical_zero_not_rejected
rain_kochel,frozen,2012-04-20 19:00:00+00:00,2012-04-21 21:00:00+00:00,27,0.0,0.0,0.6,0.1,plausible_physical_zero_not_rejected
rain_kochel,frozen,2012-04-22 17:00:00+00:00,2012-04-24 07:00:00+00:00,39,0.0,0.0,0.2,2.3,plausible_physical_zero_not_rejected
rain_kochel,frozen,2012-04-24 14:00:00+00:00,2012-05-02 19:00:00+00:00,198,0.0,0.0,0.5,0.3,plausible_physical_zero_not_rejected
rain_kochel,frozen,2012-05-03 06:00:00+00:00,2012-05-05 10:00:00+00:00,53,0.0,0.0,0.3,1.5,plausible_physical_zero_not_rejected
rain_kochel,frozen,2012-05-07 12:00:00+00:00,2012-05-09 13:00:00+00:00,50,0.0,0.0,2.7,0.3,plausible_physical_zero_not_rejected
rain_kochel,frozen,2012-05-09 17:00:00+00:00,2012-05-12 04:00:00+00:00,60,0.0,0.0,0.2,5.5,plausible_physical_zero_not_rejected
rain_kochel,frozen,2012-05-12 21:00:00+00:00,2012-05-15 15:00:00+00:00,67,0.0,0.0,0.6,1.0,plausible_physical_zero_not_rejected
rain_kochel,frozen,2012-05-16 22:00:00+00:00,2012-05-22 13:00:00+00:00,136,0.0,0.0,1.8,0.2,plausible_physical_zero_not_rejected
rain_kochel,frozen,2012-05-24 17:00:00+00:00,2012-05-28 23:00:00+00:00,103,0.0,0.0,2.3,0.1,plausible_physical_zero_not_rejected
rain_kochel,frozen,2012-06-02 07:00:00+00:00,2012-06-03 09:00:00+00:00,27,0.0,0.0,0.2,0.1,plausible_physical_zero_not_rejected
rain_kochel,frozen,2012-06-05 08:00:00+00:00,2012-06-06 15:00:00+00:00,32,0.0,0.0,0.1,0.2,plausible_physical_zero_not_rejected
rain_kochel,frozen,2012-06-14 00:00:00+00:00,2012-06-18 22:00:00+00:00,119,0.0,0.0,0.1,0.2,plausible_physical_zero_not_rejected
rain_kochel,frozen,2012-06-22 14:00:00+00:00,2012-06-25 01:00:00+00:00,60,0.0,0.0,0.1,0.1,plausible_physical_zero_not_rejected
rain_kochel,frozen,2012-06-26 00:00:00+00:00,2012-06-27 02:00:00+00:00,27,0.0,0.0,0.2,0.2,plausible_physical_zero_not_rejected
rain_kochel,frozen,2012-06-27 04:00:00+00:00,2012-06-29 04:00:00+00:00,49,0.0,0.0,0.2,4.2,plausible_physical_zero_not_rejected
rain_kochel,frozen,2012-06-29 17:00:00+00:00,2012-07-01 15:00:00+00:00,47,0.0,0.0,0.1,1.4,plausible_physical_zero_not_rejected
rain_kochel,frozen,2012-07-07 06:00:00+00:00,2012-07-08 16:00:00+00:00,35,0.0,0.0,0.3,2.4,plausible_physical_zero_not_rejected
rain_kochel,frozen,2012-07-12 00:00:00+00:00,2012-07-13 02:00:00+00:00,27,0.0,0.0,0.2,0.1,plausible_physical_zero_not_rejected
rain_kochel,frozen,2012-07-16 11:00:00+00:00,2012-07-19 16:00:00+00:00,78,0.0,0.0,0.1,0.1,plausible_physical_zero_not_rejected
rain_kochel,frozen,2012-07-22 06:00:00+00:00,2012-07-25 14:00:00+00:00,81,0.0,0.0,1.1,0.1,plausible_physical_zero_not_rejected
rain_kochel,frozen,2012-07-25 18:00:00+00:00,2012-07-27 23:00:00+00:00,54,0.0,0.0,0.4,0.1,plausible_physical_zero_not_rejected
rain_kochel,frozen,2012-07-29 10:00:00+00:00,2012-08-02 18:00:00+00:00,105,0.0,0.0,0.1,13.3,plausible_physical_zero_not_rejected
rain_kochel,frozen,2012-08-06 22:00:00+00:00,2012-08-16 06:00:00+00:00,225,0.0,0.0,2.9,0.1,plausible_physical_zero_not_rejected
rain_kochel,frozen,2012-08-16 12:00:00+00:00,2012-08-20 23:00:00+00:00,108,0.0,0.0,0.6,0.1,plausible_physical_zero_not_rejected
rain_kochel,frozen,2012-08-21 03:00:00+00:00,2012-08-22 09:00:00+00:00,31,0.0,0.0,0.6,0.3,plausible_physical_zero_not_rejected
rain_kochel,frozen,2012-08-26 21:00:00+00:00,2012-08-28 19:00:00+00:00,47,0.0,0.0,0.3,0.6,plausible_physical_zero_not_rejected
rain_kochel,frozen,2012-08-29 02:00:00+00:00,2012-08-30 03:00:00+00:00,26,0.0,0.0,0.1,2.3,plausible_physical_zero_not_rejected
rain_kochel,frozen,2012-09-01 13:00:00+00:00,2012-09-02 17:00:00+00:00,29,0.0,0.0,0.1,0.5,plausible_physical_zero_not_rejected
rain_kochel,frozen,2012-09-02 23:00:00+00:00,2012-09-05 23:00:00+00:00,73,0.0,0.0,0.1,0.1,plausible_physical_zero_not_rejected
rain_kochel,frozen,2012-09-06 13:00:00+00:00,2012-09-10 18:00:00+00:00,102,0.0,0.0,0.3,2.0,plausible_physical_zero_not_rejected
rain_kochel,frozen,2012-09-13 11:00:00+00:00,2012-09-18 21:00:00+00:00,131,0.0,0.0,0.3,0.8,plausible_physical_zero_not_rejected
rain_kochel,frozen,2012-09-19 22:00:00+00:00,2012-09-22 01:00:00+00:00,52,0.0,0.0,1.2,1.0,plausible_physical_zero_not_rejected
rain_kochel,frozen,2012-09-22 22:00:00+00:00,2012-09-24 11:00:00+00:00,38,0.0,0.0,0.7,0.1,plausible_physical_zero_not_rejected
rain_kochel,frozen,2012-09-24 21:00:00+00:00,2012-09-26 12:00:00+00:00,40,0.0,0.0,0.3,0.1,plausible_physical_zero_not_rejected
rain_kochel,frozen,2012-10-03 01:00:00+00:00,2012-10-04 06:00:00+00:00,30,0.0,0.0,,,plausible_physical_zero_not_rejected
rain_kochel,frozen,2012-10-05 07:00:00+00:00,2012-10-07 06:00:00+00:00,48,0.0,0.0,,,plausible_physical_zero_not_rejected
rain_kochel,frozen,2012-10-13 07:00:00+00:00,2012-10-15 06:00:00+00:00,48,0.0,0.0,,,plausible_physical_zero_not_rejected
rain_kochel,frozen,2012-10-16 07:00:00+00:00,2012-10-22 01:00:00+00:00,139,0.0,0.0,,0.1,plausible_physical_zero_not_rejected
rain_kochel,frozen,2012-10-22 03:00:00+00:00,2012-10-23 18:00:00+00:00,40,0.0,0.0,0.1,0.1,plausible_physical_zero_not_rejected
rain_kochel,frozen,2012-10-24 07:00:00+00:00,2012-10-27 00:00:00+00:00,66,0.0,0.0,0.1,0.1,plausible_physical_zero_not_rejected
rain_kochel,frozen,2012-10-29 09:00:00+00:00,2012-11-02 01:00:00+00:00,89,0.0,0.0,0.4,0.1,plausible_physical_zero_not_rejected
rain_kochel,frozen,2012-11-02 07:00:00+00:00,2012-11-04 19:00:00+00:00,61,0.0,0.0,0.3,0.3,plausible_physical_zero_not_rejected
rain_kochel,frozen,2012-11-06 18:00:00+00:00,2012-11-11 08:00:00+00:00,111,0.0,0.0,0.3,0.3,plausible_physical_zero_not_rejected
rain_kochel,frozen,2012-11-12 22:00:00+00:00,2012-11-22 12:00:00+00:00,231,0.0,0.0,0.1,0.5,plausible_physical_zero_not_rejected
rain_kochel,frozen,2012-11-22 17:00:00+00:00,2012-11-28 13:00:00+00:00,141,0.0,0.0,0.1,0.4,plausible_physical_zero_not_rejected
rain_kochel,frozen,2012-11-30 16:00:00+00:00,2012-12-02 19:00:00+00:00,52,0.0,0.0,0.1,0.2,plausible_physical_zero_not_rejected
rain_kochel,frozen,2012-12-06 15:00:00+00:00,2012-12-07 17:00:00+00:00,27,0.0,0.0,0.1,0.1,plausible_physical_zero_not_rejected
rain_kochel,frozen,2012-12-08 17:00:00+00:00,2012-12-09 16:00:00+00:00,24,0.0,0.0,0.1,0.2,plausible_physical_zero_not_rejected
rain_kochel,frozen,2012-12-12 03:00:00+00:00,2012-12-15 07:00:00+00:00,77,0.0,0.0,0.2,0.2,plausible_physical_zero_not_rejected
rain_kochel,frozen,2012-12-19 06:00:00+00:00,2012-12-20 19:00:00+00:00,38,0.0,0.0,0.7,0.4,plausible_physical_zero_not_rejected
rain_kochel,frozen,2012-12-23 06:00:00+00:00,2012-12-26 01:00:00+00:00,68,0.0,0.0,0.5,0.1,plausible_physical_zero_not_rejected
rain_kochel,frozen,2012-12-26 07:00:00+00:00,2012-12-27 13:00:00+00:00,31,0.0,0.0,0.1,0.3,plausible_physical_zero_not_rejected
rain_kochel,frozen,2012-12-28 16:00:00+00:00,2013-01-01 23:00:00+00:00,104,0.0,0.0,0.1,0.4,plausible_physical_zero_not_rejected
rain_kochel,frozen,2013-01-02 10:00:00+00:00,2013-01-03 14:00:00+00:00,29,0.0,0.0,0.1,0.1,plausible_physical_zero_not_rejected
rain_kochel,frozen,2013-01-06 20:00:00+00:00,2013-01-10 02:00:00+00:00,79,0.0,0.0,0.4,0.1,plausible_physical_zero_not_rejected
rain_kochel,frozen,2013-01-12 10:00:00+00:00,2013-01-14 08:00:00+00:00,47,0.0,0.0,0.1,0.1,plausible_physical_zero_not_rejected
rain_kochel,frozen,2013-01-18 02:00:00+00:00,2013-01-21 04:00:00+00:00,75,0.0,0.0,0.1,0.6,plausible_physical_zero_not_rejected
rain_kochel,frozen,2013-01-21 16:00:00+00:00,2013-01-25 00:00:00+00:00,81,0.0,0.0,0.2,0.7,plausible_physical_zero_not_rejected
rain_kochel,frozen,2013-01-25 12:00:00+00:00,2013-01-27 23:00:00+00:00,60,0.0,0.0,0.1,0.2,plausible_physical_zero_not_rejected
rain_kochel,frozen,2013-01-28 10:00:00+00:00,2013-01-29 15:00:00+00:00,30,0.0,0.0,0.3,0.1,plausible_physical_zero_not_rejected
rain_kochel,frozen,2013-02-09 21:00:00+00:00,2013-02-12 07:00:00+00:00,59,0.0,0.0,0.1,0.3,plausible_physical_zero_not_rejected
rain_kochel,frozen,2013-02-13 11:00:00+00:00,2013-02-15 06:00:00+00:00,44,0.0,0.0,0.1,0.2,plausible_physical_zero_not_rejected
rain_kochel,frozen,2013-02-17 14:00:00+00:00,2013-02-19 18:00:00+00:00,53,0.0,0.0,0.1,0.1,plausible_physical_zero_not_rejected
rain_kochel,frozen,2013-02-20 19:00:00+00:00,2013-02-21 22:00:00+00:00,28,0.0,0.0,0.1,0.1,plausible_physical_zero_not_rejected
rain_kochel,frozen,2013-02-22 03:00:00+00:00,2013-02-23 20:00:00+00:00,42,0.0,0.0,0.1,0.6,plausible_physical_zero_not_rejected
rain_kochel,frozen,2013-02-24 22:00:00+00:00,2013-02-26 07:00:00+00:00,34,0.0,0.0,0.1,0.1,plausible_physical_zero_not_rejected
rain_kochel,frozen,2013-02-26 13:00:00+00:00,2013-03-08 22:00:00+00:00,250,0.0,0.0,0.3,0.1,plausible_physical_zero_not_rejected
rain_kochel,frozen,2013-03-15 16:00:00+00:00,2013-03-18 11:00:00+00:00,68,0.0,0.0,0.3,0.1,plausible_physical_zero_not_rejected
rain_kochel,frozen,2013-03-19 07:00:00+00:00,2013-03-20 15:00:00+00:00,33,0.0,0.0,0.3,0.1,plausible_physical_zero_not_rejected
rain_kochel,frozen,2013-03-21 16:00:00+00:00,2013-03-24 20:00:00+00:00,77,0.0,0.0,0.1,0.1,plausible_physical_zero_not_rejected
rain_kochel,frozen,2013-03-27 06:00:00+00:00,2013-03-28 21:00:00+00:00,40,0.0,0.0,0.1,0.5,plausible_physical_zero_not_rejected
rain_kochel,frozen,2013-03-31 18:00:00+00:00,2013-04-05 20:00:00+00:00,123,0.0,0.0,0.2,0.1,plausible_physical_zero_not_rejected
rain_kochel,frozen,2013-04-07 08:00:00+00:00,2013-04-08 20:00:00+00:00,37,0.0,0.0,0.2,0.6,plausible_physical_zero_not_rejected
rain_kochel,frozen,2013-04-09 00:00:00+00:00,2013-04-10 14:00:00+00:00,39,0.0,0.0,0.3,0.1,plausible_physical_zero_not_rejected
rain_kochel,frozen,2013-04-13 12:00:00+00:00,2013-04-17 01:00:00+00:00,86,0.0,0.0,0.2,0.2,plausible_physical_zero_not_rejected
rain_kochel,frozen,2013-04-17 03:00:00+00:00,2013-04-18 22:00:00+00:00,44,0.0,0.0,0.2,1.1,plausible_physical_zero_not_rejected
rain_kochel,frozen,2013-04-20 07:00:00+00:00,2013-04-27 21:00:00+00:00,183,0.0,0.0,0.1,0.1,plausible_physical_zero_not_rejected
rain_kochel,frozen,2013-04-28 04:00:00+00:00,2013-05-02 07:00:00+00:00,100,0.0,0.0,0.1,0.1,plausible_physical_zero_not_rejected
rain_kochel,frozen,2013-05-04 21:00:00+00:00,2013-05-06 15:00:00+00:00,43,0.0,0.0,0.5,2.5,plausible_physical_zero_not_rejected
rain_kochel,frozen,2013-05-07 21:00:00+00:00,2013-05-09 03:00:00+00:00,31,0.0,0.0,0.2,0.6,plausible_physical_zero_not_rejected
rain_kochel,frozen,2013-05-13 16:00:00+00:00,2013-05-17 10:00:00+00:00,91,0.0,0.0,0.2,0.4,plausible_physical_zero_not_rejected
rain_kochel,frozen,2013-05-17 22:00:00+00:00,2013-05-19 11:00:00+00:00,38,0.0,0.0,1.3,0.2,plausible_physical_zero_not_rejected
rain_kochel,frozen,2013-05-27 07:00:00+00:00,2013-05-28 14:00:00+00:00,32,0.0,0.0,0.1,0.5,plausible_physical_zero_not_rejected
rain_kochel,frozen,2013-06-04 11:00:00+00:00,2013-06-09 13:00:00+00:00,123,0.0,0.0,0.4,1.2,plausible_physical_zero_not_rejected
rain_kochel,frozen,2013-06-12 03:00:00+00:00,2013-06-13 23:00:00+00:00,45,0.0,0.0,0.2,0.7,plausible_physical_zero_not_rejected
rain_kochel,frozen,2013-06-15 22:00:00+00:00,2013-06-20 22:00:00+00:00,121,0.0,0.0,2.5,0.9,plausible_physical_zero_not_rejected
rain_kochel,frozen,2013-06-21 02:00:00+00:00,2013-06-22 04:00:00+00:00,27,0.0,0.0,0.2,0.1,plausible_physical_zero_not_rejected
rain_kochel,frozen,2013-06-29 23:00:00+00:00,2013-07-02 03:00:00+00:00,53,0.0,0.0,0.3,1.4,plausible_physical_zero_not_rejected
rain_kochel,frozen,2013-07-03 20:00:00+00:00,2013-07-05 02:00:00+00:00,31,0.0,0.0,0.3,1.6,plausible_physical_zero_not_rejected
rain_kochel,frozen,2013-07-05 22:00:00+00:00,2013-07-19 16:00:00+00:00,331,0.0,0.0,1.4,0.4,plausible_physical_zero_not_rejected
rain_kochel,frozen,2013-07-19 18:00:00+00:00,2013-07-24 14:00:00+00:00,117,0.0,0.0,0.4,3.0,plausible_physical_zero_not_rejected
rain_kochel,frozen,2013-07-24 19:00:00+00:00,2013-07-27 14:00:00+00:00,68,0.0,0.0,0.5,0.2,plausible_physical_zero_not_rejected
rain_kochel,frozen,2013-07-27 16:00:00+00:00,2013-07-29 12:00:00+00:00,45,0.0,0.0,0.2,2.7,plausible_physical_zero_not_rejected
rain_kochel,frozen,2013-07-30 18:00:00+00:00,2013-08-03 19:00:00+00:00,98,0.0,0.0,,9.8,plausible_physical_zero_not_rejected
rain_kochel,frozen,2013-08-04 15:00:00+00:00,2013-08-06 18:00:00+00:00,52,0.0,0.0,14.6,8.4,plausible_physical_zero_not_rejected
rain_kochel,frozen,2013-08-07 10:00:00+00:00,2013-08-09 05:00:00+00:00,44,0.0,0.0,0.1,0.1,plausible_physical_zero_not_rejected
rain_kochel,frozen,2013-08-09 20:00:00+00:00,2013-08-11 03:00:00+00:00,32,0.0,0.0,2.4,2.8,plausible_physical_zero_not_rejected
rain_kochel,frozen,2013-08-11 06:00:00+00:00,2013-08-13 01:00:00+00:00,44,0.0,0.0,0.2,0.1,plausible_physical_zero_not_rejected
rain_kochel,frozen,2013-08-13 10:00:00+00:00,2013-08-18 16:00:00+00:00,127,0.0,0.0,0.6,0.2,plausible_physical_zero_not_rejected
rain_kochel,frozen,2013-08-20 02:00:00+00:00,2013-08-24 15:00:00+00:00,110,0.0,0.0,0.7,5.0,plausible_physical_zero_not_rejected
rain_kochel,frozen,2013-08-25 18:00:00+00:00,2013-08-27 14:00:00+00:00,45,0.0,0.0,0.9,0.2,plausible_physical_zero_not_rejected
rain_kochel,frozen,2013-08-28 21:00:00+00:00,2013-08-31 19:00:00+00:00,71,0.0,0.0,0.3,3.7,plausible_physical_zero_not_rejected
rain_kochel,frozen,2013-09-01 20:00:00+00:00,2013-09-08 21:00:00+00:00,170,0.0,0.0,0.3,0.6,plausible_physical_zero_not_rejected
rain_kochel,frozen,2013-09-09 11:00:00+00:00,2013-09-10 11:00:00+00:00,25,0.0,0.0,0.1,1.0,plausible_physical_zero_not_rejected
rain_kochel,frozen,2013-09-19 10:00:00+00:00,2013-09-20 09:00:00+00:00,24,0.0,0.0,1.2,0.1,plausible_physical_zero_not_rejected
rain_kochel,frozen,2013-09-20 11:00:00+00:00,2013-09-26 04:00:00+00:00,138,0.0,0.0,0.1,0.4,plausible_physical_zero_not_rejected
rain_kochel,frozen,2013-09-27 19:00:00+00:00,2013-09-28 21:00:00+00:00,27,0.0,0.0,0.1,0.1,plausible_physical_zero_not_rejected
rain_kochel,frozen,2013-10-01 09:00:00+00:00,2013-10-04 08:00:00+00:00,72,0.0,0.0,0.1,0.1,plausible_physical_zero_not_rejected
rain_kochel,frozen,2013-10-05 17:00:00+00:00,2013-10-08 14:00:00+00:00,70,0.0,0.0,0.1,0.1,plausible_physical_zero_not_rejected
rain_kochel,frozen,2013-10-11 07:00:00+00:00,2013-10-13 04:00:00+00:00,46,0.0,0.0,0.7,0.4,plausible_physical_zero_not_rejected
rain_kochel,frozen,2013-10-13 07:00:00+00:00,2013-10-15 17:00:00+00:00,59,0.0,0.0,0.4,0.4,plausible_physical_zero_not_rejected
rain_kochel,frozen,2013-10-17 06:00:00+00:00,2013-10-21 01:00:00+00:00,92,0.0,0.0,1.0,0.1,plausible_physical_zero_not_rejected
rain_kochel,frozen,2013-10-21 03:00:00+00:00,2013-10-23 13:00:00+00:00,59,0.0,0.0,0.1,0.9,plausible_physical_zero_not_rejected
rain_kochel,frozen,2013-10-23 23:00:00+00:00,2013-10-27 15:00:00+00:00,89,0.0,0.0,0.9,0.4,plausible_physical_zero_not_rejected
rain_kochel,frozen,2013-10-27 23:00:00+00:00,2013-10-29 03:00:00+00:00,29,0.0,0.0,0.2,0.1,plausible_physical_zero_not_rejected
rain_kochel,frozen,2013-10-30 10:00:00+00:00,2013-11-02 08:00:00+00:00,71,0.0,0.0,0.7,0.1,plausible_physical_zero_not_rejected
rain_kochel,frozen,2013-11-03 13:00:00+00:00,2013-11-05 02:00:00+00:00,38,0.0,0.0,0.5,0.3,plausible_physical_zero_not_rejected
rain_kochel,frozen,2013-11-06 18:00:00+00:00,2013-11-09 00:00:00+00:00,55,0.0,0.0,0.1,2.0,plausible_physical_zero_not_rejected
rain_kochel,frozen,2013-11-09 12:00:00+00:00,2013-11-10 13:00:00+00:00,26,0.0,0.0,0.8,0.2,plausible_physical_zero_not_rejected
rain_kochel,frozen,2013-11-11 02:00:00+00:00,2013-11-14 12:00:00+00:00,83,0.0,0.0,0.5,0.4,plausible_physical_zero_not_rejected
rain_kochel,frozen,2013-11-15 02:00:00+00:00,2013-11-19 15:00:00+00:00,110,0.0,0.0,0.1,0.6,plausible_physical_zero_not_rejected
rain_kochel,frozen,2013-11-21 01:00:00+00:00,2013-11-23 04:00:00+00:00,52,0.0,0.0,0.1,0.6,plausible_physical_zero_not_rejected
rain_kochel,frozen,2013-11-27 01:00:00+00:00,2013-11-29 02:00:00+00:00,50,0.0,0.0,0.1,0.2,plausible_physical_zero_not_rejected
rain_kochel,frozen,2013-11-30 08:00:00+00:00,2013-12-06 02:00:00+00:00,139,0.0,0.0,0.1,0.2,plausible_physical_zero_not_rejected
rain_kochel,frozen,2013-12-07 05:00:00+00:00,2013-12-14 15:00:00+00:00,179,0.0,0.0,0.1,0.3,plausible_physical_zero_not_rejected
rain_kochel,frozen,2013-12-15 00:00:00+00:00,2013-12-20 14:00:00+00:00,135,0.0,0.0,0.1,0.2,plausible_physical_zero_not_rejected
rain_kochel,frozen,2013-12-20 20:00:00+00:00,2013-12-26 13:00:00+00:00,138,0.0,0.0,0.1,0.4,plausible_physical_zero_not_rejected
rain_kochel,frozen,2013-12-27 04:00:00+00:00,2013-12-28 22:00:00+00:00,43,0.0,0.0,0.1,0.4,plausible_physical_zero_not_rejected
rain_kochel,frozen,2013-12-29 02:00:00+00:00,2014-01-04 19:00:00+00:00,162,0.0,0.0,0.6,1.0,plausible_physical_zero_not_rejected
rain_kochel,frozen,2014-01-05 15:00:00+00:00,2014-01-08 07:00:00+00:00,65,0.0,0.0,0.1,0.1,plausible_physical_zero_not_rejected
rain_kochel,frozen,2014-01-08 09:00:00+00:00,2014-01-10 01:00:00+00:00,41,0.0,0.0,0.1,0.6,plausible_physical_zero_not_rejected
rain_kochel,frozen,2014-01-10 09:00:00+00:00,2014-01-14 10:00:00+00:00,98,0.0,0.0,0.1,0.2,plausible_physical_zero_not_rejected
rain_kochel,frozen,2014-01-15 04:00:00+00:00,2014-01-17 04:00:00+00:00,49,0.0,0.0,0.4,0.4,plausible_physical_zero_not_rejected
rain_kochel,frozen,2014-01-17 08:00:00+00:00,2014-01-20 15:00:00+00:00,80,0.0,0.0,0.2,0.3,plausible_physical_zero_not_rejected
rain_kochel,frozen,2014-01-21 22:00:00+00:00,2014-01-23 15:00:00+00:00,42,0.0,0.0,0.1,0.1,plausible_physical_zero_not_rejected
rain_kochel,frozen,2014-01-24 22:00:00+00:00,2014-01-26 01:00:00+00:00,28,0.0,0.0,0.3,1.3,plausible_physical_zero_not_rejected
rain_kochel,frozen,2014-01-27 19:00:00+00:00,2014-02-02 05:00:00+00:00,131,0.0,0.0,0.2,0.1,plausible_physical_zero_not_rejected
rain_kochel,frozen,2014-02-02 23:00:00+00:00,2014-02-07 13:00:00+00:00,111,0.0,0.0,0.3,0.3,plausible_physical_zero_not_rejected
rain_kochel,frozen,2014-02-07 20:00:00+00:00,2014-02-09 02:00:00+00:00,31,0.0,0.0,0.7,0.5,plausible_physical_zero_not_rejected
rain_kochel,frozen,2014-02-09 05:00:00+00:00,2014-02-11 00:00:00+00:00,44,0.0,0.0,0.7,0.5,plausible_physical_zero_not_rejected
rain_kochel,frozen,2014-02-11 03:00:00+00:00,2014-02-13 17:00:00+00:00,63,0.0,0.0,0.1,0.9,plausible_physical_zero_not_rejected
rain_kochel,frozen,2014-02-14 00:00:00+00:00,2014-02-16 00:00:00+00:00,49,0.0,0.0,0.3,0.2,plausible_physical_zero_not_rejected
rain_kochel,frozen,2014-02-17 08:00:00+00:00,2014-02-19 05:00:00+00:00,46,0.0,0.0,0.1,0.1,plausible_physical_zero_not_rejected
rain_kochel,frozen,2014-02-22 07:00:00+00:00,2014-02-28 00:00:00+00:00,138,0.0,0.0,0.2,0.6,plausible_physical_zero_not_rejected
rain_kochel,frozen,2014-02-28 06:00:00+00:00,2014-03-01 18:00:00+00:00,37,0.0,0.0,0.1,0.2,plausible_physical_zero_not_rejected
rain_kochel,frozen,2014-03-02 11:00:00+00:00,2014-03-03 15:00:00+00:00,29,0.0,0.0,0.1,0.1,plausible_physical_zero_not_rejected
rain_kochel,frozen,2014-03-06 01:00:00+00:00,2014-03-15 16:00:00+00:00,232,0.0,0.0,0.1,1.1,plausible_physical_zero_not_rejected
rain_kochel,frozen,2014-03-16 09:00:00+00:00,2014-03-22 17:00:00+00:00,153,0.0,0.0,0.1,0.9,plausible_physical_zero_not_rejected
rain_kochel,frozen,2014-03-24 17:00:00+00:00,2014-04-05 19:00:00+00:00,291,0.0,0.0,1.3,0.1,plausible_physical_zero_not_rejected
rain_kochel,frozen,2014-04-06 11:00:00+00:00,2014-04-08 13:00:00+00:00,51,0.0,0.0,0.2,0.1,plausible_physical_zero_not_rejected
rain_kochel,frozen,2014-04-09 05:00:00+00:00,2014-04-10 06:00:00+00:00,26,0.0,0.0,0.1,0.1,plausible_physical_zero_not_rejected
rain_kochel,frozen,2014-04-10 18:00:00+00:00,2014-04-12 22:00:00+00:00,53,0.0,0.0,0.1,1.5,plausible_physical_zero_not_rejected
rain_kochel,frozen,2014-04-13 08:00:00+00:00,2014-04-14 14:00:00+00:00,31,0.0,0.0,0.5,0.6,plausible_physical_zero_not_rejected
rain_kochel,frozen,2014-04-16 17:00:00+00:00,2014-04-18 12:00:00+00:00,44,0.0,0.0,0.1,0.7,plausible_physical_zero_not_rejected
rain_kochel,frozen,2014-04-19 05:00:00+00:00,2014-04-20 21:00:00+00:00,41,0.0,0.0,0.2,0.2,plausible_physical_zero_not_rejected
rain_kochel,frozen,2014-04-23 13:00:00+00:00,2014-04-26 19:00:00+00:00,79,0.0,0.0,0.2,0.1,plausible_physical_zero_not_rejected
rain_kochel,frozen,2014-04-29 08:00:00+00:00,2014-04-30 11:00:00+00:00,28,0.0,0.0,0.1,0.2,plausible_physical_zero_not_rejected
rain_kochel,frozen,2014-05-04 07:00:00+00:00,2014-05-06 20:00:00+00:00,62,0.0,0.0,0.1,0.2,plausible_physical_zero_not_rejected
rain_kochel,frozen,2014-05-17 09:00:00+00:00,2014-05-26 11:00:00+00:00,219,0.0,0.0,0.2,0.1,plausible_physical_zero_not_rejected
rain_kochel,frozen,2014-05-30 17:00:00+00:00,2014-06-02 12:00:00+00:00,68,0.0,0.0,0.1,1.3,plausible_physical_zero_not_rejected
rain_kochel,frozen,2014-06-03 14:00:00+00:00,2014-06-04 13:00:00+00:00,24,0.0,0.0,0.3,0.2,plausible_physical_zero_not_rejected
rain_kochel,frozen,2014-06-05 02:00:00+00:00,2014-06-11 02:00:00+00:00,145,0.0,0.0,0.1,0.6,plausible_physical_zero_not_rejected
rain_kochel,frozen,2014-06-13 14:00:00+00:00,2014-06-14 18:00:00+00:00,29,0.0,0.0,1.3,0.6,plausible_physical_zero_not_rejected
rain_kochel,frozen,2014-06-14 23:00:00+00:00,2014-06-19 11:00:00+00:00,109,0.0,0.0,0.1,0.2,plausible_physical_zero_not_rejected
rain_kochel,frozen,2014-06-20 17:00:00+00:00,2014-06-23 17:00:00+00:00,73,0.0,0.0,0.2,2.6,plausible_physical_zero_not_rejected
rain_kochel,frozen,2014-06-25 21:00:00+00:00,2014-06-27 23:00:00+00:00,51,0.0,0.0,0.2,0.5,plausible_physical_zero_not_rejected
rain_kochel,frozen,2014-06-30 10:00:00+00:00,2014-07-01 19:00:00+00:00,34,0.0,0.0,0.4,3.2,plausible_physical_zero_not_rejected
rain_kochel,frozen,2014-07-02 18:00:00+00:00,2014-07-05 07:00:00+00:00,62,0.0,0.0,0.4,0.1,plausible_physical_zero_not_rejected
rain_kochel,frozen,2014-07-05 22:00:00+00:00,2014-07-07 13:00:00+00:00,40,0.0,0.0,0.2,7.8,plausible_physical_zero_not_rejected
rain_kochel,frozen,2014-07-14 21:00:00+00:00,2014-07-20 13:00:00+00:00,137,0.0,0.0,0.6,3.2,plausible_physical_zero_not_rejected
rain_kochel,frozen,2014-07-22 19:00:00+00:00,2014-07-26 12:00:00+00:00,90,0.0,0.0,0.6,0.7,plausible_physical_zero_not_rejected
rain_kochel,frozen,2014-07-31 14:00:00+00:00,2014-08-02 13:00:00+00:00,48,0.0,0.0,0.1,0.6,plausible_physical_zero_not_rejected
rain_kochel,frozen,2014-08-05 16:00:00+00:00,2014-08-07 05:00:00+00:00,38,0.0,0.0,0.4,0.1,plausible_physical_zero_not_rejected
rain_kochel,frozen,2014-08-07 18:00:00+00:00,2014-08-09 02:00:00+00:00,33,0.0,0.0,17.4,0.1,plausible_physical_zero_not_rejected
rain_kochel,frozen,2014-08-09 15:00:00+00:00,2014-08-11 01:00:00+00:00,35,0.0,0.0,1.8,0.2,plausible_physical_zero_not_rejected
rain_kochel,frozen,2014-08-13 21:00:00+00:00,2014-08-15 09:00:00+00:00,37,0.0,0.0,1.2,0.7,plausible_physical_zero_not_rejected
rain_kochel,frozen,2014-08-17 01:00:00+00:00,2014-08-18 19:00:00+00:00,43,0.0,0.0,0.2,2.1,plausible_physical_zero_not_rejected
rain_kochel,frozen,2014-08-21 06:00:00+00:00,2014-08-23 04:00:00+00:00,47,0.0,0.0,0.1,0.6,plausible_physical_zero_not_rejected
rain_kochel,frozen,2014-08-24 08:00:00+00:00,2014-08-25 18:00:00+00:00,35,0.0,0.0,0.3,0.1,plausible_physical_zero_not_rejected
rain_kochel,frozen,2014-08-27 21:00:00+00:00,2014-08-29 11:00:00+00:00,39,0.0,0.0,0.2,0.1,plausible_physical_zero_not_rejected
rain_kochel,frozen,2014-09-01 15:00:00+00:00,2014-09-02 14:00:00+00:00,24,0.0,0.0,0.5,1.4,plausible_physical_zero_not_rejected
rain_kochel,frozen,2014-09-03 08:00:00+00:00,2014-09-07 14:00:00+00:00,103,0.0,0.0,0.1,1.8,plausible_physical_zero_not_rejected
rain_kochel,frozen,2014-09-07 16:00:00+00:00,2014-09-08 15:00:00+00:00,24,0.0,0.0,1.8,0.2,plausible_physical_zero_not_rejected
rain_kochel,frozen,2014-09-14 06:00:00+00:00,2014-09-18 18:00:00+00:00,109,0.0,0.0,2.6,0.7,plausible_physical_zero_not_rejected
rain_kochel,frozen,2014-09-22 22:00:00+00:00,2014-09-24 21:00:00+00:00,48,0.0,0.0,0.1,4.5,plausible_physical_zero_not_rejected
rain_kochel,frozen,2014-09-26 09:00:00+00:00,2014-09-30 17:00:00+00:00,105,0.0,0.0,0.1,1.5,plausible_physical_zero_not_rejected
rain_kochel,frozen,2014-10-02 08:00:00+00:00,2014-10-05 21:00:00+00:00,86,0.0,0.0,0.2,0.8,plausible_physical_zero_not_rejected
rain_kochel,frozen,2014-10-05 23:00:00+00:00,2014-10-13 10:00:00+00:00,180,0.0,0.0,0.8,0.2,plausible_physical_zero_not_rejected
rain_kochel,frozen,2014-10-17 10:00:00+00:00,2014-10-20 19:00:00+00:00,82,0.0,0.0,1.3,0.1,plausible_physical_zero_not_rejected
rain_kochel,frozen,2014-10-24 00:00:00+00:00,2014-10-25 14:00:00+00:00,39,0.0,0.0,0.1,1.0,plausible_physical_zero_not_rejected
rain_kochel,frozen,2014-10-26 04:00:00+00:00,2014-10-30 07:00:00+00:00,100,0.0,0.0,0.1,0.1,plausible_physical_zero_not_rejected
rain_kochel,frozen,2014-10-30 10:00:00+00:00,2014-11-05 08:00:00+00:00,143,0.0,0.0,0.4,0.3,plausible_physical_zero_not_rejected
rain_kochel,frozen,2014-11-06 17:00:00+00:00,2014-11-16 06:00:00+00:00,230,0.0,0.0,0.1,1.8,plausible_physical_zero_not_rejected
rain_kochel,frozen,2014-11-16 09:00:00+00:00,2014-11-17 23:00:00+00:00,39,0.0,0.0,0.4,0.1,plausible_physical_zero_not_rejected
rain_kochel,frozen,2014-11-19 11:00:00+00:00,2014-11-24 02:00:00+00:00,112,0.0,0.0,0.2,0.1,plausible_physical_zero_not_rejected
rain_kochel,frozen,2014-11-24 12:00:00+00:00,2014-11-25 19:00:00+00:00,32,0.0,0.0,0.1,0.1,plausible_physical_zero_not_rejected
rain_kochel,frozen,2014-11-26 03:00:00+00:00,2014-12-01 04:00:00+00:00,122,0.0,0.0,0.1,0.1,plausible_physical_zero_not_rejected
rain_kochel,frozen,2014-12-02 11:00:00+00:00,2014-12-03 14:00:00+00:00,28,0.0,0.0,0.1,0.1,plausible_physical_zero_not_rejected
rain_kochel,frozen,2014-12-04 05:00:00+00:00,2014-12-06 15:00:00+00:00,59,0.0,0.0,0.1,0.3,plausible_physical_zero_not_rejected
rain_kochel,frozen,2014-12-09 11:00:00+00:00,2014-12-11 02:00:00+00:00,40,0.0,0.0,0.1,0.2,plausible_physical_zero_not_rejected
rain_kochel,frozen,2014-12-11 08:00:00+00:00,2014-12-16 06:00:00+00:00,119,0.0,0.0,0.1,0.7,plausible_physical_zero_not_rejected
rain_kochel,frozen,2014-12-18 23:00:00+00:00,2014-12-19 22:00:00+00:00,24,0.0,0.0,0.1,0.8,plausible_physical_zero_not_rejected
rain_kochel,frozen,2014-12-21 02:00:00+00:00,2014-12-25 08:00:00+00:00,103,0.0,0.0,0.6,0.2,plausible_physical_zero_not_rejected
rain_kochel,frozen,2014-12-26 14:00:00+00:00,2014-12-27 18:00:00+00:00,29,0.0,0.0,0.1,1.5,plausible_physical_zero_not_rejected
rain_kochel,frozen,2014-12-31 11:00:00+00:00,2015-01-02 15:00:00+00:00,53,0.0,0.0,0.1,0.1,plausible_physical_zero_not_rejected
rain_kochel,frozen,2015-01-04 23:00:00+00:00,2015-01-09 20:00:00+00:00,118,0.0,0.0,0.1,0.6,plausible_physical_zero_not_rejected
rain_kochel,frozen,2015-01-09 23:00:00+00:00,2015-01-11 04:00:00+00:00,30,0.0,0.0,0.8,2.6,plausible_physical_zero_not_rejected
rain_kochel,frozen,2015-01-11 11:00:00+00:00,2015-01-14 12:00:00+00:00,74,0.0,0.0,0.4,0.7,plausible_physical_zero_not_rejected
rain_kochel,frozen,2015-01-14 22:00:00+00:00,2015-01-17 03:00:00+00:00,54,0.0,0.0,0.2,0.1,plausible_physical_zero_not_rejected
rain_kochel,frozen,2015-01-18 08:00:00+00:00,2015-01-23 03:00:00+00:00,116,0.0,0.0,0.1,0.1,plausible_physical_zero_not_rejected
rain_kochel,frozen,2015-01-31 04:00:00+00:00,2015-02-01 09:00:00+00:00,30,0.0,0.0,0.4,0.1,plausible_physical_zero_not_rejected
rain_kochel,frozen,2015-02-03 02:00:00+00:00,2015-02-08 05:00:00+00:00,124,0.0,0.0,0.4,0.3,plausible_physical_zero_not_rejected
rain_kochel,frozen,2015-02-08 18:00:00+00:00,2015-02-22 02:00:00+00:00,321,0.0,0.0,0.1,0.3,plausible_physical_zero_not_rejected
rain_kochel,frozen,2015-02-22 17:00:00+00:00,2015-02-23 20:00:00+00:00,28,0.0,0.0,0.1,0.3,plausible_physical_zero_not_rejected
rain_kochel,frozen,2015-02-24 11:00:00+00:00,2015-02-27 14:00:00+00:00,76,0.0,0.0,0.1,0.3,plausible_physical_zero_not_rejected
rain_kochel,frozen,2015-02-28 10:00:00+00:00,2015-03-01 09:00:00+00:00,24,0.0,0.0,0.1,0.2,plausible_physical_zero_not_rejected
rain_kochel,frozen,2015-03-02 23:00:00+00:00,2015-03-04 04:00:00+00:00,30,0.0,0.0,0.1,1.8,plausible_physical_zero_not_rejected
rain_kochel,frozen,2015-03-05 11:00:00+00:00,2015-03-11 02:00:00+00:00,136,0.0,0.0,0.1,0.1,plausible_physical_zero_not_rejected
rain_kochel,frozen,2015-03-11 17:00:00+00:00,2015-03-21 17:00:00+00:00,241,0.0,0.0,0.1,1.5,plausible_physical_zero_not_rejected
rain_kochel,frozen,2015-03-22 10:00:00+00:00,2015-03-26 04:00:00+00:00,91,0.0,0.0,0.1,0.1,plausible_physical_zero_not_rejected
rain_kochel,frozen,2015-03-27 14:00:00+00:00,2015-03-28 21:00:00+00:00,32,0.0,0.0,0.8,0.1,plausible_physical_zero_not_rejected
rain_kochel,frozen,2015-04-07 00:00:00+00:00,2015-04-17 04:00:00+00:00,245,0.0,0.0,0.2,0.7,plausible_physical_zero_not_rejected
rain_kochel,frozen,2015-04-18 04:00:00+00:00,2015-04-23 19:00:00+00:00,136,0.0,0.0,0.1,0.1,plausible_physical_zero_not_rejected
rain_kochel,frozen,2015-04-23 21:00:00+00:00,2015-04-26 01:00:00+00:00,53,0.0,0.0,0.1,0.1,plausible_physical_zero_not_rejected
rain_kochel,frozen,2015-04-26 03:00:00+00:00,2015-04-28 00:00:00+00:00,46,0.0,0.0,0.1,0.1,plausible_physical_zero_not_rejected
rain_kochel,frozen,2015-04-28 16:00:00+00:00,2015-04-30 02:00:00+00:00,35,0.0,0.0,0.7,0.6,plausible_physical_zero_not_rejected
rain_kochel,frozen,2015-05-04 08:00:00+00:00,2015-05-06 02:00:00+00:00,43,0.0,0.0,0.3,0.1,plausible_physical_zero_not_rejected
rain_kochel,frozen,2015-05-07 02:00:00+00:00,2015-05-10 05:00:00+00:00,76,0.0,0.0,2.3,0.4,plausible_physical_zero_not_rejected
rain_kochel,frozen,2015-05-10 07:00:00+00:00,2015-05-13 14:00:00+00:00,80,0.0,0.0,0.4,0.1,plausible_physical_zero_not_rejected
rain_kochel,frozen,2015-05-15 20:00:00+00:00,2015-05-17 05:00:00+00:00,34,0.0,0.0,0.4,0.2,plausible_physical_zero_not_rejected
rain_kochel,frozen,2015-05-17 09:00:00+00:00,2015-05-18 17:00:00+00:00,33,0.0,0.0,0.1,0.5,plausible_physical_zero_not_rejected
rain_kochel,frozen,2015-05-24 05:00:00+00:00,2015-05-25 17:00:00+00:00,37,0.0,0.0,0.3,2.4,plausible_physical_zero_not_rejected
rain_kochel,frozen,2015-05-27 11:00:00+00:00,2015-05-29 19:00:00+00:00,57,0.0,0.0,0.1,0.3,plausible_physical_zero_not_rejected
rain_kochel,frozen,2015-05-30 06:00:00+00:00,2015-06-01 16:00:00+00:00,59,0.0,0.0,0.1,0.1,plausible_physical_zero_not_rejected
rain_kochel,frozen,2015-06-02 03:00:00+00:00,2015-06-06 04:00:00+00:00,98,0.0,0.0,0.1,0.1,plausible_physical_zero_not_rejected
rain_kochel,frozen,2015-06-06 22:00:00+00:00,2015-06-07 21:00:00+00:00,24,0.0,0.0,3.0,0.2,plausible_physical_zero_not_rejected
rain_kochel,frozen,2015-06-09 18:00:00+00:00,2015-06-11 19:00:00+00:00,50,0.0,0.0,0.2,0.2,plausible_physical_zero_not_rejected
rain_kochel,frozen,2015-06-11 21:00:00+00:00,2015-06-13 18:00:00+00:00,46,0.0,0.0,0.2,0.4,plausible_physical_zero_not_rejected
rain_kochel,frozen,2015-06-15 23:00:00+00:00,2015-06-18 10:00:00+00:00,60,0.0,0.0,0.1,0.4,plausible_physical_zero_not_rejected
rain_kochel,frozen,2015-06-24 00:00:00+00:00,2015-06-27 13:00:00+00:00,86,0.0,0.0,0.1,1.9,plausible_physical_zero_not_rejected
rain_kochel,frozen,2015-06-28 03:00:00+00:00,2015-07-03 09:00:00+00:00,127,0.0,0.0,6.1,0.5,plausible_physical_zero_not_rejected
rain_kochel,frozen,2015-07-03 11:00:00+00:00,2015-07-06 02:00:00+00:00,64,0.0,0.0,0.5,3.0,plausible_physical_zero_not_rejected
rain_kochel,frozen,2015-07-06 07:00:00+00:00,2015-07-07 20:00:00+00:00,38,0.0,0.0,0.6,0.6,plausible_physical_zero_not_rejected
rain_kochel,frozen,2015-07-08 14:00:00+00:00,2015-07-13 00:00:00+00:00,107,0.0,0.0,0.2,0.8,plausible_physical_zero_not_rejected
rain_kochel,frozen,2015-07-13 17:00:00+00:00,2015-07-17 17:00:00+00:00,97,0.0,0.0,0.1,2.8,plausible_physical_zero_not_rejected
rain_kochel,frozen,2015-07-18 18:00:00+00:00,2015-07-19 17:00:00+00:00,24,0.0,0.0,1.4,18.1,plausible_physical_zero_not_rejected
rain_kochel,frozen,2015-07-19 23:00:00+00:00,2015-07-22 14:00:00+00:00,64,0.0,0.0,0.2,0.9,plausible_physical_zero_not_rejected
rain_kochel,frozen,2015-07-23 22:00:00+00:00,2015-07-25 12:00:00+00:00,39,0.0,0.0,0.1,0.2,plausible_physical_zero_not_rejected
rain_kochel,frozen,2015-07-25 14:00:00+00:00,2015-07-26 20:00:00+00:00,31,0.0,0.0,0.2,0.6,plausible_physical_zero_not_rejected
rain_kochel,frozen,2015-07-27 07:00:00+00:00,2015-07-28 20:00:00+00:00,38,0.0,0.0,1.8,0.9,plausible_physical_zero_not_rejected
rain_kochel,frozen,2015-07-29 23:00:00+00:00,2015-08-01 21:00:00+00:00,71,0.0,0.0,0.7,0.1,plausible_physical_zero_not_rejected
rain_kochel,frozen,2015-08-02 10:00:00+00:00,2015-08-04 18:00:00+00:00,57,0.0,0.0,0.5,1.1,plausible_physical_zero_not_rejected
rain_kochel,frozen,2015-08-04 21:00:00+00:00,2015-08-14 13:00:00+00:00,233,0.0,0.0,0.1,0.1,plausible_physical_zero_not_rejected
rain_kochel,frozen,2015-08-20 21:00:00+00:00,2015-08-23 16:00:00+00:00,68,0.0,0.0,0.1,0.2,plausible_physical_zero_not_rejected
rain_kochel,frozen,2015-08-23 18:00:00+00:00,2015-08-24 21:00:00+00:00,28,0.0,0.0,0.2,0.2,plausible_physical_zero_not_rejected
rain_kochel,frozen,2015-08-25 09:00:00+00:00,2015-09-01 16:00:00+00:00,176,0.0,0.0,1.0,5.9,plausible_physical_zero_not_rejected
rain_kochel,frozen,2015-09-06 15:00:00+00:00,2015-09-11 14:00:00+00:00,120,0.0,0.0,0.2,0.5,plausible_physical_zero_not_rejected
rain_kochel,frozen,2015-09-11 22:00:00+00:00,2015-09-14 04:00:00+00:00,55,0.0,0.0,0.7,0.2,plausible_physical_zero_not_rejected
rain_kochel,frozen,2015-09-14 17:00:00+00:00,2015-09-17 14:00:00+00:00,70,0.0,0.0,2.0,0.1,plausible_physical_zero_not_rejected
rain_kochel,frozen,2015-09-20 14:00:00+00:00,2015-09-22 18:00:00+00:00,53,0.0,0.0,0.1,0.1,plausible_physical_zero_not_rejected
rain_kochel,frozen,2015-09-24 10:00:00+00:00,2015-10-04 10:00:00+00:00,241,0.0,0.0,0.4,0.5,plausible_physical_zero_not_rejected
rain_kochel,frozen,2015-10-04 14:00:00+00:00,2015-10-05 21:00:00+00:00,32,0.0,0.0,2.2,0.2,plausible_physical_zero_not_rejected
rain_kochel,frozen,2015-10-08 18:00:00+00:00,2015-10-11 08:00:00+00:00,63,0.0,0.0,0.2,0.1,plausible_physical_zero_not_rejected
rain_kochel,frozen,2015-10-11 10:00:00+00:00,2015-10-13 04:00:00+00:00,43,0.0,0.0,0.1,0.1,plausible_physical_zero_not_rejected
rain_kochel,frozen,2015-10-19 17:00:00+00:00,2015-10-23 03:00:00+00:00,83,0.0,0.0,0.1,,plausible_physical_zero_not_rejected
rain_kochel,frozen,2015-10-23 08:00:00+00:00,2015-10-29 09:00:00+00:00,146,0.0,0.0,,,plausible_physical_zero_not_rejected
rain_kochel,frozen,2015-10-29 11:00:00+00:00,2015-11-14 01:00:00+00:00,375,0.0,0.0,,0.2,plausible_physical_zero_not_rejected
rain_kochel,frozen,2015-11-14 05:00:00+00:00,2015-11-20 06:00:00+00:00,146,0.0,0.0,0.1,0.6,plausible_physical_zero_not_rejected
rain_kochel,frozen,2015-11-23 02:00:00+00:00,2015-11-25 17:00:00+00:00,64,0.0,0.0,0.1,0.3,plausible_physical_zero_not_rejected
rain_kochel,frozen,2015-11-26 22:00:00+00:00,2015-11-28 09:00:00+00:00,36,0.0,0.0,0.2,0.2,plausible_physical_zero_not_rejected
rain_kochel,frozen,2015-11-29 17:00:00+00:00,2015-12-01 03:00:00+00:00,35,0.0,0.0,0.2,0.2,plausible_physical_zero_not_rejected
rain_kochel,frozen,2015-12-01 23:00:00+00:00,2015-12-04 18:00:00+00:00,68,0.0,0.0,0.2,0.3,plausible_physical_zero_not_rejected
rain_kochel,frozen,2015-12-05 01:00:00+00:00,2015-12-09 08:00:00+00:00,104,0.0,0.0,0.1,0.9,plausible_physical_zero_not_rejected
rain_kochel,frozen,2015-12-09 22:00:00+00:00,2015-12-16 10:00:00+00:00,157,0.0,0.0,0.2,0.4,plausible_physical_zero_not_rejected
rain_kochel,frozen,2015-12-17 08:00:00+00:00,2015-12-18 08:00:00+00:00,25,0.0,0.0,0.2,0.2,plausible_physical_zero_not_rejected
rain_kochel,frozen,2015-12-18 23:00:00+00:00,2015-12-31 13:00:00+00:00,303,0.0,0.0,0.1,0.3,plausible_physical_zero_not_rejected
rain_kochel,frozen,2016-01-01 11:00:00+00:00,2016-01-02 20:00:00+00:00,34,0.0,0.0,0.2,0.3,plausible_physical_zero_not_rejected
rain_kochel,frozen,2016-01-05 11:00:00+00:00,2016-01-06 16:00:00+00:00,30,0.0,0.0,0.2,0.1,plausible_physical_zero_not_rejected
rain_kochel,frozen,2016-01-13 01:00:00+00:00,2016-01-14 20:00:00+00:00,44,0.0,0.0,0.4,0.1,plausible_physical_zero_not_rejected
rain_kochel,frozen,2016-01-18 00:00:00+00:00,2016-01-19 18:00:00+00:00,43,0.0,0.0,0.5,0.1,plausible_physical_zero_not_rejected
rain_kochel,frozen,2016-01-20 08:00:00+00:00,2016-01-23 05:00:00+00:00,70,0.0,0.0,0.1,0.2,plausible_physical_zero_not_rejected
rain_kochel,frozen,2016-01-23 10:00:00+00:00,2016-01-28 17:00:00+00:00,128,0.0,0.0,0.1,0.1,plausible_physical_zero_not_rejected
rain_kochel,frozen,2016-01-29 10:00:00+00:00,2016-01-30 21:00:00+00:00,36,0.0,0.0,0.6,0.1,plausible_physical_zero_not_rejected
rain_kochel,frozen,2016-02-01 01:00:00+00:00,2016-02-03 06:00:00+00:00,54,0.0,0.0,0.2,0.2,plausible_physical_zero_not_rejected
rain_kochel,frozen,2016-02-05 05:00:00+00:00,2016-02-07 20:00:00+00:00,64,0.0,0.0,0.1,0.1,plausible_physical_zero_not_rejected
rain_kochel,frozen,2016-02-10 12:00:00+00:00,2016-02-13 06:00:00+00:00,67,0.0,0.0,0.1,0.1,plausible_physical_zero_not_rejected
rain_kochel,frozen,2016-02-13 12:00:00+00:00,2016-02-14 17:00:00+00:00,30,0.0,0.0,0.1,4.6,plausible_physical_zero_not_rejected
rain_kochel,frozen,2016-02-17 11:00:00+00:00,2016-02-19 08:00:00+00:00,46,0.0,0.0,0.2,0.1,plausible_physical_zero_not_rejected
rain_kochel,frozen,2016-02-19 10:00:00+00:00,2016-02-20 13:00:00+00:00,28,0.0,0.0,0.1,0.8,plausible_physical_zero_not_rejected
rain_kochel,frozen,2016-02-21 11:00:00+00:00,2016-02-22 23:00:00+00:00,37,0.0,0.0,0.1,0.1,plausible_physical_zero_not_rejected
rain_kochel,frozen,2016-02-23 22:00:00+00:00,2016-02-24 21:00:00+00:00,24,0.0,0.0,0.1,0.1,plausible_physical_zero_not_rejected
rain_kochel,frozen,2016-02-26 01:00:00+00:00,2016-02-29 05:00:00+00:00,77,0.0,0.0,0.1,0.1,plausible_physical_zero_not_rejected
rain_kochel,frozen,2016-03-04 03:00:00+00:00,2016-03-05 15:00:00+00:00,37,0.0,0.0,0.1,0.1,plausible_physical_zero_not_rejected
rain_kochel,frozen,2016-03-06 04:00:00+00:00,2016-03-07 08:00:00+00:00,29,0.0,0.0,0.1,0.1,plausible_physical_zero_not_rejected
rain_kochel,frozen,2016-03-09 07:00:00+00:00,2016-03-15 09:00:00+00:00,147,0.0,0.0,,0.2,plausible_physical_zero_not_rejected
rain_kochel,frozen,2016-03-15 18:00:00+00:00,2016-03-23 09:00:00+00:00,184,0.0,0.0,0.1,0.1,plausible_physical_zero_not_rejected
rain_kochel,frozen,2016-03-24 02:00:00+00:00,2016-03-25 06:00:00+00:00,29,0.0,0.0,0.1,0.2,plausible_physical_zero_not_rejected
rain_kochel,frozen,2016-03-26 08:00:00+00:00,2016-03-27 20:00:00+00:00,37,0.0,0.0,1.0,1.6,plausible_physical_zero_not_rejected
rain_kochel,frozen,2016-03-28 00:00:00+00:00,2016-03-30 02:00:00+00:00,51,0.0,0.0,0.1,0.1,plausible_physical_zero_not_rejected
rain_kochel,frozen,2016-03-30 04:00:00+00:00,2016-04-01 16:00:00+00:00,61,0.0,0.0,0.1,0.2,plausible_physical_zero_not_rejected
rain_kochel,frozen,2016-04-01 18:00:00+00:00,2016-04-05 23:00:00+00:00,102,0.0,0.0,0.2,0.1,plausible_physical_zero_not_rejected
rain_kochel,frozen,2016-04-06 11:00:00+00:00,2016-04-07 16:00:00+00:00,30,0.0,0.0,0.2,0.3,plausible_physical_zero_not_rejected
rain_kochel,frozen,2016-04-09 21:00:00+00:00,2016-04-13 13:00:00+00:00,89,0.0,0.0,0.1,4.3,plausible_physical_zero_not_rejected
rain_kochel,frozen,2016-04-14 13:00:00+00:00,2016-04-15 18:00:00+00:00,30,0.0,0.0,1.5,0.1,plausible_physical_zero_not_rejected
rain_kochel,frozen,2016-04-15 20:00:00+00:00,2016-04-17 10:00:00+00:00,39,0.0,0.0,0.1,0.2,plausible_physical_zero_not_rejected
rain_kochel,frozen,2016-04-18 23:00:00+00:00,2016-04-23 12:00:00+00:00,110,0.0,0.0,0.1,0.1,plausible_physical_zero_not_rejected
rain_kochel,frozen,2016-04-25 13:00:00+00:00,2016-04-26 14:00:00+00:00,26,0.0,0.0,0.7,0.2,plausible_physical_zero_not_rejected
rain_kochel,frozen,2016-04-27 08:00:00+00:00,2016-05-01 07:00:00+00:00,96,0.0,0.0,0.1,0.2,plausible_physical_zero_not_rejected
rain_kochel,frozen,2016-05-02 03:00:00+00:00,2016-05-03 10:00:00+00:00,32,0.0,0.0,0.7,3.6,plausible_physical_zero_not_rejected
rain_kochel,frozen,2016-05-04 07:00:00+00:00,2016-05-10 14:00:00+00:00,152,0.0,0.0,0.1,0.4,plausible_physical_zero_not_rejected
rain_kochel,frozen,2016-05-10 18:00:00+00:00,2016-05-12 10:00:00+00:00,41,0.0,0.0,1.6,0.3,plausible_physical_zero_not_rejected
rain_kochel,frozen,2016-05-17 00:00:00+00:00,2016-05-18 23:00:00+00:00,48,0.0,0.0,0.1,0.1,plausible_physical_zero_not_rejected
rain_kochel,frozen,2016-05-20 04:00:00+00:00,2016-05-23 07:00:00+00:00,76,0.0,0.0,0.1,0.1,plausible_physical_zero_not_rejected
rain_kochel,frozen,2016-05-24 20:00:00+00:00,2016-05-27 18:00:00+00:00,71,0.0,0.0,0.1,4.9,plausible_physical_zero_not_rejected
rain_kochel,frozen,2016-06-05 13:00:00+00:00,2016-06-08 05:00:00+00:00,65,0.0,0.0,0.1,0.1,plausible_physical_zero_not_rejected
rain_kochel,frozen,2016-06-09 15:00:00+00:00,2016-06-11 06:00:00+00:00,40,0.0,0.0,1.1,0.5,plausible_physical_zero_not_rejected
rain_kochel,frozen,2016-06-20 03:00:00+00:00,2016-06-21 05:00:00+00:00,27,0.0,0.0,0.2,0.1,plausible_physical_zero_not_rejected
rain_kochel,frozen,2016-06-21 09:00:00+00:00,2016-06-24 22:00:00+00:00,86,0.0,0.0,0.1,1.1,plausible_physical_zero_not_rejected
rain_kochel,frozen,2016-06-27 05:00:00+00:00,2016-06-29 02:00:00+00:00,46,0.0,0.0,0.1,0.1,plausible_physical_zero_not_rejected
rain_kochel,frozen,2016-07-01 00:00:00+00:00,2016-07-02 00:00:00+00:00,25,0.0,0.0,6.9,0.2,plausible_physical_zero_not_rejected
rain_kochel,frozen,2016-07-03 00:00:00+00:00,2016-07-08 20:00:00+00:00,141,0.0,0.0,0.1,0.2,plausible_physical_zero_not_rejected
rain_kochel,frozen,2016-07-09 08:00:00+00:00,2016-07-10 21:00:00+00:00,38,0.0,0.0,0.3,8.7,plausible_physical_zero_not_rejected
rain_kochel,frozen,2016-07-15 20:00:00+00:00,2016-07-17 05:00:00+00:00,34,0.0,0.0,1.4,0.1,plausible_physical_zero_not_rejected
rain_kochel,frozen,2016-07-17 07:00:00+00:00,2016-07-21 06:00:00+00:00,96,0.0,0.0,0.1,1.7,plausible_physical_zero_not_rejected
rain_kochel,frozen,2016-07-21 10:00:00+00:00,2016-07-22 15:00:00+00:00,30,0.0,0.0,0.5,34.1,plausible_physical_zero_not_rejected
rain_kochel,frozen,2016-07-28 01:00:00+00:00,2016-07-29 02:00:00+00:00,26,0.0,0.0,0.3,0.1,plausible_physical_zero_not_rejected
rain_kochel,frozen,2016-07-29 06:00:00+00:00,2016-07-30 22:00:00+00:00,41,0.0,0.0,0.4,0.1,plausible_physical_zero_not_rejected
rain_kochel,frozen,2016-08-01 06:00:00+00:00,2016-08-02 17:00:00+00:00,36,0.0,0.0,0.1,0.1,plausible_physical_zero_not_rejected
rain_kochel,frozen,2016-08-02 23:00:00+00:00,2016-08-04 22:00:00+00:00,48,0.0,0.0,0.8,4.0,plausible_physical_zero_not_rejected
rain_kochel,frozen,2016-08-06 22:00:00+00:00,2016-08-09 04:00:00+00:00,55,0.0,0.0,0.1,4.8,plausible_physical_zero_not_rejected
rain_kochel,frozen,2016-08-12 20:00:00+00:00,2016-08-16 19:00:00+00:00,96,0.0,0.0,0.2,3.4,plausible_physical_zero_not_rejected
rain_kochel,frozen,2016-08-17 00:00:00+00:00,2016-08-18 00:00:00+00:00,25,0.0,0.0,4.1,6.4,plausible_physical_zero_not_rejected
rain_kochel,frozen,2016-08-19 05:00:00+00:00,2016-08-20 15:00:00+00:00,35,0.0,0.0,0.3,0.5,plausible_physical_zero_not_rejected
rain_kochel,frozen,2016-08-21 23:00:00+00:00,2016-08-29 04:00:00+00:00,174,0.0,0.0,0.2,0.7,plausible_physical_zero_not_rejected
rain_kochel,frozen,2016-08-30 02:00:00+00:00,2016-09-01 04:00:00+00:00,51,0.0,0.0,0.2,0.4,plausible_physical_zero_not_rejected
rain_kochel,frozen,2016-09-01 10:00:00+00:00,2016-09-04 17:00:00+00:00,80,0.0,0.0,1.0,0.3,plausible_physical_zero_not_rejected
rain_kochel,frozen,2016-09-06 14:00:00+00:00,2016-09-16 15:00:00+00:00,242,0.0,0.0,0.2,0.6,plausible_physical_zero_not_rejected
rain_kochel,frozen,2016-09-19 23:00:00+00:00,2016-10-02 02:00:00+00:00,292,0.0,0.0,0.3,0.4,plausible_physical_zero_not_rejected
rain_kochel,frozen,2016-10-04 21:00:00+00:00,2016-10-07 06:00:00+00:00,58,0.0,0.0,,0.1,plausible_physical_zero_not_rejected
rain_kochel,frozen,2016-10-08 23:00:00+00:00,2016-10-11 18:00:00+00:00,68,0.0,0.0,0.3,1.5,plausible_physical_zero_not_rejected
rain_kochel,frozen,2016-10-12 03:00:00+00:00,2016-10-17 18:00:00+00:00,136,0.0,0.0,0.2,,plausible_physical_zero_not_rejected
rain_kochel,frozen,2016-11-21 01:00:00+00:00,2016-11-27 03:00:00+00:00,147,0.0,0.0,,0.1,plausible_physical_zero_not_rejected
rain_kochel,frozen,2016-11-27 23:00:00+00:00,2016-12-02 16:00:00+00:00,114,0.0,0.0,0.6,0.1,plausible_physical_zero_not_rejected
rain_kochel,frozen,2016-12-02 19:00:00+00:00,2016-12-10 07:00:00+00:00,181,0.0,0.0,0.2,,plausible_physical_zero_not_rejected
rain_kochel,frozen,2016-12-13 11:00:00+00:00,2016-12-14 15:00:00+00:00,29,0.0,0.0,,,plausible_physical_zero_not_rejected
rain_kochel,frozen,2016-12-14 17:00:00+00:00,2016-12-18 19:00:00+00:00,99,0.0,0.0,,0.7,plausible_physical_zero_not_rejected
rain_kochel,frozen,2016-12-19 03:00:00+00:00,2016-12-20 02:00:00+00:00,24,0.0,0.0,0.2,,plausible_physical_zero_not_rejected
rain_kochel,frozen,2016-12-20 17:00:00+00:00,2016-12-25 03:00:00+00:00,107,0.0,0.0,,1.1,plausible_physical_zero_not_rejected
rain_kochel,frozen,2016-12-25 15:00:00+00:00,2016-12-26 15:00:00+00:00,25,0.0,0.0,0.3,0.1,plausible_physical_zero_not_rejected
rain_kochel,frozen,2016-12-27 01:00:00+00:00,2017-01-02 18:00:00+00:00,162,0.0,0.0,0.4,0.5,plausible_physical_zero_not_rejected
rain_kochel,frozen,2017-01-03 01:00:00+00:00,2017-01-04 06:00:00+00:00,30,0.0,0.0,0.1,0.2,plausible_physical_zero_not_rejected
rain_kochel,frozen,2017-01-06 11:00:00+00:00,2017-01-07 20:00:00+00:00,34,0.0,0.0,,,plausible_physical_zero_not_rejected
rain_kochel,frozen,2017-01-08 23:00:00+00:00,2017-01-10 06:00:00+00:00,32,0.0,0.0,,,plausible_physical_zero_not_rejected
rain_kochel,frozen,2017-02-10 11:00:00+00:00,2017-02-17 03:00:00+00:00,161,0.0,0.0,,1.7,plausible_physical_zero_not_rejected
rain_kochel,frozen,2017-02-18 07:00:00+00:00,2017-02-19 21:00:00+00:00,39,0.0,0.0,0.1,0.1,plausible_physical_zero_not_rejected
rain_kochel,frozen,2017-02-22 04:00:00+00:00,2017-02-24 02:00:00+00:00,47,0.0,0.0,,0.2,plausible_physical_zero_not_rejected
rain_kochel,frozen,2017-02-24 18:00:00+00:00,2017-02-28 07:00:00+00:00,86,0.0,0.0,0.2,0.7,plausible_physical_zero_not_rejected
rain_kochel,frozen,2017-03-02 12:00:00+00:00,2017-03-05 04:00:00+00:00,65,0.0,0.0,0.4,0.3,plausible_physical_zero_not_rejected
rain_kochel,frozen,2017-03-10 04:00:00+00:00,2017-03-18 09:00:00+00:00,198,0.0,0.0,1.0,0.2,plausible_physical_zero_not_rejected
rain_kochel,frozen,2017-03-19 08:00:00+00:00,2017-03-21 21:00:00+00:00,62,0.0,0.0,0.1,0.1,plausible_physical_zero_not_rejected
rain_kochel,frozen,2017-03-22 11:00:00+00:00,2017-04-03 19:00:00+00:00,297,0.0,0.0,0.6,3.6,plausible_physical_zero_not_rejected
rain_kochel,frozen,2017-04-06 08:00:00+00:00,2017-04-10 22:00:00+00:00,111,0.0,0.0,0.1,0.1,plausible_physical_zero_not_rejected
rain_kochel,frozen,2017-04-11 08:00:00+00:00,2017-04-15 20:00:00+00:00,109,0.0,0.0,0.2,0.7,plausible_physical_zero_not_rejected
rain_kochel,frozen,2017-04-20 14:00:00+00:00,2017-04-22 17:00:00+00:00,52,0.0,0.0,0.2,0.1,plausible_physical_zero_not_rejected
rain_kochel,frozen,2017-04-23 04:00:00+00:00,2017-04-25 12:00:00+00:00,57,0.0,0.0,0.1,0.2,plausible_physical_zero_not_rejected
rain_kochel,frozen,2017-04-28 19:00:00+00:00,2017-05-01 12:00:00+00:00,66,0.0,0.0,0.6,0.2,plausible_physical_zero_not_rejected
rain_kochel,frozen,2017-05-02 05:00:00+00:00,2017-05-03 04:00:00+00:00,24,0.0,0.0,0.1,0.1,plausible_physical_zero_not_rejected
rain_kochel,frozen,2017-05-05 09:00:00+00:00,2017-05-06 20:00:00+00:00,36,0.0,0.0,0.1,0.6,plausible_physical_zero_not_rejected
rain_kochel,frozen,2017-05-09 12:00:00+00:00,2017-05-12 04:00:00+00:00,65,0.0,0.0,0.2,1.2,plausible_physical_zero_not_rejected
rain_kochel,frozen,2017-05-15 08:00:00+00:00,2017-05-19 17:00:00+00:00,106,0.0,0.0,0.1,,plausible_physical_zero_not_rejected
rain_kochel,frozen,2017-05-19 22:00:00+00:00,2017-05-20 22:00:00+00:00,25,0.0,0.0,0.1,0.1,plausible_physical_zero_not_rejected
rain_kochel,frozen,2017-05-21 00:00:00+00:00,2017-05-23 18:00:00+00:00,67,0.0,0.0,0.1,0.1,plausible_physical_zero_not_rejected
rain_kochel,frozen,2017-05-25 02:00:00+00:00,2017-05-30 16:00:00+00:00,135,0.0,0.0,2.6,0.3,plausible_physical_zero_not_rejected
rain_kochel,frozen,2017-06-01 11:00:00+00:00,2017-06-04 06:00:00+00:00,68,0.0,0.0,4.4,1.6,plausible_physical_zero_not_rejected
rain_kochel,frozen,2017-06-06 18:00:00+00:00,2017-06-09 19:00:00+00:00,74,0.0,0.0,0.4,0.5,plausible_physical_zero_not_rejected
rain_kochel,frozen,2017-06-10 04:00:00+00:00,2017-06-15 20:00:00+00:00,137,0.0,0.0,1.3,0.1,plausible_physical_zero_not_rejected
rain_kochel,frozen,2017-06-16 11:00:00+00:00,2017-06-20 23:00:00+00:00,109,0.0,0.0,0.3,0.1,plausible_physical_zero_not_rejected
rain_kochel,frozen,2017-06-21 01:00:00+00:00,2017-06-25 04:00:00+00:00,100,0.0,0.0,0.1,0.2,plausible_physical_zero_not_rejected
rain_kochel,frozen,2017-06-25 14:00:00+00:00,2017-06-26 20:00:00+00:00,31,0.0,0.0,3.8,1.0,plausible_physical_zero_not_rejected
rain_kochel,frozen,2017-07-01 02:00:00+00:00,2017-07-02 01:00:00+00:00,24,0.0,0.0,0.2,0.1,plausible_physical_zero_not_rejected
rain_kochel,frozen,2017-07-03 06:00:00+00:00,2017-07-07 20:00:00+00:00,111,0.0,0.0,1.8,4.5,plausible_physical_zero_not_rejected
rain_kochel,frozen,2017-07-15 08:00:00+00:00,2017-07-18 20:00:00+00:00,85,0.0,0.0,0.1,,plausible_physical_zero_not_rejected
rain_kochel,frozen,2017-07-28 14:00:00+00:00,2017-07-30 07:00:00+00:00,42,0.0,0.0,1.0,1.8,plausible_physical_zero_not_rejected
rain_kochel,frozen,2017-07-30 20:00:00+00:00,2017-08-01 19:00:00+00:00,48,0.0,0.0,1.4,13.9,plausible_physical_zero_not_rejected
rain_kochel,frozen,2017-08-02 05:00:00+00:00,2017-08-04 15:00:00+00:00,59,0.0,0.0,4.0,0.1,plausible_physical_zero_not_rejected
rain_kochel,frozen,2017-08-04 17:00:00+00:00,2017-08-05 21:00:00+00:00,29,0.0,0.0,0.1,0.3,plausible_physical_zero_not_rejected
rain_kochel,frozen,2017-08-06 16:00:00+00:00,2017-08-08 19:00:00+00:00,52,0.0,0.0,1.3,10.6,plausible_physical_zero_not_rejected
rain_kochel,frozen,2017-08-12 07:00:00+00:00,2017-08-15 22:00:00+00:00,88,0.0,0.0,0.2,9.2,plausible_physical_zero_not_rejected
rain_kochel,frozen,2017-08-16 06:00:00+00:00,2017-08-18 19:00:00+00:00,62,0.0,0.0,0.1,0.7,plausible_physical_zero_not_rejected
rain_kochel,frozen,2017-08-19 17:00:00+00:00,2017-08-24 18:00:00+00:00,122,0.0,0.0,0.5,27.5,plausible_physical_zero_not_rejected
rain_kochel,frozen,2017-08-24 22:00:00+00:00,2017-08-27 13:00:00+00:00,64,0.0,0.0,0.9,0.4,plausible_physical_zero_not_rejected
rain_kochel,frozen,2017-08-28 16:00:00+00:00,2017-08-31 14:00:00+00:00,71,0.0,0.0,0.3,0.2,plausible_physical_zero_not_rejected
rain_kochel,frozen,2017-09-03 16:00:00+00:00,2017-09-05 05:00:00+00:00,38,0.0,0.0,1.9,0.1,plausible_physical_zero_not_rejected
rain_kochel,frozen,2017-09-07 05:00:00+00:00,2017-09-09 15:00:00+00:00,59,0.0,0.0,0.3,0.4,plausible_physical_zero_not_rejected
rain_kochel,frozen,2017-09-10 12:00:00+00:00,2017-09-11 15:00:00+00:00,28,0.0,0.0,0.3,0.1,plausible_physical_zero_not_rejected
rain_kochel,frozen,2017-09-12 11:00:00+00:00,2017-09-14 10:00:00+00:00,48,0.0,0.0,0.1,0.8,plausible_physical_zero_not_rejected
rain_kochel,frozen,2017-09-14 17:00:00+00:00,2017-09-15 23:00:00+00:00,31,0.0,0.0,0.1,0.1,plausible_physical_zero_not_rejected
rain_kochel,frozen,2017-09-20 15:00:00+00:00,2017-09-24 02:00:00+00:00,84,0.0,0.0,0.3,0.1,plausible_physical_zero_not_rejected
rain_kochel,frozen,2017-09-25 18:00:00+00:00,2017-09-30 20:00:00+00:00,123,0.0,0.0,0.1,3.7,plausible_physical_zero_not_rejected
rain_kochel,frozen,2017-10-01 12:00:00+00:00,2017-10-02 15:00:00+00:00,28,0.0,0.0,0.1,0.2,plausible_physical_zero_not_rejected
rain_kochel,frozen,2017-10-03 16:00:00+00:00,2017-10-05 19:00:00+00:00,52,0.0,0.0,0.1,0.5,plausible_physical_zero_not_rejected
rain_kochel,frozen,2017-10-06 23:00:00+00:00,2017-10-08 02:00:00+00:00,28,0.0,0.0,0.2,0.1,plausible_physical_zero_not_rejected
rain_kochel,frozen,2017-10-10 19:00:00+00:00,2017-10-21 06:00:00+00:00,252,0.0,0.0,0.1,0.1,plausible_physical_zero_not_rejected
rain_kochel,frozen,2017-10-24 07:00:00+00:00,2017-10-27 05:00:00+00:00,71,0.0,0.0,0.2,1.4,plausible_physical_zero_not_rejected
rain_kochel,frozen,2017-10-27 17:00:00+00:00,2017-10-28 22:00:00+00:00,30,0.0,0.0,0.1,0.1,plausible_physical_zero_not_rejected
rain_kochel,frozen,2017-10-29 18:00:00+00:00,2017-11-02 23:00:00+00:00,102,0.0,0.0,2.1,0.4,plausible_physical_zero_not_rejected
rain_kochel,frozen,2017-11-03 09:00:00+00:00,2017-11-05 12:00:00+00:00,52,0.0,0.0,0.3,0.1,plausible_physical_zero_not_rejected
rain_kochel,frozen,2017-11-06 23:00:00+00:00,2017-11-10 18:00:00+00:00,92,0.0,0.0,0.1,0.1,plausible_physical_zero_not_rejected
rain_kochel,frozen,2017-11-14 03:00:00+00:00,2017-11-19 01:00:00+00:00,119,0.0,0.0,0.6,0.3,plausible_physical_zero_not_rejected
rain_kochel,frozen,2017-11-19 14:00:00+00:00,2017-11-21 09:00:00+00:00,44,0.0,0.0,0.2,0.1,plausible_physical_zero_not_rejected
rain_kochel,frozen,2017-11-21 16:00:00+00:00,2017-11-25 11:00:00+00:00,92,0.0,0.0,0.1,0.3,plausible_physical_zero_not_rejected
rain_kochel,frozen,2017-11-26 08:00:00+00:00,2017-11-29 06:00:00+00:00,71,0.0,0.0,0.1,0.2,plausible_physical_zero_not_rejected
rain_kochel,frozen,2017-11-30 06:00:00+00:00,2017-12-04 01:00:00+00:00,92,0.0,0.0,0.3,0.2,plausible_physical_zero_not_rejected
rain_kochel,frozen,2017-12-05 03:00:00+00:00,2017-12-08 08:00:00+00:00,78,0.0,0.0,0.1,0.1,plausible_physical_zero_not_rejected
rain_kochel,frozen,2017-12-09 06:00:00+00:00,2017-12-10 16:00:00+00:00,35,0.0,0.0,0.1,1.6,plausible_physical_zero_not_rejected
rain_kochel,frozen,2017-12-10 20:00:00+00:00,2017-12-11 21:00:00+00:00,26,0.0,0.0,0.1,,plausible_physical_zero_not_rejected
rain_kochel,frozen,2017-12-23 10:00:00+00:00,2017-12-27 18:00:00+00:00,105,0.0,0.0,,,plausible_physical_zero_not_rejected
rain_kochel,frozen,2018-03-11 14:00:00+00:00,2018-03-13 21:00:00+00:00,56,0.0,0.0,0.1,0.1,plausible_physical_zero_not_rejected
rain_kochel,frozen,2018-03-14 05:00:00+00:00,2018-03-16 00:00:00+00:00,44,0.0,0.0,0.1,0.3,plausible_physical_zero_not_rejected
rain_kochel,frozen,2018-03-16 05:00:00+00:00,2018-03-17 16:00:00+00:00,36,0.0,0.0,0.2,0.2,plausible_physical_zero_not_rejected
rain_kochel,frozen,2018-03-21 11:00:00+00:00,2018-03-22 21:00:00+00:00,35,0.0,0.0,0.1,0.3,plausible_physical_zero_not_rejected
rain_kochel,frozen,2018-03-23 17:00:00+00:00,2018-03-26 14:00:00+00:00,70,0.0,0.0,0.1,0.8,plausible_physical_zero_not_rejected
rain_kochel,frozen,2018-03-29 20:00:00+00:00,2018-03-31 03:00:00+00:00,32,0.0,0.0,0.1,0.4,plausible_physical_zero_not_rejected
rain_kochel,frozen,2018-04-01 21:00:00+00:00,2018-04-05 03:00:00+00:00,79,0.0,0.0,1.7,0.1,plausible_physical_zero_not_rejected
rain_kochel,frozen,2018-04-05 22:00:00+00:00,2018-04-13 05:00:00+00:00,176,0.0,0.0,0.1,0.2,plausible_physical_zero_not_rejected
rain_kochel,frozen,2018-04-13 18:00:00+00:00,2018-04-15 21:00:00+00:00,52,0.0,0.0,0.7,0.3,plausible_physical_zero_not_rejected
rain_kochel,frozen,2018-04-17 03:00:00+00:00,2018-04-23 15:00:00+00:00,157,0.0,0.0,3.2,0.2,plausible_physical_zero_not_rejected
rain_kochel,frozen,2018-04-24 01:00:00+00:00,2018-04-25 21:00:00+00:00,45,0.0,0.0,1.1,1.1,plausible_physical_zero_not_rejected
rain_kochel,frozen,2018-04-26 10:00:00+00:00,2018-04-30 05:00:00+00:00,92,0.0,0.0,0.1,0.1,plausible_physical_zero_not_rejected
rain_kochel,frozen,2018-04-30 08:00:00+00:00,2018-05-03 19:00:00+00:00,84,0.0,0.0,0.4,0.1,plausible_physical_zero_not_rejected
rain_kochel,frozen,2018-05-04 00:00:00+00:00,2018-05-10 12:00:00+00:00,157,0.0,0.0,2.1,0.1,plausible_physical_zero_not_rejected
rain_kochel,frozen,2018-05-10 22:00:00+00:00,2018-05-11 21:00:00+00:00,24,0.0,0.0,0.2,,plausible_physical_zero_not_rejected
rain_kochel,frozen,2018-05-24 08:00:00+00:00,2018-05-28 15:00:00+00:00,104,0.0,0.0,0.8,22.3,plausible_physical_zero_not_rejected
rain_kochel,frozen,2018-05-28 18:00:00+00:00,2018-05-29 19:00:00+00:00,26,0.0,0.0,19.0,1.9,plausible_physical_zero_not_rejected
rain_kochel,frozen,2018-05-30 01:00:00+00:00,2018-05-31 15:00:00+00:00,39,0.0,0.0,0.9,0.4,plausible_physical_zero_not_rejected
rain_kochel,frozen,2018-05-31 22:00:00+00:00,2018-06-02 17:00:00+00:00,44,0.0,0.0,0.1,3.2,plausible_physical_zero_not_rejected
rain_kochel,frozen,2018-06-02 19:00:00+00:00,2018-06-07 14:00:00+00:00,116,0.0,0.0,3.2,9.0,plausible_physical_zero_not_rejected
rain_kochel,frozen,2018-06-08 17:00:00+00:00,2018-06-09 19:00:00+00:00,27,0.0,0.0,3.5,2.1,plausible_physical_zero_not_rejected
rain_kochel,frozen,2018-06-09 22:00:00+00:00,2018-06-11 13:00:00+00:00,40,0.0,0.0,0.9,0.5,plausible_physical_zero_not_rejected
rain_kochel,frozen,2018-06-13 20:00:00+00:00,2018-06-17 20:00:00+00:00,97,0.0,0.0,0.7,1.9,plausible_physical_zero_not_rejected
rain_kochel,frozen,2018-06-18 08:00:00+00:00,2018-06-21 19:00:00+00:00,84,0.0,0.0,0.1,0.7,plausible_physical_zero_not_rejected
rain_kochel,frozen,2018-06-22 02:00:00+00:00,2018-06-23 20:00:00+00:00,43,0.0,0.0,0.1,0.1,plausible_physical_zero_not_rejected
rain_kochel,frozen,2018-06-25 11:00:00+00:00,2018-06-27 11:00:00+00:00,49,0.0,0.0,0.2,0.6,plausible_physical_zero_not_rejected
rain_kochel,frozen,2018-06-29 11:00:00+00:00,2018-07-04 00:00:00+00:00,110,0.0,0.0,0.2,,plausible_physical_zero_not_rejected
rain_kochel,frozen,2018-07-07 09:00:00+00:00,2018-07-10 19:00:00+00:00,83,0.0,0.0,,0.3,plausible_physical_zero_not_rejected
rain_kochel,frozen,2018-07-11 08:00:00+00:00,2018-07-15 03:00:00+00:00,92,0.0,0.0,0.1,0.3,plausible_physical_zero_not_rejected
rain_kochel,frozen,2018-07-16 06:00:00+00:00,2018-07-17 11:00:00+00:00,30,0.0,0.0,0.4,2.4,plausible_physical_zero_not_rejected
rain_kochel,frozen,2018-07-17 14:00:00+00:00,2018-07-20 20:00:00+00:00,79,0.0,0.0,2.6,2.7,plausible_physical_zero_not_rejected
rain_kochel,frozen,2018-07-23 03:00:00+00:00,2018-07-28 10:00:00+00:00,128,0.0,0.0,4.4,6.7,plausible_physical_zero_not_rejected
rain_kochel,frozen,2018-07-28 13:00:00+00:00,2018-08-02 19:00:00+00:00,127,0.0,0.0,0.3,0.1,plausible_physical_zero_not_rejected
rain_kochel,frozen,2018-08-02 21:00:00+00:00,2018-08-09 17:00:00+00:00,165,0.0,0.0,0.1,1.5,plausible_physical_zero_not_rejected
rain_kochel,frozen,2018-08-10 16:00:00+00:00,2018-08-13 15:00:00+00:00,72,0.0,0.0,0.8,5.1,plausible_physical_zero_not_rejected
rain_kochel,frozen,2018-08-14 23:00:00+00:00,2018-08-22 14:00:00+00:00,184,0.0,0.0,1.5,0.2,plausible_physical_zero_not_rejected
rain_kochel,frozen,2018-08-26 05:00:00+00:00,2018-08-27 19:00:00+00:00,39,0.0,0.0,0.1,0.2,plausible_physical_zero_not_rejected
rain_kochel,frozen,2018-08-27 21:00:00+00:00,2018-08-29 18:00:00+00:00,46,0.0,0.0,0.2,4.7,plausible_physical_zero_not_rejected
rain_kochel,frozen,2018-09-02 01:00:00+00:00,2018-09-04 01:00:00+00:00,49,0.0,0.0,0.1,0.1,plausible_physical_zero_not_rejected
rain_kochel,frozen,2018-09-04 16:00:00+00:00,2018-09-06 17:00:00+00:00,50,0.0,0.0,0.1,0.7,plausible_physical_zero_not_rejected
rain_kochel,frozen,2018-09-07 09:00:00+00:00,2018-09-13 17:00:00+00:00,153,0.0,0.0,0.1,7.8,plausible_physical_zero_not_rejected
rain_kochel,frozen,2018-09-15 12:00:00+00:00,2018-09-17 02:00:00+00:00,39,0.0,0.0,0.5,0.5,plausible_physical_zero_not_rejected
rain_kochel,frozen,2018-09-17 04:00:00+00:00,2018-09-18 16:00:00+00:00,37,0.0,0.0,0.5,0.3,plausible_physical_zero_not_rejected
rain_kochel,frozen,2018-09-18 20:00:00+00:00,2018-09-21 19:00:00+00:00,72,0.0,0.0,0.9,0.6,plausible_physical_zero_not_rejected
rain_kochel,frozen,2018-09-24 08:00:00+00:00,2018-09-30 23:00:00+00:00,160,0.0,0.0,0.2,0.2,plausible_physical_zero_not_rejected
rain_kochel,frozen,2018-10-02 22:00:00+00:00,2018-10-06 23:00:00+00:00,98,0.0,0.0,0.1,0.3,plausible_physical_zero_not_rejected
rain_kochel,frozen,2018-10-07 02:00:00+00:00,2018-10-23 18:00:00+00:00,401,0.0,0.0,0.1,0.1,plausible_physical_zero_not_rejected
rain_kochel,frozen,2018-10-25 03:00:00+00:00,2018-10-27 06:00:00+00:00,52,0.0,0.0,0.1,0.2,plausible_physical_zero_not_rejected
rain_kochel,frozen,2018-10-30 03:00:00+00:00,2018-11-02 15:00:00+00:00,85,0.0,0.0,0.8,0.5,plausible_physical_zero_not_rejected
rain_kochel,frozen,2018-11-02 21:00:00+00:00,2018-11-08 05:00:00+00:00,129,0.0,0.0,0.1,0.1,plausible_physical_zero_not_rejected
rain_kochel,frozen,2018-11-08 07:00:00+00:00,2018-11-13 13:00:00+00:00,127,0.0,0.0,0.1,0.1,plausible_physical_zero_not_rejected
rain_kochel,frozen,2018-11-13 19:00:00+00:00,2018-11-18 22:00:00+00:00,124,0.0,0.0,0.1,0.1,plausible_physical_zero_not_rejected
rain_kochel,frozen,2018-11-19 07:00:00+00:00,2018-11-24 06:00:00+00:00,120,0.0,0.0,0.1,0.1,plausible_physical_zero_not_rejected
rain_kochel,frozen,2018-11-24 17:00:00+00:00,2018-11-25 23:00:00+00:00,31,0.0,0.0,1.1,0.1,plausible_physical_zero_not_rejected
rain_kochel,frozen,2018-11-27 18:00:00+00:00,2018-11-30 15:00:00+00:00,70,0.0,0.0,0.4,0.3,plausible_physical_zero_not_rejected
rain_kochel,frozen,2018-12-01 09:00:00+00:00,2018-12-02 09:00:00+00:00,25,0.0,0.0,0.1,0.3,plausible_physical_zero_not_rejected
rain_kochel,frozen,2018-12-06 19:00:00+00:00,2018-12-07 23:00:00+00:00,29,0.0,0.0,0.1,0.6,plausible_physical_zero_not_rejected
rain_kochel,frozen,2018-12-11 17:00:00+00:00,2018-12-16 07:00:00+00:00,111,0.0,0.0,0.1,0.4,plausible_physical_zero_not_rejected
rain_kochel,frozen,2018-12-16 11:00:00+00:00,2018-12-17 17:00:00+00:00,31,0.0,0.0,0.3,0.1,plausible_physical_zero_not_rejected
rain_kochel,frozen,2018-12-17 21:00:00+00:00,2018-12-20 01:00:00+00:00,53,0.0,0.0,0.2,0.1,plausible_physical_zero_not_rejected
rain_kochel,frozen,2018-12-20 06:00:00+00:00,2018-12-21 13:00:00+00:00,32,0.0,0.0,0.3,0.1,plausible_physical_zero_not_rejected
rain_kochel,frozen,2018-12-24 16:00:00+00:00,2018-12-30 00:00:00+00:00,129,0.0,0.0,0.2,0.6,plausible_physical_zero_not_rejected
rain_kochel,frozen,2018-12-31 18:00:00+00:00,2019-01-01 23:00:00+00:00,30,0.0,0.0,0.3,0.1,plausible_physical_zero_not_rejected
rain_kochel,frozen,2019-01-03 10:00:00+00:00,2019-01-04 09:00:00+00:00,24,0.0,0.0,0.1,0.2,plausible_physical_zero_not_rejected
rain_kochel,frozen,2019-01-15 04:00:00+00:00,2019-01-18 02:00:00+00:00,71,0.0,0.0,0.2,0.1,plausible_physical_zero_not_rejected
rain_kochel,frozen,2019-01-18 05:00:00+00:00,2019-01-24 18:00:00+00:00,158,0.0,0.0,0.3,0.3,plausible_physical_zero_not_rejected
rain_kochel,frozen,2019-01-25 01:00:00+00:00,2019-01-26 05:00:00+00:00,29,0.0,0.0,0.1,0.3,plausible_physical_zero_not_rejected
rain_kochel,frozen,2019-01-26 13:00:00+00:00,2019-01-27 21:00:00+00:00,33,0.0,0.0,0.1,0.1,plausible_physical_zero_not_rejected
rain_kochel,frozen,2019-01-29 04:00:00+00:00,2019-02-02 04:00:00+00:00,97,0.0,0.0,0.3,0.5,plausible_physical_zero_not_rejected
rain_kochel,frozen,2019-02-04 05:00:00+00:00,2019-02-07 18:00:00+00:00,86,0.0,0.0,0.1,0.7,plausible_physical_zero_not_rejected
rain_kochel,frozen,2019-02-08 01:00:00+00:00,2019-02-10 18:00:00+00:00,66,0.0,0.0,0.1,1.3,plausible_physical_zero_not_rejected
rain_kochel,frozen,2019-02-12 11:00:00+00:00,2019-02-22 01:00:00+00:00,231,0.0,0.0,0.8,0.3,plausible_physical_zero_not_rejected
rain_kochel,frozen,2019-02-22 20:00:00+00:00,2019-03-01 09:00:00+00:00,158,0.0,0.0,0.6,0.3,plausible_physical_zero_not_rejected
rain_kochel,frozen,2019-03-02 04:00:00+00:00,2019-03-07 11:00:00+00:00,128,0.0,0.0,0.1,1.8,plausible_physical_zero_not_rejected
rain_kochel,frozen,2019-03-07 15:00:00+00:00,2019-03-09 16:00:00+00:00,50,0.0,0.0,0.4,0.2,plausible_physical_zero_not_rejected
rain_kochel,frozen,2019-03-11 11:00:00+00:00,2019-03-13 22:00:00+00:00,60,0.0,0.0,1.9,0.1,plausible_physical_zero_not_rejected
rain_kochel,frozen,2019-03-15 21:00:00+00:00,2019-03-17 18:00:00+00:00,46,0.0,0.0,0.1,2.9,plausible_physical_zero_not_rejected
rain_kochel,frozen,2019-03-19 11:00:00+00:00,2019-03-25 05:00:00+00:00,139,0.0,0.0,0.1,0.1,plausible_physical_zero_not_rejected
rain_kochel,frozen,2019-03-25 22:00:00+00:00,2019-04-04 19:00:00+00:00,238,0.0,0.0,0.6,0.1,plausible_physical_zero_not_rejected
rain_kochel,frozen,2019-04-05 01:00:00+00:00,2019-04-07 16:00:00+00:00,64,0.0,0.0,0.1,1.1,plausible_physical_zero_not_rejected
rain_kochel,frozen,2019-04-11 00:00:00+00:00,2019-04-13 19:00:00+00:00,68,0.0,0.0,0.1,0.4,plausible_physical_zero_not_rejected
rain_kochel,frozen,2019-04-14 08:00:00+00:00,2019-04-26 11:00:00+00:00,292,0.0,0.0,0.1,1.0,plausible_physical_zero_not_rejected
rain_kochel,frozen,2019-04-30 14:00:00+00:00,2019-05-02 18:00:00+00:00,53,0.0,0.0,0.1,1.1,plausible_physical_zero_not_rejected
rain_kochel,frozen,2019-05-03 10:00:00+00:00,2019-05-04 15:00:00+00:00,30,0.0,0.0,0.1,0.4,plausible_physical_zero_not_rejected
rain_kochel,frozen,2019-05-06 00:00:00+00:00,2019-05-08 23:00:00+00:00,72,0.0,0.0,0.1,0.4,plausible_physical_zero_not_rejected
rain_kochel,frozen,2019-05-10 09:00:00+00:00,2019-05-11 10:00:00+00:00,26,0.0,0.0,0.5,7.3,plausible_physical_zero_not_rejected
rain_kochel,frozen,2019-05-13 06:00:00+00:00,2019-05-14 12:00:00+00:00,31,0.0,0.0,0.2,0.1,plausible_physical_zero_not_rejected
rain_kochel,frozen,2019-05-15 11:00:00+00:00,2019-05-19 14:00:00+00:00,100,0.0,0.0,0.2,0.1,plausible_physical_zero_not_rejected
rain_kochel,frozen,2019-05-22 16:00:00+00:00,2019-05-25 18:00:00+00:00,75,0.0,0.0,0.3,0.8,plausible_physical_zero_not_rejected
rain_kochel,frozen,2019-05-26 04:00:00+00:00,2019-05-27 15:00:00+00:00,36,0.0,0.0,0.1,0.1,plausible_physical_zero_not_rejected
rain_kochel,frozen,2019-05-29 22:00:00+00:00,2019-06-03 20:00:00+00:00,119,0.0,0.0,0.5,3.2,plausible_physical_zero_not_rejected
rain_kochel,frozen,2019-06-03 22:00:00+00:00,2019-06-06 15:00:00+00:00,66,0.0,0.0,3.2,0.2,plausible_physical_zero_not_rejected
rain_kochel,frozen,2019-06-06 21:00:00+00:00,2019-06-09 20:00:00+00:00,72,0.0,0.0,0.2,0.7,plausible_physical_zero_not_rejected
rain_kochel,frozen,2019-06-09 22:00:00+00:00,2019-06-11 02:00:00+00:00,29,0.0,0.0,0.7,0.8,plausible_physical_zero_not_rejected
rain_kochel,frozen,2019-06-12 05:00:00+00:00,2019-06-15 22:00:00+00:00,90,0.0,0.0,0.1,0.4,plausible_physical_zero_not_rejected
rain_kochel,frozen,2019-06-16 03:00:00+00:00,2019-06-18 22:00:00+00:00,68,0.0,0.0,0.2,0.9,plausible_physical_zero_not_rejected
rain_kochel,frozen,2019-06-23 09:00:00+00:00,2019-07-01 09:00:00+00:00,193,0.0,0.0,1.2,0.3,plausible_physical_zero_not_rejected
rain_kochel,frozen,2019-07-02 05:00:00+00:00,2019-07-06 16:00:00+00:00,108,0.0,0.0,0.1,0.3,plausible_physical_zero_not_rejected
rain_kochel,frozen,2019-07-08 17:00:00+00:00,2019-07-11 13:00:00+00:00,69,0.0,0.0,0.2,0.9,plausible_physical_zero_not_rejected
rain_kochel,frozen,2019-07-14 13:00:00+00:00,2019-07-21 03:00:00+00:00,159,0.0,0.0,1.1,4.6,plausible_physical_zero_not_rejected
rain_kochel,frozen,2019-07-21 12:00:00+00:00,2019-07-27 12:00:00+00:00,145,0.0,0.0,1.3,5.5,plausible_physical_zero_not_rejected
rain_kochel,frozen,2019-07-29 11:00:00+00:00,2019-07-31 07:00:00+00:00,45,0.0,0.0,0.5,0.2,plausible_physical_zero_not_rejected
rain_kochel,frozen,2019-07-31 14:00:00+00:00,2019-08-02 11:00:00+00:00,46,0.0,0.0,0.4,2.0,plausible_physical_zero_not_rejected
rain_kochel,frozen,2019-08-04 10:00:00+00:00,2019-08-05 21:00:00+00:00,36,0.0,0.0,,4.0,plausible_physical_zero_not_rejected
rain_kochel,frozen,2019-08-08 00:00:00+00:00,2019-08-10 08:00:00+00:00,57,0.0,0.0,1.0,3.2,plausible_physical_zero_not_rejected
rain_kochel,frozen,2019-08-14 04:00:00+00:00,2019-08-15 13:00:00+00:00,34,0.0,0.0,0.9,0.7,plausible_physical_zero_not_rejected
rain_kochel,frozen,2019-08-16 03:00:00+00:00,2019-08-19 01:00:00+00:00,71,0.0,0.0,0.1,8.6,plausible_physical_zero_not_rejected
rain_kochel,frozen,2019-08-21 05:00:00+00:00,2019-08-24 17:00:00+00:00,85,0.0,0.0,0.9,0.4,plausible_physical_zero_not_rejected
rain_kochel,frozen,2019-08-25 20:00:00+00:00,2019-08-29 00:00:00+00:00,77,0.0,0.0,0.1,0.2,plausible_physical_zero_not_rejected
rain_kochel,frozen,2019-08-29 04:00:00+00:00,2019-09-01 14:00:00+00:00,83,0.0,0.0,0.1,7.8,plausible_physical_zero_not_rejected
rain_kochel,frozen,2019-09-02 22:00:00+00:00,2019-09-05 08:00:00+00:00,59,0.0,0.0,0.3,0.2,plausible_physical_zero_not_rejected
rain_kochel,frozen,2019-09-09 14:00:00+00:00,2019-09-11 16:00:00+00:00,51,0.0,0.0,0.1,0.2,plausible_physical_zero_not_rejected
rain_kochel,frozen,2019-09-11 19:00:00+00:00,2019-09-23 04:00:00+00:00,274,0.0,0.0,0.4,1.5,plausible_physical_zero_not_rejected
rain_kochel,frozen,2019-09-26 17:00:00+00:00,2019-09-27 18:00:00+00:00,26,0.0,0.0,0.1,0.4,plausible_physical_zero_not_rejected
rain_kochel,frozen,2019-09-28 06:00:00+00:00,2019-10-01 23:00:00+00:00,90,0.0,0.0,1.4,0.3,plausible_physical_zero_not_rejected
rain_kochel,frozen,2019-10-03 01:00:00+00:00,2019-10-04 12:00:00+00:00,36,0.0,0.0,0.3,0.7,plausible_physical_zero_not_rejected
rain_kochel,frozen,2019-10-07 07:00:00+00:00,2019-10-09 01:00:00+00:00,43,0.0,0.0,0.2,0.2,plausible_physical_zero_not_rejected
rain_kochel,frozen,2019-10-10 04:00:00+00:00,2019-10-15 19:00:00+00:00,136,0.0,0.0,0.2,0.1,plausible_physical_zero_not_rejected
rain_kochel,frozen,2019-10-16 05:00:00+00:00,2019-10-27 23:00:00+00:00,283,0.0,0.0,0.1,0.1,plausible_physical_zero_not_rejected
rain_kochel,frozen,2019-11-02 08:00:00+00:00,2019-11-03 17:00:00+00:00,34,0.0,0.0,0.1,0.1,plausible_physical_zero_not_rejected
rain_kochel,frozen,2019-11-05 15:00:00+00:00,2019-11-08 00:00:00+00:00,58,0.0,0.0,0.1,0.1,plausible_physical_zero_not_rejected
rain_kochel,frozen,2019-11-09 11:00:00+00:00,2019-11-11 23:00:00+00:00,61,0.0,0.0,0.1,0.1,plausible_physical_zero_not_rejected
rain_kochel,frozen,2019-11-13 13:00:00+00:00,2019-11-15 18:00:00+00:00,54,0.0,0.0,0.1,0.9,plausible_physical_zero_not_rejected
rain_kochel,frozen,2019-11-15 23:00:00+00:00,2019-11-17 00:00:00+00:00,26,0.0,0.0,0.1,0.1,plausible_physical_zero_not_rejected
rain_kochel,frozen,2019-11-17 13:00:00+00:00,2019-11-27 08:00:00+00:00,236,0.0,0.0,0.4,0.1,plausible_physical_zero_not_rejected
rain_kochel,frozen,2019-11-27 13:00:00+00:00,2019-11-28 12:00:00+00:00,24,0.0,0.0,0.1,0.2,plausible_physical_zero_not_rejected
rain_kochel,frozen,2019-11-30 01:00:00+00:00,2019-12-01 23:00:00+00:00,47,0.0,0.0,0.5,0.3,plausible_physical_zero_not_rejected
rain_kochel,frozen,2019-12-02 11:00:00+00:00,2019-12-09 04:00:00+00:00,162,0.0,0.0,0.1,0.6,plausible_physical_zero_not_rejected
rain_kochel,frozen,2019-12-10 10:00:00+00:00,2019-12-12 00:00:00+00:00,39,0.0,0.0,0.7,0.1,plausible_physical_zero_not_rejected
rain_kochel,frozen,2019-12-12 08:00:00+00:00,2019-12-13 14:00:00+00:00,31,0.0,0.0,0.1,0.2,plausible_physical_zero_not_rejected
rain_kochel,frozen,2019-12-14 14:00:00+00:00,2019-12-20 22:00:00+00:00,153,0.0,0.0,0.1,2.2,plausible_physical_zero_not_rejected
rain_kochel,frozen,2019-12-21 16:00:00+00:00,2019-12-23 00:00:00+00:00,33,0.0,0.0,0.1,0.1,plausible_physical_zero_not_rejected
rain_kochel,frozen,2019-12-26 01:00:00+00:00,2019-12-27 00:00:00+00:00,24,0.0,0.0,0.1,0.1,plausible_physical_zero_not_rejected
rain_kochel,frozen,2019-12-28 01:00:00+00:00,2020-01-03 20:00:00+00:00,164,0.0,0.0,0.2,0.1,plausible_physical_zero_not_rejected
rain_kochel,frozen,2020-01-05 08:00:00+00:00,2020-01-07 09:00:00+00:00,50,0.0,0.0,0.1,0.2,plausible_physical_zero_not_rejected
rain_kochel,frozen,2020-01-07 14:00:00+00:00,2020-01-10 23:00:00+00:00,82,0.0,0.0,0.2,0.1,plausible_physical_zero_not_rejected
rain_kochel,frozen,2020-01-11 10:00:00+00:00,2020-01-18 01:00:00+00:00,160,0.0,0.0,0.1,1.1,plausible_physical_zero_not_rejected
rain_kochel,frozen,2020-01-19 19:00:00+00:00,2020-01-27 01:00:00+00:00,175,0.0,0.0,0.2,0.1,plausible_physical_zero_not_rejected
rain_kochel,frozen,2020-01-30 22:00:00+00:00,2020-02-01 20:00:00+00:00,47,0.0,0.0,0.7,0.4,plausible_physical_zero_not_rejected
rain_kochel,frozen,2020-02-05 14:00:00+00:00,2020-02-10 10:00:00+00:00,117,0.0,0.0,0.3,1.7,plausible_physical_zero_not_rejected
rain_kochel,frozen,2020-02-12 01:00:00+00:00,2020-02-13 19:00:00+00:00,43,0.0,0.0,0.2,1.7,plausible_physical_zero_not_rejected
rain_kochel,frozen,2020-02-14 02:00:00+00:00,2020-02-17 19:00:00+00:00,90,0.0,0.0,0.8,0.1,plausible_physical_zero_not_rejected
rain_kochel,frozen,2020-02-17 21:00:00+00:00,2020-02-19 11:00:00+00:00,39,0.0,0.0,0.1,0.1,plausible_physical_zero_not_rejected
rain_kochel,frozen,2020-02-19 17:00:00+00:00,2020-02-21 02:00:00+00:00,34,0.0,0.0,0.2,0.2,plausible_physical_zero_not_rejected
rain_kochel,frozen,2020-02-21 05:00:00+00:00,2020-02-23 05:00:00+00:00,49,0.0,0.0,1.1,0.3,plausible_physical_zero_not_rejected
rain_kochel,frozen,2020-02-24 13:00:00+00:00,2020-02-25 19:00:00+00:00,31,0.0,0.0,0.1,0.1,plausible_physical_zero_not_rejected
rain_kochel,frozen,2020-02-26 16:00:00+00:00,2020-02-27 19:00:00+00:00,28,0.0,0.0,0.3,0.6,plausible_physical_zero_not_rejected
rain_kochel,frozen,2020-02-28 05:00:00+00:00,2020-03-01 03:00:00+00:00,47,0.0,0.0,0.3,0.6,plausible_physical_zero_not_rejected
rain_kochel,frozen,2020-03-01 06:00:00+00:00,2020-03-02 20:00:00+00:00,39,0.0,0.0,0.9,0.1,plausible_physical_zero_not_rejected
rain_kochel,frozen,2020-03-03 09:00:00+00:00,2020-03-05 14:00:00+00:00,54,0.0,0.0,0.1,0.4,plausible_physical_zero_not_rejected
rain_kochel,frozen,2020-03-07 22:00:00+00:00,2020-03-09 06:00:00+00:00,33,0.0,0.0,0.1,0.1,plausible_physical_zero_not_rejected
rain_kochel,frozen,2020-03-09 11:00:00+00:00,2020-03-10 10:00:00+00:00,24,0.0,0.0,0.7,0.3,plausible_physical_zero_not_rejected
rain_kochel,frozen,2020-03-10 21:00:00+00:00,2020-03-13 01:00:00+00:00,53,0.0,0.0,0.2,0.1,plausible_physical_zero_not_rejected
rain_kochel,frozen,2020-03-13 10:00:00+00:00,2020-03-20 17:00:00+00:00,176,0.0,0.0,0.2,0.6,plausible_physical_zero_not_rejected
rain_kochel,frozen,2020-03-21 12:00:00+00:00,2020-03-29 12:00:00+00:00,193,0.0,0.0,0.1,0.1,plausible_physical_zero_not_rejected
rain_kochel,frozen,2020-03-30 14:00:00+00:00,2020-04-13 03:00:00+00:00,326,0.0,0.0,0.1,0.1,plausible_physical_zero_not_rejected
rain_kochel,frozen,2020-04-14 02:00:00+00:00,2020-04-19 00:00:00+00:00,119,0.0,0.0,0.3,0.7,plausible_physical_zero_not_rejected
rain_kochel,frozen,2020-04-20 03:00:00+00:00,2020-04-25 06:00:00+00:00,124,0.0,0.0,0.1,0.1,plausible_physical_zero_not_rejected
rain_kochel,frozen,2020-04-25 09:00:00+00:00,2020-04-27 01:00:00+00:00,41,0.0,0.0,0.1,1.4,plausible_physical_zero_not_rejected
rain_kochel,frozen,2020-04-27 07:00:00+00:00,2020-04-28 12:00:00+00:00,30,0.0,0.0,0.5,0.2,plausible_physical_zero_not_rejected
rain_kochel,frozen,2020-04-29 15:00:00+00:00,2020-04-30 15:00:00+00:00,25,0.0,0.0,0.1,0.7,plausible_physical_zero_not_rejected
rain_kochel,frozen,2020-05-02 23:00:00+00:00,2020-05-04 00:00:00+00:00,26,0.0,0.0,1.2,0.5,plausible_physical_zero_not_rejected
rain_kochel,frozen,2020-05-05 20:00:00+00:00,2020-05-10 04:00:00+00:00,105,0.0,0.0,0.1,0.2,plausible_physical_zero_not_rejected
rain_kochel,frozen,2020-05-10 12:00:00+00:00,2020-05-11 13:00:00+00:00,26,0.0,0.0,0.1,6.4,plausible_physical_zero_not_rejected
rain_kochel,frozen,2020-05-12 04:00:00+00:00,2020-05-13 05:00:00+00:00,26,0.0,0.0,0.4,0.2,plausible_physical_zero_not_rejected
rain_kochel,frozen,2020-05-15 15:00:00+00:00,2020-05-23 06:00:00+00:00,184,0.0,0.0,0.7,0.1,plausible_physical_zero_not_rejected
rain_kochel,frozen,2020-05-23 23:00:00+00:00,2020-05-25 05:00:00+00:00,31,0.0,0.0,1.5,0.1,plausible_physical_zero_not_rejected
rain_kochel,frozen,2020-05-25 14:00:00+00:00,2020-05-28 07:00:00+00:00,66,0.0,0.0,0.7,0.1,plausible_physical_zero_not_rejected
rain_kochel,frozen,2020-05-28 23:00:00+00:00,2020-06-03 14:00:00+00:00,136,0.0,0.0,0.9,2.8,plausible_physical_zero_not_rejected
rain_kochel,frozen,2020-06-03 16:00:00+00:00,2020-06-04 15:00:00+00:00,24,0.0,0.0,2.8,0.1,plausible_physical_zero_not_rejected
rain_kochel,frozen,2020-06-05 11:00:00+00:00,2020-06-06 17:00:00+00:00,31,0.0,0.0,0.4,3.1,plausible_physical_zero_not_rejected
rain_kochel,frozen,2020-06-11 04:00:00+00:00,2020-06-13 20:00:00+00:00,65,0.0,0.0,1.4,0.3,plausible_physical_zero_not_rejected
rain_kochel,frozen,2020-06-17 22:00:00+00:00,2020-06-18 21:00:00+00:00,24,0.0,0.0,0.1,0.9,plausible_physical_zero_not_rejected
rain_kochel,frozen,2020-06-22 10:00:00+00:00,2020-06-26 13:00:00+00:00,100,0.0,0.0,0.2,0.1,plausible_physical_zero_not_rejected
rain_kochel,frozen,2020-06-29 14:00:00+00:00,2020-07-01 19:00:00+00:00,54,0.0,0.0,0.1,0.5,plausible_physical_zero_not_rejected
rain_kochel,frozen,2020-07-03 09:00:00+00:00,2020-07-06 12:00:00+00:00,76,0.0,0.0,0.8,0.4,plausible_physical_zero_not_rejected
rain_kochel,frozen,2020-07-06 20:00:00+00:00,2020-07-10 15:00:00+00:00,92,0.0,0.0,0.1,0.6,plausible_physical_zero_not_rejected
rain_kochel,frozen,2020-07-11 16:00:00+00:00,2020-07-15 07:00:00+00:00,88,0.0,0.0,2.2,0.1,plausible_physical_zero_not_rejected
rain_kochel,frozen,2020-07-17 23:00:00+00:00,2020-07-23 01:00:00+00:00,123,0.0,0.0,0.1,10.5,plausible_physical_zero_not_rejected
rain_kochel,frozen,2020-07-26 22:00:00+00:00,2020-07-28 15:00:00+00:00,42,0.0,0.0,2.2,4.2,plausible_physical_zero_not_rejected
rain_kochel,frozen,2020-07-29 04:00:00+00:00,2020-08-01 20:00:00+00:00,89,0.0,0.0,0.3,0.2,plausible_physical_zero_not_rejected
rain_kochel,frozen,2020-08-04 15:00:00+00:00,2020-08-13 08:00:00+00:00,210,0.0,0.0,0.1,0.7,plausible_physical_zero_not_rejected
rain_kochel,frozen,2020-08-13 21:00:00+00:00,2020-08-14 21:00:00+00:00,25,0.0,0.0,0.1,4.9,plausible_physical_zero_not_rejected
rain_kochel,frozen,2020-08-15 14:00:00+00:00,2020-08-16 14:00:00+00:00,25,0.0,0.0,0.1,0.3,plausible_physical_zero_not_rejected
rain_kochel,frozen,2020-08-19 08:00:00+00:00,2020-08-22 11:00:00+00:00,76,0.0,0.0,1.1,0.2,plausible_physical_zero_not_rejected
rain_kochel,frozen,2020-08-22 17:00:00+00:00,2020-08-28 17:00:00+00:00,145,0.0,0.0,0.4,2.2,plausible_physical_zero_not_rejected
rain_kochel,frozen,2020-08-30 16:00:00+00:00,2020-08-31 18:00:00+00:00,27,0.0,0.0,1.9,0.1,plausible_physical_zero_not_rejected
rain_kochel,frozen,2020-09-02 17:00:00+00:00,2020-09-05 19:00:00+00:00,75,0.0,0.0,0.1,0.4,plausible_physical_zero_not_rejected
rain_kochel,frozen,2020-09-07 02:00:00+00:00,2020-09-20 19:00:00+00:00,330,0.0,0.0,0.1,0.1,plausible_physical_zero_not_rejected
rain_kochel,frozen,2020-09-23 17:00:00+00:00,2020-09-24 21:00:00+00:00,29,0.0,0.0,0.2,0.9,plausible_physical_zero_not_rejected
rain_kochel,frozen,2020-09-26 16:00:00+00:00,2020-09-28 06:00:00+00:00,39,0.0,0.0,0.1,0.3,plausible_physical_zero_not_rejected
rain_kochel,frozen,2020-09-30 06:00:00+00:00,2020-10-03 10:00:00+00:00,77,0.0,0.0,0.1,0.8,plausible_physical_zero_not_rejected
rain_kochel,frozen,2020-10-03 16:00:00+00:00,2020-10-05 00:00:00+00:00,33,0.0,0.0,0.4,0.1,plausible_physical_zero_not_rejected
rain_kochel,frozen,2020-10-07 20:00:00+00:00,2020-10-10 08:00:00+00:00,61,0.0,0.0,0.1,0.2,plausible_physical_zero_not_rejected
rain_kochel,frozen,2020-10-13 14:00:00+00:00,2020-10-15 16:00:00+00:00,51,0.0,0.0,0.3,0.4,plausible_physical_zero_not_rejected
rain_kochel,frozen,2020-10-17 21:00:00+00:00,2020-10-23 20:00:00+00:00,144,0.0,0.0,0.2,0.3,plausible_physical_zero_not_rejected
rain_kochel,frozen,2020-10-24 14:00:00+00:00,2020-10-26 10:00:00+00:00,45,0.0,0.0,0.2,1.7,plausible_physical_zero_not_rejected
rain_kochel,frozen,2020-10-27 09:00:00+00:00,2020-10-28 23:00:00+00:00,39,0.0,0.0,0.7,0.1,plausible_physical_zero_not_rejected
rain_kochel,frozen,2020-10-30 03:00:00+00:00,2020-11-01 12:00:00+00:00,58,0.0,0.0,0.5,0.3,plausible_physical_zero_not_rejected
rain_kochel,frozen,2020-11-01 15:00:00+00:00,2020-11-03 02:00:00+00:00,36,0.0,0.0,0.3,0.1,plausible_physical_zero_not_rejected
rain_kochel,frozen,2020-11-04 05:00:00+00:00,2020-11-16 03:00:00+00:00,287,0.0,0.0,0.5,0.4,plausible_physical_zero_not_rejected
rain_kochel,frozen,2020-11-16 08:00:00+00:00,2020-11-19 13:00:00+00:00,78,0.0,0.0,1.4,0.2,plausible_physical_zero_not_rejected
rain_kochel,frozen,2020-11-20 23:00:00+00:00,2020-12-01 09:00:00+00:00,251,0.0,0.0,0.2,0.1,plausible_physical_zero_not_rejected
rain_kochel,frozen,2020-12-01 19:00:00+00:00,2020-12-05 10:00:00+00:00,88,0.0,0.0,0.3,0.2,plausible_physical_zero_not_rejected
rain_kochel,frozen,2020-12-07 04:00:00+00:00,2020-12-09 06:00:00+00:00,51,0.0,0.0,0.6,0.1,plausible_physical_zero_not_rejected
rain_kochel,frozen,2020-12-09 15:00:00+00:00,2020-12-12 15:00:00+00:00,73,0.0,0.0,0.2,0.2,plausible_physical_zero_not_rejected
rain_kochel,frozen,2020-12-13 16:00:00+00:00,2020-12-20 23:00:00+00:00,176,0.0,0.0,0.6,0.2,plausible_physical_zero_not_rejected
rain_kochel,frozen,2020-12-22 21:00:00+00:00,2020-12-24 04:00:00+00:00,32,0.0,0.0,0.1,0.7,plausible_physical_zero_not_rejected
rain_kochel,frozen,2020-12-25 23:00:00+00:00,2020-12-28 14:00:00+00:00,64,0.0,0.0,0.1,0.1,plausible_physical_zero_not_rejected
rain_kochel,frozen,2020-12-28 18:00:00+00:00,2020-12-30 17:00:00+00:00,48,0.0,0.0,1.4,0.2,plausible_physical_zero_not_rejected
rain_kochel,frozen,2020-12-30 19:00:00+00:00,2021-01-06 00:00:00+00:00,150,0.0,0.0,0.2,0.1,plausible_physical_zero_not_rejected
rain_kochel,frozen,2021-01-06 08:00:00+00:00,2021-01-12 16:00:00+00:00,153,0.0,0.0,0.1,0.2,plausible_physical_zero_not_rejected
rain_kochel,frozen,2021-01-14 18:00:00+00:00,2021-01-16 00:00:00+00:00,31,0.0,0.0,0.1,0.1,plausible_physical_zero_not_rejected
rain_kochel,frozen,2021-01-18 12:00:00+00:00,2021-01-23 02:00:00+00:00,111,0.0,0.0,0.1,0.5,plausible_physical_zero_not_rejected
rain_kochel,frozen,2021-01-23 10:00:00+00:00,2021-01-25 12:00:00+00:00,51,0.0,0.0,0.1,0.2,plausible_physical_zero_not_rejected
rain_kochel,frozen,2021-01-26 06:00:00+00:00,2021-01-27 14:00:00+00:00,33,0.0,0.0,0.1,0.3,plausible_physical_zero_not_rejected
rain_kochel,frozen,2021-01-31 10:00:00+00:00,2021-02-01 09:00:00+00:00,24,0.0,0.0,0.2,0.1,plausible_physical_zero_not_rejected
rain_kochel,frozen,2021-02-03 18:00:00+00:00,2021-02-07 16:00:00+00:00,95,0.0,0.0,1.7,0.6,plausible_physical_zero_not_rejected
rain_kochel,frozen,2021-02-08 01:00:00+00:00,2021-02-09 07:00:00+00:00,31,0.0,0.0,0.1,0.1,plausible_physical_zero_not_rejected
rain_kochel,frozen,2021-02-11 09:00:00+00:00,2021-02-15 20:00:00+00:00,108,0.0,0.0,0.1,0.1,plausible_physical_zero_not_rejected
rain_kochel,frozen,2021-02-17 07:00:00+00:00,2021-02-26 22:00:00+00:00,232,0.0,0.0,0.2,0.3,plausible_physical_zero_not_rejected
rain_kochel,frozen,2021-02-27 10:00:00+00:00,2021-03-04 23:00:00+00:00,134,0.0,0.0,0.1,0.5,plausible_physical_zero_not_rejected
rain_kochel,frozen,2021-03-05 22:00:00+00:00,2021-03-07 10:00:00+00:00,37,0.0,0.0,0.1,0.1,plausible_physical_zero_not_rejected
rain_kochel,frozen,2021-03-08 03:00:00+00:00,2021-03-10 02:00:00+00:00,48,0.0,0.0,0.3,0.1,plausible_physical_zero_not_rejected
rain_kochel,frozen,2021-03-12 03:00:00+00:00,2021-03-13 21:00:00+00:00,43,0.0,0.0,0.1,0.2,plausible_physical_zero_not_rejected
rain_kochel,frozen,2021-03-20 12:00:00+00:00,2021-03-21 12:00:00+00:00,25,0.0,0.0,0.6,0.3,plausible_physical_zero_not_rejected
rain_kochel,frozen,2021-03-23 00:00:00+00:00,2021-03-27 08:00:00+00:00,105,0.0,0.0,0.1,0.3,plausible_physical_zero_not_rejected
rain_kochel,frozen,2021-03-27 11:00:00+00:00,2021-04-01 19:00:00+00:00,129,0.0,0.0,0.2,1.8,plausible_physical_zero_not_rejected
rain_kochel,frozen,2021-04-01 21:00:00+00:00,2021-04-03 05:00:00+00:00,33,0.0,0.0,1.8,0.1,plausible_physical_zero_not_rejected
rain_kochel,frozen,2021-04-03 14:00:00+00:00,2021-04-05 18:00:00+00:00,53,0.0,0.0,0.2,0.9,plausible_physical_zero_not_rejected
rain_kochel,frozen,2021-04-07 23:00:00+00:00,2021-04-12 04:00:00+00:00,102,0.0,0.0,0.2,0.9,plausible_physical_zero_not_rejected
rain_kochel,frozen,2021-04-13 22:00:00+00:00,2021-04-19 23:00:00+00:00,146,0.0,0.0,0.2,0.4,plausible_physical_zero_not_rejected
rain_kochel,frozen,2021-04-20 08:00:00+00:00,2021-04-22 06:00:00+00:00,47,0.0,0.0,0.5,1.3,plausible_physical_zero_not_rejected
rain_kochel,frozen,2021-04-22 17:00:00+00:00,2021-04-29 16:00:00+00:00,168,0.0,0.0,0.6,0.2,plausible_physical_zero_not_rejected
rain_kochel,frozen,2021-05-03 10:00:00+00:00,2021-05-05 06:00:00+00:00,45,0.0,0.0,0.5,1.9,plausible_physical_zero_not_rejected
rain_kochel,frozen,2021-05-05 11:00:00+00:00,2021-05-06 15:00:00+00:00,29,0.0,0.0,0.4,0.1,plausible_physical_zero_not_rejected
rain_kochel,frozen,2021-05-07 21:00:00+00:00,2021-05-11 19:00:00+00:00,95,0.0,0.0,0.1,0.1,plausible_physical_zero_not_rejected
rain_kochel,frozen,2021-05-13 17:00:00+00:00,2021-05-14 23:00:00+00:00,31,0.0,0.0,0.1,0.5,plausible_physical_zero_not_rejected
rain_kochel,frozen,2021-05-20 09:00:00+00:00,2021-05-21 22:00:00+00:00,38,0.0,0.0,0.1,0.4,plausible_physical_zero_not_rejected
rain_kochel,frozen,2021-05-23 10:00:00+00:00,2021-05-24 15:00:00+00:00,30,0.0,0.0,0.2,0.2,plausible_physical_zero_not_rejected
rain_kochel,frozen,2021-05-25 06:00:00+00:00,2021-05-26 22:00:00+00:00,41,0.0,0.0,0.3,1.5,plausible_physical_zero_not_rejected
rain_kochel,frozen,2021-05-27 12:00:00+00:00,2021-06-04 14:00:00+00:00,195,0.0,0.0,0.2,0.2,plausible_physical_zero_not_rejected
rain_kochel,frozen,2021-06-07 21:00:00+00:00,2021-06-09 12:00:00+00:00,40,0.0,0.0,3.4,0.7,plausible_physical_zero_not_rejected
rain_kochel,frozen,2021-06-10 23:00:00+00:00,2021-06-12 19:00:00+00:00,45,0.0,0.0,0.2,0.9,plausible_physical_zero_not_rejected
rain_kochel,frozen,2021-06-12 21:00:00+00:00,2021-06-21 22:00:00+00:00,218,0.0,0.0,0.9,2.2,plausible_physical_zero_not_rejected
rain_kochel,frozen,2021-06-25 20:00:00+00:00,2021-06-29 02:00:00+00:00,79,0.0,0.0,0.1,1.5,plausible_physical_zero_not_rejected
rain_kochel,frozen,2021-07-01 20:00:00+00:00,2021-07-03 19:00:00+00:00,48,0.0,0.0,0.2,0.9,plausible_physical_zero_not_rejected
rain_kochel,frozen,2021-07-04 23:00:00+00:00,2021-07-06 20:00:00+00:00,46,0.0,0.0,0.3,5.0,plausible_physical_zero_not_rejected
rain_kochel,frozen,2021-07-09 12:00:00+00:00,2021-07-10 18:00:00+00:00,31,0.0,0.0,0.1,6.3,plausible_physical_zero_not_rejected
rain_kochel,frozen,2021-07-11 14:00:00+00:00,2021-07-13 13:00:00+00:00,48,0.0,0.0,1.6,5.6,plausible_physical_zero_not_rejected
rain_kochel,frozen,2021-07-15 21:00:00+00:00,2021-07-17 02:00:00+00:00,30,0.0,0.0,0.6,0.1,plausible_physical_zero_not_rejected
rain_kochel,frozen,2021-07-18 15:00:00+00:00,2021-07-19 22:00:00+00:00,32,0.0,0.0,1.2,1.1,plausible_physical_zero_not_rejected
rain_kochel,frozen,2021-07-20 00:00:00+00:00,2021-07-24 07:00:00+00:00,104,0.0,0.0,1.1,0.1,plausible_physical_zero_not_rejected
rain_kochel,frozen,2021-07-26 21:00:00+00:00,2021-07-28 05:00:00+00:00,33,0.0,0.0,0.2,0.2,plausible_physical_zero_not_rejected
rain_kochel,frozen,2021-07-28 17:00:00+00:00,2021-07-30 16:00:00+00:00,48,0.0,0.0,0.1,0.5,plausible_physical_zero_not_rejected
rain_kochel,frozen,2021-08-01 22:00:00+00:00,2021-08-03 14:00:00+00:00,41,0.0,0.0,0.1,1.0,plausible_physical_zero_not_rejected
rain_kochel,frozen,2021-08-06 10:00:00+00:00,2021-08-07 15:00:00+00:00,30,0.0,0.0,0.8,2.0,plausible_physical_zero_not_rejected
rain_kochel,frozen,2021-08-08 04:00:00+00:00,2021-08-13 07:00:00+00:00,124,0.0,0.0,1.6,0.1,plausible_physical_zero_not_rejected
rain_kochel,frozen,2021-08-13 09:00:00+00:00,2021-08-15 14:00:00+00:00,54,0.0,0.0,0.1,1.1,plausible_physical_zero_not_rejected
rain_kochel,frozen,2021-08-18 07:00:00+00:00,2021-08-22 03:00:00+00:00,93,0.0,0.0,0.1,2.5,plausible_physical_zero_not_rejected
rain_kochel,frozen,2021-08-24 19:00:00+00:00,2021-08-26 12:00:00+00:00,42,0.0,0.0,0.5,0.1,plausible_physical_zero_not_rejected
rain_kochel,frozen,2021-09-01 02:00:00+00:00,2021-09-10 23:00:00+00:00,238,0.0,0.0,0.1,5.4,plausible_physical_zero_not_rejected
rain_kochel,frozen,2021-09-11 08:00:00+00:00,2021-09-15 17:00:00+00:00,106,0.0,0.0,0.1,9.4,plausible_physical_zero_not_rejected
rain_kochel,frozen,2021-09-17 08:00:00+00:00,2021-09-19 14:00:00+00:00,55,0.0,0.0,0.4,1.4,plausible_physical_zero_not_rejected
rain_kochel,frozen,2021-09-20 12:00:00+00:00,2021-09-26 16:00:00+00:00,149,0.0,0.0,0.2,4.1,plausible_physical_zero_not_rejected
rain_kochel,frozen,2021-09-27 02:00:00+00:00,2021-09-28 07:00:00+00:00,30,0.0,0.0,0.5,0.3,plausible_physical_zero_not_rejected
rain_kochel,frozen,2021-09-30 05:00:00+00:00,2021-10-04 12:00:00+00:00,104,0.0,0.0,0.1,0.2,plausible_physical_zero_not_rejected
rain_kochel,frozen,2021-10-07 13:00:00+00:00,2021-10-12 01:00:00+00:00,109,0.0,0.0,0.1,0.2,plausible_physical_zero_not_rejected
rain_kochel,frozen,2021-10-13 20:00:00+00:00,2021-10-19 16:00:00+00:00,141,0.0,0.0,0.9,0.2,plausible_physical_zero_not_rejected
rain_kochel,frozen,2021-10-19 18:00:00+00:00,2021-10-21 08:00:00+00:00,39,0.0,0.0,0.2,0.1,plausible_physical_zero_not_rejected
rain_kochel,frozen,2021-10-21 10:00:00+00:00,2021-11-01 10:00:00+00:00,265,0.0,0.0,0.1,0.9,plausible_physical_zero_not_rejected
rain_kochel,frozen,2021-11-02 18:00:00+00:00,2021-11-03 17:00:00+00:00,24,0.0,0.0,1.5,0.5,plausible_physical_zero_not_rejected
rain_kochel,frozen,2021-11-04 06:00:00+00:00,2021-11-07 21:00:00+00:00,88,0.0,0.0,1.7,0.1,plausible_physical_zero_not_rejected
rain_kochel,frozen,2021-11-08 05:00:00+00:00,2021-11-13 15:00:00+00:00,131,0.0,0.0,0.7,1.2,plausible_physical_zero_not_rejected
rain_kochel,frozen,2021-11-14 11:00:00+00:00,2021-11-17 03:00:00+00:00,65,0.0,0.0,0.1,0.1,plausible_physical_zero_not_rejected
rain_kochel,frozen,2021-11-17 23:00:00+00:00,2021-11-22 11:00:00+00:00,109,0.0,0.0,0.1,0.1,plausible_physical_zero_not_rejected
rain_kochel,frozen,2021-11-22 20:00:00+00:00,2021-11-25 22:00:00+00:00,75,0.0,0.0,0.1,0.1,plausible_physical_zero_not_rejected
rain_kochel,frozen,2021-12-07 07:00:00+00:00,2021-12-08 11:00:00+00:00,29,0.0,0.0,0.1,0.1,plausible_physical_zero_not_rejected
rain_kochel,frozen,2021-12-09 14:00:00+00:00,2021-12-10 17:00:00+00:00,28,0.0,0.0,0.2,0.2,plausible_physical_zero_not_rejected
rain_kochel,frozen,2021-12-12 03:00:00+00:00,2021-12-13 02:00:00+00:00,24,0.0,0.0,0.2,0.5,plausible_physical_zero_not_rejected
rain_kochel,frozen,2021-12-14 00:00:00+00:00,2021-12-19 23:00:00+00:00,144,0.0,0.0,0.1,0.1,plausible_physical_zero_not_rejected
rain_kochel,frozen,2021-12-20 01:00:00+00:00,2021-12-24 13:00:00+00:00,109,0.0,0.0,0.1,0.5,plausible_physical_zero_not_rejected
rain_kochel,frozen,2021-12-26 17:00:00+00:00,2021-12-27 21:00:00+00:00,29,0.0,0.0,0.3,0.5,plausible_physical_zero_not_rejected
rain_kochel,frozen,2021-12-30 10:00:00+00:00,2022-01-04 07:00:00+00:00,118,0.0,0.0,1.5,0.2,plausible_physical_zero_not_rejected
rain_kochel,frozen,2022-01-06 12:00:00+00:00,2022-01-08 09:00:00+00:00,46,0.0,0.0,0.1,0.3,plausible_physical_zero_not_rejected
rain_kochel,frozen,2022-01-08 11:00:00+00:00,2022-01-09 20:00:00+00:00,34,0.0,0.0,0.3,0.1,plausible_physical_zero_not_rejected
rain_kochel,frozen,2022-01-11 03:00:00+00:00,2022-01-17 02:00:00+00:00,144,0.0,0.0,0.1,0.1,plausible_physical_zero_not_rejected
rain_kochel,frozen,2022-01-18 08:00:00+00:00,2022-01-20 05:00:00+00:00,46,0.0,0.0,0.6,0.2,plausible_physical_zero_not_rejected
rain_kochel,frozen,2022-01-23 05:00:00+00:00,2022-01-28 00:00:00+00:00,116,0.0,0.0,0.1,0.2,plausible_physical_zero_not_rejected
rain_kochel,frozen,2022-01-28 13:00:00+00:00,2022-01-30 02:00:00+00:00,38,0.0,0.0,0.1,0.1,plausible_physical_zero_not_rejected
rain_kochel,frozen,2022-02-03 06:00:00+00:00,2022-02-05 01:00:00+00:00,44,0.0,0.0,0.3,0.1,plausible_physical_zero_not_rejected
rain_kochel,frozen,2022-02-05 06:00:00+00:00,2022-02-06 21:00:00+00:00,40,0.0,0.0,0.6,0.5,plausible_physical_zero_not_rejected
rain_kochel,frozen,2022-02-07 08:00:00+00:00,2022-02-11 03:00:00+00:00,92,0.0,0.0,1.2,0.3,plausible_physical_zero_not_rejected
rain_kochel,frozen,2022-02-11 12:00:00+00:00,2022-02-15 03:00:00+00:00,88,0.0,0.0,0.3,0.6,plausible_physical_zero_not_rejected
rain_kochel,frozen,2022-02-19 01:00:00+00:00,2022-02-21 06:00:00+00:00,54,0.0,0.0,0.8,0.2,plausible_physical_zero_not_rejected
rain_kochel,frozen,2022-02-23 08:00:00+00:00,2022-02-25 00:00:00+00:00,41,0.0,0.0,1.0,,plausible_physical_zero_not_rejected
rain_kochel,frozen,2022-02-26 12:00:00+00:00,2022-03-15 12:00:00+00:00,409,0.0,0.0,1.7,0.1,plausible_physical_zero_not_rejected
rain_kochel,frozen,2022-03-16 00:00:00+00:00,2022-03-30 14:00:00+00:00,351,0.0,0.0,0.2,0.9,plausible_physical_zero_not_rejected
rain_kochel,frozen,2022-04-03 21:00:00+00:00,2022-04-05 06:00:00+00:00,34,0.0,0.0,0.1,0.1,plausible_physical_zero_not_rejected
rain_kochel,frozen,2022-04-10 13:00:00+00:00,2022-04-15 02:00:00+00:00,110,0.0,0.0,0.4,0.4,plausible_physical_zero_not_rejected
rain_kochel,frozen,2022-04-15 09:00:00+00:00,2022-04-16 14:00:00+00:00,30,0.0,0.0,0.3,0.2,plausible_physical_zero_not_rejected
rain_kochel,frozen,2022-04-16 16:00:00+00:00,2022-04-24 10:00:00+00:00,187,0.0,0.0,0.2,3.3,plausible_physical_zero_not_rejected
rain_kochel,frozen,2022-04-27 05:00:00+00:00,2022-04-30 09:00:00+00:00,77,0.0,0.0,0.1,0.7,plausible_physical_zero_not_rejected
rain_kochel,frozen,2022-05-01 07:00:00+00:00,2022-05-03 22:00:00+00:00,64,0.0,0.0,0.4,0.4,plausible_physical_zero_not_rejected
rain_kochel,frozen,2022-05-08 21:00:00+00:00,2022-05-12 22:00:00+00:00,98,0.0,0.0,0.1,0.9,plausible_physical_zero_not_rejected
rain_kochel,frozen,2022-05-14 02:00:00+00:00,2022-05-16 09:00:00+00:00,56,0.0,0.0,0.3,1.6,plausible_physical_zero_not_rejected
rain_kochel,frozen,2022-05-16 22:00:00+00:00,2022-05-19 23:00:00+00:00,74,0.0,0.0,0.1,0.1,plausible_physical_zero_not_rejected
rain_kochel,frozen,2022-05-21 07:00:00+00:00,2022-05-23 12:00:00+00:00,54,0.0,0.0,0.1,5.3,plausible_physical_zero_not_rejected
rain_kochel,frozen,2022-05-25 10:00:00+00:00,2022-05-27 20:00:00+00:00,59,0.0,0.0,1.1,0.4,plausible_physical_zero_not_rejected
rain_kochel,frozen,2022-05-28 10:00:00+00:00,2022-05-29 13:00:00+00:00,28,0.0,0.0,0.2,1.2,plausible_physical_zero_not_rejected
rain_kochel,frozen,2022-05-29 17:00:00+00:00,2022-05-31 14:00:00+00:00,46,0.0,0.0,2.1,0.3,plausible_physical_zero_not_rejected
rain_kochel,frozen,2022-06-02 03:00:00+00:00,2022-06-03 14:00:00+00:00,36,0.0,0.0,0.1,0.1,plausible_physical_zero_not_rejected
rain_kochel,frozen,2022-06-03 20:00:00+00:00,2022-06-05 14:00:00+00:00,43,0.0,0.0,0.5,8.9,plausible_physical_zero_not_rejected
rain_kochel,frozen,2022-06-05 19:00:00+00:00,2022-06-06 20:00:00+00:00,26,0.0,0.0,0.2,0.3,plausible_physical_zero_not_rejected
rain_kochel,frozen,2022-06-07 14:00:00+00:00,2022-06-08 17:00:00+00:00,28,0.0,0.0,0.1,6.2,plausible_physical_zero_not_rejected
rain_kochel,frozen,2022-06-10 07:00:00+00:00,2022-06-13 00:00:00+00:00,66,0.0,0.0,0.9,0.5,plausible_physical_zero_not_rejected
rain_kochel,frozen,2022-06-13 10:00:00+00:00,2022-06-16 08:00:00+00:00,71,0.0,0.0,1.5,3.0,plausible_physical_zero_not_rejected
rain_kochel,frozen,2022-06-16 18:00:00+00:00,2022-06-21 20:00:00+00:00,123,0.0,0.0,1.3,0.1,plausible_physical_zero_not_rejected
rain_kochel,frozen,2022-06-22 19:00:00+00:00,2022-06-23 20:00:00+00:00,26,0.0,0.0,0.1,3.0,plausible_physical_zero_not_rejected
rain_kochel,frozen,2022-06-24 23:00:00+00:00,2022-06-27 15:00:00+00:00,65,0.0,0.0,0.1,9.9,plausible_physical_zero_not_rejected
rain_kochel,frozen,2022-06-29 04:00:00+00:00,2022-06-30 15:00:00+00:00,36,0.0,0.0,0.1,19.8,plausible_physical_zero_not_rejected
rain_kochel,frozen,2022-07-01 17:00:00+00:00,2022-07-03 02:00:00+00:00,34,0.0,0.0,0.1,0.8,plausible_physical_zero_not_rejected
rain_kochel,frozen,2022-07-06 01:00:00+00:00,2022-07-07 10:00:00+00:00,34,0.0,0.0,0.7,0.2,plausible_physical_zero_not_rejected
rain_kochel,frozen,2022-07-08 04:00:00+00:00,2022-07-09 08:00:00+00:00,29,0.0,0.0,0.5,,plausible_physical_zero_not_rejected
rain_kochel,frozen,2022-07-10 07:00:00+00:00,2022-07-14 21:00:00+00:00,111,0.0,0.0,,0.1,plausible_physical_zero_not_rejected
rain_kochel,frozen,2022-07-15 05:00:00+00:00,2022-07-20 22:00:00+00:00,138,0.0,0.0,1.8,0.6,plausible_physical_zero_not_rejected
rain_kochel,frozen,2022-07-21 00:00:00+00:00,2022-07-23 03:00:00+00:00,52,0.0,0.0,0.6,0.7,plausible_physical_zero_not_rejected
rain_kochel,frozen,2022-07-23 09:00:00+00:00,2022-07-25 20:00:00+00:00,60,0.0,0.0,0.1,1.3,plausible_physical_zero_not_rejected
rain_kochel,frozen,2022-07-26 17:00:00+00:00,2022-07-28 17:00:00+00:00,49,0.0,0.0,0.7,0.3,plausible_physical_zero_not_rejected
rain_kochel,frozen,2022-07-30 14:00:00+00:00,2022-08-01 23:00:00+00:00,58,0.0,0.0,1.0,1.1,plausible_physical_zero_not_rejected
rain_kochel,frozen,2022-08-02 04:00:00+00:00,2022-08-05 19:00:00+00:00,88,0.0,0.0,0.2,0.5,plausible_physical_zero_not_rejected
rain_kochel,frozen,2022-08-06 16:00:00+00:00,2022-08-15 19:00:00+00:00,220,0.0,0.0,0.2,0.7,plausible_physical_zero_not_rejected
rain_kochel,frozen,2022-08-15 23:00:00+00:00,2022-08-18 14:00:00+00:00,64,0.0,0.0,0.3,0.1,plausible_physical_zero_not_rejected
rain_kochel,frozen,2022-08-20 21:00:00+00:00,2022-08-26 22:00:00+00:00,146,0.0,0.0,0.1,1.7,plausible_physical_zero_not_rejected
rain_kochel,frozen,2022-08-28 14:00:00+00:00,2022-08-31 04:00:00+00:00,63,0.0,0.0,0.6,0.1,plausible_physical_zero_not_rejected
rain_kochel,frozen,2022-08-31 21:00:00+00:00,2022-09-03 14:00:00+00:00,66,0.0,0.0,0.1,18.0,plausible_physical_zero_not_rejected
rain_kochel,frozen,2022-09-03 17:00:00+00:00,2022-09-06 05:00:00+00:00,61,0.0,0.0,4.1,3.7,plausible_physical_zero_not_rejected
rain_kochel,frozen,2022-09-11 16:00:00+00:00,2022-09-14 05:00:00+00:00,62,0.0,0.0,1.0,0.1,plausible_physical_zero_not_rejected
rain_kochel,frozen,2022-09-20 13:00:00+00:00,2022-09-24 14:00:00+00:00,98,0.0,0.0,0.2,0.1,plausible_physical_zero_not_rejected
rain_kochel,frozen,2022-10-03 04:00:00+00:00,2022-10-08 14:00:00+00:00,131,0.0,0.0,1.7,0.1,plausible_physical_zero_not_rejected
rain_kochel,frozen,2022-10-08 21:00:00+00:00,2022-10-10 15:00:00+00:00,43,0.0,0.0,0.1,0.1,plausible_physical_zero_not_rejected
rain_kochel,frozen,2022-10-10 17:00:00+00:00,2022-10-11 17:00:00+00:00,25,0.0,0.0,0.1,0.3,plausible_physical_zero_not_rejected
rain_kochel,frozen,2022-10-11 19:00:00+00:00,2022-10-13 21:00:00+00:00,51,0.0,0.0,0.3,0.1,plausible_physical_zero_not_rejected
rain_kochel,frozen,2022-10-15 21:00:00+00:00,2022-10-18 16:00:00+00:00,68,0.0,0.0,0.1,0.1,plausible_physical_zero_not_rejected
rain_kochel,frozen,2022-10-18 22:00:00+00:00,2022-10-21 19:00:00+00:00,70,0.0,0.0,0.1,0.4,plausible_physical_zero_not_rejected
rain_kochel,frozen,2022-10-22 10:00:00+00:00,2022-10-24 02:00:00+00:00,41,0.0,0.0,0.3,0.5,plausible_physical_zero_not_rejected
rain_kochel,frozen,2022-10-26 11:00:00+00:00,2022-11-01 18:00:00+00:00,152,0.0,0.0,0.1,0.1,plausible_physical_zero_not_rejected
rain_kochel,frozen,2022-11-01 20:00:00+00:00,2022-11-03 23:00:00+00:00,52,0.0,0.0,0.1,0.2,plausible_physical_zero_not_rejected
rain_kochel,frozen,2022-11-05 23:00:00+00:00,2022-11-09 20:00:00+00:00,94,0.0,0.0,0.2,0.1,plausible_physical_zero_not_rejected
rain_kochel,frozen,2022-11-10 09:00:00+00:00,2022-11-16 03:00:00+00:00,139,0.0,0.0,0.1,0.1,plausible_physical_zero_not_rejected
rain_kochel,frozen,2022-11-19 00:00:00+00:00,2022-11-20 04:00:00+00:00,29,0.0,0.0,0.1,0.3,plausible_physical_zero_not_rejected
rain_kochel,frozen,2022-11-20 06:00:00+00:00,2022-11-21 06:00:00+00:00,25,0.0,0.0,0.3,1.6,plausible_physical_zero_not_rejected
rain_kochel,frozen,2022-11-24 12:00:00+00:00,2022-11-25 17:00:00+00:00,30,0.0,0.0,0.2,0.1,plausible_physical_zero_not_rejected
rain_kochel,frozen,2022-11-26 12:00:00+00:00,2022-11-28 20:00:00+00:00,57,0.0,0.0,0.1,0.1,plausible_physical_zero_not_rejected
rain_kochel,frozen,2022-11-30 22:00:00+00:00,2022-12-01 22:00:00+00:00,25,0.0,0.0,0.1,0.1,plausible_physical_zero_not_rejected
rain_kochel,frozen,2022-12-02 19:00:00+00:00,2022-12-05 15:00:00+00:00,69,0.0,0.0,0.2,0.5,plausible_physical_zero_not_rejected
rain_kochel,frozen,2022-12-05 20:00:00+00:00,2022-12-07 06:00:00+00:00,35,0.0,0.0,0.1,0.3,plausible_physical_zero_not_rejected
rain_kochel,frozen,2022-12-07 11:00:00+00:00,2022-12-09 15:00:00+00:00,53,0.0,0.0,0.2,0.1,plausible_physical_zero_not_rejected
rain_kochel,frozen,2022-12-11 07:00:00+00:00,2022-12-14 03:00:00+00:00,69,0.0,0.0,0.3,0.1,plausible_physical_zero_not_rejected
rain_kochel,frozen,2022-12-17 03:00:00+00:00,2022-12-22 23:00:00+00:00,141,0.0,0.0,0.1,0.4,plausible_physical_zero_not_rejected
rain_kochel,frozen,2022-12-25 05:00:00+00:00,2022-12-26 15:00:00+00:00,35,0.0,0.0,0.3,1.6,plausible_physical_zero_not_rejected
rain_kochel,frozen,2022-12-27 06:00:00+00:00,2022-12-30 02:00:00+00:00,69,0.0,0.0,0.5,0.3,plausible_physical_zero_not_rejected
rain_kochel,frozen,2022-12-30 07:00:00+00:00,2023-01-03 03:00:00+00:00,93,0.0,0.0,0.1,0.2,plausible_physical_zero_not_rejected
rain_kochel,frozen,2023-01-03 18:00:00+00:00,2023-01-05 01:00:00+00:00,32,0.0,0.0,0.3,0.1,plausible_physical_zero_not_rejected
rain_kochel,frozen,2023-01-05 23:00:00+00:00,2023-01-09 02:00:00+00:00,76,0.0,0.0,0.1,0.1,plausible_physical_zero_not_rejected
rain_kochel,frozen,2023-01-10 10:00:00+00:00,2023-01-11 14:00:00+00:00,29,0.0,0.0,0.3,0.1,plausible_physical_zero_not_rejected
rain_kochel,frozen,2023-01-12 00:00:00+00:00,2023-01-13 13:00:00+00:00,38,0.0,0.0,0.1,0.2,plausible_physical_zero_not_rejected
rain_kochel,frozen,2023-01-14 02:00:00+00:00,2023-01-15 11:00:00+00:00,34,0.0,0.0,0.4,0.5,plausible_physical_zero_not_rejected
rain_kochel,frozen,2023-01-15 17:00:00+00:00,2023-01-18 19:00:00+00:00,75,0.0,0.0,0.1,0.1,plausible_physical_zero_not_rejected
rain_kochel,frozen,2023-01-19 06:00:00+00:00,2023-01-20 12:00:00+00:00,31,0.0,0.0,0.1,0.2,plausible_physical_zero_not_rejected
rain_kochel,frozen,2023-01-22 06:00:00+00:00,2023-01-27 15:00:00+00:00,130,0.0,0.0,0.1,0.1,plausible_physical_zero_not_rejected
rain_kochel,frozen,2023-01-28 04:00:00+00:00,2023-01-30 16:00:00+00:00,61,0.0,0.0,0.1,0.3,plausible_physical_zero_not_rejected
rain_kochel,frozen,2023-01-30 19:00:00+00:00,2023-02-02 11:00:00+00:00,65,0.0,0.0,0.2,0.1,plausible_physical_zero_not_rejected
rain_kochel,frozen,2023-02-06 03:00:00+00:00,2023-02-15 00:00:00+00:00,214,0.0,0.0,0.1,,plausible_physical_zero_not_rejected
rain_kochel,frozen,2023-02-15 02:00:00+00:00,2023-02-17 10:00:00+00:00,57,0.0,0.0,,0.2,plausible_physical_zero_not_rejected
rain_kochel,frozen,2023-02-17 12:00:00+00:00,2023-02-24 18:00:00+00:00,175,0.0,0.0,0.2,3.7,plausible_physical_zero_not_rejected
rain_kochel,frozen,2023-02-26 18:00:00+00:00,2023-03-08 12:00:00+00:00,235,0.0,0.0,0.2,0.1,plausible_physical_zero_not_rejected
rain_kochel,frozen,2023-03-09 10:00:00+00:00,2023-03-10 10:00:00+00:00,25,0.0,0.0,1.1,0.4,plausible_physical_zero_not_rejected
rain_kochel,frozen,2023-03-15 07:00:00+00:00,2023-03-19 20:00:00+00:00,110,0.0,0.0,0.2,0.3,plausible_physical_zero_not_rejected
rain_kochel,frozen,2023-03-20 09:00:00+00:00,2023-03-24 10:00:00+00:00,98,0.0,0.0,0.4,0.1,plausible_physical_zero_not_rejected
rain_kochel,frozen,2023-03-27 23:00:00+00:00,2023-03-29 01:00:00+00:00,27,0.0,0.0,0.1,0.1,plausible_physical_zero_not_rejected
rain_kochel,frozen,2023-03-31 15:00:00+00:00,2023-04-02 16:00:00+00:00,50,0.0,0.0,0.1,0.3,plausible_physical_zero_not_rejected
rain_kochel,frozen,2023-04-03 04:00:00+00:00,2023-04-07 16:00:00+00:00,109,0.0,0.0,0.1,0.7,plausible_physical_zero_not_rejected
rain_kochel,frozen,2023-04-09 00:00:00+00:00,2023-04-11 02:00:00+00:00,51,0.0,0.0,1.3,0.2,plausible_physical_zero_not_rejected
rain_kochel,frozen,2023-04-17 09:00:00+00:00,2023-04-19 11:00:00+00:00,51,0.0,0.0,0.6,0.2,plausible_physical_zero_not_rejected
rain_kochel,frozen,2023-04-20 06:00:00+00:00,2023-04-23 03:00:00+00:00,70,0.0,0.0,0.2,0.1,plausible_physical_zero_not_rejected
rain_kochel,frozen,2023-04-29 17:00:00+00:00,2023-05-01 08:00:00+00:00,40,0.0,0.0,7.0,0.4,plausible_physical_zero_not_rejected
rain_kochel,frozen,2023-05-02 22:00:00+00:00,2023-05-05 19:00:00+00:00,70,0.0,0.0,0.1,15.2,plausible_physical_zero_not_rejected
rain_kochel,frozen,2023-05-08 21:00:00+00:00,2023-05-09 20:00:00+00:00,24,0.0,0.0,0.3,0.4,plausible_physical_zero_not_rejected
rain_kochel,frozen,2023-05-11 18:00:00+00:00,2023-05-13 01:00:00+00:00,32,0.0,0.0,0.2,0.1,plausible_physical_zero_not_rejected
rain_kochel,frozen,2023-05-17 09:00:00+00:00,2023-05-22 14:00:00+00:00,126,0.0,0.0,0.1,3.1,plausible_physical_zero_not_rejected
rain_kochel,frozen,2023-05-24 16:00:00+00:00,2023-06-16 10:00:00+00:00,547,0.0,0.0,0.6,1.4,plausible_physical_zero_not_rejected
rain_kochel,frozen,2023-06-16 21:00:00+00:00,2023-06-19 22:00:00+00:00,74,0.0,0.0,1.7,1.0,plausible_physical_zero_not_rejected
rain_kochel,frozen,2023-06-20 22:00:00+00:00,2023-06-22 19:00:00+00:00,46,0.0,0.0,2.1,1.5,plausible_physical_zero_not_rejected
rain_kochel,frozen,2023-06-24 02:00:00+00:00,2023-06-26 22:00:00+00:00,69,0.0,0.0,0.1,0.1,plausible_physical_zero_not_rejected
rain_kochel,frozen,2023-06-28 06:00:00+00:00,2023-06-29 23:00:00+00:00,42,0.0,0.0,0.1,0.5,plausible_physical_zero_not_rejected
rain_kochel,frozen,2023-07-03 00:00:00+00:00,2023-07-04 17:00:00+00:00,42,0.0,0.0,1.6,7.1,plausible_physical_zero_not_rejected
rain_kochel,frozen,2023-07-06 09:00:00+00:00,2023-07-11 21:00:00+00:00,133,0.0,0.0,0.1,0.3,plausible_physical_zero_not_rejected
rain_kochel,frozen,2023-07-13 12:00:00+00:00,2023-07-16 05:00:00+00:00,66,0.0,0.0,1.4,0.5,plausible_physical_zero_not_rejected
rain_kochel,frozen,2023-07-17 07:00:00+00:00,2023-07-18 22:00:00+00:00,40,0.0,0.0,3.7,2.2,plausible_physical_zero_not_rejected
rain_kochel,frozen,2023-07-22 07:00:00+00:00,2023-07-24 13:00:00+00:00,55,0.0,0.0,0.2,8.0,plausible_physical_zero_not_rejected
rain_kochel,frozen,2023-07-26 17:00:00+00:00,2023-07-28 06:00:00+00:00,38,0.0,0.0,0.3,0.1,plausible_physical_zero_not_rejected
rain_kochel,frozen,2023-07-30 15:00:00+00:00,2023-07-31 23:00:00+00:00,33,0.0,0.0,5.2,0.2,plausible_physical_zero_not_rejected
rain_kochel,frozen,2023-08-07 16:00:00+00:00,2023-08-09 05:00:00+00:00,38,0.0,0.0,0.6,0.3,plausible_physical_zero_not_rejected
rain_kochel,frozen,2023-08-10 04:00:00+00:00,2023-08-13 18:00:00+00:00,87,0.0,0.0,1.1,0.3,plausible_physical_zero_not_rejected
rain_kochel,frozen,2023-08-14 00:00:00+00:00,2023-08-15 14:00:00+00:00,39,0.0,0.0,2.1,0.7,plausible_physical_zero_not_rejected
rain_kochel,frozen,2023-08-15 17:00:00+00:00,2023-08-17 17:00:00+00:00,49,0.0,0.0,1.2,20.9,plausible_physical_zero_not_rejected
rain_kochel,frozen,2023-08-17 22:00:00+00:00,2023-08-23 06:00:00+00:00,129,0.0,0.0,0.3,0.5,plausible_physical_zero_not_rejected
rain_kochel,frozen,2023-08-23 08:00:00+00:00,2023-08-24 20:00:00+00:00,37,0.0,0.0,0.5,0.4,plausible_physical_zero_not_rejected
rain_kochel,frozen,2023-08-31 09:00:00+00:00,2023-09-12 18:00:00+00:00,298,0.0,0.0,0.1,0.1,plausible_physical_zero_not_rejected
rain_kochel,frozen,2023-09-14 08:00:00+00:00,2023-09-18 12:00:00+00:00,101,0.0,0.0,0.1,2.1,plausible_physical_zero_not_rejected
rain_kochel,frozen,2023-09-18 22:00:00+00:00,2023-09-22 02:00:00+00:00,77,0.0,0.0,0.2,1.1,plausible_physical_zero_not_rejected
rain_kochel,frozen,2023-09-23 22:00:00+00:00,2023-09-29 22:00:00+00:00,145,0.0,0.0,,2.5,plausible_physical_zero_not_rejected
rain_kochel,frozen,2023-09-30 01:00:00+00:00,2023-10-03 18:00:00+00:00,90,0.0,0.0,0.3,1.6,plausible_physical_zero_not_rejected
rain_kochel,frozen,2023-10-03 22:00:00+00:00,2023-10-08 19:00:00+00:00,118,0.0,0.0,2.4,0.1,plausible_physical_zero_not_rejected
rain_kochel,frozen,2023-10-08 21:00:00+00:00,2023-10-14 16:00:00+00:00,140,0.0,0.0,0.1,1.4,plausible_physical_zero_not_rejected
rain_kochel,frozen,2023-10-15 17:00:00+00:00,2023-10-19 14:00:00+00:00,94,0.0,0.0,0.5,0.1,plausible_physical_zero_not_rejected
rain_kochel,frozen,2023-10-22 00:00:00+00:00,2023-10-24 09:00:00+00:00,58,0.0,0.0,0.2,0.1,plausible_physical_zero_not_rejected
rain_kochel,frozen,2023-10-28 04:00:00+00:00,2023-10-30 20:00:00+00:00,65,0.0,0.0,0.1,0.1,plausible_physical_zero_not_rejected
rain_kochel,frozen,2023-10-31 21:00:00+00:00,2023-11-02 14:00:00+00:00,42,0.0,0.0,0.7,0.8,plausible_physical_zero_not_rejected
rain_kochel,frozen,2023-11-03 18:00:00+00:00,2023-11-04 21:00:00+00:00,28,0.0,0.0,0.3,0.2,plausible_physical_zero_not_rejected
rain_kochel,frozen,2023-11-05 01:00:00+00:00,2023-11-07 11:00:00+00:00,59,0.0,0.0,0.6,0.1,plausible_physical_zero_not_rejected
rain_kochel,frozen,2023-11-07 19:00:00+00:00,2023-11-10 12:00:00+00:00,66,0.0,0.0,5.0,0.2,plausible_physical_zero_not_rejected
rain_kochel,frozen,2023-11-15 08:00:00+00:00,2023-11-16 14:00:00+00:00,31,0.0,0.0,0.1,0.1,plausible_physical_zero_not_rejected
rain_kochel,frozen,2023-11-19 17:00:00+00:00,2023-11-21 05:00:00+00:00,37,0.0,0.0,0.7,0.2,plausible_physical_zero_not_rejected
rain_kochel,frozen,2023-11-22 20:00:00+00:00,2023-11-24 06:00:00+00:00,35,0.0,0.0,0.2,0.1,plausible_physical_zero_not_rejected
rain_kochel,frozen,2023-11-26 04:00:00+00:00,2023-11-27 21:00:00+00:00,42,0.0,0.0,0.3,0.1,plausible_physical_zero_not_rejected
rain_kochel,frozen,2023-11-29 02:00:00+00:00,2023-11-30 08:00:00+00:00,31,0.0,0.0,0.1,0.1,plausible_physical_zero_not_rejected
rain_kochel,frozen,2023-12-03 03:00:00+00:00,2023-12-04 23:00:00+00:00,45,0.0,0.0,0.1,0.3,plausible_physical_zero_not_rejected
rain_kochel,frozen,2023-12-07 02:00:00+00:00,2023-12-08 15:00:00+00:00,38,0.0,0.0,0.2,0.1,plausible_physical_zero_not_rejected
rain_kochel,frozen,2023-12-15 09:00:00+00:00,2023-12-21 15:00:00+00:00,151,0.0,0.0,0.7,0.3,plausible_physical_zero_not_rejected
rain_kochel,frozen,2023-12-23 07:00:00+00:00,2023-12-24 17:00:00+00:00,35,0.0,0.0,0.1,0.2,plausible_physical_zero_not_rejected
rain_kochel,frozen,2023-12-24 19:00:00+00:00,2023-12-31 16:00:00+00:00,166,0.0,0.0,0.2,0.9,plausible_physical_zero_not_rejected
rain_kochel,frozen,2023-12-31 22:00:00+00:00,2024-01-03 01:00:00+00:00,52,0.0,0.0,0.1,0.2,plausible_physical_zero_not_rejected
rain_kochel,frozen,2024-01-03 23:00:00+00:00,2024-01-05 21:00:00+00:00,47,0.0,0.0,0.2,0.2,plausible_physical_zero_not_rejected
rain_kochel,frozen,2024-01-08 05:00:00+00:00,2024-01-15 02:00:00+00:00,166,0.0,0.0,0.1,0.3,plausible_physical_zero_not_rejected
rain_kochel,frozen,2024-01-16 00:00:00+00:00,2024-01-17 08:00:00+00:00,33,0.0,0.0,0.1,0.4,plausible_physical_zero_not_rejected
rain_kochel,frozen,2024-01-19 12:00:00+00:00,2024-01-22 18:00:00+00:00,79,0.0,0.0,0.1,0.4,plausible_physical_zero_not_rejected
rain_kochel,frozen,2024-01-27 05:00:00+00:00,2024-02-01 09:00:00+00:00,125,0.0,0.0,0.1,0.8,plausible_physical_zero_not_rejected
rain_kochel,frozen,2024-02-02 14:00:00+00:00,2024-02-07 23:00:00+00:00,130,0.0,0.0,0.4,0.5,plausible_physical_zero_not_rejected
rain_kochel,frozen,2024-02-08 07:00:00+00:00,2024-02-11 01:00:00+00:00,67,0.0,0.0,0.1,0.1,plausible_physical_zero_not_rejected
rain_kochel,frozen,2024-02-11 11:00:00+00:00,2024-02-12 15:00:00+00:00,29,0.0,0.0,0.1,0.2,plausible_physical_zero_not_rejected
rain_kochel,frozen,2024-02-13 06:00:00+00:00,2024-02-17 01:00:00+00:00,92,0.0,0.0,0.1,0.5,plausible_physical_zero_not_rejected
rain_kochel,frozen,2024-02-17 18:00:00+00:00,2024-02-19 01:00:00+00:00,32,0.0,0.0,0.2,0.2,plausible_physical_zero_not_rejected
rain_kochel,frozen,2024-02-20 12:00:00+00:00,2024-02-22 21:00:00+00:00,58,0.0,0.0,0.1,0.4,plausible_physical_zero_not_rejected
rain_kochel,frozen,2024-02-23 13:00:00+00:00,2024-03-01 15:00:00+00:00,171,0.0,0.0,0.1,0.1,plausible_physical_zero_not_rejected
rain_kochel,frozen,2024-03-01 19:00:00+00:00,2024-03-05 13:00:00+00:00,91,0.0,0.0,0.2,2.0,plausible_physical_zero_not_rejected
rain_kochel,frozen,2024-03-07 02:00:00+00:00,2024-03-11 19:00:00+00:00,114,0.0,0.0,0.4,1.4,plausible_physical_zero_not_rejected
rain_kochel,frozen,2024-03-14 00:00:00+00:00,2024-03-15 09:00:00+00:00,34,0.0,0.0,0.2,0.3,plausible_physical_zero_not_rejected
rain_kochel,frozen,2024-03-18 23:00:00+00:00,2024-03-21 09:00:00+00:00,59,0.0,0.0,0.8,0.5,plausible_physical_zero_not_rejected
rain_kochel,frozen,2024-03-21 21:00:00+00:00,2024-03-23 10:00:00+00:00,38,0.0,0.0,0.4,0.3,plausible_physical_zero_not_rejected
rain_kochel,frozen,2024-03-25 01:00:00+00:00,2024-03-27 15:00:00+00:00,63,0.0,0.0,0.1,0.3,plausible_physical_zero_not_rejected
rain_kochel,frozen,2024-03-28 16:00:00+00:00,2024-04-01 08:00:00+00:00,89,0.0,0.0,0.1,0.4,plausible_physical_zero_not_rejected
rain_kochel,frozen,2024-04-01 14:00:00+00:00,2024-04-02 16:00:00+00:00,27,0.0,0.0,1.3,0.1,plausible_physical_zero_not_rejected
rain_kochel,frozen,2024-04-03 19:00:00+00:00,2024-04-09 17:00:00+00:00,143,0.0,0.0,0.6,0.4,plausible_physical_zero_not_rejected
rain_kochel,frozen,2024-04-10 13:00:00+00:00,2024-04-15 06:00:00+00:00,114,0.0,0.0,0.1,0.1,plausible_physical_zero_not_rejected
rain_kochel,frozen,2024-04-24 23:00:00+00:00,2024-05-03 02:00:00+00:00,196,0.0,0.0,0.4,0.1,plausible_physical_zero_not_rejected
rain_kochel,frozen,2024-05-04 00:00:00+00:00,2024-05-06 14:00:00+00:00,63,0.0,0.0,0.2,0.7,plausible_physical_zero_not_rejected
rain_kochel,frozen,2024-05-09 00:00:00+00:00,2024-05-16 20:00:00+00:00,189,0.0,0.0,0.1,0.1,plausible_physical_zero_not_rejected
rain_kochel,frozen,2024-05-17 20:00:00+00:00,2024-05-18 20:00:00+00:00,25,0.0,0.0,0.9,0.1,plausible_physical_zero_not_rejected
rain_kochel,frozen,2024-05-19 22:00:00+00:00,2024-05-21 02:00:00+00:00,29,0.0,0.0,0.4,0.2,plausible_physical_zero_not_rejected
rain_kochel,frozen,2024-05-25 17:00:00+00:00,2024-05-27 18:00:00+00:00,50,0.0,0.0,0.1,3.7,plausible_physical_zero_not_rejected
rain_kochel,frozen,2024-05-28 11:00:00+00:00,2024-05-29 18:00:00+00:00,32,0.0,0.0,1.6,0.1,plausible_physical_zero_not_rejected
rain_kochel,frozen,2024-06-03 20:00:00+00:00,2024-06-05 21:00:00+00:00,50,0.0,0.0,0.3,1.1,plausible_physical_zero_not_rejected
rain_kochel,frozen,2024-06-11 20:00:00+00:00,2024-06-13 08:00:00+00:00,37,0.0,0.0,0.2,0.6,plausible_physical_zero_not_rejected
rain_kochel,frozen,2024-06-13 13:00:00+00:00,2024-06-15 07:00:00+00:00,43,0.0,0.0,0.6,0.1,plausible_physical_zero_not_rejected
rain_kochel,frozen,2024-06-17 22:00:00+00:00,2024-06-20 13:00:00+00:00,64,0.0,0.0,10.3,1.7,plausible_physical_zero_not_rejected
rain_kochel,frozen,2024-06-20 16:00:00+00:00,2024-06-21 18:00:00+00:00,27,0.0,0.0,1.0,0.9,plausible_physical_zero_not_rejected
rain_kochel,frozen,2024-06-23 07:00:00+00:00,2024-06-25 20:00:00+00:00,62,0.0,0.0,0.1,4.3,plausible_physical_zero_not_rejected
rain_kochel,frozen,2024-06-28 06:00:00+00:00,2024-06-30 13:00:00+00:00,56,0.0,0.0,0.4,0.3,plausible_physical_zero_not_rejected
rain_kochel,frozen,2024-07-03 23:00:00+00:00,2024-07-04 22:00:00+00:00,24,0.0,0.0,0.1,0.7,plausible_physical_zero_not_rejected
rain_kochel,frozen,2024-07-05 02:00:00+00:00,2024-07-06 16:00:00+00:00,39,0.0,0.0,0.1,0.7,plausible_physical_zero_not_rejected
rain_kochel,frozen,2024-07-08 06:00:00+00:00,2024-07-10 13:00:00+00:00,56,0.0,0.0,0.5,15.6,plausible_physical_zero_not_rejected
rain_kochel,frozen,2024-07-11 09:00:00+00:00,2024-07-12 08:00:00+00:00,24,0.0,0.0,0.7,0.4,plausible_physical_zero_not_rejected
rain_kochel,frozen,2024-07-13 16:00:00+00:00,2024-07-16 02:00:00+00:00,59,0.0,0.0,0.1,0.3,plausible_physical_zero_not_rejected
rain_kochel,frozen,2024-07-17 00:00:00+00:00,2024-07-19 18:00:00+00:00,67,0.0,0.0,0.6,0.4,plausible_physical_zero_not_rejected
rain_kochel,frozen,2024-07-20 10:00:00+00:00,2024-07-21 15:00:00+00:00,30,0.0,0.0,0.4,0.8,plausible_physical_zero_not_rejected
rain_kochel,frozen,2024-07-22 15:00:00+00:00,2024-07-23 22:00:00+00:00,32,0.0,0.0,0.2,0.3,plausible_physical_zero_not_rejected
rain_kochel,frozen,2024-07-24 06:00:00+00:00,2024-07-28 03:00:00+00:00,94,0.0,0.0,0.1,1.5,plausible_physical_zero_not_rejected
rain_kochel,frozen,2024-07-28 13:00:00+00:00,2024-07-31 18:00:00+00:00,78,0.0,0.0,0.8,4.4,plausible_physical_zero_not_rejected
rain_kochel,frozen,2024-08-04 08:00:00+00:00,2024-08-07 10:00:00+00:00,75,0.0,0.0,0.4,1.9,plausible_physical_zero_not_rejected
rain_kochel,frozen,2024-08-07 13:00:00+00:00,2024-08-08 12:00:00+00:00,24,0.0,0.0,0.5,0.5,plausible_physical_zero_not_rejected
rain_kochel,frozen,2024-08-08 21:00:00+00:00,2024-08-13 14:00:00+00:00,114,0.0,0.0,0.2,0.7,plausible_physical_zero_not_rejected
rain_kochel,frozen,2024-08-14 19:00:00+00:00,2024-08-15 23:00:00+00:00,29,0.0,0.0,1.5,0.1,plausible_physical_zero_not_rejected
rain_kochel,frozen,2024-08-19 10:00:00+00:00,2024-08-20 18:00:00+00:00,33,0.0,0.0,0.2,2.9,plausible_physical_zero_not_rejected
rain_kochel,frozen,2024-08-21 15:00:00+00:00,2024-08-24 16:00:00+00:00,74,0.0,0.0,0.2,0.2,plausible_physical_zero_not_rejected
rain_kochel,frozen,2024-08-26 22:00:00+00:00,2024-09-02 19:00:00+00:00,166,0.0,0.0,0.2,0.2,plausible_physical_zero_not_rejected
rain_kochel,frozen,2024-09-03 01:00:00+00:00,2024-09-04 15:00:00+00:00,39,0.0,0.0,0.1,16.3,plausible_physical_zero_not_rejected
rain_kochel,frozen,2024-09-04 18:00:00+00:00,2024-09-08 13:00:00+00:00,92,0.0,0.0,11.1,0.2,plausible_physical_zero_not_rejected
rain_kochel,frozen,2024-09-10 10:00:00+00:00,2024-09-11 16:00:00+00:00,31,0.0,0.0,0.2,1.0,plausible_physical_zero_not_rejected
rain_kochel,frozen,2024-09-17 09:00:00+00:00,2024-09-23 22:00:00+00:00,158,0.0,0.0,0.4,7.1,plausible_physical_zero_not_rejected
rain_kochel,frozen,2024-09-24 19:00:00+00:00,2024-09-26 17:00:00+00:00,47,0.0,0.0,0.8,3.2,plausible_physical_zero_not_rejected
rain_kochel,frozen,2024-09-29 07:00:00+00:00,2024-10-01 13:00:00+00:00,55,0.0,0.0,1.3,0.1,plausible_physical_zero_not_rejected
rain_kochel,frozen,2024-10-02 16:00:00+00:00,2024-10-03 15:00:00+00:00,24,0.0,0.0,0.5,0.3,plausible_physical_zero_not_rejected
rain_kochel,frozen,2024-10-05 08:00:00+00:00,2024-10-06 22:00:00+00:00,39,0.0,0.0,0.9,0.3,plausible_physical_zero_not_rejected
rain_kochel,frozen,2024-10-07 00:00:00+00:00,2024-10-08 16:00:00+00:00,41,0.0,0.0,0.3,1.4,plausible_physical_zero_not_rejected
rain_kochel,frozen,2024-10-09 02:00:00+00:00,2024-10-10 05:00:00+00:00,28,0.0,0.0,0.2,0.3,plausible_physical_zero_not_rejected
rain_kochel,frozen,2024-10-11 17:00:00+00:00,2024-10-12 21:00:00+00:00,29,0.0,0.0,0.1,0.5,plausible_physical_zero_not_rejected
rain_kochel,frozen,2024-10-14 19:00:00+00:00,2024-10-18 06:00:00+00:00,84,0.0,0.0,0.2,0.2,plausible_physical_zero_not_rejected
rain_kochel,frozen,2024-10-18 18:00:00+00:00,2024-10-22 18:00:00+00:00,97,0.0,0.0,0.4,2.2,plausible_physical_zero_not_rejected
rain_kochel,frozen,2024-10-24 00:00:00+00:00,2024-11-07 00:00:00+00:00,337,0.0,0.0,0.1,0.1,plausible_physical_zero_not_rejected
rain_kochel,frozen,2024-11-07 02:00:00+00:00,2024-11-13 14:00:00+00:00,157,0.0,0.0,0.1,0.1,plausible_physical_zero_not_rejected
rain_kochel,frozen,2024-11-13 22:00:00+00:00,2024-11-17 20:00:00+00:00,95,0.0,0.0,0.7,0.2,plausible_physical_zero_not_rejected
rain_kochel,frozen,2024-11-18 03:00:00+00:00,2024-11-20 01:00:00+00:00,47,0.0,0.0,0.1,1.6,plausible_physical_zero_not_rejected
rain_kochel,frozen,2024-11-20 11:00:00+00:00,2024-11-21 16:00:00+00:00,30,0.0,0.0,0.1,0.1,plausible_physical_zero_not_rejected
rain_kochel,frozen,2024-11-22 13:00:00+00:00,2024-11-26 03:00:00+00:00,87,0.0,0.0,0.2,0.6,plausible_physical_zero_not_rejected
rain_kochel,frozen,2024-11-26 09:00:00+00:00,2024-11-28 04:00:00+00:00,44,0.0,0.0,0.1,0.3,plausible_physical_zero_not_rejected
rain_kochel,frozen,2024-11-28 15:00:00+00:00,2024-12-02 10:00:00+00:00,92,0.0,0.0,0.1,0.1,plausible_physical_zero_not_rejected
rain_kochel,frozen,2024-12-04 22:00:00+00:00,2024-12-06 03:00:00+00:00,30,0.0,0.0,0.1,0.1,plausible_physical_zero_not_rejected
rain_kochel,frozen,2024-12-06 16:00:00+00:00,2024-12-07 16:00:00+00:00,25,0.0,0.0,0.1,0.1,plausible_physical_zero_not_rejected
rain_kochel,frozen,2024-12-10 01:00:00+00:00,2024-12-14 15:00:00+00:00,111,0.0,0.0,0.1,0.1,plausible_physical_zero_not_rejected
rain_kochel,frozen,2024-12-16 06:00:00+00:00,2024-12-19 18:00:00+00:00,85,0.0,0.0,0.1,2.8,plausible_physical_zero_not_rejected
rain_kochel,frozen,2024-12-20 12:00:00+00:00,2024-12-21 23:00:00+00:00,36,0.0,0.0,0.3,0.3,plausible_physical_zero_not_rejected
rain_kochel,frozen,2024-12-24 07:00:00+00:00,2025-01-02 19:00:00+00:00,229,0.0,0.0,0.6,2.7,plausible_physical_zero_not_rejected
rain_kochel,frozen,2025-01-03 08:00:00+00:00,2025-01-04 22:00:00+00:00,39,0.0,0.0,0.1,0.1,plausible_physical_zero_not_rejected
rain_kochel,frozen,2025-01-05 13:00:00+00:00,2025-01-07 00:00:00+00:00,36,0.0,0.0,0.1,0.1,plausible_physical_zero_not_rejected
rain_kochel,frozen,2025-01-09 23:00:00+00:00,2025-01-15 12:00:00+00:00,134,0.0,0.0,0.2,0.2,plausible_physical_zero_not_rejected
rain_kochel,frozen,2025-01-16 03:00:00+00:00,2025-01-23 09:00:00+00:00,175,0.0,0.0,0.2,,plausible_physical_zero_not_rejected
rain_kochel,frozen,2025-01-23 11:00:00+00:00,2025-01-26 06:00:00+00:00,68,0.0,0.0,,0.1,plausible_physical_zero_not_rejected
rain_kochel,frozen,2025-01-26 10:00:00+00:00,2025-01-27 18:00:00+00:00,33,0.0,0.0,0.8,1.8,plausible_physical_zero_not_rejected
rain_kochel,frozen,2025-01-28 16:00:00+00:00,2025-01-31 05:00:00+00:00,62,0.0,0.0,0.1,0.1,plausible_physical_zero_not_rejected
rain_kochel,frozen,2025-01-31 12:00:00+00:00,2025-02-11 22:00:00+00:00,275,0.0,0.0,0.1,0.3,plausible_physical_zero_not_rejected
rain_kochel,frozen,2025-02-14 18:00:00+00:00,2025-02-23 08:00:00+00:00,207,0.0,0.0,0.2,0.1,plausible_physical_zero_not_rejected
rain_kochel,frozen,2025-02-24 00:00:00+00:00,2025-02-25 19:00:00+00:00,44,0.0,0.0,0.2,0.2,plausible_physical_zero_not_rejected
rain_kochel,frozen,2025-02-26 20:00:00+00:00,2025-02-28 18:00:00+00:00,47,0.0,0.0,0.1,0.1,plausible_physical_zero_not_rejected
rain_kochel,frozen,2025-02-28 22:00:00+00:00,2025-03-10 09:00:00+00:00,228,0.0,0.0,0.5,0.2,plausible_physical_zero_not_rejected
rain_kochel,frozen,2025-03-10 17:00:00+00:00,2025-03-12 15:00:00+00:00,47,0.0,0.0,0.6,0.4,plausible_physical_zero_not_rejected
rain_kochel,frozen,2025-03-16 23:00:00+00:00,2025-03-23 07:00:00+00:00,153,0.0,0.0,0.2,0.1,plausible_physical_zero_not_rejected
rain_kochel,frozen,2025-03-27 12:00:00+00:00,2025-03-28 18:00:00+00:00,31,0.0,0.0,0.2,0.2,plausible_physical_zero_not_rejected
rain_kochel,frozen,2025-04-01 10:00:00+00:00,2025-04-17 07:00:00+00:00,382,0.0,0.0,0.4,0.1,plausible_physical_zero_not_rejected
rain_kochel,frozen,2025-04-18 09:00:00+00:00,2025-04-21 05:00:00+00:00,69,0.0,0.0,0.4,0.1,plausible_physical_zero_not_rejected
rain_kochel,frozen,2025-04-22 00:00:00+00:00,2025-04-23 15:00:00+00:00,40,0.0,0.0,0.1,5.1,plausible_physical_zero_not_rejected
rain_kochel,frozen,2025-04-26 05:00:00+00:00,2025-05-03 11:00:00+00:00,175,0.0,0.0,0.1,0.1,plausible_physical_zero_not_rejected
rain_kochel,frozen,2025-05-05 21:00:00+00:00,2025-05-07 14:00:00+00:00,42,0.0,0.0,0.3,0.1,plausible_physical_zero_not_rejected
rain_kochel,frozen,2025-05-07 23:00:00+00:00,2025-05-09 13:00:00+00:00,39,0.0,0.0,0.2,0.1,plausible_physical_zero_not_rejected
rain_kochel,frozen,2025-05-09 16:00:00+00:00,2025-05-17 12:00:00+00:00,189,0.0,0.0,0.3,0.1,plausible_physical_zero_not_rejected
rain_kochel,frozen,2025-05-18 03:00:00+00:00,2025-05-20 06:00:00+00:00,52,0.0,0.0,2.4,0.1,plausible_physical_zero_not_rejected
rain_kochel,frozen,2025-05-23 21:00:00+00:00,2025-05-25 03:00:00+00:00,31,0.0,0.0,0.9,0.4,plausible_physical_zero_not_rejected
rain_kochel,frozen,2025-05-29 08:00:00+00:00,2025-06-02 04:00:00+00:00,93,0.0,0.0,0.2,0.9,plausible_physical_zero_not_rejected
rain_kochel,frozen,2025-06-03 21:00:00+00:00,2025-06-05 02:00:00+00:00,30,0.0,0.0,0.7,0.1,plausible_physical_zero_not_rejected
rain_kochel,frozen,2025-06-08 05:00:00+00:00,2025-06-15 18:00:00+00:00,182,0.0,0.0,0.1,1.8,plausible_physical_zero_not_rejected
rain_kochel,frozen,2025-06-16 04:00:00+00:00,2025-06-26 13:00:00+00:00,250,0.0,0.0,0.1,0.4,plausible_physical_zero_not_rejected
rain_kochel,frozen,2025-06-26 22:00:00+00:00,2025-06-27 21:00:00+00:00,24,0.0,0.0,0.2,0.4,plausible_physical_zero_not_rejected
rain_kochel,frozen,2025-06-27 23:00:00+00:00,2025-07-02 21:00:00+00:00,119,0.0,0.0,0.4,0.2,plausible_physical_zero_not_rejected
rain_kochel,frozen,2025-07-04 09:00:00+00:00,2025-07-06 05:00:00+00:00,45,0.0,0.0,0.1,0.2,plausible_physical_zero_not_rejected
rain_kochel,frozen,2025-07-09 11:00:00+00:00,2025-07-11 12:00:00+00:00,50,0.0,0.0,0.8,1.5,plausible_physical_zero_not_rejected
rain_kochel,frozen,2025-07-11 22:00:00+00:00,2025-07-13 14:00:00+00:00,41,0.0,0.0,1.0,0.2,plausible_physical_zero_not_rejected
rain_kochel,frozen,2025-07-14 20:00:00+00:00,2025-07-15 20:00:00+00:00,25,0.0,0.0,0.4,1.3,plausible_physical_zero_not_rejected
rain_kochel,frozen,2025-07-17 02:00:00+00:00,2025-07-19 18:00:00+00:00,65,0.0,0.0,1.6,4.7,plausible_physical_zero_not_rejected
rain_kochel,frozen,2025-07-21 19:00:00+00:00,2025-07-23 23:00:00+00:00,53,0.0,0.0,0.4,0.4,plausible_physical_zero_not_rejected
rain_kochel,frozen,2025-07-29 15:00:00+00:00,2025-07-30 14:00:00+00:00,24,0.0,0.0,11.3,0.7,plausible_physical_zero_not_rejected
rain_kochel,frozen,2025-08-04 16:00:00+00:00,2025-08-05 21:00:00+00:00,30,0.0,0.0,0.2,1.1,plausible_physical_zero_not_rejected
rain_kochel,frozen,2025-08-05 23:00:00+00:00,2025-08-15 22:00:00+00:00,240,0.0,0.0,1.1,0.3,plausible_physical_zero_not_rejected
rain_kochel,frozen,2025-08-16 08:00:00+00:00,2025-08-20 13:00:00+00:00,102,0.0,0.0,0.5,1.9,plausible_physical_zero_not_rejected
rain_kochel,frozen,2025-08-22 03:00:00+00:00,2025-08-27 03:00:00+00:00,121,0.0,0.0,0.5,0.2,plausible_physical_zero_not_rejected
rain_kochel,frozen,2025-08-27 08:00:00+00:00,2025-08-28 11:00:00+00:00,28,0.0,0.0,0.1,0.2,plausible_physical_zero_not_rejected
rain_kochel,frozen,2025-08-29 19:00:00+00:00,2025-09-01 21:00:00+00:00,75,0.0,0.0,1.4,0.3,plausible_physical_zero_not_rejected
rain_kochel,frozen,2025-09-02 15:00:00+00:00,2025-09-04 20:00:00+00:00,54,0.0,0.0,0.3,6.7,plausible_physical_zero_not_rejected
rain_kochel,frozen,2025-09-05 16:00:00+00:00,2025-09-08 18:00:00+00:00,75,0.0,0.0,0.2,3.4,plausible_physical_zero_not_rejected
rain_kochel,frozen,2025-09-10 15:00:00+00:00,2025-09-13 19:00:00+00:00,77,0.0,0.0,0.4,0.6,plausible_physical_zero_not_rejected
rain_kochel,frozen,2025-09-14 08:00:00+00:00,2025-09-15 18:00:00+00:00,35,0.0,0.0,0.2,1.9,plausible_physical_zero_not_rejected
rain_kochel,frozen,2025-09-16 01:00:00+00:00,2025-09-21 22:00:00+00:00,142,0.0,0.0,0.3,0.1,plausible_physical_zero_not_rejected
rain_kochel,frozen,2025-09-25 08:00:00+00:00,2025-09-30 04:00:00+00:00,117,0.0,0.0,1.2,3.0,plausible_physical_zero_not_rejected
rain_kochel,frozen,2025-10-01 04:00:00+00:00,2025-10-04 16:00:00+00:00,85,0.0,0.0,1.6,1.6,plausible_physical_zero_not_rejected
rain_kochel,frozen,2025-10-07 07:00:00+00:00,2025-10-09 14:00:00+00:00,56,0.0,0.0,0.1,0.4,plausible_physical_zero_not_rejected
rain_kochel,frozen,2025-10-09 20:00:00+00:00,2025-10-16 19:00:00+00:00,168,0.0,0.0,0.1,0.1,plausible_physical_zero_not_rejected
rain_kochel,frozen,2025-10-16 21:00:00+00:00,2025-10-20 17:00:00+00:00,93,0.0,0.0,0.1,0.4,plausible_physical_zero_not_rejected
rain_kochel,frozen,2025-10-20 21:00:00+00:00,2025-10-22 09:00:00+00:00,37,0.0,0.0,0.1,0.4,plausible_physical_zero_not_rejected
rain_kochel,frozen,2025-10-28 06:00:00+00:00,2025-11-02 08:00:00+00:00,123,0.0,0.0,0.1,0.1,plausible_physical_zero_not_rejected
rain_kochel,frozen,2025-11-03 06:00:00+00:00,2025-11-09 02:00:00+00:00,141,0.0,0.0,0.1,0.2,plausible_physical_zero_not_rejected
rain_kochel,frozen,2025-11-10 02:00:00+00:00,2025-11-16 14:00:00+00:00,157,0.0,0.0,0.1,0.1,plausible_physical_zero_not_rejected
rain_kochel,frozen,2025-11-17 23:00:00+00:00,2025-11-20 04:00:00+00:00,54,0.0,0.0,0.2,0.2,plausible_physical_zero_not_rejected
rain_kochel,frozen,2025-11-21 19:00:00+00:00,2025-11-24 18:00:00+00:00,72,0.0,0.0,0.1,0.6,plausible_physical_zero_not_rejected
rain_kochel,frozen,2025-11-27 02:00:00+00:00,2025-11-29 02:00:00+00:00,49,0.0,0.0,0.1,0.2,plausible_physical_zero_not_rejected
rain_kochel,frozen,2025-11-29 11:00:00+00:00,2025-11-30 16:00:00+00:00,30,0.0,0.0,0.1,0.2,plausible_physical_zero_not_rejected
rain_kochel,frozen,2025-12-01 07:00:00+00:00,2025-12-04 22:00:00+00:00,88,0.0,0.0,0.1,0.1,plausible_physical_zero_not_rejected
rain_kochel,frozen,2025-12-05 11:00:00+00:00,2025-12-07 04:00:00+00:00,42,0.0,0.0,0.1,0.1,plausible_physical_zero_not_rejected
rain_kochel,frozen,2025-12-08 08:00:00+00:00,2025-12-24 06:00:00+00:00,383,0.0,0.0,0.1,0.1,plausible_physical_zero_not_rejected
rain_kochel,frozen,2025-12-24 09:00:00+00:00,2026-01-02 21:00:00+00:00,229,0.0,0.0,0.1,0.4,plausible_physical_zero_not_rejected
rain_kochel,frozen,2026-01-04 02:00:00+00:00,2026-01-08 02:00:00+00:00,97,0.0,0.0,0.1,0.1,plausible_physical_zero_not_rejected
rain_kochel,frozen,2026-01-09 08:00:00+00:00,2026-01-10 10:00:00+00:00,27,0.0,0.0,0.1,0.1,plausible_physical_zero_not_rejected
rain_kochel,frozen,2026-01-11 08:00:00+00:00,2026-01-12 09:00:00+00:00,26,0.0,0.0,0.1,0.1,plausible_physical_zero_not_rejected
rain_kochel,frozen,2026-01-12 23:00:00+00:00,2026-01-25 14:00:00+00:00,304,0.0,0.0,0.2,0.4,plausible_physical_zero_not_rejected
rain_kochel,frozen,2026-01-26 11:00:00+00:00,2026-01-28 21:00:00+00:00,59,0.0,0.0,0.1,0.7,plausible_physical_zero_not_rejected
rain_kochel,frozen,2026-01-29 10:00:00+00:00,2026-01-30 22:00:00+00:00,37,0.0,0.0,0.1,0.1,plausible_physical_zero_not_rejected
rain_kochel,frozen,2026-01-31 00:00:00+00:00,2026-02-06 13:00:00+00:00,158,0.0,0.0,0.1,0.1,plausible_physical_zero_not_rejected
rain_kochel,frozen,2026-02-06 20:00:00+00:00,2026-02-11 02:00:00+00:00,103,0.0,0.0,0.6,0.3,plausible_physical_zero_not_rejected
rain_kochel,frozen,2026-02-13 03:00:00+00:00,2026-02-14 10:00:00+00:00,32,0.0,0.0,0.4,0.1,plausible_physical_zero_not_rejected
rain_kochel,frozen,2026-02-22 10:00:00+00:00,2026-02-23 19:00:00+00:00,34,0.0,0.0,0.3,1.2,plausible_physical_zero_not_rejected
rain_kochel,frozen,2026-02-24 21:00:00+00:00,2026-03-01 01:00:00+00:00,101,0.0,0.0,0.1,0.5,plausible_physical_zero_not_rejected
rain_kochel,frozen,2026-03-01 15:00:00+00:00,2026-03-11 06:00:00+00:00,232,0.0,0.0,0.1,0.6,plausible_physical_zero_not_rejected
rain_kochel,frozen,2026-03-12 11:00:00+00:00,2026-03-14 14:00:00+00:00,52,0.0,0.0,0.3,0.8,plausible_physical_zero_not_rejected
rain_kochel,frozen,2026-03-15 05:00:00+00:00,2026-03-16 23:00:00+00:00,43,0.0,0.0,0.1,0.2,plausible_physical_zero_not_rejected
rain_kochel,frozen,2026-03-17 15:00:00+00:00,2026-03-25 15:00:00+00:00,193,0.0,0.0,0.4,2.2,plausible_physical_zero_not_rejected
rain_kochel,frozen,2026-03-27 10:00:00+00:00,2026-03-28 22:00:00+00:00,37,0.0,0.0,0.2,0.4,plausible_physical_zero_not_rejected
rain_kochel,frozen,2026-04-01 07:00:00+00:00,2026-04-04 05:00:00+00:00,71,0.0,0.0,0.2,0.2,plausible_physical_zero_not_rejected
rain_kochel,frozen,2026-04-04 09:00:00+00:00,2026-04-05 20:00:00+00:00,36,0.0,0.0,0.7,0.2,plausible_physical_zero_not_rejected
rain_kochel,frozen,2026-04-06 01:00:00+00:00,2026-04-09 23:00:00+00:00,95,0.0,0.0,1.9,0.1,plausible_physical_zero_not_rejected
rain_kochel,frozen,2026-04-10 16:00:00+00:00,2026-04-12 06:00:00+00:00,39,0.0,0.0,0.3,0.1,plausible_physical_zero_not_rejected
rain_kochel,frozen,2026-04-15 01:00:00+00:00,2026-04-19 06:00:00+00:00,102,0.0,0.0,0.2,0.9,plausible_physical_zero_not_rejected
rain_kochel,frozen,2026-04-19 19:00:00+00:00,2026-05-05 20:00:00+00:00,386,0.0,0.0,0.5,3.6,plausible_physical_zero_not_rejected
rain_kochel,frozen,2026-05-07 21:00:00+00:00,2026-05-09 04:00:00+00:00,32,0.0,0.0,0.6,6.4,plausible_physical_zero_not_rejected
rain_kochel,frozen,2026-05-09 08:00:00+00:00,2026-05-10 17:00:00+00:00,34,0.0,0.0,0.1,0.6,plausible_physical_zero_not_rejected
rain_kochel,frozen,2026-05-12 13:00:00+00:00,2026-05-14 03:00:00+00:00,39,0.0,0.0,0.2,1.2,plausible_physical_zero_not_rejected
rain_kochel,frozen,2026-05-16 17:00:00+00:00,2026-05-18 12:00:00+00:00,44,0.0,0.0,0.6,1.3,plausible_physical_zero_not_rejected
rain_kochel,frozen,2026-05-19 02:00:00+00:00,2026-05-20 04:00:00+00:00,27,0.0,0.0,2.2,0.1,plausible_physical_zero_not_rejected
rain_kochel,frozen,2026-05-21 00:00:00+00:00,2026-05-31 18:00:00+00:00,259,0.0,0.0,3.4,0.9,plausible_physical_zero_not_rejected
rain_kochel,frozen,2026-06-03 18:00:00+00:00,2026-06-04 17:00:00+00:00,24,0.0,0.0,0.3,0.4,plausible_physical_zero_not_rejected
rain_kochel,frozen,2026-06-05 08:00:00+00:00,2026-06-06 12:00:00+00:00,29,0.0,0.0,0.5,0.3,plausible_physical_zero_not_rejected
rain_kochel,frozen,2026-06-07 02:00:00+00:00,2026-06-08 18:00:00+00:00,41,0.0,0.0,0.5,1.2,plausible_physical_zero_not_rejected
rain_kochel,frozen,2026-06-13 03:00:00+00:00,2026-06-19 18:00:00+00:00,160,0.0,0.0,0.3,0.2,plausible_physical_zero_not_rejected
rain_kochel,frozen,2026-06-20 00:00:00+00:00,2026-06-29 16:00:00+00:00,233,0.0,0.0,1.7,9.0,plausible_physical_zero_not_rejected
rain_kochel,frozen,2026-06-29 20:00:00+00:00,2026-07-01 05:00:00+00:00,34,0.0,0.0,2.3,4.7,plausible_physical_zero_not_rejected
rain_kochel,frozen,2026-07-01 15:00:00+00:00,2026-07-03 03:00:00+00:00,37,0.0,0.0,0.7,0.3,plausible_physical_zero_not_rejected
rain_kochel,frozen,2026-07-03 05:00:00+00:00,2026-07-05 15:00:00+00:00,59,0.0,0.0,0.3,1.3,plausible_physical_zero_not_rejected
rain_kochel,frozen,2026-07-05 23:00:00+00:00,2026-07-14 08:00:00+00:00,202,0.0,0.0,1.6,2.0,plausible_physical_zero_not_rejected
rain_kochel,frozen,2026-07-16 22:00:00+00:00,2026-07-17 22:00:00+00:00,25,0.0,0.0,0.3,4.9,plausible_physical_zero_not_rejected
rain_kochel,frozen,2026-07-19 11:00:00+00:00,2026-07-26 09:00:00+00:00,167,0.0,0.0,0.2,0.2,plausible_physical_zero_not_rejected
rain_kochel,frozen,2026-07-26 11:00:00+00:00,2026-07-27 10:00:00+00:00,24,0.0,0.0,0.2,0.2,plausible_physical_zero_not_rejected
rain_kochel,frozen,2026-07-27 14:00:00+00:00,2026-07-31 16:00:00+00:00,99,0.0,0.0,0.4,0.4,plausible_physical_zero_not_rejected
rain_kochel,frozen,2026-08-02 18:00:00+00:00,2026-08-05 16:00:00+00:00,71,0.0,0.0,3.7,0.3,plausible_physical_zero_not_rejected
rain_kochel,frozen,2026-08-06 02:00:00+00:00,2026-08-10 05:00:00+00:00,100,0.0,0.0,0.1,0.4,plausible_physical_zero_not_rejected
rain_kochel,frozen,2026-08-11 03:00:00+00:00,2026-08-16 22:00:00+00:00,140,0.0,0.0,0.1,0.3,plausible_physical_zero_not_rejected
rain_kochel,frozen,2026-08-19 00:00:00+00:00,2026-08-20 01:00:00+00:00,26,0.0,0.0,2.3,1.3,plausible_physical_zero_not_rejected
rain_kochel,frozen,2026-08-21 19:00:00+00:00,2026-08-25 05:00:00+00:00,83,0.0,0.0,0.3,0.1,plausible_physical_zero_not_rejected
rain_kochel,frozen,2026-08-25 14:00:00+00:00,2026-08-28 13:00:00+00:00,72,0.0,0.0,0.3,15.9,plausible_physical_zero_not_rejected
rain_kochel,frozen,2026-08-29 01:00:00+00:00,2026-08-31 02:00:00+00:00,50,0.0,0.0,0.4,0.2,plausible_physical_zero_not_rejected
rain_kochel,frozen,2026-08-31 04:00:00+00:00,2026-09-05 06:00:00+00:00,123,0.0,0.0,0.2,0.8,plausible_physical_zero_not_rejected
rain_kochel,frozen,2026-09-05 15:00:00+00:00,2026-09-08 22:00:00+00:00,80,0.0,0.0,0.3,0.5,plausible_physical_zero_not_rejected
rain_kochel,frozen,2026-09-09 20:00:00+00:00,2026-09-13 18:00:00+00:00,95,0.0,0.0,0.2,0.7,plausible_physical_zero_not_rejected
rain_garmisch,hampel,2010-04-25 15:00:00+00:00,2010-04-25 15:00:00+00:00,1,18.4,18.4,0.0,0.3,undecidable_without_independent_evidence
rain_garmisch,hampel,2010-06-06 21:00:00+00:00,2010-06-06 21:00:00+00:00,1,15.0,15.0,0.0,2.2,undecidable_without_independent_evidence
rain_garmisch,hampel,2011-07-10 04:00:00+00:00,2011-07-10 04:00:00+00:00,1,11.0,11.0,0.0,1.4,undecidable_without_independent_evidence
rain_garmisch,hampel,2011-07-10 14:00:00+00:00,2011-07-10 14:00:00+00:00,1,13.1,13.1,0.0,0.0,undecidable_without_independent_evidence
rain_garmisch,hampel,2011-08-03 14:00:00+00:00,2011-08-03 14:00:00+00:00,1,15.9,15.9,0.1,3.1,undecidable_without_independent_evidence
rain_garmisch,hampel,2012-06-08 14:00:00+00:00,2012-06-08 14:00:00+00:00,1,10.4,10.4,0.0,0.5,undecidable_without_independent_evidence
rain_garmisch,hampel,2012-06-20 16:00:00+00:00,2012-06-20 16:00:00+00:00,1,15.5,15.5,1.2,0.1,undecidable_without_independent_evidence
rain_garmisch,hampel,2012-08-05 15:00:00+00:00,2012-08-05 15:00:00+00:00,1,13.0,13.0,0.0,0.2,undecidable_without_independent_evidence
rain_garmisch,hampel,2013-06-09 14:00:00+00:00,2013-06-09 14:00:00+00:00,1,16.0,16.0,0.0,1.0,undecidable_without_independent_evidence
rain_garmisch,hampel,2013-07-29 13:00:00+00:00,2013-07-29 13:00:00+00:00,1,11.8,11.8,0.3,0.5,undecidable_without_independent_evidence
rain_garmisch,hampel,2014-06-12 00:00:00+00:00,2014-06-12 00:00:00+00:00,1,28.2,28.2,0.0,0.5,undecidable_without_independent_evidence
rain_garmisch,hampel,2014-06-23 17:00:00+00:00,2014-06-23 17:00:00+00:00,1,13.1,13.1,0.9,6.0,undecidable_without_independent_evidence
rain_garmisch,hampel,2014-07-27 22:00:00+00:00,2014-07-27 22:00:00+00:00,1,12.8,12.8,0.7,0.9,undecidable_without_independent_evidence
rain_garmisch,hampel,2014-08-02 16:00:00+00:00,2014-08-02 16:00:00+00:00,1,15.6,15.6,1.3,0.0,undecidable_without_independent_evidence
rain_garmisch,hampel,2015-06-06 18:00:00+00:00,2015-06-06 18:00:00+00:00,1,16.4,16.4,0.0,2.6,undecidable_without_independent_evidence
rain_garmisch,hampel,2015-09-01 18:00:00+00:00,2015-09-01 18:00:00+00:00,1,16.5,16.5,0.0,3.5,undecidable_without_independent_evidence
rain_garmisch,hampel,2016-05-10 16:00:00+00:00,2016-05-10 16:00:00+00:00,1,10.3,10.3,0.0,0.0,undecidable_without_independent_evidence
rain_garmisch,hampel,2016-06-24 22:00:00+00:00,2016-06-24 22:00:00+00:00,1,11.4,11.4,0.0,1.6,undecidable_without_independent_evidence
rain_garmisch,hampel,2016-06-25 15:00:00+00:00,2016-06-25 15:00:00+00:00,1,13.3,13.3,0.9,0.2,undecidable_without_independent_evidence
rain_garmisch,hampel,2016-06-30 07:00:00+00:00,2016-06-30 07:00:00+00:00,1,10.8,10.8,0.0,0.0,undecidable_without_independent_evidence
rain_garmisch,hampel,2017-06-01 17:00:00+00:00,2017-06-01 17:00:00+00:00,1,12.3,12.3,0.4,3.8,undecidable_without_independent_evidence
rain_garmisch,hampel,2017-07-20 13:00:00+00:00,2017-07-20 13:00:00+00:00,1,13.5,13.5,0.0,0.2,undecidable_without_independent_evidence
rain_garmisch,hampel,2017-08-08 20:00:00+00:00,2017-08-08 20:00:00+00:00,1,13.7,13.7,0.0,6.9,undecidable_without_independent_evidence
rain_garmisch,hampel,2017-08-15 23:00:00+00:00,2017-08-15 23:00:00+00:00,1,12.4,12.4,0.0,4.6,undecidable_without_independent_evidence
rain_garmisch,hampel,2017-08-24 18:00:00+00:00,2017-08-24 18:00:00+00:00,1,21.1,21.1,0.0,5.2,undecidable_without_independent_evidence
rain_garmisch,hampel,2018-05-31 17:00:00+00:00,2018-05-31 18:00:00+00:00,2,13.4,15.0,0.4,0.2,undecidable_without_independent_evidence
rain_garmisch,hampel,2018-08-09 18:00:00+00:00,2018-08-09 18:00:00+00:00,1,10.3,10.3,0.0,15.0,undecidable_without_independent_evidence
rain_garmisch,hampel,2018-08-13 15:00:00+00:00,2018-08-13 15:00:00+00:00,1,11.8,11.8,0.0,0.0,undecidable_without_independent_evidence
rain_garmisch,hampel,2018-08-23 14:00:00+00:00,2018-08-23 14:00:00+00:00,1,10.4,10.4,0.4,1.8,undecidable_without_independent_evidence
rain_garmisch,hampel,2018-08-29 18:00:00+00:00,2018-08-29 18:00:00+00:00,1,12.9,12.9,0.0,0.0,undecidable_without_independent_evidence
rain_garmisch,hampel,2018-09-18 16:00:00+00:00,2018-09-18 16:00:00+00:00,1,15.5,15.5,0.4,2.3,undecidable_without_independent_evidence
rain_garmisch,hampel,2019-06-16 00:00:00+00:00,2019-06-16 00:00:00+00:00,1,12.4,12.4,5.0,1.7,undecidable_without_independent_evidence
rain_garmisch,hampel,2019-07-01 10:00:00+00:00,2019-07-01 10:00:00+00:00,1,10.4,10.4,0.0,5.6,undecidable_without_independent_evidence
rain_garmisch,hampel,2019-08-11 22:00:00+00:00,2019-08-11 22:00:00+00:00,1,10.8,10.8,0.0,0.4,undecidable_without_independent_evidence
rain_garmisch,hampel,2020-06-13 21:00:00+00:00,2020-06-13 22:00:00+00:00,2,10.9,22.6,0.0,3.4,undecidable_without_independent_evidence
rain_garmisch,hampel,2020-06-28 18:00:00+00:00,2020-06-28 18:00:00+00:00,1,18.2,18.2,0.0,1.1,undecidable_without_independent_evidence
rain_garmisch,hampel,2020-07-10 16:00:00+00:00,2020-07-10 16:00:00+00:00,1,20.1,20.1,0.1,2.3,undecidable_without_independent_evidence
rain_garmisch,hampel,2020-08-13 14:00:00+00:00,2020-08-13 14:00:00+00:00,1,10.2,10.2,0.0,0.1,undecidable_without_independent_evidence
rain_garmisch,hampel,2021-06-05 16:00:00+00:00,2021-06-05 16:00:00+00:00,1,11.5,11.5,0.0,5.9,undecidable_without_independent_evidence
rain_garmisch,hampel,2021-06-08 14:00:00+00:00,2021-06-08 15:00:00+00:00,2,14.5,19.5,0.9,0.2,undecidable_without_independent_evidence
rain_garmisch,hampel,2021-07-24 19:00:00+00:00,2021-07-24 19:00:00+00:00,1,18.8,18.8,0.3,0.1,undecidable_without_independent_evidence
rain_garmisch,hampel,2021-09-11 00:00:00+00:00,2021-09-11 00:00:00+00:00,1,12.0,12.0,0.0,1.1,undecidable_without_independent_evidence
rain_garmisch,hampel,2022-05-19 19:00:00+00:00,2022-05-19 19:00:00+00:00,1,13.7,13.7,3.7,0.9,undecidable_without_independent_evidence
rain_garmisch,hampel,2022-06-05 14:00:00+00:00,2022-06-05 14:00:00+00:00,1,22.0,22.0,0.0,7.6,undecidable_without_independent_evidence
rain_garmisch,hampel,2022-06-06 20:00:00+00:00,2022-06-06 20:00:00+00:00,1,10.5,10.5,0.0,4.6,undecidable_without_independent_evidence
rain_garmisch,hampel,2022-06-30 16:00:00+00:00,2022-06-30 16:00:00+00:00,1,18.2,18.2,0.0,0.1,undecidable_without_independent_evidence
rain_garmisch,hampel,2022-08-05 19:00:00+00:00,2022-08-05 19:00:00+00:00,1,10.8,10.8,0.0,1.5,undecidable_without_independent_evidence
rain_garmisch,hampel,2022-09-03 15:00:00+00:00,2022-09-03 15:00:00+00:00,1,18.9,18.9,0.8,0.2,undecidable_without_independent_evidence
rain_garmisch,hampel,2022-10-13 23:00:00+00:00,2022-10-13 23:00:00+00:00,1,15.3,15.3,9.8,0.6,undecidable_without_independent_evidence
rain_garmisch,hampel,2023-05-05 20:00:00+00:00,2023-05-05 20:00:00+00:00,1,13.4,13.4,0.0,2.4,undecidable_without_independent_evidence
rain_garmisch,hampel,2023-07-04 17:00:00+00:00,2023-07-04 17:00:00+00:00,1,10.6,10.6,1.4,0.3,undecidable_without_independent_evidence
rain_garmisch,hampel,2023-07-28 19:00:00+00:00,2023-07-28 19:00:00+00:00,1,12.9,12.9,0.0,0.0,undecidable_without_independent_evidence
rain_garmisch,hampel,2023-08-15 14:00:00+00:00,2023-08-15 14:00:00+00:00,1,11.1,11.1,1.0,1.0,undecidable_without_independent_evidence
rain_garmisch,hampel,2023-09-12 18:00:00+00:00,2023-09-12 18:00:00+00:00,1,12.9,12.9,0.0,0.3,undecidable_without_independent_evidence
rain_garmisch,hampel,2024-06-08 17:00:00+00:00,2024-06-08 17:00:00+00:00,1,11.2,11.2,0.0,0.7,undecidable_without_independent_evidence
rain_garmisch,hampel,2024-06-09 15:00:00+00:00,2024-06-09 16:00:00+00:00,2,11.2,15.1,0.0,0.1,undecidable_without_independent_evidence
rain_garmisch,hampel,2024-07-21 15:00:00+00:00,2024-07-21 15:00:00+00:00,1,24.2,24.2,10.7,1.9,undecidable_without_independent_evidence
rain_garmisch,hampel,2024-09-02 20:00:00+00:00,2024-09-02 20:00:00+00:00,1,15.8,15.8,0.0,2.3,undecidable_without_independent_evidence
rain_garmisch,hampel,2026-08-02 16:00:00+00:00,2026-08-02 16:00:00+00:00,1,18.8,18.8,0.0,0.6,undecidable_without_independent_evidence
rain_garmisch,hampel,2026-08-05 19:00:00+00:00,2026-08-05 19:00:00+00:00,1,42.2,42.2,0.0,1.1,undecidable_without_independent_evidence
rain_garmisch,hampel,2026-08-28 14:00:00+00:00,2026-08-28 14:00:00+00:00,1,14.0,14.0,0.5,0.2,undecidable_without_independent_evidence
rain_garmisch,hampel,2026-09-09 11:00:00+00:00,2026-09-09 11:00:00+00:00,1,10.4,10.4,0.0,1.3,undecidable_without_independent_evidence
rain_garmisch,jump,2026-08-05 19:00:00+00:00,2026-08-05 20:00:00+00:00,2,1.1,42.2,0.0,0.0,undecidable_without_independent_evidence
rain_garmisch,frozen,2010-01-02 14:00:00+00:00,2010-01-07 00:00:00+00:00,107,0.0,0.0,1.1,0.1,plausible_physical_zero_not_rejected
rain_garmisch,frozen,2010-01-07 09:00:00+00:00,2010-01-08 09:00:00+00:00,25,0.0,0.0,0.1,0.1,plausible_physical_zero_not_rejected
rain_garmisch,frozen,2010-01-09 02:00:00+00:00,2010-01-10 19:00:00+00:00,42,0.0,0.0,0.1,0.2,plausible_physical_zero_not_rejected
rain_garmisch,frozen,2010-01-12 08:00:00+00:00,2010-01-13 22:00:00+00:00,39,0.0,0.0,0.1,0.1,plausible_physical_zero_not_rejected
rain_garmisch,frozen,2010-01-14 04:00:00+00:00,2010-01-17 06:00:00+00:00,75,0.0,0.0,0.1,0.2,plausible_physical_zero_not_rejected
rain_garmisch,frozen,2010-01-17 21:00:00+00:00,2010-01-21 11:00:00+00:00,87,0.0,0.0,0.3,0.1,plausible_physical_zero_not_rejected
rain_garmisch,frozen,2010-01-22 00:00:00+00:00,2010-01-26 02:00:00+00:00,99,0.0,0.0,0.1,0.1,plausible_physical_zero_not_rejected
rain_garmisch,frozen,2010-01-27 04:00:00+00:00,2010-01-28 05:00:00+00:00,26,0.0,0.0,0.1,0.7,plausible_physical_zero_not_rejected
rain_garmisch,frozen,2010-01-29 02:00:00+00:00,2010-01-30 02:00:00+00:00,25,0.0,0.0,0.1,1.0,plausible_physical_zero_not_rejected
rain_garmisch,frozen,2010-01-30 14:00:00+00:00,2010-02-02 00:00:00+00:00,59,0.0,0.0,0.3,0.1,plausible_physical_zero_not_rejected
rain_garmisch,frozen,2010-02-02 02:00:00+00:00,2010-02-03 07:00:00+00:00,30,0.0,0.0,0.1,0.1,plausible_physical_zero_not_rejected
rain_garmisch,frozen,2010-02-03 17:00:00+00:00,2010-02-05 19:00:00+00:00,51,0.0,0.0,0.3,1.3,plausible_physical_zero_not_rejected
rain_garmisch,frozen,2010-02-07 09:00:00+00:00,2010-02-10 09:00:00+00:00,73,0.0,0.0,0.1,0.1,plausible_physical_zero_not_rejected
rain_garmisch,frozen,2010-02-11 17:00:00+00:00,2010-02-19 17:00:00+00:00,193,0.0,0.0,0.3,0.3,plausible_physical_zero_not_rejected
rain_garmisch,frozen,2010-02-20 10:00:00+00:00,2010-02-23 15:00:00+00:00,78,0.0,0.0,0.2,0.1,plausible_physical_zero_not_rejected
rain_garmisch,frozen,2010-02-23 17:00:00+00:00,2010-02-25 04:00:00+00:00,36,0.0,0.0,0.1,0.1,plausible_physical_zero_not_rejected
rain_garmisch,frozen,2010-02-25 06:00:00+00:00,2010-02-26 06:00:00+00:00,25,0.0,0.0,0.1,1.0,plausible_physical_zero_not_rejected
rain_garmisch,frozen,2010-02-26 17:00:00+00:00,2010-02-28 16:00:00+00:00,48,0.0,0.0,0.1,0.1,plausible_physical_zero_not_rejected
rain_garmisch,frozen,2010-03-01 04:00:00+00:00,2010-03-02 16:00:00+00:00,37,0.0,0.0,0.1,0.2,plausible_physical_zero_not_rejected
rain_garmisch,frozen,2010-03-03 02:00:00+00:00,2010-03-04 07:00:00+00:00,30,0.0,0.0,0.1,0.2,plausible_physical_zero_not_rejected
rain_garmisch,frozen,2010-03-07 04:00:00+00:00,2010-03-11 08:00:00+00:00,101,0.0,0.0,0.1,0.1,plausible_physical_zero_not_rejected
rain_garmisch,frozen,2010-03-12 05:00:00+00:00,2010-03-15 03:00:00+00:00,71,0.0,0.0,0.1,0.1,plausible_physical_zero_not_rejected
rain_garmisch,frozen,2010-03-16 16:00:00+00:00,2010-03-21 00:00:00+00:00,105,0.0,0.0,0.1,0.3,plausible_physical_zero_not_rejected
rain_garmisch,frozen,2010-03-22 08:00:00+00:00,2010-03-26 14:00:00+00:00,103,0.0,0.0,0.1,0.1,plausible_physical_zero_not_rejected
rain_garmisch,frozen,2010-03-29 02:00:00+00:00,2010-03-30 20:00:00+00:00,43,0.0,0.0,0.1,0.9,plausible_physical_zero_not_rejected
rain_garmisch,frozen,2010-04-01 16:00:00+00:00,2010-04-04 11:00:00+00:00,68,0.0,0.0,0.3,1.1,plausible_physical_zero_not_rejected
rain_garmisch,frozen,2010-04-05 18:00:00+00:00,2010-04-10 18:00:00+00:00,121,0.0,0.0,0.1,0.4,plausible_physical_zero_not_rejected
rain_garmisch,frozen,2010-04-14 21:00:00+00:00,2010-04-18 12:00:00+00:00,88,0.0,0.0,0.5,0.7,plausible_physical_zero_not_rejected
rain_garmisch,frozen,2010-04-19 00:00:00+00:00,2010-04-20 15:00:00+00:00,40,0.0,0.0,0.2,0.4,plausible_physical_zero_not_rejected
rain_garmisch,frozen,2010-04-21 09:00:00+00:00,2010-04-25 14:00:00+00:00,102,0.0,0.0,0.1,18.4,plausible_physical_zero_not_rejected
rain_garmisch,frozen,2010-04-26 13:00:00+00:00,2010-04-30 22:00:00+00:00,106,0.0,0.0,1.1,0.1,plausible_physical_zero_not_rejected
rain_garmisch,frozen,2010-05-08 18:00:00+00:00,2010-05-09 21:00:00+00:00,28,0.0,0.0,0.3,0.1,plausible_physical_zero_not_rejected
rain_garmisch,frozen,2010-05-10 23:00:00+00:00,2010-05-12 02:00:00+00:00,28,0.0,0.0,0.3,0.6,plausible_physical_zero_not_rejected
rain_garmisch,frozen,2010-05-22 02:00:00+00:00,2010-05-25 21:00:00+00:00,92,0.0,0.0,0.1,0.3,plausible_physical_zero_not_rejected
rain_garmisch,frozen,2010-06-04 06:00:00+00:00,2010-06-06 20:00:00+00:00,63,0.0,0.0,0.3,15.0,plausible_physical_zero_not_rejected
rain_garmisch,frozen,2010-06-07 07:00:00+00:00,2010-06-12 19:00:00+00:00,133,0.0,0.0,0.1,1.7,plausible_physical_zero_not_rejected
rain_garmisch,frozen,2010-06-14 19:00:00+00:00,2010-06-16 02:00:00+00:00,32,0.0,0.0,0.3,0.2,plausible_physical_zero_not_rejected
rain_garmisch,frozen,2010-06-22 10:00:00+00:00,2010-06-30 06:00:00+00:00,189,0.0,0.0,0.1,0.1,plausible_physical_zero_not_rejected
rain_garmisch,frozen,2010-06-30 08:00:00+00:00,2010-07-04 12:00:00+00:00,101,0.0,0.0,0.1,0.4,plausible_physical_zero_not_rejected
rain_garmisch,frozen,2010-07-06 18:00:00+00:00,2010-07-11 19:00:00+00:00,122,0.0,0.0,0.3,1.1,plausible_physical_zero_not_rejected
rain_garmisch,frozen,2010-07-13 01:00:00+00:00,2010-07-17 11:00:00+00:00,107,0.0,0.0,0.9,1.1,plausible_physical_zero_not_rejected
rain_garmisch,frozen,2010-07-18 05:00:00+00:00,2010-07-23 00:00:00+00:00,116,0.0,0.0,0.1,0.6,plausible_physical_zero_not_rejected
rain_garmisch,frozen,2010-07-25 07:00:00+00:00,2010-07-26 13:00:00+00:00,31,0.0,0.0,0.1,0.1,plausible_physical_zero_not_rejected
rain_garmisch,frozen,2010-07-27 16:00:00+00:00,2010-07-28 20:00:00+00:00,29,0.0,0.0,0.4,0.3,plausible_physical_zero_not_rejected
rain_garmisch,frozen,2010-07-30 18:00:00+00:00,2010-08-01 23:00:00+00:00,54,0.0,0.0,0.2,0.7,plausible_physical_zero_not_rejected
rain_garmisch,frozen,2010-08-03 21:00:00+00:00,2010-08-05 05:00:00+00:00,33,0.0,0.0,0.2,0.1,plausible_physical_zero_not_rejected
rain_garmisch,frozen,2010-08-07 09:00:00+00:00,2010-08-08 10:00:00+00:00,26,0.0,0.0,0.5,0.3,plausible_physical_zero_not_rejected
rain_garmisch,frozen,2010-08-09 01:00:00+00:00,2010-08-11 01:00:00+00:00,49,0.0,0.0,0.1,0.6,plausible_physical_zero_not_rejected
rain_garmisch,frozen,2010-08-13 19:00:00+00:00,2010-08-14 18:00:00+00:00,24,0.0,0.0,0.2,0.1,plausible_physical_zero_not_rejected
rain_garmisch,frozen,2010-08-17 10:00:00+00:00,2010-08-18 14:00:00+00:00,29,0.0,0.0,0.3,0.2,plausible_physical_zero_not_rejected
rain_garmisch,frozen,2010-08-19 08:00:00+00:00,2010-08-24 00:00:00+00:00,113,0.0,0.0,0.5,0.1,plausible_physical_zero_not_rejected
rain_garmisch,frozen,2010-08-24 15:00:00+00:00,2010-08-27 09:00:00+00:00,67,0.0,0.0,1.0,3.3,plausible_physical_zero_not_rejected
rain_garmisch,frozen,2010-08-31 16:00:00+00:00,2010-09-04 03:00:00+00:00,84,0.0,0.0,0.2,0.1,plausible_physical_zero_not_rejected
rain_garmisch,frozen,2010-09-04 19:00:00+00:00,2010-09-07 00:00:00+00:00,54,0.0,0.0,0.6,0.9,plausible_physical_zero_not_rejected
rain_garmisch,frozen,2010-09-07 08:00:00+00:00,2010-09-08 13:00:00+00:00,30,0.0,0.0,0.1,0.1,plausible_physical_zero_not_rejected
rain_garmisch,frozen,2010-09-10 17:00:00+00:00,2010-09-12 23:00:00+00:00,55,0.0,0.0,0.2,0.4,plausible_physical_zero_not_rejected
rain_garmisch,frozen,2010-09-13 21:00:00+00:00,2010-09-16 03:00:00+00:00,55,0.0,0.0,0.1,0.1,plausible_physical_zero_not_rejected
rain_garmisch,frozen,2010-09-17 11:00:00+00:00,2010-09-18 18:00:00+00:00,32,0.0,0.0,0.1,0.1,plausible_physical_zero_not_rejected
rain_garmisch,frozen,2010-09-18 22:00:00+00:00,2010-09-24 17:00:00+00:00,140,0.0,0.0,0.1,0.1,plausible_physical_zero_not_rejected
rain_garmisch,frozen,2010-09-26 18:00:00+00:00,2010-09-27 17:00:00+00:00,24,0.0,0.0,0.1,0.1,plausible_physical_zero_not_rejected
rain_garmisch,frozen,2010-09-29 05:00:00+00:00,2010-09-30 16:00:00+00:00,36,0.0,0.0,0.1,0.1,plausible_physical_zero_not_rejected
rain_garmisch,frozen,2010-10-01 13:00:00+00:00,2010-10-05 02:00:00+00:00,86,0.0,0.0,0.1,0.1,plausible_physical_zero_not_rejected
rain_garmisch,frozen,2010-10-05 23:00:00+00:00,2010-10-16 12:00:00+00:00,254,0.0,0.0,0.4,0.3,plausible_physical_zero_not_rejected
rain_garmisch,frozen,2010-10-18 23:00:00+00:00,2010-10-20 00:00:00+00:00,26,0.0,0.0,0.1,1.6,plausible_physical_zero_not_rejected
rain_garmisch,frozen,2010-10-21 06:00:00+00:00,2010-10-24 08:00:00+00:00,75,0.0,0.0,0.2,0.1,plausible_physical_zero_not_rejected
rain_garmisch,frozen,2010-10-26 00:00:00+00:00,2010-10-28 07:00:00+00:00,56,0.0,0.0,0.2,0.1,plausible_physical_zero_not_rejected
rain_garmisch,frozen,2010-10-28 09:00:00+00:00,2010-11-02 15:00:00+00:00,127,0.0,0.0,0.1,0.3,plausible_physical_zero_not_rejected
rain_garmisch,frozen,2010-11-02 21:00:00+00:00,2010-11-07 17:00:00+00:00,117,0.0,0.0,0.2,1.3,plausible_physical_zero_not_rejected
rain_garmisch,frozen,2010-11-08 17:00:00+00:00,2010-11-10 21:00:00+00:00,53,0.0,0.0,0.5,1.0,plausible_physical_zero_not_rejected
rain_garmisch,frozen,2010-11-12 22:00:00+00:00,2010-11-15 22:00:00+00:00,73,0.0,0.0,0.2,0.4,plausible_physical_zero_not_rejected
rain_garmisch,frozen,2010-11-16 21:00:00+00:00,2010-11-18 18:00:00+00:00,46,0.0,0.0,0.1,0.1,plausible_physical_zero_not_rejected
rain_garmisch,frozen,2010-11-19 15:00:00+00:00,2010-11-21 22:00:00+00:00,56,0.0,0.0,0.1,0.4,plausible_physical_zero_not_rejected
rain_garmisch,frozen,2010-11-23 21:00:00+00:00,2010-11-26 06:00:00+00:00,58,0.0,0.0,1.0,0.3,plausible_physical_zero_not_rejected
rain_garmisch,frozen,2010-11-27 04:00:00+00:00,2010-11-28 19:00:00+00:00,40,0.0,0.0,0.1,0.1,plausible_physical_zero_not_rejected
rain_garmisch,frozen,2010-11-29 08:00:00+00:00,2010-12-01 13:00:00+00:00,54,0.0,0.0,0.3,0.1,plausible_physical_zero_not_rejected
rain_garmisch,frozen,2010-12-02 19:00:00+00:00,2010-12-03 19:00:00+00:00,25,0.0,0.0,0.2,0.1,plausible_physical_zero_not_rejected
rain_garmisch,frozen,2010-12-03 22:00:00+00:00,2010-12-07 00:00:00+00:00,75,0.0,0.0,0.1,0.6,plausible_physical_zero_not_rejected
rain_garmisch,frozen,2010-12-13 11:00:00+00:00,2010-12-14 18:00:00+00:00,32,0.0,0.0,0.2,0.1,plausible_physical_zero_not_rejected
rain_garmisch,frozen,2010-12-16 05:00:00+00:00,2010-12-17 14:00:00+00:00,34,0.0,0.0,0.1,0.5,plausible_physical_zero_not_rejected
rain_garmisch,frozen,2010-12-17 23:00:00+00:00,2010-12-24 02:00:00+00:00,148,0.0,0.0,0.1,0.3,plausible_physical_zero_not_rejected
rain_garmisch,frozen,2010-12-26 06:00:00+00:00,2010-12-28 16:00:00+00:00,59,0.0,0.0,0.2,0.2,plausible_physical_zero_not_rejected
rain_garmisch,frozen,2010-12-29 18:00:00+00:00,2011-01-02 06:00:00+00:00,85,0.0,0.0,0.1,0.1,plausible_physical_zero_not_rejected
rain_garmisch,frozen,2011-01-03 03:00:00+00:00,2011-01-06 21:00:00+00:00,91,0.0,0.0,0.1,0.1,plausible_physical_zero_not_rejected
rain_garmisch,frozen,2011-01-06 23:00:00+00:00,2011-01-10 02:00:00+00:00,76,0.0,0.0,0.1,0.2,plausible_physical_zero_not_rejected
rain_garmisch,frozen,2011-01-10 14:00:00+00:00,2011-01-11 22:00:00+00:00,33,0.0,0.0,0.1,0.1,plausible_physical_zero_not_rejected
rain_garmisch,frozen,2011-01-15 10:00:00+00:00,2011-01-19 00:00:00+00:00,87,0.0,0.0,0.1,0.1,plausible_physical_zero_not_rejected
rain_garmisch,frozen,2011-01-21 19:00:00+00:00,2011-01-24 07:00:00+00:00,61,0.0,0.0,0.1,0.7,plausible_physical_zero_not_rejected
rain_garmisch,frozen,2011-01-26 11:00:00+00:00,2011-02-20 15:00:00+00:00,605,0.0,0.0,0.1,0.3,plausible_physical_zero_not_rejected
rain_garmisch,frozen,2011-02-22 20:00:00+00:00,2011-02-25 02:00:00+00:00,55,0.0,0.0,0.1,0.1,plausible_physical_zero_not_rejected
rain_garmisch,frozen,2011-02-25 12:00:00+00:00,2011-02-26 22:00:00+00:00,35,0.0,0.0,0.2,0.2,plausible_physical_zero_not_rejected
rain_garmisch,frozen,2011-02-28 04:00:00+00:00,2011-03-14 06:00:00+00:00,339,0.0,0.0,0.1,0.2,plausible_physical_zero_not_rejected
rain_garmisch,frozen,2011-03-14 08:00:00+00:00,2011-03-17 01:00:00+00:00,66,0.0,0.0,0.2,0.1,plausible_physical_zero_not_rejected
rain_garmisch,frozen,2011-03-19 23:00:00+00:00,2011-03-27 04:00:00+00:00,174,0.0,0.0,0.2,0.2,plausible_physical_zero_not_rejected
rain_garmisch,frozen,2011-03-28 17:00:00+00:00,2011-03-31 18:00:00+00:00,74,0.0,0.0,0.1,1.0,plausible_physical_zero_not_rejected
rain_garmisch,frozen,2011-04-01 09:00:00+00:00,2011-04-03 23:00:00+00:00,63,0.0,0.0,0.1,0.2,plausible_physical_zero_not_rejected
rain_garmisch,frozen,2011-04-05 06:00:00+00:00,2011-04-12 04:00:00+00:00,167,0.0,0.0,0.1,0.1,plausible_physical_zero_not_rejected
rain_garmisch,frozen,2011-04-13 16:00:00+00:00,2011-04-14 15:00:00+00:00,24,0.0,0.0,0.1,0.1,plausible_physical_zero_not_rejected
rain_garmisch,frozen,2011-04-14 17:00:00+00:00,2011-04-24 18:00:00+00:00,242,0.0,0.0,0.1,0.7,plausible_physical_zero_not_rejected
rain_garmisch,frozen,2011-04-24 21:00:00+00:00,2011-04-27 11:00:00+00:00,63,0.0,0.0,0.2,0.4,plausible_physical_zero_not_rejected
rain_garmisch,frozen,2011-05-03 13:00:00+00:00,2011-05-12 10:00:00+00:00,214,0.0,0.0,0.1,0.1,plausible_physical_zero_not_rejected
rain_garmisch,frozen,2011-05-16 11:00:00+00:00,2011-05-19 21:00:00+00:00,83,0.0,0.0,0.2,5.7,plausible_physical_zero_not_rejected
rain_garmisch,frozen,2011-05-23 04:00:00+00:00,2011-05-26 12:00:00+00:00,81,0.0,0.0,0.2,0.6,plausible_physical_zero_not_rejected
rain_garmisch,frozen,2011-05-28 10:00:00+00:00,2011-05-31 12:00:00+00:00,75,0.0,0.0,0.1,0.3,plausible_physical_zero_not_rejected
rain_garmisch,frozen,2011-06-01 03:00:00+00:00,2011-06-03 18:00:00+00:00,64,0.0,0.0,0.8,0.8,plausible_physical_zero_not_rejected
rain_garmisch,frozen,2011-06-06 21:00:00+00:00,2011-06-08 07:00:00+00:00,35,0.0,0.0,0.1,0.5,plausible_physical_zero_not_rejected
rain_garmisch,frozen,2011-06-12 04:00:00+00:00,2011-06-13 03:00:00+00:00,24,0.0,0.0,0.1,0.1,plausible_physical_zero_not_rejected
rain_garmisch,frozen,2011-06-14 21:00:00+00:00,2011-06-16 02:00:00+00:00,30,0.0,0.0,3.9,0.2,plausible_physical_zero_not_rejected
rain_garmisch,frozen,2011-06-19 08:00:00+00:00,2011-06-20 15:00:00+00:00,32,0.0,0.0,0.1,0.1,plausible_physical_zero_not_rejected
rain_garmisch,frozen,2011-06-20 17:00:00+00:00,2011-06-21 20:00:00+00:00,28,0.0,0.0,0.1,3.5,plausible_physical_zero_not_rejected
rain_garmisch,frozen,2011-06-24 17:00:00+00:00,2011-06-26 02:00:00+00:00,34,0.0,0.0,0.1,0.3,plausible_physical_zero_not_rejected
rain_garmisch,frozen,2011-06-26 04:00:00+00:00,2011-06-29 15:00:00+00:00,84,0.0,0.0,0.3,0.4,plausible_physical_zero_not_rejected
rain_garmisch,frozen,2011-07-02 17:00:00+00:00,2011-07-07 12:00:00+00:00,116,0.0,0.0,1.5,3.6,plausible_physical_zero_not_rejected
rain_garmisch,frozen,2011-07-08 18:00:00+00:00,2011-07-09 22:00:00+00:00,29,0.0,0.0,2.7,0.1,plausible_physical_zero_not_rejected
rain_garmisch,frozen,2011-07-11 00:00:00+00:00,2011-07-12 20:00:00+00:00,45,0.0,0.0,0.7,0.4,plausible_physical_zero_not_rejected
rain_garmisch,frozen,2011-07-15 08:00:00+00:00,2011-07-17 14:00:00+00:00,55,0.0,0.0,0.4,4.3,plausible_physical_zero_not_rejected
rain_garmisch,frozen,2011-07-24 15:00:00+00:00,2011-07-27 12:00:00+00:00,70,0.0,0.0,0.1,0.4,plausible_physical_zero_not_rejected
rain_garmisch,frozen,2011-07-30 12:00:00+00:00,2011-08-03 12:00:00+00:00,97,0.0,0.0,0.2,0.1,plausible_physical_zero_not_rejected
rain_garmisch,frozen,2011-08-10 07:00:00+00:00,2011-08-13 02:00:00+00:00,68,0.0,0.0,0.4,0.2,plausible_physical_zero_not_rejected
rain_garmisch,frozen,2011-08-13 05:00:00+00:00,2011-08-14 18:00:00+00:00,38,0.0,0.0,0.3,7.7,plausible_physical_zero_not_rejected
rain_garmisch,frozen,2011-08-15 18:00:00+00:00,2011-08-18 22:00:00+00:00,77,0.0,0.0,1.4,0.3,plausible_physical_zero_not_rejected
rain_garmisch,frozen,2011-08-20 00:00:00+00:00,2011-08-24 18:00:00+00:00,115,0.0,0.0,0.5,0.1,plausible_physical_zero_not_rejected
rain_garmisch,frozen,2011-08-24 20:00:00+00:00,2011-08-27 00:00:00+00:00,53,0.0,0.0,0.1,0.3,plausible_physical_zero_not_rejected
rain_garmisch,frozen,2011-08-27 15:00:00+00:00,2011-08-29 21:00:00+00:00,55,0.0,0.0,3.1,0.3,plausible_physical_zero_not_rejected
rain_garmisch,frozen,2011-08-30 00:00:00+00:00,2011-09-01 12:00:00+00:00,61,0.0,0.0,0.1,0.2,plausible_physical_zero_not_rejected
rain_garmisch,frozen,2011-09-02 12:00:00+00:00,2011-09-03 22:00:00+00:00,35,0.0,0.0,0.1,0.1,plausible_physical_zero_not_rejected
rain_garmisch,frozen,2011-09-05 17:00:00+00:00,2011-09-07 19:00:00+00:00,51,0.0,0.0,0.4,0.1,plausible_physical_zero_not_rejected
rain_garmisch,frozen,2011-09-09 04:00:00+00:00,2011-09-11 17:00:00+00:00,62,0.0,0.0,0.1,0.5,plausible_physical_zero_not_rejected
rain_garmisch,frozen,2011-09-12 04:00:00+00:00,2011-09-14 08:00:00+00:00,53,0.0,0.0,0.6,0.4,plausible_physical_zero_not_rejected
rain_garmisch,frozen,2011-09-14 14:00:00+00:00,2011-09-17 01:00:00+00:00,60,0.0,0.0,0.1,0.4,plausible_physical_zero_not_rejected
rain_garmisch,frozen,2011-09-20 08:00:00+00:00,2011-10-06 19:00:00+00:00,396,0.0,0.0,0.1,0.5,plausible_physical_zero_not_rejected
rain_garmisch,frozen,2011-10-10 14:00:00+00:00,2011-10-13 03:00:00+00:00,62,0.0,0.0,0.2,0.1,plausible_physical_zero_not_rejected
rain_garmisch,frozen,2011-10-13 19:00:00+00:00,2011-10-19 15:00:00+00:00,141,0.0,0.0,0.4,1.4,plausible_physical_zero_not_rejected
rain_garmisch,frozen,2011-10-20 16:00:00+00:00,2011-10-26 07:00:00+00:00,136,0.0,0.0,0.2,0.1,plausible_physical_zero_not_rejected
rain_garmisch,frozen,2011-10-26 12:00:00+00:00,2011-12-02 23:00:00+00:00,900,0.0,0.0,0.2,0.2,plausible_physical_zero_not_rejected
rain_garmisch,frozen,2011-12-08 05:00:00+00:00,2011-12-10 08:00:00+00:00,52,0.0,0.0,0.3,0.1,plausible_physical_zero_not_rejected
rain_garmisch,frozen,2011-12-11 01:00:00+00:00,2011-12-12 13:00:00+00:00,37,0.0,0.0,0.2,0.1,plausible_physical_zero_not_rejected
rain_garmisch,frozen,2011-12-12 19:00:00+00:00,2011-12-14 16:00:00+00:00,46,0.0,0.0,0.2,0.2,plausible_physical_zero_not_rejected
rain_garmisch,frozen,2011-12-17 19:00:00+00:00,2011-12-18 18:00:00+00:00,24,0.0,0.0,0.3,0.4,plausible_physical_zero_not_rejected
rain_garmisch,frozen,2011-12-19 12:00:00+00:00,2011-12-20 12:00:00+00:00,25,0.0,0.0,0.5,0.8,plausible_physical_zero_not_rejected
rain_garmisch,frozen,2011-12-23 04:00:00+00:00,2011-12-24 06:00:00+00:00,27,0.0,0.0,0.1,0.4,plausible_physical_zero_not_rejected
rain_garmisch,frozen,2011-12-24 23:00:00+00:00,2011-12-29 07:00:00+00:00,105,0.0,0.0,0.1,0.3,plausible_physical_zero_not_rejected
rain_garmisch,frozen,2012-01-01 06:00:00+00:00,2012-01-02 15:00:00+00:00,34,0.0,0.0,1.1,1.1,plausible_physical_zero_not_rejected
rain_garmisch,frozen,2012-01-03 01:00:00+00:00,2012-01-04 07:00:00+00:00,31,0.0,0.0,0.6,0.7,plausible_physical_zero_not_rejected
rain_garmisch,frozen,2012-01-10 16:00:00+00:00,2012-01-13 01:00:00+00:00,58,0.0,0.0,0.1,0.7,plausible_physical_zero_not_rejected
rain_garmisch,frozen,2012-01-14 00:00:00+00:00,2012-01-19 09:00:00+00:00,130,0.0,0.0,0.7,0.4,plausible_physical_zero_not_rejected
rain_garmisch,frozen,2012-01-24 22:00:00+00:00,2012-01-27 23:00:00+00:00,74,0.0,0.0,0.1,0.1,plausible_physical_zero_not_rejected
rain_garmisch,frozen,2012-01-28 11:00:00+00:00,2012-01-31 06:00:00+00:00,68,0.0,0.0,0.1,0.1,plausible_physical_zero_not_rejected
rain_garmisch,frozen,2012-02-02 22:00:00+00:00,2012-02-04 19:00:00+00:00,46,0.0,0.0,0.1,0.1,plausible_physical_zero_not_rejected
rain_garmisch,frozen,2012-02-04 21:00:00+00:00,2012-02-07 02:00:00+00:00,54,0.0,0.0,0.1,0.2,plausible_physical_zero_not_rejected
rain_garmisch,frozen,2012-02-07 08:00:00+00:00,2012-02-09 17:00:00+00:00,58,0.0,0.0,0.1,0.1,plausible_physical_zero_not_rejected
rain_garmisch,frozen,2012-02-10 09:00:00+00:00,2012-02-14 02:00:00+00:00,90,0.0,0.0,0.1,0.1,plausible_physical_zero_not_rejected
rain_garmisch,frozen,2012-02-16 10:00:00+00:00,2012-02-19 12:00:00+00:00,75,0.0,0.0,0.1,0.2,plausible_physical_zero_not_rejected
rain_garmisch,frozen,2012-02-20 12:00:00+00:00,2012-02-24 02:00:00+00:00,87,0.0,0.0,0.1,0.1,plausible_physical_zero_not_rejected
rain_garmisch,frozen,2012-02-24 04:00:00+00:00,2012-02-25 15:00:00+00:00,36,0.0,0.0,0.1,0.7,plausible_physical_zero_not_rejected
rain_garmisch,frozen,2012-02-27 06:00:00+00:00,2012-03-05 06:00:00+00:00,169,0.0,0.0,0.1,0.3,plausible_physical_zero_not_rejected
rain_garmisch,frozen,2012-03-05 17:00:00+00:00,2012-03-08 11:00:00+00:00,67,0.0,0.0,0.1,0.2,plausible_physical_zero_not_rejected
rain_garmisch,frozen,2012-03-09 05:00:00+00:00,2012-03-11 13:00:00+00:00,57,0.0,0.0,0.2,0.2,plausible_physical_zero_not_rejected
rain_garmisch,frozen,2012-03-11 19:00:00+00:00,2012-03-18 19:00:00+00:00,169,0.0,0.0,0.1,0.2,plausible_physical_zero_not_rejected
rain_garmisch,frozen,2012-03-20 02:00:00+00:00,2012-03-24 10:00:00+00:00,105,0.0,0.0,0.2,0.1,plausible_physical_zero_not_rejected
rain_garmisch,frozen,2012-03-24 16:00:00+00:00,2012-03-30 00:00:00+00:00,129,0.0,0.0,0.2,0.5,plausible_physical_zero_not_rejected
rain_garmisch,frozen,2012-03-30 10:00:00+00:00,2012-03-31 17:00:00+00:00,32,0.0,0.0,0.2,0.6,plausible_physical_zero_not_rejected
rain_garmisch,frozen,2012-04-01 07:00:00+00:00,2012-04-05 04:00:00+00:00,94,0.0,0.0,0.1,0.1,plausible_physical_zero_not_rejected
rain_garmisch,frozen,2012-04-08 16:00:00+00:00,2012-04-11 10:00:00+00:00,67,0.0,0.0,0.1,1.8,plausible_physical_zero_not_rejected
rain_garmisch,frozen,2012-04-11 21:00:00+00:00,2012-04-13 05:00:00+00:00,33,0.0,0.0,0.2,0.2,plausible_physical_zero_not_rejected
rain_garmisch,frozen,2012-04-17 05:00:00+00:00,2012-04-18 14:00:00+00:00,34,0.0,0.0,0.1,0.1,plausible_physical_zero_not_rejected
rain_garmisch,frozen,2012-04-18 21:00:00+00:00,2012-04-20 00:00:00+00:00,28,0.0,0.0,0.1,0.2,plausible_physical_zero_not_rejected
rain_garmisch,frozen,2012-04-20 18:00:00+00:00,2012-04-21 22:00:00+00:00,29,0.0,0.0,0.2,0.3,plausible_physical_zero_not_rejected
rain_garmisch,frozen,2012-04-22 12:00:00+00:00,2012-04-24 06:00:00+00:00,43,0.0,0.0,0.2,0.3,plausible_physical_zero_not_rejected
rain_garmisch,frozen,2012-04-24 20:00:00+00:00,2012-05-02 21:00:00+00:00,194,0.0,0.0,0.1,1.4,plausible_physical_zero_not_rejected
rain_garmisch,frozen,2012-05-03 02:00:00+00:00,2012-05-05 09:00:00+00:00,56,0.0,0.0,0.3,0.1,plausible_physical_zero_not_rejected
rain_garmisch,frozen,2012-05-06 18:00:00+00:00,2012-05-09 04:00:00+00:00,59,0.0,0.0,0.1,0.3,plausible_physical_zero_not_rejected
rain_garmisch,frozen,2012-05-09 17:00:00+00:00,2012-05-12 04:00:00+00:00,60,0.0,0.0,0.1,3.2,plausible_physical_zero_not_rejected
rain_garmisch,frozen,2012-05-13 17:00:00+00:00,2012-05-15 16:00:00+00:00,48,0.0,0.0,0.2,0.4,plausible_physical_zero_not_rejected
rain_garmisch,frozen,2012-05-17 03:00:00+00:00,2012-05-22 14:00:00+00:00,132,0.0,0.0,0.6,0.9,plausible_physical_zero_not_rejected
rain_garmisch,frozen,2012-05-24 18:00:00+00:00,2012-05-28 09:00:00+00:00,88,0.0,0.0,0.1,0.5,plausible_physical_zero_not_rejected
rain_garmisch,frozen,2012-05-29 16:00:00+00:00,2012-05-30 19:00:00+00:00,28,0.0,0.0,0.7,1.0,plausible_physical_zero_not_rejected
rain_garmisch,frozen,2012-06-02 03:00:00+00:00,2012-06-03 16:00:00+00:00,38,0.0,0.0,0.1,0.4,plausible_physical_zero_not_rejected
rain_garmisch,frozen,2012-06-05 08:00:00+00:00,2012-06-06 14:00:00+00:00,31,0.0,0.0,0.5,0.3,plausible_physical_zero_not_rejected
rain_garmisch,frozen,2012-06-13 17:00:00+00:00,2012-06-18 22:00:00+00:00,126,0.0,0.0,2.3,6.1,plausible_physical_zero_not_rejected
rain_garmisch,frozen,2012-06-19 04:00:00+00:00,2012-06-20 14:00:00+00:00,35,0.0,0.0,0.1,1.2,plausible_physical_zero_not_rejected
rain_garmisch,frozen,2012-06-21 23:00:00+00:00,2012-06-25 00:00:00+00:00,74,0.0,0.0,0.5,0.1,plausible_physical_zero_not_rejected
rain_garmisch,frozen,2012-06-25 17:00:00+00:00,2012-06-27 04:00:00+00:00,36,0.0,0.0,0.1,0.1,plausible_physical_zero_not_rejected
rain_garmisch,frozen,2012-06-27 06:00:00+00:00,2012-06-28 19:00:00+00:00,38,0.0,0.0,0.1,2.7,plausible_physical_zero_not_rejected
rain_garmisch,frozen,2012-06-29 08:00:00+00:00,2012-07-01 15:00:00+00:00,56,0.0,0.0,0.9,3.1,plausible_physical_zero_not_rejected
rain_garmisch,frozen,2012-07-07 04:00:00+00:00,2012-07-08 20:00:00+00:00,41,0.0,0.0,5.8,4.4,plausible_physical_zero_not_rejected
rain_garmisch,frozen,2012-07-15 22:00:00+00:00,2012-07-19 14:00:00+00:00,89,0.0,0.0,0.1,1.2,plausible_physical_zero_not_rejected
rain_garmisch,frozen,2012-07-22 09:00:00+00:00,2012-07-25 09:00:00+00:00,73,0.0,0.0,1.0,0.2,plausible_physical_zero_not_rejected
rain_garmisch,frozen,2012-07-25 18:00:00+00:00,2012-07-27 22:00:00+00:00,53,0.0,0.0,0.3,0.3,plausible_physical_zero_not_rejected
rain_garmisch,frozen,2012-07-30 04:00:00+00:00,2012-08-01 21:00:00+00:00,66,0.0,0.0,0.1,0.1,plausible_physical_zero_not_rejected
rain_garmisch,frozen,2012-08-06 22:00:00+00:00,2012-08-10 09:00:00+00:00,84,0.0,0.0,3.6,0.1,plausible_physical_zero_not_rejected
rain_garmisch,frozen,2012-08-10 17:00:00+00:00,2012-08-13 05:00:00+00:00,61,0.0,0.0,0.1,2.8,plausible_physical_zero_not_rejected
rain_garmisch,frozen,2012-08-13 10:00:00+00:00,2012-08-16 06:00:00+00:00,69,0.0,0.0,0.4,6.7,plausible_physical_zero_not_rejected
rain_garmisch,frozen,2012-08-16 12:00:00+00:00,2012-08-20 18:00:00+00:00,103,0.0,0.0,0.7,9.1,plausible_physical_zero_not_rejected
rain_garmisch,frozen,2012-08-21 02:00:00+00:00,2012-08-22 22:00:00+00:00,45,0.0,0.0,0.2,0.4,plausible_physical_zero_not_rejected
rain_garmisch,frozen,2012-08-27 02:00:00+00:00,2012-08-28 17:00:00+00:00,40,0.0,0.0,0.1,0.5,plausible_physical_zero_not_rejected
rain_garmisch,frozen,2012-08-28 22:00:00+00:00,2012-08-30 02:00:00+00:00,29,0.0,0.0,0.4,0.6,plausible_physical_zero_not_rejected
rain_garmisch,frozen,2012-09-01 05:00:00+00:00,2012-09-06 00:00:00+00:00,116,0.0,0.0,0.2,0.4,plausible_physical_zero_not_rejected
rain_garmisch,frozen,2012-09-06 10:00:00+00:00,2012-09-10 16:00:00+00:00,103,0.0,0.0,0.1,0.2,plausible_physical_zero_not_rejected
rain_garmisch,frozen,2012-09-13 14:00:00+00:00,2012-09-18 19:00:00+00:00,126,0.0,0.0,0.2,0.1,plausible_physical_zero_not_rejected
rain_garmisch,frozen,2012-09-19 23:00:00+00:00,2012-09-22 01:00:00+00:00,51,0.0,0.0,0.2,0.1,plausible_physical_zero_not_rejected
rain_garmisch,frozen,2012-09-23 00:00:00+00:00,2012-09-24 12:00:00+00:00,37,0.0,0.0,0.1,0.3,plausible_physical_zero_not_rejected
rain_garmisch,frozen,2012-09-24 21:00:00+00:00,2012-09-27 00:00:00+00:00,52,0.0,0.0,0.3,0.5,plausible_physical_zero_not_rejected
rain_garmisch,frozen,2012-09-27 22:00:00+00:00,2012-09-29 04:00:00+00:00,31,0.0,0.0,0.5,0.1,plausible_physical_zero_not_rejected
rain_garmisch,frozen,2012-09-30 02:00:00+00:00,2012-10-01 02:00:00+00:00,25,0.0,0.0,0.1,0.1,plausible_physical_zero_not_rejected
rain_garmisch,frozen,2012-10-01 21:00:00+00:00,2012-10-04 16:00:00+00:00,68,0.0,0.0,0.1,0.4,plausible_physical_zero_not_rejected
rain_garmisch,frozen,2012-10-05 00:00:00+00:00,2012-10-07 05:00:00+00:00,54,0.0,0.0,0.4,0.1,plausible_physical_zero_not_rejected
rain_garmisch,frozen,2012-10-07 17:00:00+00:00,2012-10-08 22:00:00+00:00,30,0.0,0.0,0.2,0.1,plausible_physical_zero_not_rejected
rain_garmisch,frozen,2012-10-11 06:00:00+00:00,2012-10-12 12:00:00+00:00,31,0.0,0.0,0.1,0.2,plausible_physical_zero_not_rejected
rain_garmisch,frozen,2012-10-12 18:00:00+00:00,2012-10-15 06:00:00+00:00,61,0.0,0.0,0.1,1.3,plausible_physical_zero_not_rejected
rain_garmisch,frozen,2012-10-16 03:00:00+00:00,2012-10-27 04:00:00+00:00,266,0.0,0.0,0.1,0.3,plausible_physical_zero_not_rejected
rain_garmisch,frozen,2012-10-29 09:00:00+00:00,2012-11-02 02:00:00+00:00,90,0.0,0.0,0.1,0.9,plausible_physical_zero_not_rejected
rain_garmisch,frozen,2012-11-02 07:00:00+00:00,2012-11-04 19:00:00+00:00,61,0.0,0.0,0.2,0.1,plausible_physical_zero_not_rejected
rain_garmisch,frozen,2012-11-06 21:00:00+00:00,2012-11-11 08:00:00+00:00,108,0.0,0.0,0.1,0.9,plausible_physical_zero_not_rejected
rain_garmisch,frozen,2012-11-12 23:00:00+00:00,2012-11-22 13:00:00+00:00,231,0.0,0.0,0.1,0.1,plausible_physical_zero_not_rejected
rain_garmisch,frozen,2012-11-22 15:00:00+00:00,2012-11-27 07:00:00+00:00,113,0.0,0.0,0.1,0.1,plausible_physical_zero_not_rejected
rain_garmisch,frozen,2012-11-27 09:00:00+00:00,2012-11-28 15:00:00+00:00,31,0.0,0.0,0.1,0.3,plausible_physical_zero_not_rejected
rain_garmisch,frozen,2012-11-29 20:00:00+00:00,2012-12-01 07:00:00+00:00,36,0.0,0.0,0.1,0.3,plausible_physical_zero_not_rejected
rain_garmisch,frozen,2012-12-01 10:00:00+00:00,2012-12-02 20:00:00+00:00,35,0.0,0.0,0.1,0.1,plausible_physical_zero_not_rejected
rain_garmisch,frozen,2012-12-06 15:00:00+00:00,2012-12-08 07:00:00+00:00,41,0.0,0.0,0.2,0.2,plausible_physical_zero_not_rejected
rain_garmisch,frozen,2012-12-08 10:00:00+00:00,2012-12-09 16:00:00+00:00,31,0.0,0.0,0.1,0.1,plausible_physical_zero_not_rejected
rain_garmisch,frozen,2012-12-12 05:00:00+00:00,2012-12-15 07:00:00+00:00,75,0.0,0.0,0.1,0.1,plausible_physical_zero_not_rejected
rain_garmisch,frozen,2012-12-19 00:00:00+00:00,2012-12-20 19:00:00+00:00,44,0.0,0.0,0.5,0.6,plausible_physical_zero_not_rejected
rain_garmisch,frozen,2012-12-21 12:00:00+00:00,2012-12-22 19:00:00+00:00,32,0.0,0.0,0.1,0.1,plausible_physical_zero_not_rejected
rain_garmisch,frozen,2012-12-23 06:00:00+00:00,2012-12-26 02:00:00+00:00,69,0.0,0.0,2.3,0.2,plausible_physical_zero_not_rejected
rain_garmisch,frozen,2012-12-26 14:00:00+00:00,2012-12-27 13:00:00+00:00,24,0.0,0.0,0.2,0.1,plausible_physical_zero_not_rejected
rain_garmisch,frozen,2012-12-28 15:00:00+00:00,2013-01-02 02:00:00+00:00,108,0.0,0.0,0.1,0.1,plausible_physical_zero_not_rejected
rain_garmisch,frozen,2013-01-02 09:00:00+00:00,2013-01-03 17:00:00+00:00,33,0.0,0.0,0.5,0.1,plausible_physical_zero_not_rejected
rain_garmisch,frozen,2013-01-06 20:00:00+00:00,2013-01-10 17:00:00+00:00,94,0.0,0.0,0.1,0.1,plausible_physical_zero_not_rejected
rain_garmisch,frozen,2013-01-12 10:00:00+00:00,2013-01-14 07:00:00+00:00,46,0.0,0.0,0.2,0.2,plausible_physical_zero_not_rejected
rain_garmisch,frozen,2013-01-18 01:00:00+00:00,2013-01-21 04:00:00+00:00,76,0.0,0.0,0.1,0.6,plausible_physical_zero_not_rejected
rain_garmisch,frozen,2013-01-21 22:00:00+00:00,2013-01-25 02:00:00+00:00,77,0.0,0.0,0.1,0.1,plausible_physical_zero_not_rejected
rain_garmisch,frozen,2013-01-25 12:00:00+00:00,2013-01-28 03:00:00+00:00,64,0.0,0.0,0.2,0.4,plausible_physical_zero_not_rejected
rain_garmisch,frozen,2013-01-28 11:00:00+00:00,2013-01-29 14:00:00+00:00,28,0.0,0.0,0.3,0.1,plausible_physical_zero_not_rejected
rain_garmisch,frozen,2013-02-10 00:00:00+00:00,2013-02-12 06:00:00+00:00,55,0.0,0.0,0.1,0.1,plausible_physical_zero_not_rejected
rain_garmisch,frozen,2013-02-13 11:00:00+00:00,2013-02-15 04:00:00+00:00,42,0.0,0.0,0.1,0.1,plausible_physical_zero_not_rejected
rain_garmisch,frozen,2013-02-16 22:00:00+00:00,2013-02-19 20:00:00+00:00,71,0.0,0.0,0.3,0.2,plausible_physical_zero_not_rejected
rain_garmisch,frozen,2013-02-22 10:00:00+00:00,2013-02-23 20:00:00+00:00,35,0.0,0.0,0.1,0.5,plausible_physical_zero_not_rejected
rain_garmisch,frozen,2013-02-24 22:00:00+00:00,2013-03-08 23:00:00+00:00,290,0.0,0.0,0.1,0.2,plausible_physical_zero_not_rejected
rain_garmisch,frozen,2013-03-11 16:00:00+00:00,2013-03-12 20:00:00+00:00,29,0.0,0.0,0.4,2.1,plausible_physical_zero_not_rejected
rain_garmisch,frozen,2013-03-15 16:00:00+00:00,2013-03-18 11:00:00+00:00,68,0.0,0.0,0.2,0.2,plausible_physical_zero_not_rejected
rain_garmisch,frozen,2013-03-19 10:00:00+00:00,2013-03-20 16:00:00+00:00,31,0.0,0.0,0.2,0.2,plausible_physical_zero_not_rejected
rain_garmisch,frozen,2013-03-21 05:00:00+00:00,2013-03-25 11:00:00+00:00,103,0.0,0.0,0.1,0.1,plausible_physical_zero_not_rejected
rain_garmisch,frozen,2013-03-27 07:00:00+00:00,2013-03-28 23:00:00+00:00,41,0.0,0.0,0.1,0.5,plausible_physical_zero_not_rejected
rain_garmisch,frozen,2013-03-31 22:00:00+00:00,2013-04-07 05:00:00+00:00,152,0.0,0.0,0.1,0.1,plausible_physical_zero_not_rejected
rain_garmisch,frozen,2013-04-07 08:00:00+00:00,2013-04-08 20:00:00+00:00,37,0.0,0.0,0.2,1.1,plausible_physical_zero_not_rejected
rain_garmisch,frozen,2013-04-09 00:00:00+00:00,2013-04-11 05:00:00+00:00,54,0.0,0.0,0.4,0.1,plausible_physical_zero_not_rejected
rain_garmisch,frozen,2013-04-12 21:00:00+00:00,2013-04-16 18:00:00+00:00,94,0.0,0.0,1.6,0.1,plausible_physical_zero_not_rejected
rain_garmisch,frozen,2013-04-17 04:00:00+00:00,2013-04-19 02:00:00+00:00,47,0.0,0.0,0.4,0.1,plausible_physical_zero_not_rejected
rain_garmisch,frozen,2013-04-20 05:00:00+00:00,2013-04-21 21:00:00+00:00,41,0.0,0.0,0.3,0.1,plausible_physical_zero_not_rejected
rain_garmisch,frozen,2013-04-22 06:00:00+00:00,2013-04-28 01:00:00+00:00,140,0.0,0.0,0.1,0.1,plausible_physical_zero_not_rejected
rain_garmisch,frozen,2013-04-28 04:00:00+00:00,2013-05-02 12:00:00+00:00,105,0.0,0.0,0.1,0.2,plausible_physical_zero_not_rejected
rain_garmisch,frozen,2013-05-05 01:00:00+00:00,2013-05-06 13:00:00+00:00,37,0.0,0.0,0.1,1.1,plausible_physical_zero_not_rejected
rain_garmisch,frozen,2013-05-07 22:00:00+00:00,2013-05-10 03:00:00+00:00,54,0.0,0.0,0.2,0.1,plausible_physical_zero_not_rejected
rain_garmisch,frozen,2013-05-13 01:00:00+00:00,2013-05-17 10:00:00+00:00,106,0.0,0.0,0.3,0.3,plausible_physical_zero_not_rejected
rain_garmisch,frozen,2013-05-17 14:00:00+00:00,2013-05-19 11:00:00+00:00,46,0.0,0.0,0.2,0.4,plausible_physical_zero_not_rejected
rain_garmisch,frozen,2013-05-27 00:00:00+00:00,2013-05-29 03:00:00+00:00,52,0.0,0.0,0.2,0.5,plausible_physical_zero_not_rejected
rain_garmisch,frozen,2013-06-04 01:00:00+00:00,2013-06-08 20:00:00+00:00,116,0.0,0.0,0.1,0.5,plausible_physical_zero_not_rejected
rain_garmisch,frozen,2013-06-12 00:00:00+00:00,2013-06-14 02:00:00+00:00,51,0.0,0.0,0.2,0.2,plausible_physical_zero_not_rejected
rain_garmisch,frozen,2013-06-16 03:00:00+00:00,2013-06-20 23:00:00+00:00,117,0.0,0.0,0.1,1.2,plausible_physical_zero_not_rejected
rain_garmisch,frozen,2013-06-22 13:00:00+00:00,2013-06-23 14:00:00+00:00,26,0.0,0.0,0.1,3.6,plausible_physical_zero_not_rejected
rain_garmisch,frozen,2013-06-26 08:00:00+00:00,2013-06-27 14:00:00+00:00,31,0.0,0.0,0.1,1.9,plausible_physical_zero_not_rejected
rain_garmisch,frozen,2013-06-27 17:00:00+00:00,2013-06-28 16:00:00+00:00,24,0.0,0.0,1.8,0.4,plausible_physical_zero_not_rejected
rain_garmisch,frozen,2013-06-30 01:00:00+00:00,2013-07-02 03:00:00+00:00,51,0.0,0.0,0.5,2.7,plausible_physical_zero_not_rejected
rain_garmisch,frozen,2013-07-06 01:00:00+00:00,2013-07-07 16:00:00+00:00,40,0.0,0.0,0.1,0.1,plausible_physical_zero_not_rejected
rain_garmisch,frozen,2013-07-07 20:00:00+00:00,2013-07-18 18:00:00+00:00,263,0.0,0.0,0.6,0.1,plausible_physical_zero_not_rejected
rain_garmisch,frozen,2013-07-19 22:00:00+00:00,2013-07-24 13:00:00+00:00,112,0.0,0.0,0.3,8.5,plausible_physical_zero_not_rejected
rain_garmisch,frozen,2013-07-24 19:00:00+00:00,2013-07-25 23:00:00+00:00,29,0.0,0.0,0.7,2.7,plausible_physical_zero_not_rejected
rain_garmisch,frozen,2013-07-26 01:00:00+00:00,2013-07-27 14:00:00+00:00,38,0.0,0.0,2.7,1.1,plausible_physical_zero_not_rejected
rain_garmisch,frozen,2013-07-27 16:00:00+00:00,2013-07-29 11:00:00+00:00,44,0.0,0.0,1.1,0.3,plausible_physical_zero_not_rejected
rain_garmisch,frozen,2013-07-29 23:00:00+00:00,2013-08-03 18:00:00+00:00,116,0.0,0.0,0.3,0.1,plausible_physical_zero_not_rejected
rain_garmisch,frozen,2013-08-04 15:00:00+00:00,2013-08-05 14:00:00+00:00,24,0.0,0.0,0.8,1.2,plausible_physical_zero_not_rejected
rain_garmisch,frozen,2013-08-07 10:00:00+00:00,2013-08-08 13:00:00+00:00,28,0.0,0.0,0.1,0.2,plausible_physical_zero_not_rejected
rain_garmisch,frozen,2013-08-09 21:00:00+00:00,2013-08-13 06:00:00+00:00,82,0.0,0.0,0.8,3.9,plausible_physical_zero_not_rejected
rain_garmisch,frozen,2013-08-13 10:00:00+00:00,2013-08-18 15:00:00+00:00,126,0.0,0.0,0.9,0.5,plausible_physical_zero_not_rejected
rain_garmisch,frozen,2013-08-20 07:00:00+00:00,2013-08-24 14:00:00+00:00,104,0.0,0.0,0.7,1.4,plausible_physical_zero_not_rejected
rain_garmisch,frozen,2013-08-25 12:00:00+00:00,2013-08-27 12:00:00+00:00,49,0.0,0.0,0.2,1.0,plausible_physical_zero_not_rejected
rain_garmisch,frozen,2013-08-28 09:00:00+00:00,2013-08-31 21:00:00+00:00,85,0.0,0.0,0.2,1.1,plausible_physical_zero_not_rejected
rain_garmisch,frozen,2013-09-01 23:00:00+00:00,2013-09-06 21:00:00+00:00,119,0.0,0.0,1.0,0.1,plausible_physical_zero_not_rejected
rain_garmisch,frozen,2013-09-06 23:00:00+00:00,2013-09-08 13:00:00+00:00,39,0.0,0.0,0.1,0.2,plausible_physical_zero_not_rejected
rain_garmisch,frozen,2013-09-09 12:00:00+00:00,2013-09-10 11:00:00+00:00,24,0.0,0.0,0.1,0.1,plausible_physical_zero_not_rejected
rain_garmisch,frozen,2013-09-14 16:00:00+00:00,2013-09-15 17:00:00+00:00,26,0.0,0.0,0.3,0.1,plausible_physical_zero_not_rejected
rain_garmisch,frozen,2013-09-20 10:00:00+00:00,2013-09-26 04:00:00+00:00,139,0.0,0.0,0.1,0.4,plausible_physical_zero_not_rejected
rain_garmisch,frozen,2013-09-27 17:00:00+00:00,2013-09-29 23:00:00+00:00,55,0.0,0.0,1.0,4.4,plausible_physical_zero_not_rejected
rain_garmisch,frozen,2013-09-30 06:00:00+00:00,2013-10-01 15:00:00+00:00,34,0.0,0.0,0.3,0.3,plausible_physical_zero_not_rejected
rain_garmisch,frozen,2013-10-01 21:00:00+00:00,2013-10-04 07:00:00+00:00,59,0.0,0.0,0.2,0.6,plausible_physical_zero_not_rejected
rain_garmisch,frozen,2013-10-05 16:00:00+00:00,2013-10-06 18:00:00+00:00,27,0.0,0.0,0.2,0.8,plausible_physical_zero_not_rejected
rain_garmisch,frozen,2013-10-11 07:00:00+00:00,2013-10-13 04:00:00+00:00,46,0.0,0.0,0.2,0.1,plausible_physical_zero_not_rejected
rain_garmisch,frozen,2013-10-13 06:00:00+00:00,2013-10-15 20:00:00+00:00,63,0.0,0.0,0.1,1.2,plausible_physical_zero_not_rejected
rain_garmisch,frozen,2013-10-17 07:00:00+00:00,2013-10-23 13:00:00+00:00,151,0.0,0.0,0.1,0.5,plausible_physical_zero_not_rejected
rain_garmisch,frozen,2013-10-24 00:00:00+00:00,2013-10-27 16:00:00+00:00,89,0.0,0.0,0.1,0.4,plausible_physical_zero_not_rejected
rain_garmisch,frozen,2013-10-27 19:00:00+00:00,2013-10-29 04:00:00+00:00,34,0.0,0.0,0.1,0.1,plausible_physical_zero_not_rejected
rain_garmisch,frozen,2013-10-30 10:00:00+00:00,2013-11-03 03:00:00+00:00,90,0.0,0.0,0.5,0.2,plausible_physical_zero_not_rejected
rain_garmisch,frozen,2013-11-03 13:00:00+00:00,2013-11-05 01:00:00+00:00,37,0.0,0.0,0.8,0.4,plausible_physical_zero_not_rejected
rain_garmisch,frozen,2013-11-06 18:00:00+00:00,2013-11-09 00:00:00+00:00,55,0.0,0.0,0.4,0.6,plausible_physical_zero_not_rejected
rain_garmisch,frozen,2013-11-11 06:00:00+00:00,2013-11-14 12:00:00+00:00,79,0.0,0.0,0.1,0.2,plausible_physical_zero_not_rejected
rain_garmisch,frozen,2013-11-15 03:00:00+00:00,2013-11-19 15:00:00+00:00,109,0.0,0.0,0.1,0.2,plausible_physical_zero_not_rejected
rain_garmisch,frozen,2013-11-21 02:00:00+00:00,2013-11-23 04:00:00+00:00,51,0.0,0.0,0.1,0.3,plausible_physical_zero_not_rejected
rain_garmisch,frozen,2013-11-27 01:00:00+00:00,2013-11-30 02:00:00+00:00,74,0.0,0.0,0.1,0.2,plausible_physical_zero_not_rejected
rain_garmisch,frozen,2013-11-30 12:00:00+00:00,2013-12-06 02:00:00+00:00,135,0.0,0.0,0.1,0.5,plausible_physical_zero_not_rejected
rain_garmisch,frozen,2013-12-06 20:00:00+00:00,2013-12-14 16:00:00+00:00,189,0.0,0.0,0.1,0.1,plausible_physical_zero_not_rejected
rain_garmisch,frozen,2013-12-14 21:00:00+00:00,2013-12-20 15:00:00+00:00,139,0.0,0.0,1.3,0.2,plausible_physical_zero_not_rejected
rain_garmisch,frozen,2013-12-20 21:00:00+00:00,2013-12-26 12:00:00+00:00,136,0.0,0.0,0.2,0.9,plausible_physical_zero_not_rejected
rain_garmisch,frozen,2013-12-27 09:00:00+00:00,2013-12-28 22:00:00+00:00,38,0.0,0.0,0.2,0.2,plausible_physical_zero_not_rejected
rain_garmisch,frozen,2013-12-29 11:00:00+00:00,2014-01-02 15:00:00+00:00,101,0.0,0.0,0.1,0.1,plausible_physical_zero_not_rejected
rain_garmisch,frozen,2014-01-02 17:00:00+00:00,2014-01-04 19:00:00+00:00,51,0.0,0.0,0.1,1.1,plausible_physical_zero_not_rejected
rain_garmisch,frozen,2014-01-05 14:00:00+00:00,2014-01-10 01:00:00+00:00,108,0.0,0.0,0.4,0.4,plausible_physical_zero_not_rejected
rain_garmisch,frozen,2014-01-10 18:00:00+00:00,2014-01-11 18:00:00+00:00,25,0.0,0.0,0.1,0.1,plausible_physical_zero_not_rejected
rain_garmisch,frozen,2014-01-11 20:00:00+00:00,2014-01-14 10:00:00+00:00,63,0.0,0.0,0.1,0.1,plausible_physical_zero_not_rejected
rain_garmisch,frozen,2014-01-15 10:00:00+00:00,2014-01-17 04:00:00+00:00,43,0.0,0.0,0.1,0.3,plausible_physical_zero_not_rejected
rain_garmisch,frozen,2014-01-17 09:00:00+00:00,2014-01-20 16:00:00+00:00,80,0.0,0.0,0.1,0.1,plausible_physical_zero_not_rejected
rain_garmisch,frozen,2014-01-21 21:00:00+00:00,2014-01-24 04:00:00+00:00,56,0.0,0.0,0.2,0.2,plausible_physical_zero_not_rejected
rain_garmisch,frozen,2014-01-27 21:00:00+00:00,2014-02-02 03:00:00+00:00,127,0.0,0.0,0.5,0.2,plausible_physical_zero_not_rejected
rain_garmisch,frozen,2014-02-02 23:00:00+00:00,2014-02-07 13:00:00+00:00,111,0.0,0.0,0.2,0.5,plausible_physical_zero_not_rejected
rain_garmisch,frozen,2014-02-07 20:00:00+00:00,2014-02-09 03:00:00+00:00,32,0.0,0.0,1.0,2.0,plausible_physical_zero_not_rejected
rain_garmisch,frozen,2014-02-09 09:00:00+00:00,2014-02-11 00:00:00+00:00,40,0.0,0.0,0.1,0.1,plausible_physical_zero_not_rejected
rain_garmisch,frozen,2014-02-11 06:00:00+00:00,2014-02-13 18:00:00+00:00,61,0.0,0.0,0.1,1.4,plausible_physical_zero_not_rejected
rain_garmisch,frozen,2014-02-14 01:00:00+00:00,2014-02-16 02:00:00+00:00,50,0.0,0.0,0.4,0.5,plausible_physical_zero_not_rejected
rain_garmisch,frozen,2014-02-17 07:00:00+00:00,2014-02-19 06:00:00+00:00,48,0.0,0.0,0.2,0.1,plausible_physical_zero_not_rejected
rain_garmisch,frozen,2014-02-19 23:00:00+00:00,2014-02-21 12:00:00+00:00,38,0.0,0.0,0.1,0.1,plausible_physical_zero_not_rejected
rain_garmisch,frozen,2014-02-22 07:00:00+00:00,2014-02-28 01:00:00+00:00,139,0.0,0.0,0.3,1.1,plausible_physical_zero_not_rejected
rain_garmisch,frozen,2014-02-28 06:00:00+00:00,2014-03-01 18:00:00+00:00,37,0.0,0.0,0.1,0.3,plausible_physical_zero_not_rejected
rain_garmisch,frozen,2014-03-02 08:00:00+00:00,2014-03-03 15:00:00+00:00,32,0.0,0.0,0.1,0.4,plausible_physical_zero_not_rejected
rain_garmisch,frozen,2014-03-06 01:00:00+00:00,2014-03-15 18:00:00+00:00,234,0.0,0.0,0.2,0.2,plausible_physical_zero_not_rejected
rain_garmisch,frozen,2014-03-16 08:00:00+00:00,2014-03-22 17:00:00+00:00,154,0.0,0.0,0.1,0.3,plausible_physical_zero_not_rejected
rain_garmisch,frozen,2014-03-24 23:00:00+00:00,2014-04-05 13:00:00+00:00,279,0.0,0.0,0.1,0.7,plausible_physical_zero_not_rejected
rain_garmisch,frozen,2014-04-06 09:00:00+00:00,2014-04-08 14:00:00+00:00,54,0.0,0.0,0.3,0.1,plausible_physical_zero_not_rejected
rain_garmisch,frozen,2014-04-09 07:00:00+00:00,2014-04-10 13:00:00+00:00,31,0.0,0.0,0.1,0.1,plausible_physical_zero_not_rejected
rain_garmisch,frozen,2014-04-10 20:00:00+00:00,2014-04-12 01:00:00+00:00,30,0.0,0.0,0.1,0.1,plausible_physical_zero_not_rejected
rain_garmisch,frozen,2014-04-13 14:00:00+00:00,2014-04-14 15:00:00+00:00,26,0.0,0.0,0.1,0.2,plausible_physical_zero_not_rejected
rain_garmisch,frozen,2014-04-16 05:00:00+00:00,2014-04-18 13:00:00+00:00,57,0.0,0.0,0.1,0.3,plausible_physical_zero_not_rejected
rain_garmisch,frozen,2014-04-19 06:00:00+00:00,2014-04-20 19:00:00+00:00,38,0.0,0.0,0.2,1.2,plausible_physical_zero_not_rejected
rain_garmisch,frozen,2014-04-23 17:00:00+00:00,2014-04-25 18:00:00+00:00,50,0.0,0.0,0.1,0.2,plausible_physical_zero_not_rejected
rain_garmisch,frozen,2014-04-29 09:00:00+00:00,2014-04-30 11:00:00+00:00,27,0.0,0.0,0.1,0.3,plausible_physical_zero_not_rejected
rain_garmisch,frozen,2014-05-04 11:00:00+00:00,2014-05-06 21:00:00+00:00,59,0.0,0.0,0.2,0.3,plausible_physical_zero_not_rejected
rain_garmisch,frozen,2014-05-17 09:00:00+00:00,2014-05-23 14:00:00+00:00,150,0.0,0.0,0.1,0.1,plausible_physical_zero_not_rejected
rain_garmisch,frozen,2014-05-23 17:00:00+00:00,2014-05-26 12:00:00+00:00,68,0.0,0.0,0.1,1.0,plausible_physical_zero_not_rejected
rain_garmisch,frozen,2014-05-28 00:00:00+00:00,2014-05-29 10:00:00+00:00,35,0.0,0.0,0.2,0.4,plausible_physical_zero_not_rejected
rain_garmisch,frozen,2014-05-30 18:00:00+00:00,2014-06-02 11:00:00+00:00,66,0.0,0.0,0.1,0.4,plausible_physical_zero_not_rejected
rain_garmisch,frozen,2014-06-05 03:00:00+00:00,2014-06-11 00:00:00+00:00,142,0.0,0.0,0.2,3.3,plausible_physical_zero_not_rejected
rain_garmisch,frozen,2014-06-14 21:00:00+00:00,2014-06-18 14:00:00+00:00,90,0.0,0.0,0.4,0.1,plausible_physical_zero_not_rejected
rain_garmisch,frozen,2014-06-20 18:00:00+00:00,2014-06-23 14:00:00+00:00,69,0.0,0.0,0.1,0.4,plausible_physical_zero_not_rejected
rain_garmisch,frozen,2014-06-25 22:00:00+00:00,2014-06-28 00:00:00+00:00,51,0.0,0.0,0.3,4.7,plausible_physical_zero_not_rejected
rain_garmisch,frozen,2014-06-30 08:00:00+00:00,2014-07-01 21:00:00+00:00,38,0.0,0.0,0.1,0.1,plausible_physical_zero_not_rejected
rain_garmisch,frozen,2014-07-02 19:00:00+00:00,2014-07-05 19:00:00+00:00,73,0.0,0.0,0.2,0.1,plausible_physical_zero_not_rejected
rain_garmisch,frozen,2014-07-15 02:00:00+00:00,2014-07-20 12:00:00+00:00,131,0.0,0.0,0.4,0.1,plausible_physical_zero_not_rejected
rain_garmisch,frozen,2014-07-23 02:00:00+00:00,2014-07-26 13:00:00+00:00,84,0.0,0.0,0.2,0.6,plausible_physical_zero_not_rejected
rain_garmisch,frozen,2014-07-31 11:00:00+00:00,2014-08-02 14:00:00+00:00,52,0.0,0.0,1.1,1.3,plausible_physical_zero_not_rejected
rain_garmisch,frozen,2014-08-04 00:00:00+00:00,2014-08-04 23:00:00+00:00,24,0.0,0.0,1.0,0.5,plausible_physical_zero_not_rejected
rain_garmisch,frozen,2014-08-05 18:00:00+00:00,2014-08-07 02:00:00+00:00,33,0.0,0.0,0.3,1.5,plausible_physical_zero_not_rejected
rain_garmisch,frozen,2014-08-07 18:00:00+00:00,2014-08-09 10:00:00+00:00,41,0.0,0.0,1.8,1.5,plausible_physical_zero_not_rejected
rain_garmisch,frozen,2014-08-09 15:00:00+00:00,2014-08-11 00:00:00+00:00,34,0.0,0.0,1.2,0.2,plausible_physical_zero_not_rejected
rain_garmisch,frozen,2014-08-13 21:00:00+00:00,2014-08-14 22:00:00+00:00,26,0.0,0.0,1.6,0.6,plausible_physical_zero_not_rejected
rain_garmisch,frozen,2014-08-16 16:00:00+00:00,2014-08-18 21:00:00+00:00,54,0.0,0.0,0.1,0.6,plausible_physical_zero_not_rejected
rain_garmisch,frozen,2014-08-21 05:00:00+00:00,2014-08-23 13:00:00+00:00,57,0.0,0.0,0.2,1.0,plausible_physical_zero_not_rejected
rain_garmisch,frozen,2014-08-24 09:00:00+00:00,2014-08-25 18:00:00+00:00,34,0.0,0.0,0.1,0.1,plausible_physical_zero_not_rejected
rain_garmisch,frozen,2014-08-27 18:00:00+00:00,2014-08-29 18:00:00+00:00,49,0.0,0.0,0.2,2.4,plausible_physical_zero_not_rejected
rain_garmisch,frozen,2014-09-03 08:00:00+00:00,2014-09-05 12:00:00+00:00,53,0.0,0.0,0.1,0.2,plausible_physical_zero_not_rejected
rain_garmisch,frozen,2014-09-06 12:00:00+00:00,2014-09-07 15:00:00+00:00,28,0.0,0.0,0.1,0.2,plausible_physical_zero_not_rejected
rain_garmisch,frozen,2014-09-14 07:00:00+00:00,2014-09-18 18:00:00+00:00,108,0.0,0.0,0.6,1.5,plausible_physical_zero_not_rejected
rain_garmisch,frozen,2014-09-22 21:00:00+00:00,2014-09-24 21:00:00+00:00,49,0.0,0.0,0.3,2.1,plausible_physical_zero_not_rejected
rain_garmisch,frozen,2014-09-25 14:00:00+00:00,2014-09-30 16:00:00+00:00,123,0.0,0.0,0.1,1.1,plausible_physical_zero_not_rejected
rain_garmisch,frozen,2014-10-01 23:00:00+00:00,2014-10-05 05:00:00+00:00,79,0.0,0.0,1.8,0.9,plausible_physical_zero_not_rejected
rain_garmisch,frozen,2014-10-05 22:00:00+00:00,2014-10-11 12:00:00+00:00,135,0.0,0.0,0.4,0.1,plausible_physical_zero_not_rejected
rain_garmisch,frozen,2014-10-11 15:00:00+00:00,2014-10-13 10:00:00+00:00,44,0.0,0.0,0.1,0.1,plausible_physical_zero_not_rejected
rain_garmisch,frozen,2014-10-17 11:00:00+00:00,2014-10-20 20:00:00+00:00,82,0.0,0.0,0.3,0.9,plausible_physical_zero_not_rejected
rain_garmisch,frozen,2014-10-23 21:00:00+00:00,2014-10-25 13:00:00+00:00,41,0.0,0.0,0.2,0.2,plausible_physical_zero_not_rejected
rain_garmisch,frozen,2014-10-26 04:00:00+00:00,2014-11-05 15:00:00+00:00,252,0.0,0.0,0.1,0.1,plausible_physical_zero_not_rejected
rain_garmisch,frozen,2014-11-06 18:00:00+00:00,2014-11-07 22:00:00+00:00,29,0.0,0.0,0.1,0.1,plausible_physical_zero_not_rejected
rain_garmisch,frozen,2014-11-08 00:00:00+00:00,2014-11-13 04:00:00+00:00,125,0.0,0.0,0.1,0.1,plausible_physical_zero_not_rejected
rain_garmisch,frozen,2014-11-13 06:00:00+00:00,2014-11-16 03:00:00+00:00,70,0.0,0.0,0.1,0.1,plausible_physical_zero_not_rejected
rain_garmisch,frozen,2014-11-16 08:00:00+00:00,2014-11-17 23:00:00+00:00,40,0.0,0.0,1.4,0.7,plausible_physical_zero_not_rejected
rain_garmisch,frozen,2014-11-19 12:00:00+00:00,2014-11-24 01:00:00+00:00,110,0.0,0.0,0.1,0.1,plausible_physical_zero_not_rejected
rain_garmisch,frozen,2014-11-24 03:00:00+00:00,2014-11-30 22:00:00+00:00,164,0.0,0.0,0.1,0.1,plausible_physical_zero_not_rejected
rain_garmisch,frozen,2014-12-02 10:00:00+00:00,2014-12-06 15:00:00+00:00,102,0.0,0.0,0.6,0.1,plausible_physical_zero_not_rejected
rain_garmisch,frozen,2014-12-09 13:00:00+00:00,2014-12-11 03:00:00+00:00,39,0.0,0.0,0.1,0.1,plausible_physical_zero_not_rejected
rain_garmisch,frozen,2014-12-11 14:00:00+00:00,2014-12-16 06:00:00+00:00,113,0.0,0.0,0.1,0.3,plausible_physical_zero_not_rejected
rain_garmisch,frozen,2014-12-19 00:00:00+00:00,2014-12-19 23:00:00+00:00,24,0.0,0.0,0.1,2.0,plausible_physical_zero_not_rejected
rain_garmisch,frozen,2014-12-21 06:00:00+00:00,2014-12-25 13:00:00+00:00,104,0.0,0.0,0.1,0.4,plausible_physical_zero_not_rejected
rain_garmisch,frozen,2014-12-31 12:00:00+00:00,2015-01-02 14:00:00+00:00,51,0.0,0.0,0.1,0.1,plausible_physical_zero_not_rejected
rain_garmisch,frozen,2015-01-04 15:00:00+00:00,2015-01-08 22:00:00+00:00,104,0.0,0.0,0.2,0.1,plausible_physical_zero_not_rejected
rain_garmisch,frozen,2015-01-10 01:00:00+00:00,2015-01-11 03:00:00+00:00,27,0.0,0.0,0.1,0.2,plausible_physical_zero_not_rejected
rain_garmisch,frozen,2015-01-12 03:00:00+00:00,2015-01-14 12:00:00+00:00,58,0.0,0.0,0.1,0.3,plausible_physical_zero_not_rejected
rain_garmisch,frozen,2015-01-14 22:00:00+00:00,2015-01-17 03:00:00+00:00,54,0.0,0.0,0.9,0.1,plausible_physical_zero_not_rejected
rain_garmisch,frozen,2015-01-18 07:00:00+00:00,2015-01-23 17:00:00+00:00,131,0.0,0.0,0.1,0.1,plausible_physical_zero_not_rejected
rain_garmisch,frozen,2015-01-31 10:00:00+00:00,2015-02-01 18:00:00+00:00,33,0.0,0.0,0.1,0.5,plausible_physical_zero_not_rejected
rain_garmisch,frozen,2015-02-02 23:00:00+00:00,2015-02-08 05:00:00+00:00,127,0.0,0.0,0.1,0.1,plausible_physical_zero_not_rejected
rain_garmisch,frozen,2015-02-08 22:00:00+00:00,2015-02-22 00:00:00+00:00,315,0.0,0.0,0.1,0.1,plausible_physical_zero_not_rejected
rain_garmisch,frozen,2015-02-22 19:00:00+00:00,2015-02-23 21:00:00+00:00,27,0.0,0.0,0.1,0.2,plausible_physical_zero_not_rejected
rain_garmisch,frozen,2015-02-24 08:00:00+00:00,2015-02-25 13:00:00+00:00,30,0.0,0.0,0.2,0.5,plausible_physical_zero_not_rejected
rain_garmisch,frozen,2015-02-25 16:00:00+00:00,2015-02-27 13:00:00+00:00,46,0.0,0.0,0.3,0.2,plausible_physical_zero_not_rejected
rain_garmisch,frozen,2015-02-28 06:00:00+00:00,2015-03-01 10:00:00+00:00,29,0.0,0.0,0.1,0.2,plausible_physical_zero_not_rejected
rain_garmisch,frozen,2015-03-03 00:00:00+00:00,2015-03-04 04:00:00+00:00,29,0.0,0.0,0.9,0.2,plausible_physical_zero_not_rejected
rain_garmisch,frozen,2015-03-05 17:00:00+00:00,2015-03-11 08:00:00+00:00,136,0.0,0.0,0.1,1.1,plausible_physical_zero_not_rejected
rain_garmisch,frozen,2015-03-11 20:00:00+00:00,2015-03-21 07:00:00+00:00,228,0.0,0.0,0.3,0.1,plausible_physical_zero_not_rejected
rain_garmisch,frozen,2015-03-22 08:00:00+00:00,2015-03-26 03:00:00+00:00,92,0.0,0.0,0.1,0.4,plausible_physical_zero_not_rejected
rain_garmisch,frozen,2015-03-27 11:00:00+00:00,2015-03-28 22:00:00+00:00,36,0.0,0.0,0.2,0.2,plausible_physical_zero_not_rejected
rain_garmisch,frozen,2015-04-07 07:00:00+00:00,2015-04-17 05:00:00+00:00,239,0.0,0.0,0.4,0.7,plausible_physical_zero_not_rejected
rain_garmisch,frozen,2015-04-18 06:00:00+00:00,2015-04-28 02:00:00+00:00,237,0.0,0.0,0.1,2.5,plausible_physical_zero_not_rejected
rain_garmisch,frozen,2015-04-28 18:00:00+00:00,2015-04-30 02:00:00+00:00,33,0.0,0.0,0.1,1.0,plausible_physical_zero_not_rejected
rain_garmisch,frozen,2015-05-04 08:00:00+00:00,2015-05-06 03:00:00+00:00,44,0.0,0.0,0.5,0.5,plausible_physical_zero_not_rejected
rain_garmisch,frozen,2015-05-07 02:00:00+00:00,2015-05-08 18:00:00+00:00,41,0.0,0.0,1.2,0.1,plausible_physical_zero_not_rejected
rain_garmisch,frozen,2015-05-09 21:00:00+00:00,2015-05-13 14:00:00+00:00,90,0.0,0.0,0.7,0.1,plausible_physical_zero_not_rejected
rain_garmisch,frozen,2015-05-16 02:00:00+00:00,2015-05-19 02:00:00+00:00,73,0.0,0.0,0.1,1.8,plausible_physical_zero_not_rejected
rain_garmisch,frozen,2015-05-24 03:00:00+00:00,2015-05-25 16:00:00+00:00,38,0.0,0.0,0.2,0.3,plausible_physical_zero_not_rejected
rain_garmisch,frozen,2015-05-27 09:00:00+00:00,2015-05-29 18:00:00+00:00,58,0.0,0.0,0.2,0.1,plausible_physical_zero_not_rejected
rain_garmisch,frozen,2015-05-30 13:00:00+00:00,2015-06-01 17:00:00+00:00,53,0.0,0.0,0.1,0.5,plausible_physical_zero_not_rejected
rain_garmisch,frozen,2015-06-02 03:00:00+00:00,2015-06-06 04:00:00+00:00,98,0.0,0.0,0.1,5.1,plausible_physical_zero_not_rejected
rain_garmisch,frozen,2015-06-08 21:00:00+00:00,2015-06-09 20:00:00+00:00,24,0.0,0.0,0.8,0.1,plausible_physical_zero_not_rejected
rain_garmisch,frozen,2015-06-10 01:00:00+00:00,2015-06-11 18:00:00+00:00,42,0.0,0.0,0.1,4.1,plausible_physical_zero_not_rejected
rain_garmisch,frozen,2015-06-12 00:00:00+00:00,2015-06-13 18:00:00+00:00,43,0.0,0.0,0.4,0.5,plausible_physical_zero_not_rejected
rain_garmisch,frozen,2015-06-13 22:00:00+00:00,2015-06-15 00:00:00+00:00,27,0.0,0.0,9.5,0.2,plausible_physical_zero_not_rejected
rain_garmisch,frozen,2015-06-16 07:00:00+00:00,2015-06-18 16:00:00+00:00,58,0.0,0.0,0.1,0.2,plausible_physical_zero_not_rejected
rain_garmisch,frozen,2015-06-23 08:00:00+00:00,2015-06-27 11:00:00+00:00,100,0.0,0.0,0.1,1.1,plausible_physical_zero_not_rejected
rain_garmisch,frozen,2015-06-27 23:00:00+00:00,2015-07-03 08:00:00+00:00,130,0.0,0.0,1.1,0.1,plausible_physical_zero_not_rejected
rain_garmisch,frozen,2015-07-03 12:00:00+00:00,2015-07-06 03:00:00+00:00,64,0.0,0.0,0.1,3.2,plausible_physical_zero_not_rejected
rain_garmisch,frozen,2015-07-06 08:00:00+00:00,2015-07-07 20:00:00+00:00,37,0.0,0.0,0.3,6.2,plausible_physical_zero_not_rejected
rain_garmisch,frozen,2015-07-08 13:00:00+00:00,2015-07-13 01:00:00+00:00,109,0.0,0.0,0.2,0.5,plausible_physical_zero_not_rejected
rain_garmisch,frozen,2015-07-13 22:00:00+00:00,2015-07-17 16:00:00+00:00,91,0.0,0.0,0.1,0.1,plausible_physical_zero_not_rejected
rain_garmisch,frozen,2015-07-20 00:00:00+00:00,2015-07-22 12:00:00+00:00,61,0.0,0.0,0.2,2.9,plausible_physical_zero_not_rejected
rain_garmisch,frozen,2015-07-23 22:00:00+00:00,2015-07-25 00:00:00+00:00,27,0.0,0.0,0.1,0.1,plausible_physical_zero_not_rejected
rain_garmisch,frozen,2015-07-27 08:00:00+00:00,2015-07-28 21:00:00+00:00,38,0.0,0.0,0.1,0.8,plausible_physical_zero_not_rejected
rain_garmisch,frozen,2015-07-30 01:00:00+00:00,2015-08-01 19:00:00+00:00,67,0.0,0.0,0.1,0.5,plausible_physical_zero_not_rejected
rain_garmisch,frozen,2015-08-02 11:00:00+00:00,2015-08-04 17:00:00+00:00,55,0.0,0.0,0.1,0.5,plausible_physical_zero_not_rejected
rain_garmisch,frozen,2015-08-04 21:00:00+00:00,2015-08-07 16:00:00+00:00,68,0.0,0.0,0.6,0.1,plausible_physical_zero_not_rejected
rain_garmisch,frozen,2015-08-11 17:00:00+00:00,2015-08-14 23:00:00+00:00,79,0.0,0.0,0.6,4.9,plausible_physical_zero_not_rejected
rain_garmisch,frozen,2015-08-21 18:00:00+00:00,2015-08-23 15:00:00+00:00,46,0.0,0.0,0.1,0.2,plausible_physical_zero_not_rejected
rain_garmisch,frozen,2015-08-23 17:00:00+00:00,2015-08-24 21:00:00+00:00,29,0.0,0.0,0.2,0.3,plausible_physical_zero_not_rejected
rain_garmisch,frozen,2015-08-25 10:00:00+00:00,2015-09-01 15:00:00+00:00,174,0.0,0.0,0.3,2.1,plausible_physical_zero_not_rejected
rain_garmisch,frozen,2015-09-02 15:00:00+00:00,2015-09-03 14:00:00+00:00,24,0.0,0.0,0.1,7.7,plausible_physical_zero_not_rejected
rain_garmisch,frozen,2015-09-06 17:00:00+00:00,2015-09-11 13:00:00+00:00,117,0.0,0.0,0.1,0.1,plausible_physical_zero_not_rejected
rain_garmisch,frozen,2015-09-11 22:00:00+00:00,2015-09-14 04:00:00+00:00,55,0.0,0.0,0.2,0.3,plausible_physical_zero_not_rejected
rain_garmisch,frozen,2015-09-14 17:00:00+00:00,2015-09-17 15:00:00+00:00,71,0.0,0.0,0.6,2.2,plausible_physical_zero_not_rejected
rain_garmisch,frozen,2015-09-20 15:00:00+00:00,2015-09-22 18:00:00+00:00,52,0.0,0.0,0.1,0.2,plausible_physical_zero_not_rejected
rain_garmisch,frozen,2015-09-23 23:00:00+00:00,2015-10-04 07:00:00+00:00,249,0.0,0.0,0.4,0.3,plausible_physical_zero_not_rejected
rain_garmisch,frozen,2015-10-04 14:00:00+00:00,2015-10-05 22:00:00+00:00,33,0.0,0.0,0.1,0.2,plausible_physical_zero_not_rejected
rain_garmisch,frozen,2015-10-08 19:00:00+00:00,2015-10-11 07:00:00+00:00,61,0.0,0.0,0.1,0.2,plausible_physical_zero_not_rejected
rain_garmisch,frozen,2015-10-11 09:00:00+00:00,2015-10-13 03:00:00+00:00,43,0.0,0.0,0.2,0.2,plausible_physical_zero_not_rejected
rain_garmisch,frozen,2015-10-17 04:00:00+00:00,2015-10-18 03:00:00+00:00,24,0.0,0.0,0.2,0.1,plausible_physical_zero_not_rejected
rain_garmisch,frozen,2015-10-19 20:00:00+00:00,2015-10-29 04:00:00+00:00,225,0.0,0.0,0.7,1.1,plausible_physical_zero_not_rejected
rain_garmisch,frozen,2015-10-29 14:00:00+00:00,2015-11-14 00:00:00+00:00,371,0.0,0.0,0.2,0.1,plausible_physical_zero_not_rejected
rain_garmisch,frozen,2015-11-14 05:00:00+00:00,2015-11-18 00:00:00+00:00,92,0.0,0.0,0.2,0.1,plausible_physical_zero_not_rejected
rain_garmisch,frozen,2015-11-18 02:00:00+00:00,2015-11-20 04:00:00+00:00,51,0.0,0.0,0.1,0.5,plausible_physical_zero_not_rejected
rain_garmisch,frozen,2015-11-22 17:00:00+00:00,2015-11-25 18:00:00+00:00,74,0.0,0.0,0.1,1.0,plausible_physical_zero_not_rejected
rain_garmisch,frozen,2015-11-27 00:00:00+00:00,2015-11-28 10:00:00+00:00,35,0.0,0.0,0.1,0.1,plausible_physical_zero_not_rejected
rain_garmisch,frozen,2015-12-01 18:00:00+00:00,2015-12-04 20:00:00+00:00,75,0.0,0.0,0.1,0.1,plausible_physical_zero_not_rejected
rain_garmisch,frozen,2015-12-04 23:00:00+00:00,2015-12-09 09:00:00+00:00,107,0.0,0.0,0.1,0.8,plausible_physical_zero_not_rejected
rain_garmisch,frozen,2015-12-09 19:00:00+00:00,2015-12-16 09:00:00+00:00,159,0.0,0.0,0.1,0.4,plausible_physical_zero_not_rejected
rain_garmisch,frozen,2015-12-17 05:00:00+00:00,2015-12-18 17:00:00+00:00,37,0.0,0.0,0.2,0.1,plausible_physical_zero_not_rejected
rain_garmisch,frozen,2015-12-18 20:00:00+00:00,2015-12-31 14:00:00+00:00,307,0.0,0.0,0.1,0.4,plausible_physical_zero_not_rejected
rain_garmisch,frozen,2016-01-01 08:00:00+00:00,2016-01-02 19:00:00+00:00,36,0.0,0.0,0.1,0.1,plausible_physical_zero_not_rejected
rain_garmisch,frozen,2016-01-04 18:00:00+00:00,2016-01-06 17:00:00+00:00,48,0.0,0.0,0.8,0.1,plausible_physical_zero_not_rejected
rain_garmisch,frozen,2016-01-13 14:00:00+00:00,2016-01-14 20:00:00+00:00,31,0.0,0.0,0.1,0.5,plausible_physical_zero_not_rejected
rain_garmisch,frozen,2016-01-18 00:00:00+00:00,2016-01-19 20:00:00+00:00,45,0.0,0.0,0.1,0.2,plausible_physical_zero_not_rejected
rain_garmisch,frozen,2016-01-20 09:00:00+00:00,2016-01-23 05:00:00+00:00,69,0.0,0.0,0.3,0.5,plausible_physical_zero_not_rejected
rain_garmisch,frozen,2016-01-23 15:00:00+00:00,2016-01-29 03:00:00+00:00,133,0.0,0.0,0.3,0.1,plausible_physical_zero_not_rejected
rain_garmisch,frozen,2016-01-29 10:00:00+00:00,2016-01-30 21:00:00+00:00,36,0.0,0.0,0.1,0.1,plausible_physical_zero_not_rejected
rain_garmisch,frozen,2016-02-01 06:00:00+00:00,2016-02-03 08:00:00+00:00,51,0.0,0.0,0.6,1.1,plausible_physical_zero_not_rejected
rain_garmisch,frozen,2016-02-05 13:00:00+00:00,2016-02-07 20:00:00+00:00,56,0.0,0.0,0.1,0.1,plausible_physical_zero_not_rejected
rain_garmisch,frozen,2016-02-10 12:00:00+00:00,2016-02-13 06:00:00+00:00,67,0.0,0.0,0.2,0.1,plausible_physical_zero_not_rejected
rain_garmisch,frozen,2016-02-13 08:00:00+00:00,2016-02-14 16:00:00+00:00,33,0.0,0.0,0.1,0.4,plausible_physical_zero_not_rejected
rain_garmisch,frozen,2016-02-17 11:00:00+00:00,2016-02-19 12:00:00+00:00,50,0.0,0.0,0.3,0.1,plausible_physical_zero_not_rejected
rain_garmisch,frozen,2016-02-19 15:00:00+00:00,2016-02-20 14:00:00+00:00,24,0.0,0.0,0.2,0.5,plausible_physical_zero_not_rejected
rain_garmisch,frozen,2016-02-21 12:00:00+00:00,2016-02-23 00:00:00+00:00,37,0.0,0.0,0.1,0.7,plausible_physical_zero_not_rejected
rain_garmisch,frozen,2016-02-23 23:00:00+00:00,2016-02-25 09:00:00+00:00,35,0.0,0.0,0.1,0.3,plausible_physical_zero_not_rejected
rain_garmisch,frozen,2016-02-25 23:00:00+00:00,2016-02-29 11:00:00+00:00,85,0.0,0.0,0.2,0.7,plausible_physical_zero_not_rejected
rain_garmisch,frozen,2016-03-04 01:00:00+00:00,2016-03-05 16:00:00+00:00,40,0.0,0.0,0.1,0.6,plausible_physical_zero_not_rejected
rain_garmisch,frozen,2016-03-06 03:00:00+00:00,2016-03-07 08:00:00+00:00,30,0.0,0.0,0.1,0.5,plausible_physical_zero_not_rejected
rain_garmisch,frozen,2016-03-09 02:00:00+00:00,2016-03-12 16:00:00+00:00,87,0.0,0.0,0.1,0.1,plausible_physical_zero_not_rejected
rain_garmisch,frozen,2016-03-13 00:00:00+00:00,2016-03-15 10:00:00+00:00,59,0.0,0.0,0.1,0.1,plausible_physical_zero_not_rejected
rain_garmisch,frozen,2016-03-15 20:00:00+00:00,2016-03-23 13:00:00+00:00,186,0.0,0.0,0.1,0.1,plausible_physical_zero_not_rejected
rain_garmisch,frozen,2016-03-24 07:00:00+00:00,2016-03-25 11:00:00+00:00,29,0.0,0.0,0.4,0.2,plausible_physical_zero_not_rejected
rain_garmisch,frozen,2016-03-26 09:00:00+00:00,2016-03-27 20:00:00+00:00,36,0.0,0.0,0.5,0.4,plausible_physical_zero_not_rejected
rain_garmisch,frozen,2016-03-28 00:00:00+00:00,2016-04-06 01:00:00+00:00,218,0.0,0.0,0.1,0.4,plausible_physical_zero_not_rejected
rain_garmisch,frozen,2016-04-06 18:00:00+00:00,2016-04-07 19:00:00+00:00,26,0.0,0.0,0.2,0.1,plausible_physical_zero_not_rejected
rain_garmisch,frozen,2016-04-09 16:00:00+00:00,2016-04-12 09:00:00+00:00,66,0.0,0.0,0.1,0.3,plausible_physical_zero_not_rejected
rain_garmisch,frozen,2016-04-12 11:00:00+00:00,2016-04-13 14:00:00+00:00,28,0.0,0.0,0.3,0.1,plausible_physical_zero_not_rejected
rain_garmisch,frozen,2016-04-14 11:00:00+00:00,2016-04-17 12:00:00+00:00,74,0.0,0.0,0.1,1.2,plausible_physical_zero_not_rejected
rain_garmisch,frozen,2016-04-19 02:00:00+00:00,2016-04-22 18:00:00+00:00,89,0.0,0.0,0.1,2.3,plausible_physical_zero_not_rejected
rain_garmisch,frozen,2016-04-25 10:00:00+00:00,2016-04-26 16:00:00+00:00,31,0.0,0.0,0.1,1.0,plausible_physical_zero_not_rejected
rain_garmisch,frozen,2016-04-27 03:00:00+00:00,2016-05-01 09:00:00+00:00,103,0.0,0.0,0.3,0.1,plausible_physical_zero_not_rejected
rain_garmisch,frozen,2016-05-04 12:00:00+00:00,2016-05-10 15:00:00+00:00,148,0.0,0.0,0.1,10.3,plausible_physical_zero_not_rejected
rain_garmisch,frozen,2016-05-10 17:00:00+00:00,2016-05-12 09:00:00+00:00,41,0.0,0.0,10.3,0.4,plausible_physical_zero_not_rejected
rain_garmisch,frozen,2016-05-17 06:00:00+00:00,2016-05-19 06:00:00+00:00,49,0.0,0.0,0.1,1.2,plausible_physical_zero_not_rejected
rain_garmisch,frozen,2016-05-20 05:00:00+00:00,2016-05-23 06:00:00+00:00,74,0.0,0.0,0.2,2.0,plausible_physical_zero_not_rejected
rain_garmisch,frozen,2016-05-24 13:00:00+00:00,2016-05-27 17:00:00+00:00,77,0.0,0.0,0.1,0.1,plausible_physical_zero_not_rejected
rain_garmisch,frozen,2016-05-28 07:00:00+00:00,2016-05-29 16:00:00+00:00,34,0.0,0.0,0.9,1.7,plausible_physical_zero_not_rejected
rain_garmisch,frozen,2016-06-05 19:00:00+00:00,2016-06-06 19:00:00+00:00,25,0.0,0.0,0.1,4.6,plausible_physical_zero_not_rejected
rain_garmisch,frozen,2016-06-06 21:00:00+00:00,2016-06-08 03:00:00+00:00,31,0.0,0.0,4.6,2.6,plausible_physical_zero_not_rejected
rain_garmisch,frozen,2016-06-09 17:00:00+00:00,2016-06-11 06:00:00+00:00,38,0.0,0.0,0.1,0.5,plausible_physical_zero_not_rejected
rain_garmisch,frozen,2016-06-21 04:00:00+00:00,2016-06-24 21:00:00+00:00,90,0.0,0.0,0.2,11.4,plausible_physical_zero_not_rejected
rain_garmisch,frozen,2016-06-27 06:00:00+00:00,2016-06-29 20:00:00+00:00,63,0.0,0.0,0.7,0.2,plausible_physical_zero_not_rejected
rain_garmisch,frozen,2016-07-01 00:00:00+00:00,2016-07-02 02:00:00+00:00,27,0.0,0.0,0.3,0.1,plausible_physical_zero_not_rejected
rain_garmisch,frozen,2016-07-03 02:00:00+00:00,2016-07-05 22:00:00+00:00,69,0.0,0.0,0.5,4.0,plausible_physical_zero_not_rejected
rain_garmisch,frozen,2016-07-06 01:00:00+00:00,2016-07-08 21:00:00+00:00,69,0.0,0.0,0.3,0.8,plausible_physical_zero_not_rejected
rain_garmisch,frozen,2016-07-09 08:00:00+00:00,2016-07-10 21:00:00+00:00,38,0.0,0.0,0.1,0.2,plausible_physical_zero_not_rejected
rain_garmisch,frozen,2016-07-15 21:00:00+00:00,2016-07-21 06:00:00+00:00,130,0.0,0.0,0.1,0.1,plausible_physical_zero_not_rejected
rain_garmisch,frozen,2016-07-21 10:00:00+00:00,2016-07-22 14:00:00+00:00,29,0.0,0.0,0.2,3.9,plausible_physical_zero_not_rejected
rain_garmisch,frozen,2016-07-23 15:00:00+00:00,2016-07-24 16:00:00+00:00,26,0.0,0.0,2.5,0.6,plausible_physical_zero_not_rejected
rain_garmisch,frozen,2016-07-27 19:00:00+00:00,2016-07-28 23:00:00+00:00,29,0.0,0.0,1.2,1.4,plausible_physical_zero_not_rejected
rain_garmisch,frozen,2016-07-29 06:00:00+00:00,2016-07-30 18:00:00+00:00,37,0.0,0.0,0.4,4.2,plausible_physical_zero_not_rejected
rain_garmisch,frozen,2016-08-01 09:00:00+00:00,2016-08-02 19:00:00+00:00,35,0.0,0.0,0.1,0.1,plausible_physical_zero_not_rejected
rain_garmisch,frozen,2016-08-03 02:00:00+00:00,2016-08-04 22:00:00+00:00,45,0.0,0.0,0.3,7.9,plausible_physical_zero_not_rejected
rain_garmisch,frozen,2016-08-06 07:00:00+00:00,2016-08-09 06:00:00+00:00,72,0.0,0.0,0.1,4.8,plausible_physical_zero_not_rejected
rain_garmisch,frozen,2016-08-11 03:00:00+00:00,2016-08-12 02:00:00+00:00,24,0.0,0.0,0.1,0.1,plausible_physical_zero_not_rejected
rain_garmisch,frozen,2016-08-12 09:00:00+00:00,2016-08-15 08:00:00+00:00,72,0.0,0.0,0.1,0.1,plausible_physical_zero_not_rejected
rain_garmisch,frozen,2016-08-15 12:00:00+00:00,2016-08-16 13:00:00+00:00,26,0.0,0.0,0.1,0.6,plausible_physical_zero_not_rejected
rain_garmisch,frozen,2016-08-17 01:00:00+00:00,2016-08-18 00:00:00+00:00,24,0.0,0.0,0.1,6.4,plausible_physical_zero_not_rejected
rain_garmisch,frozen,2016-08-19 06:00:00+00:00,2016-08-20 14:00:00+00:00,33,0.0,0.0,0.5,1.2,plausible_physical_zero_not_rejected
rain_garmisch,frozen,2016-08-22 00:00:00+00:00,2016-08-29 04:00:00+00:00,173,0.0,0.0,2.2,0.5,plausible_physical_zero_not_rejected
rain_garmisch,frozen,2016-08-30 03:00:00+00:00,2016-08-31 17:00:00+00:00,39,0.0,0.0,0.1,0.1,plausible_physical_zero_not_rejected
rain_garmisch,frozen,2016-09-01 10:00:00+00:00,2016-09-04 17:00:00+00:00,80,0.0,0.0,1.1,0.1,plausible_physical_zero_not_rejected
rain_garmisch,frozen,2016-09-06 10:00:00+00:00,2016-09-11 04:00:00+00:00,115,0.0,0.0,0.3,2.9,plausible_physical_zero_not_rejected
rain_garmisch,frozen,2016-09-11 17:00:00+00:00,2016-09-16 19:00:00+00:00,123,0.0,0.0,0.6,0.2,plausible_physical_zero_not_rejected
rain_garmisch,frozen,2016-09-20 04:00:00+00:00,2016-10-02 01:00:00+00:00,286,0.0,0.0,0.2,0.1,plausible_physical_zero_not_rejected
rain_garmisch,frozen,2016-10-05 06:00:00+00:00,2016-10-08 07:00:00+00:00,74,0.0,0.0,0.1,0.4,plausible_physical_zero_not_rejected
rain_garmisch,frozen,2016-10-08 23:00:00+00:00,2016-10-11 11:00:00+00:00,61,0.0,0.0,0.2,0.2,plausible_physical_zero_not_rejected
rain_garmisch,frozen,2016-10-12 01:00:00+00:00,2016-10-17 19:00:00+00:00,139,0.0,0.0,0.4,0.4,plausible_physical_zero_not_rejected
rain_garmisch,frozen,2016-10-20 06:00:00+00:00,2016-10-21 07:00:00+00:00,26,0.0,0.0,0.1,0.1,plausible_physical_zero_not_rejected
rain_garmisch,frozen,2016-10-22 00:00:00+00:00,2016-10-23 13:00:00+00:00,38,0.0,0.0,0.1,0.1,plausible_physical_zero_not_rejected
rain_garmisch,frozen,2016-10-23 19:00:00+00:00,2016-10-25 06:00:00+00:00,36,0.0,0.0,2.0,1.6,plausible_physical_zero_not_rejected
rain_garmisch,frozen,2016-10-26 18:00:00+00:00,2016-11-02 15:00:00+00:00,166,0.0,0.0,0.9,0.1,plausible_physical_zero_not_rejected
rain_garmisch,frozen,2016-11-03 04:00:00+00:00,2016-11-05 20:00:00+00:00,65,0.0,0.0,0.1,0.3,plausible_physical_zero_not_rejected
rain_garmisch,frozen,2016-11-12 10:00:00+00:00,2016-11-15 19:00:00+00:00,82,0.0,0.0,0.1,0.3,plausible_physical_zero_not_rejected
rain_garmisch,frozen,2016-11-17 02:00:00+00:00,2016-11-19 06:00:00+00:00,53,0.0,0.0,0.1,0.2,plausible_physical_zero_not_rejected
rain_garmisch,frozen,2016-11-19 19:00:00+00:00,2016-11-26 23:00:00+00:00,173,0.0,0.0,0.1,0.1,plausible_physical_zero_not_rejected
rain_garmisch,frozen,2016-11-28 02:00:00+00:00,2016-12-11 17:00:00+00:00,328,0.0,0.0,0.1,0.1,plausible_physical_zero_not_rejected
rain_garmisch,frozen,2016-12-12 08:00:00+00:00,2016-12-18 21:00:00+00:00,158,0.0,0.0,0.1,0.5,plausible_physical_zero_not_rejected
rain_garmisch,frozen,2016-12-19 06:00:00+00:00,2016-12-25 03:00:00+00:00,142,0.0,0.0,0.3,0.1,plausible_physical_zero_not_rejected
rain_garmisch,frozen,2016-12-27 02:00:00+00:00,2017-01-02 18:00:00+00:00,161,0.0,0.0,0.1,0.8,plausible_physical_zero_not_rejected
rain_garmisch,frozen,2017-01-03 02:00:00+00:00,2017-01-04 06:00:00+00:00,29,0.0,0.0,0.1,0.2,plausible_physical_zero_not_rejected
rain_garmisch,frozen,2017-01-08 22:00:00+00:00,2017-01-11 01:00:00+00:00,52,0.0,0.0,0.3,0.2,plausible_physical_zero_not_rejected
rain_garmisch,frozen,2017-01-17 10:00:00+00:00,2017-01-19 02:00:00+00:00,41,0.0,0.0,0.1,,plausible_physical_zero_not_rejected
rain_garmisch,frozen,2017-01-19 10:00:00+00:00,2017-01-25 04:00:00+00:00,139,0.0,0.0,,,plausible_physical_zero_not_rejected
rain_garmisch,frozen,2017-01-25 10:00:00+00:00,2017-01-30 14:00:00+00:00,125,0.0,0.0,,0.2,plausible_physical_zero_not_rejected
rain_garmisch,frozen,2017-02-01 18:00:00+00:00,2017-02-03 22:00:00+00:00,53,0.0,0.0,0.2,0.1,plausible_physical_zero_not_rejected
rain_garmisch,frozen,2017-02-06 14:00:00+00:00,2017-02-07 22:00:00+00:00,33,0.0,0.0,0.5,0.1,plausible_physical_zero_not_rejected
rain_garmisch,frozen,2017-02-08 08:00:00+00:00,2017-02-17 06:00:00+00:00,215,0.0,0.0,0.2,0.6,plausible_physical_zero_not_rejected
rain_garmisch,frozen,2017-02-18 10:00:00+00:00,2017-02-20 23:00:00+00:00,62,0.0,0.0,0.1,0.1,plausible_physical_zero_not_rejected
rain_garmisch,frozen,2017-02-22 03:00:00+00:00,2017-02-24 03:00:00+00:00,49,0.0,0.0,0.2,1.3,plausible_physical_zero_not_rejected
rain_garmisch,frozen,2017-02-24 23:00:00+00:00,2017-02-28 08:00:00+00:00,82,0.0,0.0,0.2,0.2,plausible_physical_zero_not_rejected
rain_garmisch,frozen,2017-02-28 23:00:00+00:00,2017-03-02 02:00:00+00:00,28,0.0,0.0,0.1,0.3,plausible_physical_zero_not_rejected
rain_garmisch,frozen,2017-03-02 12:00:00+00:00,2017-03-04 18:00:00+00:00,55,0.0,0.0,0.2,0.1,plausible_physical_zero_not_rejected
rain_garmisch,frozen,2017-03-10 06:00:00+00:00,2017-03-17 18:00:00+00:00,181,0.0,0.0,0.4,0.4,plausible_physical_zero_not_rejected
rain_garmisch,frozen,2017-03-19 09:00:00+00:00,2017-03-21 05:00:00+00:00,45,0.0,0.0,0.2,0.1,plausible_physical_zero_not_rejected
rain_garmisch,frozen,2017-03-22 10:00:00+00:00,2017-04-02 17:00:00+00:00,272,0.0,0.0,0.6,0.2,plausible_physical_zero_not_rejected
rain_garmisch,frozen,2017-04-06 09:00:00+00:00,2017-04-10 22:00:00+00:00,110,0.0,0.0,0.1,0.4,plausible_physical_zero_not_rejected
rain_garmisch,frozen,2017-04-11 07:00:00+00:00,2017-04-15 16:00:00+00:00,106,0.0,0.0,0.1,0.1,plausible_physical_zero_not_rejected
rain_garmisch,frozen,2017-04-20 05:00:00+00:00,2017-04-22 17:00:00+00:00,61,0.0,0.0,0.1,0.3,plausible_physical_zero_not_rejected
rain_garmisch,frozen,2017-04-23 06:00:00+00:00,2017-04-25 15:00:00+00:00,58,0.0,0.0,0.1,0.3,plausible_physical_zero_not_rejected
rain_garmisch,frozen,2017-04-29 00:00:00+00:00,2017-05-01 12:00:00+00:00,61,0.0,0.0,0.1,0.7,plausible_physical_zero_not_rejected
rain_garmisch,frozen,2017-05-02 04:00:00+00:00,2017-05-03 13:00:00+00:00,34,0.0,0.0,0.1,0.5,plausible_physical_zero_not_rejected
rain_garmisch,frozen,2017-05-05 05:00:00+00:00,2017-05-06 17:00:00+00:00,37,0.0,0.0,0.2,0.2,plausible_physical_zero_not_rejected
rain_garmisch,frozen,2017-05-09 14:00:00+00:00,2017-05-12 01:00:00+00:00,60,0.0,0.0,0.1,0.2,plausible_physical_zero_not_rejected
rain_garmisch,frozen,2017-05-15 16:00:00+00:00,2017-05-19 16:00:00+00:00,97,0.0,0.0,0.6,2.2,plausible_physical_zero_not_rejected
rain_garmisch,frozen,2017-05-19 21:00:00+00:00,2017-05-20 21:00:00+00:00,25,0.0,0.0,0.1,0.5,plausible_physical_zero_not_rejected
rain_garmisch,frozen,2017-05-21 02:00:00+00:00,2017-05-23 20:00:00+00:00,67,0.0,0.0,0.6,0.1,plausible_physical_zero_not_rejected
rain_garmisch,frozen,2017-05-25 01:00:00+00:00,2017-05-30 14:00:00+00:00,134,0.0,0.0,0.8,1.0,plausible_physical_zero_not_rejected
rain_garmisch,frozen,2017-05-31 07:00:00+00:00,2017-06-01 07:00:00+00:00,25,0.0,0.0,0.4,1.7,plausible_physical_zero_not_rejected
rain_garmisch,frozen,2017-06-01 22:00:00+00:00,2017-06-04 05:00:00+00:00,56,0.0,0.0,0.3,1.1,plausible_physical_zero_not_rejected
rain_garmisch,frozen,2017-06-07 04:00:00+00:00,2017-06-09 19:00:00+00:00,64,0.0,0.0,0.6,0.7,plausible_physical_zero_not_rejected
rain_garmisch,frozen,2017-06-10 05:00:00+00:00,2017-06-15 17:00:00+00:00,133,0.0,0.0,0.8,0.6,plausible_physical_zero_not_rejected
rain_garmisch,frozen,2017-06-16 11:00:00+00:00,2017-06-20 12:00:00+00:00,98,0.0,0.0,0.1,9.4,plausible_physical_zero_not_rejected
rain_garmisch,frozen,2017-06-21 02:00:00+00:00,2017-06-23 00:00:00+00:00,47,0.0,0.0,0.3,0.5,plausible_physical_zero_not_rejected
rain_garmisch,frozen,2017-06-23 20:00:00+00:00,2017-06-25 04:00:00+00:00,33,0.0,0.0,0.1,1.8,plausible_physical_zero_not_rejected
rain_garmisch,frozen,2017-06-25 14:00:00+00:00,2017-06-26 19:00:00+00:00,30,0.0,0.0,0.4,1.6,plausible_physical_zero_not_rejected
rain_garmisch,frozen,2017-07-03 15:00:00+00:00,2017-07-06 14:00:00+00:00,72,0.0,0.0,1.2,0.3,plausible_physical_zero_not_rejected
rain_garmisch,frozen,2017-07-06 16:00:00+00:00,2017-07-07 20:00:00+00:00,29,0.0,0.0,0.3,2.8,plausible_physical_zero_not_rejected
rain_garmisch,frozen,2017-07-15 20:00:00+00:00,2017-07-18 14:00:00+00:00,67,0.0,0.0,0.5,1.0,plausible_physical_zero_not_rejected
rain_garmisch,frozen,2017-07-28 12:00:00+00:00,2017-07-29 19:00:00+00:00,32,0.0,0.0,1.5,0.1,plausible_physical_zero_not_rejected
rain_garmisch,frozen,2017-07-30 20:00:00+00:00,2017-08-02 11:00:00+00:00,64,0.0,0.0,1.2,0.6,plausible_physical_zero_not_rejected
rain_garmisch,frozen,2017-08-02 13:00:00+00:00,2017-08-04 19:00:00+00:00,55,0.0,0.0,0.6,1.6,plausible_physical_zero_not_rejected
rain_garmisch,frozen,2017-08-04 21:00:00+00:00,2017-08-05 20:00:00+00:00,24,0.0,0.0,1.6,1.5,plausible_physical_zero_not_rejected
rain_garmisch,frozen,2017-08-06 19:00:00+00:00,2017-08-08 19:00:00+00:00,49,0.0,0.0,0.1,13.7,plausible_physical_zero_not_rejected
rain_garmisch,frozen,2017-08-12 07:00:00+00:00,2017-08-15 22:00:00+00:00,88,0.0,0.0,0.2,12.4,plausible_physical_zero_not_rejected
rain_garmisch,frozen,2017-08-16 06:00:00+00:00,2017-08-17 18:00:00+00:00,37,0.0,0.0,0.2,3.2,plausible_physical_zero_not_rejected
rain_garmisch,frozen,2017-08-17 20:00:00+00:00,2017-08-18 19:00:00+00:00,24,0.0,0.0,3.2,0.9,plausible_physical_zero_not_rejected
rain_garmisch,frozen,2017-08-20 09:00:00+00:00,2017-08-24 17:00:00+00:00,105,0.0,0.0,2.5,21.1,plausible_physical_zero_not_rejected
rain_garmisch,frozen,2017-08-24 22:00:00+00:00,2017-08-26 02:00:00+00:00,29,0.0,0.0,0.2,0.1,plausible_physical_zero_not_rejected
rain_garmisch,frozen,2017-08-26 04:00:00+00:00,2017-08-27 15:00:00+00:00,36,0.0,0.0,0.1,0.1,plausible_physical_zero_not_rejected
rain_garmisch,frozen,2017-08-28 19:00:00+00:00,2017-08-31 14:00:00+00:00,68,0.0,0.0,0.5,0.2,plausible_physical_zero_not_rejected
rain_garmisch,frozen,2017-09-03 17:00:00+00:00,2017-09-05 01:00:00+00:00,33,0.0,0.0,0.3,0.5,plausible_physical_zero_not_rejected
rain_garmisch,frozen,2017-09-07 05:00:00+00:00,2017-09-09 15:00:00+00:00,59,0.0,0.0,0.6,0.2,plausible_physical_zero_not_rejected
rain_garmisch,frozen,2017-09-12 10:00:00+00:00,2017-09-13 14:00:00+00:00,29,0.0,0.0,0.7,0.1,plausible_physical_zero_not_rejected
rain_garmisch,frozen,2017-09-14 17:00:00+00:00,2017-09-15 21:00:00+00:00,29,0.0,0.0,0.2,0.2,plausible_physical_zero_not_rejected
rain_garmisch,frozen,2017-09-20 12:00:00+00:00,2017-09-24 02:00:00+00:00,87,0.0,0.0,0.2,3.9,plausible_physical_zero_not_rejected
rain_garmisch,frozen,2017-09-25 17:00:00+00:00,2017-09-26 21:00:00+00:00,29,0.0,0.0,0.6,0.1,plausible_physical_zero_not_rejected
rain_garmisch,frozen,2017-09-27 07:00:00+00:00,2017-09-29 06:00:00+00:00,48,0.0,0.0,0.1,0.2,plausible_physical_zero_not_rejected
rain_garmisch,frozen,2017-09-29 08:00:00+00:00,2017-09-30 17:00:00+00:00,34,0.0,0.0,0.2,1.8,plausible_physical_zero_not_rejected
rain_garmisch,frozen,2017-10-01 13:00:00+00:00,2017-10-02 19:00:00+00:00,31,0.0,0.0,0.1,0.3,plausible_physical_zero_not_rejected
rain_garmisch,frozen,2017-10-03 12:00:00+00:00,2017-10-05 19:00:00+00:00,56,0.0,0.0,2.8,0.4,plausible_physical_zero_not_rejected
rain_garmisch,frozen,2017-10-07 03:00:00+00:00,2017-10-08 06:00:00+00:00,28,0.0,0.0,0.1,0.3,plausible_physical_zero_not_rejected
rain_garmisch,frozen,2017-10-10 00:00:00+00:00,2017-10-21 23:00:00+00:00,288,0.0,0.0,0.1,0.4,plausible_physical_zero_not_rejected
rain_garmisch,frozen,2017-10-24 02:00:00+00:00,2017-10-27 07:00:00+00:00,78,0.0,0.0,0.3,0.3,plausible_physical_zero_not_rejected
rain_garmisch,frozen,2017-10-27 22:00:00+00:00,2017-10-29 02:00:00+00:00,29,0.0,0.0,0.4,0.8,plausible_physical_zero_not_rejected
rain_garmisch,frozen,2017-10-30 01:00:00+00:00,2017-11-02 22:00:00+00:00,94,0.0,0.0,0.1,0.1,plausible_physical_zero_not_rejected
rain_garmisch,frozen,2017-11-03 08:00:00+00:00,2017-11-05 12:00:00+00:00,53,0.0,0.0,0.3,0.2,plausible_physical_zero_not_rejected
rain_garmisch,frozen,2017-11-06 21:00:00+00:00,2017-11-07 21:00:00+00:00,25,0.0,0.0,0.1,0.4,plausible_physical_zero_not_rejected
rain_garmisch,frozen,2017-11-09 02:00:00+00:00,2017-11-10 17:00:00+00:00,40,0.0,0.0,0.1,0.1,plausible_physical_zero_not_rejected
rain_garmisch,frozen,2017-11-13 18:00:00+00:00,2017-11-19 04:00:00+00:00,131,0.0,0.0,0.1,0.2,plausible_physical_zero_not_rejected
rain_garmisch,frozen,2017-11-19 15:00:00+00:00,2017-11-21 00:00:00+00:00,34,0.0,0.0,0.2,0.2,plausible_physical_zero_not_rejected
rain_garmisch,frozen,2017-11-21 15:00:00+00:00,2017-11-25 12:00:00+00:00,94,0.0,0.0,0.1,1.0,plausible_physical_zero_not_rejected
rain_garmisch,frozen,2017-11-27 03:00:00+00:00,2017-11-29 06:00:00+00:00,52,0.0,0.0,0.3,0.2,plausible_physical_zero_not_rejected
rain_garmisch,frozen,2017-11-30 07:00:00+00:00,2017-12-02 19:00:00+00:00,61,0.0,0.0,0.1,0.1,plausible_physical_zero_not_rejected
rain_garmisch,frozen,2017-12-02 22:00:00+00:00,2017-12-04 01:00:00+00:00,28,0.0,0.0,0.1,0.1,plausible_physical_zero_not_rejected
rain_garmisch,frozen,2017-12-05 03:00:00+00:00,2017-12-08 10:00:00+00:00,80,0.0,0.0,0.3,0.3,plausible_physical_zero_not_rejected
rain_garmisch,frozen,2017-12-09 08:00:00+00:00,2017-12-10 15:00:00+00:00,32,0.0,0.0,0.1,0.2,plausible_physical_zero_not_rejected
rain_garmisch,frozen,2017-12-10 17:00:00+00:00,2017-12-11 21:00:00+00:00,29,0.0,0.0,0.2,0.1,plausible_physical_zero_not_rejected
rain_garmisch,frozen,2017-12-13 00:00:00+00:00,2017-12-14 06:00:00+00:00,31,0.0,0.0,0.1,0.1,plausible_physical_zero_not_rejected
rain_garmisch,frozen,2017-12-15 06:00:00+00:00,2017-12-16 15:00:00+00:00,34,0.0,0.0,0.2,1.1,plausible_physical_zero_not_rejected
rain_garmisch,frozen,2017-12-17 14:00:00+00:00,2017-12-19 08:00:00+00:00,43,0.0,0.0,0.1,0.1,plausible_physical_zero_not_rejected
rain_garmisch,frozen,2017-12-20 08:00:00+00:00,2017-12-21 07:00:00+00:00,24,0.0,0.0,0.1,0.1,plausible_physical_zero_not_rejected
rain_garmisch,frozen,2017-12-23 04:00:00+00:00,2017-12-27 19:00:00+00:00,112,0.0,0.0,0.1,1.0,plausible_physical_zero_not_rejected
rain_garmisch,frozen,2017-12-28 17:00:00+00:00,2017-12-29 21:00:00+00:00,29,0.0,0.0,0.1,0.7,plausible_physical_zero_not_rejected
rain_garmisch,frozen,2017-12-31 01:00:00+00:00,2018-01-01 05:00:00+00:00,29,0.0,0.0,0.6,1.1,plausible_physical_zero_not_rejected
rain_garmisch,frozen,2018-01-05 06:00:00+00:00,2018-01-09 06:00:00+00:00,97,0.0,0.0,0.1,0.6,plausible_physical_zero_not_rejected
rain_garmisch,frozen,2018-01-09 09:00:00+00:00,2018-01-11 08:00:00+00:00,48,0.0,0.0,0.3,0.1,plausible_physical_zero_not_rejected
rain_garmisch,frozen,2018-01-11 23:00:00+00:00,2018-01-16 10:00:00+00:00,108,0.0,0.0,0.3,0.1,plausible_physical_zero_not_rejected
rain_garmisch,frozen,2018-01-23 11:00:00+00:00,2018-02-01 09:00:00+00:00,215,0.0,0.0,0.1,0.3,plausible_physical_zero_not_rejected
rain_garmisch,frozen,2018-02-02 00:00:00+00:00,2018-02-03 13:00:00+00:00,38,0.0,0.0,0.1,0.1,plausible_physical_zero_not_rejected
rain_garmisch,frozen,2018-02-03 19:00:00+00:00,2018-02-07 15:00:00+00:00,93,0.0,0.0,0.1,0.1,plausible_physical_zero_not_rejected
rain_garmisch,frozen,2018-02-08 08:00:00+00:00,2018-02-10 19:00:00+00:00,60,0.0,0.0,0.1,0.1,plausible_physical_zero_not_rejected
rain_garmisch,frozen,2018-02-13 02:00:00+00:00,2018-02-15 12:00:00+00:00,59,0.0,0.0,0.9,1.2,plausible_physical_zero_not_rejected
rain_garmisch,frozen,2018-02-18 09:00:00+00:00,2018-02-20 08:00:00+00:00,48,0.0,0.0,0.1,0.1,plausible_physical_zero_not_rejected
rain_garmisch,frozen,2018-02-21 10:00:00+00:00,2018-02-27 01:00:00+00:00,136,0.0,0.0,0.1,0.1,plausible_physical_zero_not_rejected
rain_garmisch,frozen,2018-02-27 07:00:00+00:00,2018-03-03 21:00:00+00:00,111,0.0,0.0,0.1,0.1,plausible_physical_zero_not_rejected
rain_garmisch,frozen,2018-03-04 00:00:00+00:00,2018-03-07 09:00:00+00:00,82,0.0,0.0,0.3,0.2,plausible_physical_zero_not_rejected
rain_garmisch,frozen,2018-03-08 01:00:00+00:00,2018-03-10 13:00:00+00:00,61,0.0,0.0,0.1,0.1,plausible_physical_zero_not_rejected
rain_garmisch,frozen,2018-03-10 15:00:00+00:00,2018-03-12 16:00:00+00:00,50,0.0,0.0,0.1,0.1,plausible_physical_zero_not_rejected
rain_garmisch,frozen,2018-03-14 03:00:00+00:00,2018-03-16 00:00:00+00:00,46,0.0,0.0,0.2,0.2,plausible_physical_zero_not_rejected
rain_garmisch,frozen,2018-03-16 05:00:00+00:00,2018-03-17 14:00:00+00:00,34,0.0,0.0,0.7,0.1,plausible_physical_zero_not_rejected
rain_garmisch,frozen,2018-03-21 11:00:00+00:00,2018-03-22 20:00:00+00:00,34,0.0,0.0,0.2,0.2,plausible_physical_zero_not_rejected
rain_garmisch,frozen,2018-03-23 13:00:00+00:00,2018-03-26 08:00:00+00:00,68,0.0,0.0,0.1,0.4,plausible_physical_zero_not_rejected
rain_garmisch,frozen,2018-03-29 21:00:00+00:00,2018-03-31 02:00:00+00:00,30,0.0,0.0,0.5,0.1,plausible_physical_zero_not_rejected
rain_garmisch,frozen,2018-04-01 20:00:00+00:00,2018-04-04 19:00:00+00:00,72,0.0,0.0,0.1,0.7,plausible_physical_zero_not_rejected
rain_garmisch,frozen,2018-04-06 00:00:00+00:00,2018-04-15 20:00:00+00:00,237,0.0,0.0,0.9,0.2,plausible_physical_zero_not_rejected
rain_garmisch,frozen,2018-04-17 05:00:00+00:00,2018-04-23 14:00:00+00:00,154,0.0,0.0,0.2,0.1,plausible_physical_zero_not_rejected
rain_garmisch,frozen,2018-04-24 01:00:00+00:00,2018-04-25 19:00:00+00:00,43,0.0,0.0,0.4,0.1,plausible_physical_zero_not_rejected
rain_garmisch,frozen,2018-04-26 12:00:00+00:00,2018-04-30 05:00:00+00:00,90,0.0,0.0,0.2,1.1,plausible_physical_zero_not_rejected
rain_garmisch,frozen,2018-04-30 08:00:00+00:00,2018-05-03 21:00:00+00:00,86,0.0,0.0,0.6,0.4,plausible_physical_zero_not_rejected
rain_garmisch,frozen,2018-05-04 18:00:00+00:00,2018-05-09 10:00:00+00:00,113,0.0,0.0,0.1,3.5,plausible_physical_zero_not_rejected
rain_garmisch,frozen,2018-05-10 21:00:00+00:00,2018-05-12 16:00:00+00:00,44,0.0,0.0,0.1,1.8,plausible_physical_zero_not_rejected
rain_garmisch,frozen,2018-05-20 20:00:00+00:00,2018-05-23 14:00:00+00:00,67,0.0,0.0,0.1,0.3,plausible_physical_zero_not_rejected
rain_garmisch,frozen,2018-05-24 14:00:00+00:00,2018-05-30 00:00:00+00:00,131,0.0,0.0,0.2,0.1,plausible_physical_zero_not_rejected
rain_garmisch,frozen,2018-06-01 03:00:00+00:00,2018-06-02 14:00:00+00:00,36,0.0,0.0,0.1,1.1,plausible_physical_zero_not_rejected
rain_garmisch,frozen,2018-06-02 19:00:00+00:00,2018-06-04 13:00:00+00:00,43,0.0,0.0,0.1,1.3,plausible_physical_zero_not_rejected
rain_garmisch,frozen,2018-06-07 20:00:00+00:00,2018-06-09 17:00:00+00:00,46,0.0,0.0,0.1,0.2,plausible_physical_zero_not_rejected
rain_garmisch,frozen,2018-06-10 13:00:00+00:00,2018-06-11 12:00:00+00:00,24,0.0,0.0,2.2,2.6,plausible_physical_zero_not_rejected
rain_garmisch,frozen,2018-06-14 04:00:00+00:00,2018-06-17 18:00:00+00:00,87,0.0,0.0,0.1,3.7,plausible_physical_zero_not_rejected
rain_garmisch,frozen,2018-06-18 05:00:00+00:00,2018-06-21 13:00:00+00:00,81,0.0,0.0,0.1,0.1,plausible_physical_zero_not_rejected
rain_garmisch,frozen,2018-06-22 03:00:00+00:00,2018-06-24 19:00:00+00:00,65,0.0,0.0,0.6,0.8,plausible_physical_zero_not_rejected
rain_garmisch,frozen,2018-06-25 11:00:00+00:00,2018-06-27 12:00:00+00:00,50,0.0,0.0,0.4,0.6,plausible_physical_zero_not_rejected
rain_garmisch,frozen,2018-06-29 00:00:00+00:00,2018-07-03 05:00:00+00:00,102,0.0,0.0,0.1,0.7,plausible_physical_zero_not_rejected
rain_garmisch,frozen,2018-07-04 15:00:00+00:00,2018-07-05 14:00:00+00:00,24,0.0,0.0,1.4,4.7,plausible_physical_zero_not_rejected
rain_garmisch,frozen,2018-07-07 08:00:00+00:00,2018-07-10 20:00:00+00:00,85,0.0,0.0,0.2,0.1,plausible_physical_zero_not_rejected
rain_garmisch,frozen,2018-07-11 06:00:00+00:00,2018-07-14 05:00:00+00:00,72,0.0,0.0,1.1,0.1,plausible_physical_zero_not_rejected
rain_garmisch,frozen,2018-07-18 03:00:00+00:00,2018-07-20 16:00:00+00:00,62,0.0,0.0,0.6,3.6,plausible_physical_zero_not_rejected
rain_garmisch,frozen,2018-07-23 06:00:00+00:00,2018-07-25 19:00:00+00:00,62,0.0,0.0,0.4,1.5,plausible_physical_zero_not_rejected
rain_garmisch,frozen,2018-07-25 21:00:00+00:00,2018-07-28 22:00:00+00:00,74,0.0,0.0,1.5,0.1,plausible_physical_zero_not_rejected
rain_garmisch,frozen,2018-07-29 03:00:00+00:00,2018-08-02 19:00:00+00:00,113,0.0,0.0,0.7,5.9,plausible_physical_zero_not_rejected
rain_garmisch,frozen,2018-08-02 22:00:00+00:00,2018-08-05 10:00:00+00:00,61,0.0,0.0,4.1,2.5,plausible_physical_zero_not_rejected
rain_garmisch,frozen,2018-08-05 13:00:00+00:00,2018-08-08 15:00:00+00:00,75,0.0,0.0,0.7,0.1,plausible_physical_zero_not_rejected
rain_garmisch,frozen,2018-08-10 17:00:00+00:00,2018-08-12 21:00:00+00:00,53,0.0,0.0,0.1,0.5,plausible_physical_zero_not_rejected
rain_garmisch,frozen,2018-08-15 01:00:00+00:00,2018-08-23 12:00:00+00:00,204,0.0,0.0,1.0,0.4,plausible_physical_zero_not_rejected
rain_garmisch,frozen,2018-08-26 06:00:00+00:00,2018-08-27 21:00:00+00:00,40,0.0,0.0,0.3,0.1,plausible_physical_zero_not_rejected
rain_garmisch,frozen,2018-08-27 23:00:00+00:00,2018-08-29 17:00:00+00:00,43,0.0,0.0,0.1,12.9,plausible_physical_zero_not_rejected
rain_garmisch,frozen,2018-09-02 00:00:00+00:00,2018-09-06 15:00:00+00:00,112,0.0,0.0,0.2,0.1,plausible_physical_zero_not_rejected
rain_garmisch,frozen,2018-09-07 12:00:00+00:00,2018-09-13 17:00:00+00:00,150,0.0,0.0,1.2,2.1,plausible_physical_zero_not_rejected
rain_garmisch,frozen,2018-09-15 10:00:00+00:00,2018-09-16 22:00:00+00:00,37,0.0,0.0,0.2,0.3,plausible_physical_zero_not_rejected
rain_garmisch,frozen,2018-09-17 04:00:00+00:00,2018-09-18 14:00:00+00:00,35,0.0,0.0,0.8,0.4,plausible_physical_zero_not_rejected
rain_garmisch,frozen,2018-09-18 20:00:00+00:00,2018-09-21 19:00:00+00:00,72,0.0,0.0,0.1,0.3,plausible_physical_zero_not_rejected
rain_garmisch,frozen,2018-09-24 12:00:00+00:00,2018-09-28 20:00:00+00:00,105,0.0,0.0,0.1,0.2,plausible_physical_zero_not_rejected
rain_garmisch,frozen,2018-09-28 22:00:00+00:00,2018-10-01 00:00:00+00:00,51,0.0,0.0,0.2,0.4,plausible_physical_zero_not_rejected
rain_garmisch,frozen,2018-10-02 03:00:00+00:00,2018-10-07 05:00:00+00:00,123,0.0,0.0,0.2,0.1,plausible_physical_zero_not_rejected
rain_garmisch,frozen,2018-10-07 07:00:00+00:00,2018-10-24 05:00:00+00:00,407,0.0,0.0,0.1,0.2,plausible_physical_zero_not_rejected
rain_garmisch,frozen,2018-10-24 19:00:00+00:00,2018-10-27 02:00:00+00:00,56,0.0,0.0,0.1,0.4,plausible_physical_zero_not_rejected
rain_garmisch,frozen,2018-10-28 08:00:00+00:00,2018-10-29 13:00:00+00:00,30,0.0,0.0,0.1,0.2,plausible_physical_zero_not_rejected
rain_garmisch,frozen,2018-10-30 03:00:00+00:00,2018-11-02 15:00:00+00:00,85,0.0,0.0,1.0,0.1,plausible_physical_zero_not_rejected
rain_garmisch,frozen,2018-11-03 00:00:00+00:00,2018-11-13 16:00:00+00:00,257,0.0,0.0,0.4,0.1,plausible_physical_zero_not_rejected
rain_garmisch,frozen,2018-11-13 20:00:00+00:00,2018-11-18 22:00:00+00:00,123,0.0,0.0,0.1,0.1,plausible_physical_zero_not_rejected
rain_garmisch,frozen,2018-11-19 09:00:00+00:00,2018-11-24 07:00:00+00:00,119,0.0,0.0,0.1,0.1,plausible_physical_zero_not_rejected
rain_garmisch,frozen,2018-11-24 20:00:00+00:00,2018-11-26 17:00:00+00:00,46,0.0,0.0,0.2,0.1,plausible_physical_zero_not_rejected
rain_garmisch,frozen,2018-11-27 22:00:00+00:00,2018-11-30 18:00:00+00:00,69,0.0,0.0,0.1,0.2,plausible_physical_zero_not_rejected
rain_garmisch,frozen,2018-12-01 08:00:00+00:00,2018-12-02 08:00:00+00:00,25,0.0,0.0,0.1,0.2,plausible_physical_zero_not_rejected
rain_garmisch,frozen,2018-12-06 11:00:00+00:00,2018-12-07 21:00:00+00:00,35,0.0,0.0,0.1,0.9,plausible_physical_zero_not_rejected
rain_garmisch,frozen,2018-12-11 09:00:00+00:00,2018-12-16 06:00:00+00:00,118,0.0,0.0,0.1,0.6,plausible_physical_zero_not_rejected
rain_garmisch,frozen,2018-12-16 12:00:00+00:00,2018-12-21 14:00:00+00:00,123,0.0,0.0,0.1,0.6,plausible_physical_zero_not_rejected
rain_garmisch,frozen,2018-12-24 20:00:00+00:00,2018-12-30 01:00:00+00:00,126,0.0,0.0,0.1,1.1,plausible_physical_zero_not_rejected
rain_garmisch,frozen,2018-12-31 18:00:00+00:00,2019-01-01 23:00:00+00:00,30,0.0,0.0,0.2,0.1,plausible_physical_zero_not_rejected
rain_garmisch,frozen,2019-01-03 07:00:00+00:00,2019-01-04 10:00:00+00:00,28,0.0,0.0,0.2,0.2,plausible_physical_zero_not_rejected
rain_garmisch,frozen,2019-01-15 07:00:00+00:00,2019-01-17 16:00:00+00:00,58,0.0,0.0,0.1,0.7,plausible_physical_zero_not_rejected
rain_garmisch,frozen,2019-01-18 06:00:00+00:00,2019-01-24 19:00:00+00:00,158,0.0,0.0,0.4,0.1,plausible_physical_zero_not_rejected
rain_garmisch,frozen,2019-01-25 02:00:00+00:00,2019-01-26 05:00:00+00:00,28,0.0,0.0,0.2,0.8,plausible_physical_zero_not_rejected
rain_garmisch,frozen,2019-01-26 12:00:00+00:00,2019-01-27 18:00:00+00:00,31,0.0,0.0,0.5,0.3,plausible_physical_zero_not_rejected
rain_garmisch,frozen,2019-01-29 07:00:00+00:00,2019-02-02 04:00:00+00:00,94,0.0,0.0,0.2,0.9,plausible_physical_zero_not_rejected
rain_garmisch,frozen,2019-02-04 03:00:00+00:00,2019-02-07 18:00:00+00:00,88,0.0,0.0,0.2,0.2,plausible_physical_zero_not_rejected
rain_garmisch,frozen,2019-02-08 01:00:00+00:00,2019-02-10 18:00:00+00:00,66,0.0,0.0,0.2,1.1,plausible_physical_zero_not_rejected
rain_garmisch,frozen,2019-02-12 13:00:00+00:00,2019-02-22 02:00:00+00:00,230,0.0,0.0,0.1,0.1,plausible_physical_zero_not_rejected
rain_garmisch,frozen,2019-02-22 21:00:00+00:00,2019-03-01 01:00:00+00:00,149,0.0,0.0,0.7,0.1,plausible_physical_zero_not_rejected
rain_garmisch,frozen,2019-03-01 22:00:00+00:00,2019-03-04 13:00:00+00:00,64,0.0,0.0,0.2,0.4,plausible_physical_zero_not_rejected
rain_garmisch,frozen,2019-03-04 17:00:00+00:00,2019-03-07 10:00:00+00:00,66,0.0,0.0,1.5,0.2,plausible_physical_zero_not_rejected
rain_garmisch,frozen,2019-03-15 21:00:00+00:00,2019-03-17 18:00:00+00:00,46,0.0,0.0,0.3,0.1,plausible_physical_zero_not_rejected
rain_garmisch,frozen,2019-03-19 05:00:00+00:00,2019-03-25 13:00:00+00:00,153,0.0,0.0,0.1,0.2,plausible_physical_zero_not_rejected
rain_garmisch,frozen,2019-03-26 10:00:00+00:00,2019-04-04 17:00:00+00:00,224,0.0,0.0,0.1,0.1,plausible_physical_zero_not_rejected
rain_garmisch,frozen,2019-04-05 03:00:00+00:00,2019-04-07 16:00:00+00:00,62,0.0,0.0,0.6,0.5,plausible_physical_zero_not_rejected
rain_garmisch,frozen,2019-04-11 07:00:00+00:00,2019-04-13 16:00:00+00:00,58,0.0,0.0,0.1,0.1,plausible_physical_zero_not_rejected
rain_garmisch,frozen,2019-04-14 21:00:00+00:00,2019-04-26 10:00:00+00:00,278,0.0,0.0,0.1,0.6,plausible_physical_zero_not_rejected
rain_garmisch,frozen,2019-04-30 14:00:00+00:00,2019-05-02 18:00:00+00:00,53,0.0,0.0,0.1,0.5,plausible_physical_zero_not_rejected
rain_garmisch,frozen,2019-05-06 11:00:00+00:00,2019-05-08 23:00:00+00:00,61,0.0,0.0,0.1,1.7,plausible_physical_zero_not_rejected
rain_garmisch,frozen,2019-05-10 10:00:00+00:00,2019-05-11 11:00:00+00:00,26,0.0,0.0,0.6,1.2,plausible_physical_zero_not_rejected
rain_garmisch,frozen,2019-05-13 06:00:00+00:00,2019-05-14 15:00:00+00:00,34,0.0,0.0,0.1,0.7,plausible_physical_zero_not_rejected
rain_garmisch,frozen,2019-05-15 10:00:00+00:00,2019-05-19 12:00:00+00:00,99,0.0,0.0,0.1,6.3,plausible_physical_zero_not_rejected
rain_garmisch,frozen,2019-05-22 16:00:00+00:00,2019-05-25 16:00:00+00:00,73,0.0,0.0,1.1,0.4,plausible_physical_zero_not_rejected
rain_garmisch,frozen,2019-05-26 04:00:00+00:00,2019-05-27 04:00:00+00:00,25,0.0,0.0,0.1,0.5,plausible_physical_zero_not_rejected
rain_garmisch,frozen,2019-05-30 02:00:00+00:00,2019-06-03 16:00:00+00:00,111,0.0,0.0,0.1,0.4,plausible_physical_zero_not_rejected
rain_garmisch,frozen,2019-06-03 23:00:00+00:00,2019-06-06 16:00:00+00:00,66,0.0,0.0,0.1,2.0,plausible_physical_zero_not_rejected
rain_garmisch,frozen,2019-06-06 21:00:00+00:00,2019-06-09 19:00:00+00:00,71,0.0,0.0,0.5,0.3,plausible_physical_zero_not_rejected
rain_garmisch,frozen,2019-06-12 18:00:00+00:00,2019-06-15 16:00:00+00:00,71,0.0,0.0,0.1,0.1,plausible_physical_zero_not_rejected
rain_garmisch,frozen,2019-06-16 02:00:00+00:00,2019-06-18 21:00:00+00:00,68,0.0,0.0,1.7,4.7,plausible_physical_zero_not_rejected
rain_garmisch,frozen,2019-06-23 11:00:00+00:00,2019-07-01 09:00:00+00:00,191,0.0,0.0,0.4,10.4,plausible_physical_zero_not_rejected
rain_garmisch,frozen,2019-07-02 16:00:00+00:00,2019-07-06 16:00:00+00:00,97,0.0,0.0,1.7,6.9,plausible_physical_zero_not_rejected
rain_garmisch,frozen,2019-07-08 19:00:00+00:00,2019-07-11 11:00:00+00:00,65,0.0,0.0,0.2,0.2,plausible_physical_zero_not_rejected
rain_garmisch,frozen,2019-07-15 17:00:00+00:00,2019-07-20 14:00:00+00:00,118,0.0,0.0,0.2,0.4,plausible_physical_zero_not_rejected
rain_garmisch,frozen,2019-07-21 12:00:00+00:00,2019-07-27 12:00:00+00:00,145,0.0,0.0,0.1,1.6,plausible_physical_zero_not_rejected
rain_garmisch,frozen,2019-07-29 04:00:00+00:00,2019-07-31 06:00:00+00:00,51,0.0,0.0,0.1,0.9,plausible_physical_zero_not_rejected
rain_garmisch,frozen,2019-07-31 13:00:00+00:00,2019-08-01 23:00:00+00:00,35,0.0,0.0,3.2,0.3,plausible_physical_zero_not_rejected
rain_garmisch,frozen,2019-08-03 17:00:00+00:00,2019-08-05 21:00:00+00:00,53,0.0,0.0,0.2,2.4,plausible_physical_zero_not_rejected
rain_garmisch,frozen,2019-08-08 01:00:00+00:00,2019-08-10 11:00:00+00:00,59,0.0,0.0,0.2,0.1,plausible_physical_zero_not_rejected
rain_garmisch,frozen,2019-08-14 04:00:00+00:00,2019-08-15 13:00:00+00:00,34,0.0,0.0,0.4,0.6,plausible_physical_zero_not_rejected
rain_garmisch,frozen,2019-08-16 06:00:00+00:00,2019-08-19 00:00:00+00:00,67,0.0,0.0,0.2,0.2,plausible_physical_zero_not_rejected
rain_garmisch,frozen,2019-08-21 06:00:00+00:00,2019-08-24 15:00:00+00:00,82,0.0,0.0,0.1,4.8,plausible_physical_zero_not_rejected
rain_garmisch,frozen,2019-08-26 16:00:00+00:00,2019-08-28 22:00:00+00:00,55,0.0,0.0,0.1,7.7,plausible_physical_zero_not_rejected
rain_garmisch,frozen,2019-08-29 02:00:00+00:00,2019-08-31 19:00:00+00:00,66,0.0,0.0,0.1,0.9,plausible_physical_zero_not_rejected
rain_garmisch,frozen,2019-09-02 22:00:00+00:00,2019-09-05 08:00:00+00:00,59,0.0,0.0,0.2,0.6,plausible_physical_zero_not_rejected
rain_garmisch,frozen,2019-09-09 10:00:00+00:00,2019-09-23 04:00:00+00:00,331,0.0,0.0,0.3,0.3,plausible_physical_zero_not_rejected
rain_garmisch,frozen,2019-09-23 19:00:00+00:00,2019-09-24 20:00:00+00:00,26,0.0,0.0,0.1,0.2,plausible_physical_zero_not_rejected
rain_garmisch,frozen,2019-09-26 16:00:00+00:00,2019-09-27 21:00:00+00:00,30,0.0,0.0,0.1,0.7,plausible_physical_zero_not_rejected
rain_garmisch,frozen,2019-09-28 10:00:00+00:00,2019-10-01 23:00:00+00:00,86,0.0,0.0,0.6,2.3,plausible_physical_zero_not_rejected
rain_garmisch,frozen,2019-10-03 08:00:00+00:00,2019-10-04 12:00:00+00:00,29,0.0,0.0,0.1,0.2,plausible_physical_zero_not_rejected
rain_garmisch,frozen,2019-10-10 16:00:00+00:00,2019-10-15 20:00:00+00:00,125,0.0,0.0,0.1,3.9,plausible_physical_zero_not_rejected
rain_garmisch,frozen,2019-10-16 03:00:00+00:00,2019-10-21 08:00:00+00:00,126,0.0,0.0,0.2,0.1,plausible_physical_zero_not_rejected
rain_garmisch,frozen,2019-10-21 10:00:00+00:00,2019-10-27 23:00:00+00:00,158,0.0,0.0,0.1,0.2,plausible_physical_zero_not_rejected
rain_garmisch,frozen,2019-10-31 10:00:00+00:00,2019-11-01 18:00:00+00:00,33,0.0,0.0,0.1,0.3,plausible_physical_zero_not_rejected
rain_garmisch,frozen,2019-11-02 07:00:00+00:00,2019-11-03 09:00:00+00:00,27,0.0,0.0,0.1,0.1,plausible_physical_zero_not_rejected
rain_garmisch,frozen,2019-11-03 23:00:00+00:00,2019-11-04 23:00:00+00:00,25,0.0,0.0,0.6,0.2,plausible_physical_zero_not_rejected
rain_garmisch,frozen,2019-11-05 20:00:00+00:00,2019-11-09 05:00:00+00:00,82,0.0,0.0,0.1,0.1,plausible_physical_zero_not_rejected
rain_garmisch,frozen,2019-11-09 14:00:00+00:00,2019-11-12 00:00:00+00:00,59,0.0,0.0,0.2,0.6,plausible_physical_zero_not_rejected
rain_garmisch,frozen,2019-11-13 13:00:00+00:00,2019-11-15 15:00:00+00:00,51,0.0,0.0,0.4,0.4,plausible_physical_zero_not_rejected
rain_garmisch,frozen,2019-11-15 23:00:00+00:00,2019-11-17 00:00:00+00:00,26,0.0,0.0,0.5,0.7,plausible_physical_zero_not_rejected
rain_garmisch,frozen,2019-11-17 18:00:00+00:00,2019-11-27 11:00:00+00:00,234,0.0,0.0,0.1,0.5,plausible_physical_zero_not_rejected
rain_garmisch,frozen,2019-11-27 13:00:00+00:00,2019-11-28 13:00:00+00:00,25,0.0,0.0,0.5,1.9,plausible_physical_zero_not_rejected
rain_garmisch,frozen,2019-11-30 06:00:00+00:00,2019-12-02 00:00:00+00:00,43,0.0,0.0,0.1,0.3,plausible_physical_zero_not_rejected
rain_garmisch,frozen,2019-12-02 13:00:00+00:00,2019-12-09 04:00:00+00:00,160,0.0,0.0,0.1,0.5,plausible_physical_zero_not_rejected
rain_garmisch,frozen,2019-12-10 12:00:00+00:00,2019-12-12 01:00:00+00:00,38,0.0,0.0,0.2,0.1,plausible_physical_zero_not_rejected
rain_garmisch,frozen,2019-12-14 14:00:00+00:00,2019-12-20 22:00:00+00:00,153,0.0,0.0,0.1,2.7,plausible_physical_zero_not_rejected
rain_garmisch,frozen,2019-12-25 22:00:00+00:00,2019-12-27 01:00:00+00:00,28,0.0,0.0,0.2,0.8,plausible_physical_zero_not_rejected
rain_garmisch,frozen,2019-12-28 03:00:00+00:00,2020-01-04 04:00:00+00:00,170,0.0,0.0,0.1,0.9,plausible_physical_zero_not_rejected
rain_garmisch,frozen,2020-01-04 18:00:00+00:00,2020-01-07 08:00:00+00:00,63,0.0,0.0,0.1,0.1,plausible_physical_zero_not_rejected
rain_garmisch,frozen,2020-01-07 10:00:00+00:00,2020-01-11 08:00:00+00:00,95,0.0,0.0,0.1,0.1,plausible_physical_zero_not_rejected
rain_garmisch,frozen,2020-01-11 10:00:00+00:00,2020-01-18 02:00:00+00:00,161,0.0,0.0,0.1,1.9,plausible_physical_zero_not_rejected
rain_garmisch,frozen,2020-01-19 20:00:00+00:00,2020-01-28 04:00:00+00:00,201,0.0,0.0,0.1,0.3,plausible_physical_zero_not_rejected
rain_garmisch,frozen,2020-01-31 12:00:00+00:00,2020-02-01 18:00:00+00:00,31,0.0,0.0,0.1,0.1,plausible_physical_zero_not_rejected
rain_garmisch,frozen,2020-02-05 18:00:00+00:00,2020-02-10 10:00:00+00:00,113,0.0,0.0,0.1,0.1,plausible_physical_zero_not_rejected
rain_garmisch,frozen,2020-02-12 18:00:00+00:00,2020-02-13 19:00:00+00:00,26,0.0,0.0,0.1,0.7,plausible_physical_zero_not_rejected
rain_garmisch,frozen,2020-02-14 07:00:00+00:00,2020-02-17 19:00:00+00:00,85,0.0,0.0,0.2,0.1,plausible_physical_zero_not_rejected
rain_garmisch,frozen,2020-02-18 04:00:00+00:00,2020-02-19 11:00:00+00:00,32,0.0,0.0,0.1,0.5,plausible_physical_zero_not_rejected
rain_garmisch,frozen,2020-02-19 21:00:00+00:00,2020-02-21 02:00:00+00:00,30,0.0,0.0,0.7,0.3,plausible_physical_zero_not_rejected
rain_garmisch,frozen,2020-02-21 06:00:00+00:00,2020-02-23 05:00:00+00:00,48,0.0,0.0,0.1,0.4,plausible_physical_zero_not_rejected
rain_garmisch,frozen,2020-02-24 13:00:00+00:00,2020-02-25 22:00:00+00:00,34,0.0,0.0,0.3,0.5,plausible_physical_zero_not_rejected
rain_garmisch,frozen,2020-02-28 10:00:00+00:00,2020-03-01 03:00:00+00:00,42,0.0,0.0,0.1,0.1,plausible_physical_zero_not_rejected
rain_garmisch,frozen,2020-03-04 06:00:00+00:00,2020-03-05 13:00:00+00:00,32,0.0,0.0,0.6,0.2,plausible_physical_zero_not_rejected
rain_garmisch,frozen,2020-03-05 16:00:00+00:00,2020-03-06 20:00:00+00:00,29,0.0,0.0,0.1,0.1,plausible_physical_zero_not_rejected
rain_garmisch,frozen,2020-03-07 21:00:00+00:00,2020-03-09 09:00:00+00:00,37,0.0,0.0,0.2,0.4,plausible_physical_zero_not_rejected
rain_garmisch,frozen,2020-03-11 03:00:00+00:00,2020-03-12 23:00:00+00:00,45,0.0,0.0,0.1,0.1,plausible_physical_zero_not_rejected
rain_garmisch,frozen,2020-03-13 05:00:00+00:00,2020-03-14 14:00:00+00:00,34,0.0,0.0,0.1,0.2,plausible_physical_zero_not_rejected
rain_garmisch,frozen,2020-03-14 18:00:00+00:00,2020-03-20 16:00:00+00:00,143,0.0,0.0,1.0,0.1,plausible_physical_zero_not_rejected
rain_garmisch,frozen,2020-03-21 20:00:00+00:00,2020-03-29 07:00:00+00:00,180,0.0,0.0,0.1,0.1,plausible_physical_zero_not_rejected
rain_garmisch,frozen,2020-03-30 18:00:00+00:00,2020-04-13 03:00:00+00:00,322,0.0,0.0,0.1,0.1,plausible_physical_zero_not_rejected
rain_garmisch,frozen,2020-04-14 02:00:00+00:00,2020-04-18 18:00:00+00:00,113,0.0,0.0,0.2,0.2,plausible_physical_zero_not_rejected
rain_garmisch,frozen,2020-04-20 07:00:00+00:00,2020-04-25 06:00:00+00:00,120,0.0,0.0,0.1,0.2,plausible_physical_zero_not_rejected
rain_garmisch,frozen,2020-04-27 09:00:00+00:00,2020-04-28 12:00:00+00:00,28,0.0,0.0,0.1,1.0,plausible_physical_zero_not_rejected
rain_garmisch,frozen,2020-04-29 11:00:00+00:00,2020-04-30 15:00:00+00:00,29,0.0,0.0,0.4,0.3,plausible_physical_zero_not_rejected
rain_garmisch,frozen,2020-05-02 20:00:00+00:00,2020-05-03 23:00:00+00:00,28,0.0,0.0,0.8,0.2,plausible_physical_zero_not_rejected
rain_garmisch,frozen,2020-05-05 23:00:00+00:00,2020-05-09 14:00:00+00:00,88,0.0,0.0,0.2,5.3,plausible_physical_zero_not_rejected
rain_garmisch,frozen,2020-05-10 08:00:00+00:00,2020-05-11 08:00:00+00:00,25,0.0,0.0,1.3,0.1,plausible_physical_zero_not_rejected
rain_garmisch,frozen,2020-05-12 04:00:00+00:00,2020-05-13 03:00:00+00:00,24,0.0,0.0,0.1,0.2,plausible_physical_zero_not_rejected
rain_garmisch,frozen,2020-05-15 16:00:00+00:00,2020-05-23 14:00:00+00:00,191,0.0,0.0,0.1,4.8,plausible_physical_zero_not_rejected
rain_garmisch,frozen,2020-05-24 01:00:00+00:00,2020-05-25 14:00:00+00:00,38,0.0,0.0,0.2,0.1,plausible_physical_zero_not_rejected
rain_garmisch,frozen,2020-05-26 03:00:00+00:00,2020-05-28 11:00:00+00:00,57,0.0,0.0,0.3,0.4,plausible_physical_zero_not_rejected
rain_garmisch,frozen,2020-05-28 19:00:00+00:00,2020-06-03 20:00:00+00:00,146,0.0,0.0,1.8,3.9,plausible_physical_zero_not_rejected
rain_garmisch,frozen,2020-06-05 07:00:00+00:00,2020-06-06 14:00:00+00:00,32,0.0,0.0,0.1,0.1,plausible_physical_zero_not_rejected
rain_garmisch,frozen,2020-06-11 05:00:00+00:00,2020-06-13 20:00:00+00:00,64,0.0,0.0,1.8,22.6,plausible_physical_zero_not_rejected
rain_garmisch,frozen,2020-06-21 04:00:00+00:00,2020-06-22 13:00:00+00:00,34,0.0,0.0,0.1,1.6,plausible_physical_zero_not_rejected
rain_garmisch,frozen,2020-06-22 16:00:00+00:00,2020-06-26 07:00:00+00:00,88,0.0,0.0,0.1,6.2,plausible_physical_zero_not_rejected
rain_garmisch,frozen,2020-06-29 10:00:00+00:00,2020-07-01 12:00:00+00:00,51,0.0,0.0,0.2,1.2,plausible_physical_zero_not_rejected
rain_garmisch,frozen,2020-07-03 10:00:00+00:00,2020-07-06 15:00:00+00:00,78,0.0,0.0,0.1,0.8,plausible_physical_zero_not_rejected
rain_garmisch,frozen,2020-07-06 22:00:00+00:00,2020-07-10 14:00:00+00:00,89,0.0,0.0,0.3,0.1,plausible_physical_zero_not_rejected
rain_garmisch,frozen,2020-07-11 18:00:00+00:00,2020-07-15 08:00:00+00:00,87,0.0,0.0,0.1,0.1,plausible_physical_zero_not_rejected
rain_garmisch,frozen,2020-07-17 17:00:00+00:00,2020-07-21 16:00:00+00:00,96,0.0,0.0,0.1,0.1,plausible_physical_zero_not_rejected
rain_garmisch,frozen,2020-07-27 00:00:00+00:00,2020-07-28 14:00:00+00:00,39,0.0,0.0,2.4,0.1,plausible_physical_zero_not_rejected
rain_garmisch,frozen,2020-07-29 04:00:00+00:00,2020-08-01 13:00:00+00:00,82,0.0,0.0,0.2,0.9,plausible_physical_zero_not_rejected
rain_garmisch,frozen,2020-08-04 16:00:00+00:00,2020-08-11 13:00:00+00:00,166,0.0,0.0,0.1,0.6,plausible_physical_zero_not_rejected
rain_garmisch,frozen,2020-08-12 13:00:00+00:00,2020-08-13 13:00:00+00:00,25,0.0,0.0,0.6,10.2,plausible_physical_zero_not_rejected
rain_garmisch,frozen,2020-08-15 14:00:00+00:00,2020-08-16 13:00:00+00:00,24,0.0,0.0,0.6,0.3,plausible_physical_zero_not_rejected
rain_garmisch,frozen,2020-08-19 06:00:00+00:00,2020-08-22 11:00:00+00:00,78,0.0,0.0,0.1,2.6,plausible_physical_zero_not_rejected
rain_garmisch,frozen,2020-08-22 17:00:00+00:00,2020-08-28 17:00:00+00:00,145,0.0,0.0,0.2,1.3,plausible_physical_zero_not_rejected
rain_garmisch,frozen,2020-08-30 20:00:00+00:00,2020-08-31 19:00:00+00:00,24,0.0,0.0,0.1,1.7,plausible_physical_zero_not_rejected
rain_garmisch,frozen,2020-09-02 17:00:00+00:00,2020-09-05 18:00:00+00:00,74,0.0,0.0,0.1,0.9,plausible_physical_zero_not_rejected
rain_garmisch,frozen,2020-09-07 11:00:00+00:00,2020-09-17 06:00:00+00:00,236,0.0,0.0,0.4,0.1,plausible_physical_zero_not_rejected
rain_garmisch,frozen,2020-09-17 08:00:00+00:00,2020-09-20 16:00:00+00:00,81,0.0,0.0,0.1,0.1,plausible_physical_zero_not_rejected
rain_garmisch,frozen,2020-09-23 08:00:00+00:00,2020-09-24 21:00:00+00:00,38,0.0,0.0,0.3,0.8,plausible_physical_zero_not_rejected
rain_garmisch,frozen,2020-09-26 13:00:00+00:00,2020-09-28 06:00:00+00:00,42,0.0,0.0,0.2,0.7,plausible_physical_zero_not_rejected
rain_garmisch,frozen,2020-09-29 10:00:00+00:00,2020-10-03 10:00:00+00:00,97,0.0,0.0,0.3,0.4,plausible_physical_zero_not_rejected
rain_garmisch,frozen,2020-10-03 16:00:00+00:00,2020-10-05 04:00:00+00:00,37,0.0,0.0,0.9,2.8,plausible_physical_zero_not_rejected
rain_garmisch,frozen,2020-10-08 03:00:00+00:00,2020-10-10 09:00:00+00:00,55,0.0,0.0,0.1,0.1,plausible_physical_zero_not_rejected
rain_garmisch,frozen,2020-10-13 09:00:00+00:00,2020-10-15 14:00:00+00:00,54,0.0,0.0,0.1,0.2,plausible_physical_zero_not_rejected
rain_garmisch,frozen,2020-10-18 00:00:00+00:00,2020-10-23 00:00:00+00:00,121,0.0,0.0,0.1,0.1,plausible_physical_zero_not_rejected
rain_garmisch,frozen,2020-10-24 15:00:00+00:00,2020-10-26 11:00:00+00:00,45,0.0,0.0,0.4,1.8,plausible_physical_zero_not_rejected
rain_garmisch,frozen,2020-10-27 09:00:00+00:00,2020-10-29 00:00:00+00:00,40,0.0,0.0,0.3,0.1,plausible_physical_zero_not_rejected
rain_garmisch,frozen,2020-10-30 04:00:00+00:00,2020-11-03 05:00:00+00:00,98,0.0,0.0,0.1,0.8,plausible_physical_zero_not_rejected
rain_garmisch,frozen,2020-11-05 10:00:00+00:00,2020-11-16 03:00:00+00:00,258,0.0,0.0,0.1,0.3,plausible_physical_zero_not_rejected
rain_garmisch,frozen,2020-11-16 09:00:00+00:00,2020-11-19 14:00:00+00:00,78,0.0,0.0,0.1,1.4,plausible_physical_zero_not_rejected
rain_garmisch,frozen,2020-11-20 17:00:00+00:00,2020-12-01 09:00:00+00:00,257,0.0,0.0,0.1,0.1,plausible_physical_zero_not_rejected
rain_garmisch,frozen,2020-12-02 10:00:00+00:00,2020-12-05 07:00:00+00:00,70,0.0,0.0,0.2,0.3,plausible_physical_zero_not_rejected
rain_garmisch,frozen,2020-12-07 11:00:00+00:00,2020-12-09 06:00:00+00:00,44,0.0,0.0,0.1,0.2,plausible_physical_zero_not_rejected
rain_garmisch,frozen,2020-12-09 20:00:00+00:00,2020-12-12 22:00:00+00:00,75,0.0,0.0,0.1,0.1,plausible_physical_zero_not_rejected
rain_garmisch,frozen,2020-12-13 09:00:00+00:00,2020-12-21 20:00:00+00:00,204,0.0,0.0,0.2,0.1,plausible_physical_zero_not_rejected
rain_garmisch,frozen,2020-12-22 04:00:00+00:00,2020-12-24 04:00:00+00:00,49,0.0,0.0,0.1,0.4,plausible_physical_zero_not_rejected
rain_garmisch,frozen,2020-12-26 08:00:00+00:00,2020-12-28 15:00:00+00:00,56,0.0,0.0,0.1,0.3,plausible_physical_zero_not_rejected
rain_garmisch,frozen,2020-12-28 20:00:00+00:00,2020-12-30 17:00:00+00:00,46,0.0,0.0,0.1,1.6,plausible_physical_zero_not_rejected
rain_garmisch,frozen,2020-12-30 19:00:00+00:00,2021-01-06 00:00:00+00:00,150,0.0,0.0,1.6,0.4,plausible_physical_zero_not_rejected
rain_garmisch,frozen,2021-01-06 19:00:00+00:00,2021-01-12 16:00:00+00:00,142,0.0,0.0,0.3,0.3,plausible_physical_zero_not_rejected
rain_garmisch,frozen,2021-01-15 08:00:00+00:00,2021-01-17 02:00:00+00:00,43,0.0,0.0,0.2,0.2,plausible_physical_zero_not_rejected
rain_garmisch,frozen,2021-01-18 11:00:00+00:00,2021-01-23 02:00:00+00:00,112,0.0,0.0,0.1,0.5,plausible_physical_zero_not_rejected
rain_garmisch,frozen,2021-01-24 07:00:00+00:00,2021-01-25 22:00:00+00:00,40,0.0,0.0,0.1,0.1,plausible_physical_zero_not_rejected
rain_garmisch,frozen,2021-01-26 13:00:00+00:00,2021-01-27 13:00:00+00:00,25,0.0,0.0,0.2,1.0,plausible_physical_zero_not_rejected
rain_garmisch,frozen,2021-02-03 22:00:00+00:00,2021-02-07 16:00:00+00:00,91,0.0,0.0,0.4,1.4,plausible_physical_zero_not_rejected
rain_garmisch,frozen,2021-02-08 01:00:00+00:00,2021-02-10 08:00:00+00:00,56,0.0,0.0,0.2,0.1,plausible_physical_zero_not_rejected
rain_garmisch,frozen,2021-02-11 06:00:00+00:00,2021-02-15 20:00:00+00:00,111,0.0,0.0,0.1,0.1,plausible_physical_zero_not_rejected
rain_garmisch,frozen,2021-02-17 06:00:00+00:00,2021-02-26 23:00:00+00:00,234,0.0,0.0,0.2,0.1,plausible_physical_zero_not_rejected
rain_garmisch,frozen,2021-02-27 07:00:00+00:00,2021-03-04 23:00:00+00:00,137,0.0,0.0,0.3,0.2,plausible_physical_zero_not_rejected
rain_garmisch,frozen,2021-03-06 00:00:00+00:00,2021-03-07 15:00:00+00:00,40,0.0,0.0,0.1,0.5,plausible_physical_zero_not_rejected
rain_garmisch,frozen,2021-03-08 05:00:00+00:00,2021-03-11 20:00:00+00:00,88,0.0,0.0,0.2,1.7,plausible_physical_zero_not_rejected
rain_garmisch,frozen,2021-03-12 04:00:00+00:00,2021-03-13 21:00:00+00:00,42,0.0,0.0,1.3,0.2,plausible_physical_zero_not_rejected
rain_garmisch,frozen,2021-03-18 16:00:00+00:00,2021-03-19 17:00:00+00:00,26,0.0,0.0,0.1,0.1,plausible_physical_zero_not_rejected
rain_garmisch,frozen,2021-03-20 14:00:00+00:00,2021-03-21 13:00:00+00:00,24,0.0,0.0,0.4,0.1,plausible_physical_zero_not_rejected
rain_garmisch,frozen,2021-03-22 20:00:00+00:00,2021-03-27 08:00:00+00:00,109,0.0,0.0,0.1,0.2,plausible_physical_zero_not_rejected
rain_garmisch,frozen,2021-03-27 12:00:00+00:00,2021-04-01 19:00:00+00:00,128,0.0,0.0,0.1,1.0,plausible_physical_zero_not_rejected
rain_garmisch,frozen,2021-04-01 23:00:00+00:00,2021-04-05 18:00:00+00:00,92,0.0,0.0,0.1,0.4,plausible_physical_zero_not_rejected
rain_garmisch,frozen,2021-04-08 04:00:00+00:00,2021-04-12 05:00:00+00:00,98,0.0,0.0,0.1,2.0,plausible_physical_zero_not_rejected
rain_garmisch,frozen,2021-04-14 22:00:00+00:00,2021-04-18 17:00:00+00:00,92,0.0,0.0,1.2,0.1,plausible_physical_zero_not_rejected
rain_garmisch,frozen,2021-04-20 00:00:00+00:00,2021-04-22 02:00:00+00:00,51,0.0,0.0,0.4,0.7,plausible_physical_zero_not_rejected
rain_garmisch,frozen,2021-04-22 18:00:00+00:00,2021-04-29 15:00:00+00:00,166,0.0,0.0,0.6,0.1,plausible_physical_zero_not_rejected
rain_garmisch,frozen,2021-05-03 01:00:00+00:00,2021-05-05 06:00:00+00:00,54,0.0,0.0,0.1,0.3,plausible_physical_zero_not_rejected
rain_garmisch,frozen,2021-05-07 14:00:00+00:00,2021-05-11 18:00:00+00:00,101,0.0,0.0,0.1,0.4,plausible_physical_zero_not_rejected
rain_garmisch,frozen,2021-05-13 18:00:00+00:00,2021-05-14 18:00:00+00:00,25,0.0,0.0,0.5,0.1,plausible_physical_zero_not_rejected
rain_garmisch,frozen,2021-05-20 11:00:00+00:00,2021-05-21 23:00:00+00:00,37,0.0,0.0,0.1,0.7,plausible_physical_zero_not_rejected
rain_garmisch,frozen,2021-05-23 10:00:00+00:00,2021-05-24 15:00:00+00:00,30,0.0,0.0,0.1,0.1,plausible_physical_zero_not_rejected
rain_garmisch,frozen,2021-05-25 06:00:00+00:00,2021-05-26 23:00:00+00:00,42,0.0,0.0,0.4,0.1,plausible_physical_zero_not_rejected
rain_garmisch,frozen,2021-05-27 15:00:00+00:00,2021-05-29 09:00:00+00:00,43,0.0,0.0,0.1,0.2,plausible_physical_zero_not_rejected
rain_garmisch,frozen,2021-05-29 11:00:00+00:00,2021-06-04 16:00:00+00:00,150,0.0,0.0,0.2,0.7,plausible_physical_zero_not_rejected
rain_garmisch,frozen,2021-06-11 15:00:00+00:00,2021-06-12 20:00:00+00:00,30,0.0,0.0,0.1,0.3,plausible_physical_zero_not_rejected
rain_garmisch,frozen,2021-06-13 06:00:00+00:00,2021-06-21 22:00:00+00:00,209,0.0,0.0,0.1,0.1,plausible_physical_zero_not_rejected
rain_garmisch,frozen,2021-06-28 02:00:00+00:00,2021-06-29 01:00:00+00:00,24,0.0,0.0,0.7,0.5,plausible_physical_zero_not_rejected
rain_garmisch,frozen,2021-07-01 11:00:00+00:00,2021-07-03 22:00:00+00:00,60,0.0,0.0,0.2,0.1,plausible_physical_zero_not_rejected
rain_garmisch,frozen,2021-07-04 22:00:00+00:00,2021-07-06 20:00:00+00:00,47,0.0,0.0,0.2,5.3,plausible_physical_zero_not_rejected
rain_garmisch,frozen,2021-07-09 10:00:00+00:00,2021-07-10 16:00:00+00:00,31,0.0,0.0,0.2,1.1,plausible_physical_zero_not_rejected
rain_garmisch,frozen,2021-07-11 07:00:00+00:00,2021-07-13 11:00:00+00:00,53,0.0,0.0,0.1,0.1,plausible_physical_zero_not_rejected
rain_garmisch,frozen,2021-07-18 17:00:00+00:00,2021-07-24 14:00:00+00:00,142,0.0,0.0,0.2,1.5,plausible_physical_zero_not_rejected
rain_garmisch,frozen,2021-07-24 21:00:00+00:00,2021-07-26 03:00:00+00:00,31,0.0,0.0,0.1,0.1,plausible_physical_zero_not_rejected
rain_garmisch,frozen,2021-07-26 20:00:00+00:00,2021-07-28 02:00:00+00:00,31,0.0,0.0,0.5,0.1,plausible_physical_zero_not_rejected
rain_garmisch,frozen,2021-07-28 16:00:00+00:00,2021-07-30 15:00:00+00:00,48,0.0,0.0,0.4,6.1,plausible_physical_zero_not_rejected
rain_garmisch,frozen,2021-08-01 22:00:00+00:00,2021-08-03 13:00:00+00:00,40,0.0,0.0,0.2,6.4,plausible_physical_zero_not_rejected
rain_garmisch,frozen,2021-08-06 09:00:00+00:00,2021-08-07 16:00:00+00:00,32,0.0,0.0,0.6,0.3,plausible_physical_zero_not_rejected
rain_garmisch,frozen,2021-08-08 18:00:00+00:00,2021-08-09 18:00:00+00:00,25,0.0,0.0,3.9,0.1,plausible_physical_zero_not_rejected
rain_garmisch,frozen,2021-08-09 20:00:00+00:00,2021-08-13 06:00:00+00:00,83,0.0,0.0,0.1,2.0,plausible_physical_zero_not_rejected
rain_garmisch,frozen,2021-08-13 08:00:00+00:00,2021-08-15 17:00:00+00:00,58,0.0,0.0,2.0,1.0,plausible_physical_zero_not_rejected
rain_garmisch,frozen,2021-08-18 06:00:00+00:00,2021-08-22 02:00:00+00:00,93,0.0,0.0,0.1,0.1,plausible_physical_zero_not_rejected
rain_garmisch,frozen,2021-08-24 13:00:00+00:00,2021-08-26 14:00:00+00:00,50,0.0,0.0,0.3,0.4,plausible_physical_zero_not_rejected
rain_garmisch,frozen,2021-08-31 21:00:00+00:00,2021-09-10 00:00:00+00:00,220,0.0,0.0,0.5,4.3,plausible_physical_zero_not_rejected
rain_garmisch,frozen,2021-09-11 05:00:00+00:00,2021-09-15 17:00:00+00:00,109,0.0,0.0,0.2,8.9,plausible_physical_zero_not_rejected
rain_garmisch,frozen,2021-09-17 08:00:00+00:00,2021-09-19 13:00:00+00:00,54,0.0,0.0,0.3,0.3,plausible_physical_zero_not_rejected
rain_garmisch,frozen,2021-09-20 07:00:00+00:00,2021-09-26 18:00:00+00:00,156,0.0,0.0,0.1,5.2,plausible_physical_zero_not_rejected
rain_garmisch,frozen,2021-09-27 01:00:00+00:00,2021-09-29 02:00:00+00:00,50,0.0,0.0,0.5,0.4,plausible_physical_zero_not_rejected
rain_garmisch,frozen,2021-09-30 05:00:00+00:00,2021-10-04 16:00:00+00:00,108,0.0,0.0,0.2,0.2,plausible_physical_zero_not_rejected
rain_garmisch,frozen,2021-10-07 14:00:00+00:00,2021-10-12 09:00:00+00:00,116,0.0,0.0,0.1,0.2,plausible_physical_zero_not_rejected
rain_garmisch,frozen,2021-10-13 18:00:00+00:00,2021-10-19 16:00:00+00:00,143,0.0,0.0,0.8,0.3,plausible_physical_zero_not_rejected
rain_garmisch,frozen,2021-10-19 19:00:00+00:00,2021-10-21 08:00:00+00:00,38,0.0,0.0,0.1,1.3,plausible_physical_zero_not_rejected
rain_garmisch,frozen,2021-10-21 11:00:00+00:00,2021-11-01 10:00:00+00:00,264,0.0,0.0,0.3,0.5,plausible_physical_zero_not_rejected
rain_garmisch,frozen,2021-11-04 07:00:00+00:00,2021-11-08 00:00:00+00:00,90,0.0,0.0,0.1,0.1,plausible_physical_zero_not_rejected
rain_garmisch,frozen,2021-11-08 07:00:00+00:00,2021-11-13 15:00:00+00:00,129,0.0,0.0,0.1,0.3,plausible_physical_zero_not_rejected
rain_garmisch,frozen,2021-11-14 10:00:00+00:00,2021-11-22 12:00:00+00:00,195,0.0,0.0,0.2,0.1,plausible_physical_zero_not_rejected
rain_garmisch,frozen,2021-11-22 20:00:00+00:00,2021-11-26 05:00:00+00:00,82,0.0,0.0,0.1,0.5,plausible_physical_zero_not_rejected
rain_garmisch,frozen,2021-12-03 06:00:00+00:00,2021-12-04 06:00:00+00:00,25,0.0,0.0,0.1,0.3,plausible_physical_zero_not_rejected
rain_garmisch,frozen,2021-12-07 09:00:00+00:00,2021-12-08 10:00:00+00:00,26,0.0,0.0,0.2,0.1,plausible_physical_zero_not_rejected
rain_garmisch,frozen,2021-12-09 15:00:00+00:00,2021-12-10 17:00:00+00:00,27,0.0,0.0,0.2,0.2,plausible_physical_zero_not_rejected
rain_garmisch,frozen,2021-12-11 19:00:00+00:00,2021-12-13 02:00:00+00:00,32,0.0,0.0,0.1,0.3,plausible_physical_zero_not_rejected
rain_garmisch,frozen,2021-12-13 08:00:00+00:00,2021-12-23 21:00:00+00:00,254,0.0,0.0,1.2,0.3,plausible_physical_zero_not_rejected
rain_garmisch,frozen,2021-12-26 14:00:00+00:00,2021-12-27 20:00:00+00:00,31,0.0,0.0,0.2,0.1,plausible_physical_zero_not_rejected
rain_garmisch,frozen,2021-12-30 10:00:00+00:00,2022-01-04 07:00:00+00:00,118,0.0,0.0,0.3,0.1,plausible_physical_zero_not_rejected
rain_garmisch,frozen,2022-01-06 16:00:00+00:00,2022-01-08 08:00:00+00:00,41,0.0,0.0,0.2,0.8,plausible_physical_zero_not_rejected
rain_garmisch,frozen,2022-01-09 11:00:00+00:00,2022-01-10 10:00:00+00:00,24,0.0,0.0,0.1,1.9,plausible_physical_zero_not_rejected
rain_garmisch,frozen,2022-01-11 01:00:00+00:00,2022-01-17 03:00:00+00:00,147,0.0,0.0,0.1,0.1,plausible_physical_zero_not_rejected
rain_garmisch,frozen,2022-01-17 05:00:00+00:00,2022-01-20 09:00:00+00:00,77,0.0,0.0,0.1,0.1,plausible_physical_zero_not_rejected
rain_garmisch,frozen,2022-01-22 22:00:00+00:00,2022-01-28 01:00:00+00:00,124,0.0,0.0,0.1,0.8,plausible_physical_zero_not_rejected
rain_garmisch,frozen,2022-01-28 08:00:00+00:00,2022-01-31 10:00:00+00:00,75,0.0,0.0,0.2,0.4,plausible_physical_zero_not_rejected
rain_garmisch,frozen,2022-02-03 06:00:00+00:00,2022-02-05 03:00:00+00:00,46,0.0,0.0,0.2,0.5,plausible_physical_zero_not_rejected
rain_garmisch,frozen,2022-02-05 07:00:00+00:00,2022-02-06 19:00:00+00:00,37,0.0,0.0,0.5,0.1,plausible_physical_zero_not_rejected
rain_garmisch,frozen,2022-02-07 17:00:00+00:00,2022-02-11 06:00:00+00:00,86,0.0,0.0,0.1,1.7,plausible_physical_zero_not_rejected
rain_garmisch,frozen,2022-02-11 13:00:00+00:00,2022-02-15 03:00:00+00:00,87,0.0,0.0,0.1,0.1,plausible_physical_zero_not_rejected
rain_garmisch,frozen,2022-02-18 00:00:00+00:00,2022-02-19 09:00:00+00:00,34,0.0,0.0,0.1,0.1,plausible_physical_zero_not_rejected
rain_garmisch,frozen,2022-02-19 11:00:00+00:00,2022-02-21 07:00:00+00:00,45,0.0,0.0,0.1,2.6,plausible_physical_zero_not_rejected
rain_garmisch,frozen,2022-02-23 10:00:00+00:00,2022-02-25 01:00:00+00:00,40,0.0,0.0,0.1,1.1,plausible_physical_zero_not_rejected
rain_garmisch,frozen,2022-02-26 11:00:00+00:00,2022-03-15 19:00:00+00:00,417,0.0,0.0,0.1,0.1,plausible_physical_zero_not_rejected
rain_garmisch,frozen,2022-03-16 01:00:00+00:00,2022-03-30 18:00:00+00:00,354,0.0,0.0,0.1,0.2,plausible_physical_zero_not_rejected
rain_garmisch,frozen,2022-04-03 23:00:00+00:00,2022-04-05 06:00:00+00:00,32,0.0,0.0,0.1,0.1,plausible_physical_zero_not_rejected
rain_garmisch,frozen,2022-04-05 17:00:00+00:00,2022-04-06 16:00:00+00:00,24,0.0,0.0,0.1,5.0,plausible_physical_zero_not_rejected
rain_garmisch,frozen,2022-04-10 11:00:00+00:00,2022-04-15 14:00:00+00:00,124,0.0,0.0,0.2,0.5,plausible_physical_zero_not_rejected
rain_garmisch,frozen,2022-04-15 16:00:00+00:00,2022-04-24 11:00:00+00:00,212,0.0,0.0,0.5,0.1,plausible_physical_zero_not_rejected
rain_garmisch,frozen,2022-04-27 05:00:00+00:00,2022-04-30 08:00:00+00:00,76,0.0,0.0,0.7,0.4,plausible_physical_zero_not_rejected
rain_garmisch,frozen,2022-05-01 09:00:00+00:00,2022-05-02 16:00:00+00:00,32,0.0,0.0,0.2,0.7,plausible_physical_zero_not_rejected
rain_garmisch,frozen,2022-05-08 20:00:00+00:00,2022-05-09 19:00:00+00:00,24,0.0,0.0,0.2,0.2,plausible_physical_zero_not_rejected
rain_garmisch,frozen,2022-05-09 21:00:00+00:00,2022-05-13 01:00:00+00:00,77,0.0,0.0,0.2,0.1,plausible_physical_zero_not_rejected
rain_garmisch,frozen,2022-05-13 09:00:00+00:00,2022-05-15 23:00:00+00:00,63,0.0,0.0,0.2,0.1,plausible_physical_zero_not_rejected
rain_garmisch,frozen,2022-05-17 02:00:00+00:00,2022-05-19 11:00:00+00:00,58,0.0,0.0,0.1,0.2,plausible_physical_zero_not_rejected
rain_garmisch,frozen,2022-05-21 08:00:00+00:00,2022-05-23 12:00:00+00:00,53,0.0,0.0,1.8,2.7,plausible_physical_zero_not_rejected
rain_garmisch,frozen,2022-05-25 09:00:00+00:00,2022-05-27 21:00:00+00:00,61,0.0,0.0,0.1,1.6,plausible_physical_zero_not_rejected
rain_garmisch,frozen,2022-05-28 11:00:00+00:00,2022-05-29 17:00:00+00:00,31,0.0,0.0,1.3,0.1,plausible_physical_zero_not_rejected
rain_garmisch,frozen,2022-05-30 14:00:00+00:00,2022-05-31 13:00:00+00:00,24,0.0,0.0,2.0,0.4,plausible_physical_zero_not_rejected
rain_garmisch,frozen,2022-06-02 06:00:00+00:00,2022-06-03 14:00:00+00:00,33,0.0,0.0,1.1,0.3,plausible_physical_zero_not_rejected
rain_garmisch,frozen,2022-06-03 16:00:00+00:00,2022-06-05 13:00:00+00:00,46,0.0,0.0,0.3,22.0,plausible_physical_zero_not_rejected
rain_garmisch,frozen,2022-06-05 19:00:00+00:00,2022-06-06 19:00:00+00:00,25,0.0,0.0,0.3,10.5,plausible_physical_zero_not_rejected
rain_garmisch,frozen,2022-06-10 08:00:00+00:00,2022-06-13 00:00:00+00:00,65,0.0,0.0,0.1,0.2,plausible_physical_zero_not_rejected
rain_garmisch,frozen,2022-06-13 11:00:00+00:00,2022-06-16 08:00:00+00:00,70,0.0,0.0,2.9,2.8,plausible_physical_zero_not_rejected
rain_garmisch,frozen,2022-06-16 20:00:00+00:00,2022-06-21 20:00:00+00:00,121,0.0,0.0,0.6,0.5,plausible_physical_zero_not_rejected
rain_garmisch,frozen,2022-06-22 18:00:00+00:00,2022-06-23 19:00:00+00:00,26,0.0,0.0,6.7,5.6,plausible_physical_zero_not_rejected
rain_garmisch,frozen,2022-06-24 22:00:00+00:00,2022-06-27 14:00:00+00:00,65,0.0,0.0,0.8,0.1,plausible_physical_zero_not_rejected
rain_garmisch,frozen,2022-06-29 03:00:00+00:00,2022-06-30 15:00:00+00:00,37,0.0,0.0,0.2,18.2,plausible_physical_zero_not_rejected
rain_garmisch,frozen,2022-07-01 17:00:00+00:00,2022-07-04 00:00:00+00:00,56,0.0,0.0,0.1,2.9,plausible_physical_zero_not_rejected
rain_garmisch,frozen,2022-07-06 03:00:00+00:00,2022-07-07 11:00:00+00:00,33,0.0,0.0,0.1,0.1,plausible_physical_zero_not_rejected
rain_garmisch,frozen,2022-07-08 05:00:00+00:00,2022-07-10 01:00:00+00:00,45,0.0,0.0,0.1,0.1,plausible_physical_zero_not_rejected
rain_garmisch,frozen,2022-07-10 11:00:00+00:00,2022-07-15 02:00:00+00:00,112,0.0,0.0,0.1,0.1,plausible_physical_zero_not_rejected
rain_garmisch,frozen,2022-07-15 04:00:00+00:00,2022-07-22 18:00:00+00:00,183,0.0,0.0,0.1,5.1,plausible_physical_zero_not_rejected
rain_garmisch,frozen,2022-07-23 17:00:00+00:00,2022-07-25 19:00:00+00:00,51,0.0,0.0,2.4,0.6,plausible_physical_zero_not_rejected
rain_garmisch,frozen,2022-07-26 15:00:00+00:00,2022-07-28 16:00:00+00:00,50,0.0,0.0,0.1,0.9,plausible_physical_zero_not_rejected
rain_garmisch,frozen,2022-07-30 16:00:00+00:00,2022-08-01 23:00:00+00:00,56,0.0,0.0,1.4,4.6,plausible_physical_zero_not_rejected
rain_garmisch,frozen,2022-08-02 03:00:00+00:00,2022-08-05 12:00:00+00:00,82,0.0,0.0,0.7,0.1,plausible_physical_zero_not_rejected
rain_garmisch,frozen,2022-08-06 05:00:00+00:00,2022-08-15 01:00:00+00:00,213,0.0,0.0,0.2,0.1,plausible_physical_zero_not_rejected
rain_garmisch,frozen,2022-08-15 23:00:00+00:00,2022-08-18 14:00:00+00:00,64,0.0,0.0,0.1,1.0,plausible_physical_zero_not_rejected
rain_garmisch,frozen,2022-08-20 22:00:00+00:00,2022-08-26 21:00:00+00:00,144,0.0,0.0,0.7,0.6,plausible_physical_zero_not_rejected
rain_garmisch,frozen,2022-08-28 15:00:00+00:00,2022-08-31 03:00:00+00:00,61,0.0,0.0,0.8,0.2,plausible_physical_zero_not_rejected
rain_garmisch,frozen,2022-08-31 20:00:00+00:00,2022-09-03 13:00:00+00:00,66,0.0,0.0,0.2,0.8,plausible_physical_zero_not_rejected
rain_garmisch,frozen,2022-09-04 00:00:00+00:00,2022-09-06 06:00:00+00:00,55,0.0,0.0,0.2,0.1,plausible_physical_zero_not_rejected
rain_garmisch,frozen,2022-09-11 13:00:00+00:00,2022-09-14 15:00:00+00:00,75,0.0,0.0,0.3,0.2,plausible_physical_zero_not_rejected
rain_garmisch,frozen,2022-09-19 08:00:00+00:00,2022-09-20 14:00:00+00:00,31,0.0,0.0,0.5,0.1,plausible_physical_zero_not_rejected
rain_garmisch,frozen,2022-09-20 16:00:00+00:00,2022-09-24 14:00:00+00:00,95,0.0,0.0,0.1,0.5,plausible_physical_zero_not_rejected
rain_garmisch,frozen,2022-10-03 07:00:00+00:00,2022-10-08 14:00:00+00:00,128,0.0,0.0,0.1,0.3,plausible_physical_zero_not_rejected
rain_garmisch,frozen,2022-10-09 15:00:00+00:00,2022-10-13 21:00:00+00:00,103,0.0,0.0,0.1,9.8,plausible_physical_zero_not_rejected
rain_garmisch,frozen,2022-10-15 08:00:00+00:00,2022-10-18 20:00:00+00:00,85,0.0,0.0,1.1,0.5,plausible_physical_zero_not_rejected
rain_garmisch,frozen,2022-10-18 22:00:00+00:00,2022-10-21 19:00:00+00:00,70,0.0,0.0,0.5,0.3,plausible_physical_zero_not_rejected
rain_garmisch,frozen,2022-10-22 10:00:00+00:00,2022-10-24 02:00:00+00:00,41,0.0,0.0,0.7,0.8,plausible_physical_zero_not_rejected
rain_garmisch,frozen,2022-10-24 19:00:00+00:00,2022-10-26 02:00:00+00:00,32,0.0,0.0,0.2,0.1,plausible_physical_zero_not_rejected
rain_garmisch,frozen,2022-10-26 11:00:00+00:00,2022-11-03 23:00:00+00:00,205,0.0,0.0,0.2,0.1,plausible_physical_zero_not_rejected
rain_garmisch,frozen,2022-11-05 22:00:00+00:00,2022-11-09 21:00:00+00:00,96,0.0,0.0,0.1,0.2,plausible_physical_zero_not_rejected
rain_garmisch,frozen,2022-11-10 10:00:00+00:00,2022-11-16 03:00:00+00:00,138,0.0,0.0,0.2,0.2,plausible_physical_zero_not_rejected
rain_garmisch,frozen,2022-11-18 19:00:00+00:00,2022-11-21 02:00:00+00:00,56,0.0,0.0,1.3,0.1,plausible_physical_zero_not_rejected
rain_garmisch,frozen,2022-11-24 15:00:00+00:00,2022-11-25 18:00:00+00:00,28,0.0,0.0,0.1,0.1,plausible_physical_zero_not_rejected
rain_garmisch,frozen,2022-11-26 16:00:00+00:00,2022-11-28 20:00:00+00:00,53,0.0,0.0,0.4,0.1,plausible_physical_zero_not_rejected
rain_garmisch,frozen,2022-11-30 05:00:00+00:00,2022-12-02 08:00:00+00:00,52,0.0,0.0,0.1,0.1,plausible_physical_zero_not_rejected
rain_garmisch,frozen,2022-12-02 18:00:00+00:00,2022-12-05 08:00:00+00:00,63,0.0,0.0,0.1,0.2,plausible_physical_zero_not_rejected
rain_garmisch,frozen,2022-12-05 16:00:00+00:00,2022-12-07 08:00:00+00:00,41,0.0,0.0,0.4,0.1,plausible_physical_zero_not_rejected
rain_garmisch,frozen,2022-12-07 10:00:00+00:00,2022-12-09 15:00:00+00:00,54,0.0,0.0,0.1,0.1,plausible_physical_zero_not_rejected
rain_garmisch,frozen,2022-12-11 13:00:00+00:00,2022-12-14 03:00:00+00:00,63,0.0,0.0,0.1,0.1,plausible_physical_zero_not_rejected
rain_garmisch,frozen,2022-12-14 20:00:00+00:00,2022-12-16 01:00:00+00:00,30,0.0,0.0,0.1,0.9,plausible_physical_zero_not_rejected
rain_garmisch,frozen,2022-12-17 00:00:00+00:00,2022-12-22 15:00:00+00:00,136,0.0,0.0,0.3,0.1,plausible_physical_zero_not_rejected
rain_garmisch,frozen,2022-12-25 03:00:00+00:00,2022-12-26 15:00:00+00:00,37,0.0,0.0,0.1,0.1,plausible_physical_zero_not_rejected
rain_garmisch,frozen,2022-12-27 12:00:00+00:00,2022-12-30 18:00:00+00:00,79,0.0,0.0,0.2,0.1,plausible_physical_zero_not_rejected
rain_garmisch,frozen,2022-12-30 20:00:00+00:00,2023-01-03 05:00:00+00:00,82,0.0,0.0,0.1,0.1,plausible_physical_zero_not_rejected
rain_garmisch,frozen,2023-01-03 19:00:00+00:00,2023-01-09 05:00:00+00:00,131,0.0,0.0,0.2,1.8,plausible_physical_zero_not_rejected
rain_garmisch,frozen,2023-01-12 03:00:00+00:00,2023-01-13 15:00:00+00:00,37,0.0,0.0,0.1,0.3,plausible_physical_zero_not_rejected
rain_garmisch,frozen,2023-01-14 02:00:00+00:00,2023-01-15 12:00:00+00:00,35,0.0,0.0,0.2,0.3,plausible_physical_zero_not_rejected
rain_garmisch,frozen,2023-01-15 15:00:00+00:00,2023-01-18 18:00:00+00:00,76,0.0,0.0,0.7,0.2,plausible_physical_zero_not_rejected
rain_garmisch,frozen,2023-01-19 07:00:00+00:00,2023-01-20 13:00:00+00:00,31,0.0,0.0,0.2,0.1,plausible_physical_zero_not_rejected
rain_garmisch,frozen,2023-01-23 01:00:00+00:00,2023-01-27 23:00:00+00:00,119,0.0,0.0,,0.1,plausible_physical_zero_not_rejected
rain_garmisch,frozen,2023-01-28 03:00:00+00:00,2023-01-30 16:00:00+00:00,62,0.0,0.0,0.3,0.4,plausible_physical_zero_not_rejected
rain_garmisch,frozen,2023-01-31 00:00:00+00:00,2023-02-01 17:00:00+00:00,42,0.0,0.0,0.3,0.1,plausible_physical_zero_not_rejected
rain_garmisch,frozen,2023-02-04 11:00:00+00:00,2023-02-05 18:00:00+00:00,32,0.0,0.0,0.1,0.1,plausible_physical_zero_not_rejected
rain_garmisch,frozen,2023-02-06 05:00:00+00:00,2023-02-17 14:00:00+00:00,274,0.0,0.0,0.1,0.4,plausible_physical_zero_not_rejected
rain_garmisch,frozen,2023-02-17 16:00:00+00:00,2023-02-24 18:00:00+00:00,171,0.0,0.0,0.4,0.6,plausible_physical_zero_not_rejected
rain_garmisch,frozen,2023-02-27 19:00:00+00:00,2023-03-08 14:00:00+00:00,212,0.0,0.0,0.1,0.1,plausible_physical_zero_not_rejected
rain_garmisch,frozen,2023-03-09 10:00:00+00:00,2023-03-10 10:00:00+00:00,25,0.0,0.0,0.7,0.2,plausible_physical_zero_not_rejected
rain_garmisch,frozen,2023-03-12 15:00:00+00:00,2023-03-14 01:00:00+00:00,35,0.0,0.0,0.1,0.7,plausible_physical_zero_not_rejected
rain_garmisch,frozen,2023-03-15 08:00:00+00:00,2023-03-19 16:00:00+00:00,105,0.0,0.0,0.2,0.1,plausible_physical_zero_not_rejected
rain_garmisch,frozen,2023-03-20 03:00:00+00:00,2023-03-24 10:00:00+00:00,104,0.0,0.0,0.3,0.2,plausible_physical_zero_not_rejected
rain_garmisch,frozen,2023-04-01 07:00:00+00:00,2023-04-02 11:00:00+00:00,29,0.0,0.0,0.1,0.5,plausible_physical_zero_not_rejected
rain_garmisch,frozen,2023-04-03 21:00:00+00:00,2023-04-07 04:00:00+00:00,80,0.0,0.0,0.2,0.1,plausible_physical_zero_not_rejected
rain_garmisch,frozen,2023-04-08 23:00:00+00:00,2023-04-11 07:00:00+00:00,57,0.0,0.0,0.2,0.3,plausible_physical_zero_not_rejected
rain_garmisch,frozen,2023-04-17 15:00:00+00:00,2023-04-19 13:00:00+00:00,47,0.0,0.0,0.5,0.1,plausible_physical_zero_not_rejected
rain_garmisch,frozen,2023-04-20 04:00:00+00:00,2023-04-23 04:00:00+00:00,73,0.0,0.0,0.1,0.4,plausible_physical_zero_not_rejected
rain_garmisch,frozen,2023-04-26 02:00:00+00:00,2023-04-27 02:00:00+00:00,25,0.0,0.0,0.2,0.6,plausible_physical_zero_not_rejected
rain_garmisch,frozen,2023-04-29 21:00:00+00:00,2023-05-01 07:00:00+00:00,35,0.0,0.0,1.0,0.3,plausible_physical_zero_not_rejected
rain_garmisch,frozen,2023-05-02 23:00:00+00:00,2023-05-05 19:00:00+00:00,69,0.0,0.0,0.3,13.4,plausible_physical_zero_not_rejected
rain_garmisch,frozen,2023-05-06 11:00:00+00:00,2023-05-07 11:00:00+00:00,25,0.0,0.0,0.1,1.8,plausible_physical_zero_not_rejected
rain_garmisch,frozen,2023-05-11 18:00:00+00:00,2023-05-13 02:00:00+00:00,33,0.0,0.0,0.1,0.1,plausible_physical_zero_not_rejected
rain_garmisch,frozen,2023-05-17 08:00:00+00:00,2023-05-23 02:00:00+00:00,139,0.0,0.0,0.1,0.1,plausible_physical_zero_not_rejected
rain_garmisch,frozen,2023-05-24 22:00:00+00:00,2023-06-01 16:00:00+00:00,187,0.0,0.0,0.1,0.2,plausible_physical_zero_not_rejected
rain_garmisch,frozen,2023-06-01 19:00:00+00:00,2023-06-05 01:00:00+00:00,79,0.0,0.0,0.7,0.5,plausible_physical_zero_not_rejected
rain_garmisch,frozen,2023-06-05 22:00:00+00:00,2023-06-08 19:00:00+00:00,70,0.0,0.0,0.4,0.6,plausible_physical_zero_not_rejected
rain_garmisch,frozen,2023-06-09 18:00:00+00:00,2023-06-16 11:00:00+00:00,162,0.0,0.0,0.2,0.9,plausible_physical_zero_not_rejected
rain_garmisch,frozen,2023-06-16 13:00:00+00:00,2023-06-19 20:00:00+00:00,80,0.0,0.0,0.9,1.8,plausible_physical_zero_not_rejected
rain_garmisch,frozen,2023-06-24 06:00:00+00:00,2023-06-26 21:00:00+00:00,64,0.0,0.0,0.2,0.5,plausible_physical_zero_not_rejected
rain_garmisch,frozen,2023-06-28 08:00:00+00:00,2023-06-29 22:00:00+00:00,39,0.0,0.0,0.1,2.4,plausible_physical_zero_not_rejected
rain_garmisch,frozen,2023-07-02 08:00:00+00:00,2023-07-03 23:00:00+00:00,40,0.0,0.0,0.1,0.1,plausible_physical_zero_not_rejected
rain_garmisch,frozen,2023-07-06 16:00:00+00:00,2023-07-11 21:00:00+00:00,126,0.0,0.0,0.1,0.1,plausible_physical_zero_not_rejected
rain_garmisch,frozen,2023-07-13 18:00:00+00:00,2023-07-17 04:00:00+00:00,83,0.0,0.0,0.1,7.0,plausible_physical_zero_not_rejected
rain_garmisch,frozen,2023-07-17 07:00:00+00:00,2023-07-18 12:00:00+00:00,30,0.0,0.0,0.3,0.8,plausible_physical_zero_not_rejected
rain_garmisch,frozen,2023-07-22 04:00:00+00:00,2023-07-24 13:00:00+00:00,58,0.0,0.0,0.1,0.3,plausible_physical_zero_not_rejected
rain_garmisch,frozen,2023-07-26 18:00:00+00:00,2023-07-28 18:00:00+00:00,49,0.0,0.0,0.1,12.9,plausible_physical_zero_not_rejected
rain_garmisch,frozen,2023-07-30 15:00:00+00:00,2023-07-31 22:00:00+00:00,32,0.0,0.0,1.1,0.3,plausible_physical_zero_not_rejected
rain_garmisch,frozen,2023-08-07 14:00:00+00:00,2023-08-09 02:00:00+00:00,37,0.0,0.0,0.1,0.1,plausible_physical_zero_not_rejected
rain_garmisch,frozen,2023-08-09 13:00:00+00:00,2023-08-13 18:00:00+00:00,102,0.0,0.0,0.1,6.1,plausible_physical_zero_not_rejected
rain_garmisch,frozen,2023-08-13 23:00:00+00:00,2023-08-15 12:00:00+00:00,38,0.0,0.0,4.4,1.0,plausible_physical_zero_not_rejected
rain_garmisch,frozen,2023-08-15 17:00:00+00:00,2023-08-17 12:00:00+00:00,44,0.0,0.0,0.5,3.3,plausible_physical_zero_not_rejected
rain_garmisch,frozen,2023-08-17 23:00:00+00:00,2023-08-24 19:00:00+00:00,165,0.0,0.0,0.2,1.0,plausible_physical_zero_not_rejected
rain_garmisch,frozen,2023-08-30 18:00:00+00:00,2023-09-12 17:00:00+00:00,312,0.0,0.0,0.1,12.9,plausible_physical_zero_not_rejected
rain_garmisch,frozen,2023-09-14 07:00:00+00:00,2023-09-18 11:00:00+00:00,101,0.0,0.0,0.5,2.8,plausible_physical_zero_not_rejected
rain_garmisch,frozen,2023-09-18 22:00:00+00:00,2023-09-22 01:00:00+00:00,76,0.0,0.0,0.1,0.3,plausible_physical_zero_not_rejected
rain_garmisch,frozen,2023-09-23 14:00:00+00:00,2023-09-29 22:00:00+00:00,153,0.0,0.0,0.1,1.6,plausible_physical_zero_not_rejected
rain_garmisch,frozen,2023-09-30 01:00:00+00:00,2023-10-03 19:00:00+00:00,91,0.0,0.0,0.8,2.9,plausible_physical_zero_not_rejected
rain_garmisch,frozen,2023-10-03 23:00:00+00:00,2023-10-14 16:00:00+00:00,258,0.0,0.0,0.2,0.1,plausible_physical_zero_not_rejected
rain_garmisch,frozen,2023-10-15 18:00:00+00:00,2023-10-20 20:00:00+00:00,123,0.0,0.0,0.2,0.1,plausible_physical_zero_not_rejected
rain_garmisch,frozen,2023-10-22 08:00:00+00:00,2023-10-24 13:00:00+00:00,54,0.0,0.0,0.1,0.1,plausible_physical_zero_not_rejected
rain_garmisch,frozen,2023-10-28 04:00:00+00:00,2023-10-30 16:00:00+00:00,61,0.0,0.0,0.4,0.1,plausible_physical_zero_not_rejected
rain_garmisch,frozen,2023-10-31 22:00:00+00:00,2023-11-02 14:00:00+00:00,41,0.0,0.0,0.4,0.9,plausible_physical_zero_not_rejected
rain_garmisch,frozen,2023-11-03 17:00:00+00:00,2023-11-04 19:00:00+00:00,27,0.0,0.0,0.1,0.1,plausible_physical_zero_not_rejected
rain_garmisch,frozen,2023-11-05 21:00:00+00:00,2023-11-07 11:00:00+00:00,39,0.0,0.0,0.1,0.4,plausible_physical_zero_not_rejected
rain_garmisch,frozen,2023-11-07 22:00:00+00:00,2023-11-10 12:00:00+00:00,63,0.0,0.0,1.0,0.4,plausible_physical_zero_not_rejected
rain_garmisch,frozen,2023-11-15 18:00:00+00:00,2023-11-16 21:00:00+00:00,28,0.0,0.0,0.3,1.4,plausible_physical_zero_not_rejected
rain_garmisch,frozen,2023-11-19 21:00:00+00:00,2023-11-21 05:00:00+00:00,33,0.0,0.0,0.2,0.1,plausible_physical_zero_not_rejected
rain_garmisch,frozen,2023-11-22 08:00:00+00:00,2023-11-24 04:00:00+00:00,45,0.0,0.0,0.1,0.1,plausible_physical_zero_not_rejected
rain_garmisch,frozen,2023-11-26 15:00:00+00:00,2023-11-28 02:00:00+00:00,36,0.0,0.0,0.1,1.1,plausible_physical_zero_not_rejected
rain_garmisch,frozen,2023-11-28 23:00:00+00:00,2023-11-30 09:00:00+00:00,35,0.0,0.0,0.1,0.2,plausible_physical_zero_not_rejected
rain_garmisch,frozen,2023-12-03 07:00:00+00:00,2023-12-05 14:00:00+00:00,56,0.0,0.0,0.1,0.6,plausible_physical_zero_not_rejected
rain_garmisch,frozen,2023-12-07 04:00:00+00:00,2023-12-08 14:00:00+00:00,35,0.0,0.0,0.3,0.3,plausible_physical_zero_not_rejected
rain_garmisch,frozen,2023-12-15 10:00:00+00:00,2023-12-21 13:00:00+00:00,148,0.0,0.0,0.1,0.3,plausible_physical_zero_not_rejected
rain_garmisch,frozen,2023-12-23 12:00:00+00:00,2023-12-24 16:00:00+00:00,29,0.0,0.0,0.2,0.1,plausible_physical_zero_not_rejected
rain_garmisch,frozen,2023-12-24 23:00:00+00:00,2023-12-31 17:00:00+00:00,163,0.0,0.0,0.2,1.1,plausible_physical_zero_not_rejected
rain_garmisch,frozen,2023-12-31 22:00:00+00:00,2024-01-02 23:00:00+00:00,50,0.0,0.0,0.2,0.3,plausible_physical_zero_not_rejected
rain_garmisch,frozen,2024-01-04 14:00:00+00:00,2024-01-05 21:00:00+00:00,32,0.0,0.0,0.2,0.1,plausible_physical_zero_not_rejected
rain_garmisch,frozen,2024-01-08 23:00:00+00:00,2024-01-15 03:00:00+00:00,149,0.0,0.0,0.2,0.1,plausible_physical_zero_not_rejected
rain_garmisch,frozen,2024-01-16 05:00:00+00:00,2024-01-17 09:00:00+00:00,29,0.0,0.0,0.1,0.2,plausible_physical_zero_not_rejected
rain_garmisch,frozen,2024-01-19 16:00:00+00:00,2024-01-22 18:00:00+00:00,75,0.0,0.0,0.1,0.4,plausible_physical_zero_not_rejected
rain_garmisch,frozen,2024-01-27 03:00:00+00:00,2024-02-01 09:00:00+00:00,127,0.0,0.0,0.2,0.5,plausible_physical_zero_not_rejected
rain_garmisch,frozen,2024-02-02 14:00:00+00:00,2024-02-07 23:00:00+00:00,130,0.0,0.0,0.4,0.2,plausible_physical_zero_not_rejected
rain_garmisch,frozen,2024-02-08 06:00:00+00:00,2024-02-11 01:00:00+00:00,68,0.0,0.0,0.1,0.3,plausible_physical_zero_not_rejected
rain_garmisch,frozen,2024-02-13 09:00:00+00:00,2024-02-17 03:00:00+00:00,91,0.0,0.0,0.2,0.4,plausible_physical_zero_not_rejected
rain_garmisch,frozen,2024-02-20 13:00:00+00:00,2024-02-23 00:00:00+00:00,60,0.0,0.0,0.1,1.9,plausible_physical_zero_not_rejected
rain_garmisch,frozen,2024-02-23 18:00:00+00:00,2024-03-01 07:00:00+00:00,158,0.0,0.0,0.2,0.1,plausible_physical_zero_not_rejected
rain_garmisch,frozen,2024-03-01 22:00:00+00:00,2024-03-05 13:00:00+00:00,88,0.0,0.0,0.1,0.1,plausible_physical_zero_not_rejected
rain_garmisch,frozen,2024-03-06 22:00:00+00:00,2024-03-11 19:00:00+00:00,118,0.0,0.0,0.1,0.2,plausible_physical_zero_not_rejected
rain_garmisch,frozen,2024-03-13 23:00:00+00:00,2024-03-15 11:00:00+00:00,37,0.0,0.0,0.1,1.1,plausible_physical_zero_not_rejected
rain_garmisch,frozen,2024-03-19 07:00:00+00:00,2024-03-21 03:00:00+00:00,45,0.0,0.0,0.1,0.2,plausible_physical_zero_not_rejected
rain_garmisch,frozen,2024-03-21 21:00:00+00:00,2024-03-23 10:00:00+00:00,38,0.0,0.0,2.5,0.5,plausible_physical_zero_not_rejected
rain_garmisch,frozen,2024-03-25 03:00:00+00:00,2024-03-27 16:00:00+00:00,62,0.0,0.0,0.1,0.3,plausible_physical_zero_not_rejected
rain_garmisch,frozen,2024-03-28 17:00:00+00:00,2024-04-01 07:00:00+00:00,87,0.0,0.0,0.2,0.2,plausible_physical_zero_not_rejected
rain_garmisch,frozen,2024-04-02 06:00:00+00:00,2024-04-03 17:00:00+00:00,36,0.0,0.0,0.1,0.8,plausible_physical_zero_not_rejected
rain_garmisch,frozen,2024-04-04 03:00:00+00:00,2024-04-08 10:00:00+00:00,104,0.0,0.0,0.1,,plausible_physical_zero_not_rejected
rain_garmisch,frozen,2024-04-11 07:00:00+00:00,2024-04-15 11:00:00+00:00,101,0.0,0.0,,5.9,plausible_physical_zero_not_rejected
rain_garmisch,frozen,2024-04-25 01:00:00+00:00,2024-05-02 23:00:00+00:00,191,0.0,0.0,0.3,0.2,plausible_physical_zero_not_rejected
rain_garmisch,frozen,2024-05-04 00:00:00+00:00,2024-05-06 17:00:00+00:00,66,0.0,0.0,0.3,0.8,plausible_physical_zero_not_rejected
rain_garmisch,frozen,2024-05-09 00:00:00+00:00,2024-05-12 16:00:00+00:00,89,0.0,0.0,0.1,0.2,plausible_physical_zero_not_rejected
rain_garmisch,frozen,2024-05-13 10:00:00+00:00,2024-05-16 20:00:00+00:00,83,0.0,0.0,0.4,0.6,plausible_physical_zero_not_rejected
rain_garmisch,frozen,2024-05-17 20:00:00+00:00,2024-05-18 20:00:00+00:00,25,0.0,0.0,0.7,3.0,plausible_physical_zero_not_rejected
rain_garmisch,frozen,2024-05-22 08:00:00+00:00,2024-05-23 12:00:00+00:00,29,0.0,0.0,0.1,0.5,plausible_physical_zero_not_rejected
rain_garmisch,frozen,2024-05-25 17:00:00+00:00,2024-05-27 13:00:00+00:00,45,0.0,0.0,0.7,0.5,plausible_physical_zero_not_rejected
rain_garmisch,frozen,2024-05-28 13:00:00+00:00,2024-05-29 15:00:00+00:00,27,0.0,0.0,0.1,0.7,plausible_physical_zero_not_rejected
rain_garmisch,frozen,2024-06-04 04:00:00+00:00,2024-06-05 04:00:00+00:00,25,0.0,0.0,0.1,1.3,plausible_physical_zero_not_rejected
rain_garmisch,frozen,2024-06-11 23:00:00+00:00,2024-06-15 11:00:00+00:00,85,0.0,0.0,0.7,0.2,plausible_physical_zero_not_rejected
rain_garmisch,frozen,2024-06-16 08:00:00+00:00,2024-06-17 14:00:00+00:00,31,0.0,0.0,0.1,0.1,plausible_physical_zero_not_rejected
rain_garmisch,frozen,2024-06-17 16:00:00+00:00,2024-06-20 13:00:00+00:00,70,0.0,0.0,0.1,6.6,plausible_physical_zero_not_rejected
rain_garmisch,frozen,2024-06-20 15:00:00+00:00,2024-06-21 15:00:00+00:00,25,0.0,0.0,6.6,0.4,plausible_physical_zero_not_rejected
rain_garmisch,frozen,2024-06-23 08:00:00+00:00,2024-06-25 14:00:00+00:00,55,0.0,0.0,0.2,5.9,plausible_physical_zero_not_rejected
rain_garmisch,frozen,2024-06-28 16:00:00+00:00,2024-06-30 13:00:00+00:00,46,0.0,0.0,0.8,8.1,plausible_physical_zero_not_rejected
rain_garmisch,frozen,2024-07-03 22:00:00+00:00,2024-07-04 21:00:00+00:00,24,0.0,0.0,1.2,0.1,plausible_physical_zero_not_rejected
rain_garmisch,frozen,2024-07-04 23:00:00+00:00,2024-07-06 19:00:00+00:00,45,0.0,0.0,0.1,4.5,plausible_physical_zero_not_rejected
rain_garmisch,frozen,2024-07-08 06:00:00+00:00,2024-07-10 15:00:00+00:00,58,0.0,0.0,0.2,0.2,plausible_physical_zero_not_rejected
rain_garmisch,frozen,2024-07-13 02:00:00+00:00,2024-07-16 01:00:00+00:00,72,0.0,0.0,0.3,0.2,plausible_physical_zero_not_rejected
rain_garmisch,frozen,2024-07-17 04:00:00+00:00,2024-07-21 12:00:00+00:00,105,0.0,0.0,0.1,0.1,plausible_physical_zero_not_rejected
rain_garmisch,frozen,2024-07-22 21:00:00+00:00,2024-07-23 22:00:00+00:00,26,0.0,0.0,0.4,0.2,plausible_physical_zero_not_rejected
rain_garmisch,frozen,2024-07-24 10:00:00+00:00,2024-07-28 03:00:00+00:00,90,0.0,0.0,0.4,1.7,plausible_physical_zero_not_rejected
rain_garmisch,frozen,2024-07-28 13:00:00+00:00,2024-07-31 17:00:00+00:00,77,0.0,0.0,0.4,11.8,plausible_physical_zero_not_rejected
rain_garmisch,frozen,2024-08-03 13:00:00+00:00,2024-08-04 15:00:00+00:00,27,0.0,0.0,0.6,2.2,plausible_physical_zero_not_rejected
rain_garmisch,frozen,2024-08-04 19:00:00+00:00,2024-08-08 06:00:00+00:00,84,0.0,0.0,0.1,0.1,plausible_physical_zero_not_rejected
rain_garmisch,frozen,2024-08-08 12:00:00+00:00,2024-08-12 13:00:00+00:00,98,0.0,0.0,1.3,0.3,plausible_physical_zero_not_rejected
rain_garmisch,frozen,2024-08-14 18:00:00+00:00,2024-08-15 22:00:00+00:00,29,0.0,0.0,1.0,3.4,plausible_physical_zero_not_rejected
rain_garmisch,frozen,2024-08-19 08:00:00+00:00,2024-08-20 17:00:00+00:00,34,0.0,0.0,0.1,6.1,plausible_physical_zero_not_rejected
rain_garmisch,frozen,2024-08-21 06:00:00+00:00,2024-08-24 16:00:00+00:00,83,0.0,0.0,0.2,0.2,plausible_physical_zero_not_rejected
rain_garmisch,frozen,2024-08-26 08:00:00+00:00,2024-08-31 20:00:00+00:00,133,0.0,0.0,0.1,1.5,plausible_physical_zero_not_rejected
rain_garmisch,frozen,2024-08-31 22:00:00+00:00,2024-09-02 19:00:00+00:00,46,0.0,0.0,1.5,15.8,plausible_physical_zero_not_rejected
rain_garmisch,frozen,2024-09-03 02:00:00+00:00,2024-09-04 14:00:00+00:00,37,0.0,0.0,0.3,1.6,plausible_physical_zero_not_rejected
rain_garmisch,frozen,2024-09-04 17:00:00+00:00,2024-09-06 00:00:00+00:00,32,0.0,0.0,0.1,0.2,plausible_physical_zero_not_rejected
rain_garmisch,frozen,2024-09-06 03:00:00+00:00,2024-09-08 13:00:00+00:00,59,0.0,0.0,0.5,0.8,plausible_physical_zero_not_rejected
rain_garmisch,frozen,2024-09-10 13:00:00+00:00,2024-09-11 15:00:00+00:00,27,0.0,0.0,0.7,0.4,plausible_physical_zero_not_rejected
rain_garmisch,frozen,2024-09-17 10:00:00+00:00,2024-09-23 22:00:00+00:00,157,0.0,0.0,0.1,6.9,plausible_physical_zero_not_rejected
rain_garmisch,frozen,2024-09-24 20:00:00+00:00,2024-09-26 17:00:00+00:00,46,0.0,0.0,0.2,,plausible_physical_zero_not_rejected
rain_garmisch,frozen,2024-09-29 05:00:00+00:00,2024-09-30 09:00:00+00:00,29,0.0,0.0,,0.1,plausible_physical_zero_not_rejected
rain_garmisch,frozen,2024-09-30 12:00:00+00:00,2024-10-01 12:00:00+00:00,25,0.0,0.0,0.1,0.1,plausible_physical_zero_not_rejected
rain_garmisch,frozen,2024-10-02 11:00:00+00:00,2024-10-03 14:00:00+00:00,28,0.0,0.0,0.2,0.2,plausible_physical_zero_not_rejected
rain_garmisch,frozen,2024-10-05 16:00:00+00:00,2024-10-06 22:00:00+00:00,31,0.0,0.0,0.3,0.3,plausible_physical_zero_not_rejected
rain_garmisch,frozen,2024-10-07 00:00:00+00:00,2024-10-08 16:00:00+00:00,41,0.0,0.0,0.3,2.8,plausible_physical_zero_not_rejected
rain_garmisch,frozen,2024-10-09 02:00:00+00:00,2024-10-10 05:00:00+00:00,28,0.0,0.0,0.1,1.8,plausible_physical_zero_not_rejected
rain_garmisch,frozen,2024-10-11 11:00:00+00:00,2024-10-12 19:00:00+00:00,33,0.0,0.0,0.2,0.2,plausible_physical_zero_not_rejected
rain_garmisch,frozen,2024-10-15 22:00:00+00:00,2024-10-18 04:00:00+00:00,55,0.0,0.0,0.1,0.2,plausible_physical_zero_not_rejected
rain_garmisch,frozen,2024-10-19 19:00:00+00:00,2024-10-22 18:00:00+00:00,72,0.0,0.0,0.1,1.2,plausible_physical_zero_not_rejected
rain_garmisch,frozen,2024-10-23 22:00:00+00:00,2024-11-12 04:00:00+00:00,463,0.0,0.0,0.2,0.1,plausible_physical_zero_not_rejected
rain_garmisch,frozen,2024-11-12 07:00:00+00:00,2024-11-13 17:00:00+00:00,35,0.0,0.0,0.1,0.4,plausible_physical_zero_not_rejected
rain_garmisch,frozen,2024-11-13 23:00:00+00:00,2024-11-17 21:00:00+00:00,95,0.0,0.0,0.6,0.1,plausible_physical_zero_not_rejected
rain_garmisch,frozen,2024-11-18 04:00:00+00:00,2024-11-20 01:00:00+00:00,46,0.0,0.0,0.1,3.0,plausible_physical_zero_not_rejected
rain_garmisch,frozen,2024-11-20 11:00:00+00:00,2024-11-21 16:00:00+00:00,30,0.0,0.0,0.2,0.2,plausible_physical_zero_not_rejected
rain_garmisch,frozen,2024-11-23 05:00:00+00:00,2024-11-26 04:00:00+00:00,72,0.0,0.0,0.1,0.2,plausible_physical_zero_not_rejected
rain_garmisch,frozen,2024-11-26 10:00:00+00:00,2024-11-28 07:00:00+00:00,46,0.0,0.0,0.1,0.1,plausible_physical_zero_not_rejected
rain_garmisch,frozen,2024-11-28 15:00:00+00:00,2024-12-03 00:00:00+00:00,106,0.0,0.0,0.9,0.1,plausible_physical_zero_not_rejected
rain_garmisch,frozen,2024-12-04 21:00:00+00:00,2024-12-06 03:00:00+00:00,31,0.0,0.0,0.1,0.1,plausible_physical_zero_not_rejected
rain_garmisch,frozen,2024-12-06 13:00:00+00:00,2024-12-07 17:00:00+00:00,29,0.0,0.0,0.1,0.4,plausible_physical_zero_not_rejected
rain_garmisch,frozen,2024-12-09 19:00:00+00:00,2024-12-14 16:00:00+00:00,118,0.0,0.0,0.1,0.5,plausible_physical_zero_not_rejected
rain_garmisch,frozen,2024-12-16 08:00:00+00:00,2024-12-19 18:00:00+00:00,83,0.0,0.0,0.1,1.3,plausible_physical_zero_not_rejected
rain_garmisch,frozen,2024-12-20 16:00:00+00:00,2024-12-22 01:00:00+00:00,34,0.0,0.0,0.1,0.3,plausible_physical_zero_not_rejected
rain_garmisch,frozen,2024-12-24 15:00:00+00:00,2025-01-02 19:00:00+00:00,221,0.0,0.0,0.1,1.2,plausible_physical_zero_not_rejected
rain_garmisch,frozen,2025-01-03 10:00:00+00:00,2025-01-05 00:00:00+00:00,39,0.0,0.0,0.2,0.3,plausible_physical_zero_not_rejected
rain_garmisch,frozen,2025-01-05 11:00:00+00:00,2025-01-07 01:00:00+00:00,39,0.0,0.0,0.1,0.7,plausible_physical_zero_not_rejected
rain_garmisch,frozen,2025-01-07 09:00:00+00:00,2025-01-08 09:00:00+00:00,25,0.0,0.0,0.4,0.1,plausible_physical_zero_not_rejected
rain_garmisch,frozen,2025-01-10 10:00:00+00:00,2025-01-15 17:00:00+00:00,128,0.0,0.0,0.1,0.2,plausible_physical_zero_not_rejected
rain_garmisch,frozen,2025-01-15 19:00:00+00:00,2025-01-23 09:00:00+00:00,183,0.0,0.0,0.2,0.1,plausible_physical_zero_not_rejected
rain_garmisch,frozen,2025-01-23 12:00:00+00:00,2025-01-26 06:00:00+00:00,67,0.0,0.0,0.9,0.3,plausible_physical_zero_not_rejected
rain_garmisch,frozen,2025-01-26 10:00:00+00:00,2025-01-27 18:00:00+00:00,33,0.0,0.0,0.5,0.5,plausible_physical_zero_not_rejected
rain_garmisch,frozen,2025-01-28 16:00:00+00:00,2025-01-31 08:00:00+00:00,65,0.0,0.0,0.6,0.6,plausible_physical_zero_not_rejected
rain_garmisch,frozen,2025-01-31 11:00:00+00:00,2025-02-11 21:00:00+00:00,275,0.0,0.0,0.6,0.1,plausible_physical_zero_not_rejected
rain_garmisch,frozen,2025-02-14 13:00:00+00:00,2025-02-16 20:00:00+00:00,56,0.0,0.0,0.1,0.2,plausible_physical_zero_not_rejected
rain_garmisch,frozen,2025-02-17 04:00:00+00:00,2025-02-23 21:00:00+00:00,162,0.0,0.0,0.1,0.1,plausible_physical_zero_not_rejected
rain_garmisch,frozen,2025-02-23 23:00:00+00:00,2025-02-25 20:00:00+00:00,46,0.0,0.0,0.1,0.1,plausible_physical_zero_not_rejected
rain_garmisch,frozen,2025-02-26 06:00:00+00:00,2025-02-27 16:00:00+00:00,35,0.0,0.0,0.9,0.3,plausible_physical_zero_not_rejected
rain_garmisch,frozen,2025-02-27 18:00:00+00:00,2025-02-28 20:00:00+00:00,27,0.0,0.0,0.3,0.1,plausible_physical_zero_not_rejected
rain_garmisch,frozen,2025-03-01 01:00:00+00:00,2025-03-10 14:00:00+00:00,230,0.0,0.0,0.1,2.9,plausible_physical_zero_not_rejected
rain_garmisch,frozen,2025-03-10 18:00:00+00:00,2025-03-12 18:00:00+00:00,49,0.0,0.0,2.1,0.4,plausible_physical_zero_not_rejected
rain_garmisch,frozen,2025-03-15 09:00:00+00:00,2025-03-16 10:00:00+00:00,26,0.0,0.0,2.0,0.1,plausible_physical_zero_not_rejected
rain_garmisch,frozen,2025-03-17 21:00:00+00:00,2025-03-23 15:00:00+00:00,139,0.0,0.0,0.1,0.2,plausible_physical_zero_not_rejected
rain_garmisch,frozen,2025-03-27 19:00:00+00:00,2025-03-28 19:00:00+00:00,25,0.0,0.0,0.1,0.3,plausible_physical_zero_not_rejected
rain_garmisch,frozen,2025-04-01 12:00:00+00:00,2025-04-17 13:00:00+00:00,386,0.0,0.0,0.1,0.3,plausible_physical_zero_not_rejected
rain_garmisch,frozen,2025-04-18 09:00:00+00:00,2025-04-21 04:00:00+00:00,68,0.0,0.0,0.1,0.1,plausible_physical_zero_not_rejected
rain_garmisch,frozen,2025-04-22 06:00:00+00:00,2025-04-23 14:00:00+00:00,33,0.0,0.0,0.1,0.7,plausible_physical_zero_not_rejected
rain_garmisch,frozen,2025-04-26 02:00:00+00:00,2025-04-28 16:00:00+00:00,63,0.0,0.0,0.1,0.8,plausible_physical_zero_not_rejected
rain_garmisch,frozen,2025-04-28 19:00:00+00:00,2025-05-03 11:00:00+00:00,113,0.0,0.0,0.2,0.1,plausible_physical_zero_not_rejected
rain_garmisch,frozen,2025-05-08 00:00:00+00:00,2025-05-10 14:00:00+00:00,63,0.0,0.0,0.1,0.5,plausible_physical_zero_not_rejected
rain_garmisch,frozen,2025-05-10 18:00:00+00:00,2025-05-15 11:00:00+00:00,114,0.0,0.0,0.1,0.9,plausible_physical_zero_not_rejected
rain_garmisch,frozen,2025-05-15 19:00:00+00:00,2025-05-16 18:00:00+00:00,24,0.0,0.0,0.2,0.9,plausible_physical_zero_not_rejected
rain_garmisch,frozen,2025-05-16 23:00:00+00:00,2025-05-17 22:00:00+00:00,24,0.0,0.0,0.1,1.4,plausible_physical_zero_not_rejected
rain_garmisch,frozen,2025-05-18 15:00:00+00:00,2025-05-21 11:00:00+00:00,69,0.0,0.0,0.3,0.2,plausible_physical_zero_not_rejected
rain_garmisch,frozen,2025-05-27 12:00:00+00:00,2025-05-28 11:00:00+00:00,24,0.0,0.0,0.1,0.5,plausible_physical_zero_not_rejected
rain_garmisch,frozen,2025-05-29 11:00:00+00:00,2025-06-01 19:00:00+00:00,81,0.0,0.0,0.2,1.5,plausible_physical_zero_not_rejected
rain_garmisch,frozen,2025-06-03 21:00:00+00:00,2025-06-05 01:00:00+00:00,29,0.0,0.0,0.6,0.1,plausible_physical_zero_not_rejected
rain_garmisch,frozen,2025-06-08 09:00:00+00:00,2025-06-15 13:00:00+00:00,173,0.0,0.0,0.1,0.8,plausible_physical_zero_not_rejected
rain_garmisch,frozen,2025-06-16 06:00:00+00:00,2025-06-23 10:00:00+00:00,173,0.0,0.0,0.3,0.2,plausible_physical_zero_not_rejected
rain_garmisch,frozen,2025-06-23 20:00:00+00:00,2025-06-26 13:00:00+00:00,66,0.0,0.0,0.4,0.1,plausible_physical_zero_not_rejected
rain_garmisch,frozen,2025-06-26 20:00:00+00:00,2025-06-27 21:00:00+00:00,26,0.0,0.0,0.1,0.3,plausible_physical_zero_not_rejected
rain_garmisch,frozen,2025-06-28 05:00:00+00:00,2025-06-30 15:00:00+00:00,59,0.0,0.0,0.1,0.2,plausible_physical_zero_not_rejected
rain_garmisch,frozen,2025-06-30 17:00:00+00:00,2025-07-02 13:00:00+00:00,45,0.0,0.0,0.2,3.3,plausible_physical_zero_not_rejected
rain_garmisch,frozen,2025-07-04 13:00:00+00:00,2025-07-06 04:00:00+00:00,40,0.0,0.0,2.5,0.3,plausible_physical_zero_not_rejected
rain_garmisch,frozen,2025-07-09 02:00:00+00:00,2025-07-11 13:00:00+00:00,60,0.0,0.0,0.2,0.7,plausible_physical_zero_not_rejected
rain_garmisch,frozen,2025-07-12 02:00:00+00:00,2025-07-13 03:00:00+00:00,26,0.0,0.0,1.0,0.5,plausible_physical_zero_not_rejected
rain_garmisch,frozen,2025-07-17 06:00:00+00:00,2025-07-19 16:00:00+00:00,59,0.0,0.0,0.1,9.4,plausible_physical_zero_not_rejected
rain_garmisch,frozen,2025-07-19 22:00:00+00:00,2025-07-21 01:00:00+00:00,28,0.0,0.0,0.2,0.6,plausible_physical_zero_not_rejected
rain_garmisch,frozen,2025-07-22 03:00:00+00:00,2025-07-23 22:00:00+00:00,44,0.0,0.0,0.1,1.7,plausible_physical_zero_not_rejected
rain_garmisch,frozen,2025-08-04 17:00:00+00:00,2025-08-05 19:00:00+00:00,27,0.0,0.0,0.1,3.7,plausible_physical_zero_not_rejected
rain_garmisch,frozen,2025-08-06 00:00:00+00:00,2025-08-16 03:00:00+00:00,244,0.0,0.0,1.4,11.5,plausible_physical_zero_not_rejected
rain_garmisch,frozen,2025-08-17 13:00:00+00:00,2025-08-20 12:00:00+00:00,72,0.0,0.0,3.3,0.6,plausible_physical_zero_not_rejected
rain_garmisch,frozen,2025-08-23 01:00:00+00:00,2025-08-27 03:00:00+00:00,99,0.0,0.0,0.9,0.2,plausible_physical_zero_not_rejected
rain_garmisch,frozen,2025-08-30 11:00:00+00:00,2025-09-02 01:00:00+00:00,63,0.0,0.0,0.1,1.6,plausible_physical_zero_not_rejected
rain_garmisch,frozen,2025-09-02 15:00:00+00:00,2025-09-04 20:00:00+00:00,54,0.0,0.0,0.8,1.3,plausible_physical_zero_not_rejected
rain_garmisch,frozen,2025-09-05 17:00:00+00:00,2025-09-08 17:00:00+00:00,73,0.0,0.0,0.1,0.3,plausible_physical_zero_not_rejected
rain_garmisch,frozen,2025-09-10 15:00:00+00:00,2025-09-11 16:00:00+00:00,26,0.0,0.0,0.1,0.5,plausible_physical_zero_not_rejected
rain_garmisch,frozen,2025-09-12 13:00:00+00:00,2025-09-13 18:00:00+00:00,30,0.0,0.0,0.2,0.1,plausible_physical_zero_not_rejected
rain_garmisch,frozen,2025-09-14 12:00:00+00:00,2025-09-15 21:00:00+00:00,34,0.0,0.0,0.1,2.7,plausible_physical_zero_not_rejected
rain_garmisch,frozen,2025-09-16 04:00:00+00:00,2025-09-21 23:00:00+00:00,140,0.0,0.0,0.4,0.2,plausible_physical_zero_not_rejected
rain_garmisch,frozen,2025-09-25 18:00:00+00:00,2025-09-28 03:00:00+00:00,58,0.0,0.0,0.5,1.2,plausible_physical_zero_not_rejected
rain_garmisch,frozen,2025-09-28 06:00:00+00:00,2025-09-30 07:00:00+00:00,50,0.0,0.0,0.2,2.1,plausible_physical_zero_not_rejected
rain_garmisch,frozen,2025-10-01 07:00:00+00:00,2025-10-04 17:00:00+00:00,83,0.0,0.0,0.4,5.4,plausible_physical_zero_not_rejected
rain_garmisch,frozen,2025-10-07 01:00:00+00:00,2025-10-09 04:00:00+00:00,52,0.0,0.0,0.2,0.3,plausible_physical_zero_not_rejected
rain_garmisch,frozen,2025-10-09 17:00:00+00:00,2025-10-20 17:00:00+00:00,265,0.0,0.0,0.1,0.1,plausible_physical_zero_not_rejected
rain_garmisch,frozen,2025-10-20 19:00:00+00:00,2025-10-23 11:00:00+00:00,65,0.0,0.0,0.1,1.2,plausible_physical_zero_not_rejected
rain_garmisch,frozen,2025-10-24 13:00:00+00:00,2025-10-25 12:00:00+00:00,24,0.0,0.0,0.4,0.3,plausible_physical_zero_not_rejected
rain_garmisch,frozen,2025-10-28 05:00:00+00:00,2025-11-02 08:00:00+00:00,124,0.0,0.0,0.1,0.1,plausible_physical_zero_not_rejected
rain_garmisch,frozen,2025-11-03 09:00:00+00:00,2025-11-09 16:00:00+00:00,152,0.0,0.0,0.1,0.1,plausible_physical_zero_not_rejected
rain_garmisch,frozen,2025-11-10 00:00:00+00:00,2025-11-17 00:00:00+00:00,169,0.0,0.0,0.1,0.2,plausible_physical_zero_not_rejected
rain_garmisch,frozen,2025-11-18 02:00:00+00:00,2025-11-20 04:00:00+00:00,51,0.0,0.0,0.1,0.2,plausible_physical_zero_not_rejected
rain_garmisch,frozen,2025-11-22 01:00:00+00:00,2025-11-24 19:00:00+00:00,67,0.0,0.0,0.1,0.5,plausible_physical_zero_not_rejected
rain_garmisch,frozen,2025-11-27 00:00:00+00:00,2025-11-29 03:00:00+00:00,52,0.0,0.0,0.1,0.1,plausible_physical_zero_not_rejected
rain_garmisch,frozen,2025-11-29 08:00:00+00:00,2025-11-30 19:00:00+00:00,36,0.0,0.0,0.1,0.5,plausible_physical_zero_not_rejected
rain_garmisch,frozen,2025-12-01 06:00:00+00:00,2025-12-04 22:00:00+00:00,89,0.0,0.0,0.3,0.1,plausible_physical_zero_not_rejected
rain_garmisch,frozen,2025-12-05 13:00:00+00:00,2025-12-07 16:00:00+00:00,52,0.0,0.0,0.1,0.5,plausible_physical_zero_not_rejected
rain_garmisch,frozen,2025-12-08 09:00:00+00:00,2025-12-24 13:00:00+00:00,389,0.0,0.0,0.2,0.6,plausible_physical_zero_not_rejected
rain_garmisch,frozen,2025-12-24 17:00:00+00:00,2026-01-02 21:00:00+00:00,221,0.0,0.0,0.2,0.2,plausible_physical_zero_not_rejected
rain_garmisch,frozen,2026-01-04 02:00:00+00:00,2026-01-08 02:00:00+00:00,97,0.0,0.0,0.1,0.1,plausible_physical_zero_not_rejected
rain_garmisch,frozen,2026-01-11 08:00:00+00:00,2026-01-12 09:00:00+00:00,26,0.0,0.0,0.2,0.3,plausible_physical_zero_not_rejected
rain_garmisch,frozen,2026-01-12 22:00:00+00:00,2026-01-25 13:00:00+00:00,304,0.0,0.0,0.1,0.4,plausible_physical_zero_not_rejected
rain_garmisch,frozen,2026-01-25 21:00:00+00:00,2026-01-28 22:00:00+00:00,74,0.0,0.0,0.1,0.5,plausible_physical_zero_not_rejected
rain_garmisch,frozen,2026-01-29 07:00:00+00:00,2026-01-30 20:00:00+00:00,38,0.0,0.0,0.3,0.1,plausible_physical_zero_not_rejected
rain_garmisch,frozen,2026-01-30 22:00:00+00:00,2026-02-06 12:00:00+00:00,159,0.0,0.0,0.1,0.1,plausible_physical_zero_not_rejected
rain_garmisch,frozen,2026-02-06 20:00:00+00:00,2026-02-11 01:00:00+00:00,102,0.0,0.0,0.1,0.1,plausible_physical_zero_not_rejected
rain_garmisch,frozen,2026-02-13 05:00:00+00:00,2026-02-14 09:00:00+00:00,29,0.0,0.0,0.1,0.1,plausible_physical_zero_not_rejected
rain_garmisch,frozen,2026-02-22 13:00:00+00:00,2026-02-23 19:00:00+00:00,31,0.0,0.0,0.1,0.6,plausible_physical_zero_not_rejected
rain_garmisch,frozen,2026-02-24 22:00:00+00:00,2026-03-01 05:00:00+00:00,104,0.0,0.0,0.1,0.2,plausible_physical_zero_not_rejected
rain_garmisch,frozen,2026-03-01 08:00:00+00:00,2026-03-11 06:00:00+00:00,239,0.0,0.0,0.3,0.3,plausible_physical_zero_not_rejected
rain_garmisch,frozen,2026-03-12 10:00:00+00:00,2026-03-14 14:00:00+00:00,53,0.0,0.0,0.1,1.0,plausible_physical_zero_not_rejected
rain_garmisch,frozen,2026-03-15 03:00:00+00:00,2026-03-16 21:00:00+00:00,43,0.0,0.0,0.2,0.3,plausible_physical_zero_not_rejected
rain_garmisch,frozen,2026-03-17 19:00:00+00:00,2026-03-21 17:00:00+00:00,95,0.0,0.0,0.2,2.1,plausible_physical_zero_not_rejected
rain_garmisch,frozen,2026-03-21 21:00:00+00:00,2026-03-25 15:00:00+00:00,91,0.0,0.0,0.6,0.5,plausible_physical_zero_not_rejected
rain_garmisch,frozen,2026-03-27 14:00:00+00:00,2026-03-28 22:00:00+00:00,33,0.0,0.0,0.2,,plausible_physical_zero_not_rejected
rain_garmisch,frozen,2026-04-01 09:00:00+00:00,2026-04-02 19:00:00+00:00,35,0.0,0.0,0.2,0.1,plausible_physical_zero_not_rejected
rain_garmisch,frozen,2026-04-02 21:00:00+00:00,2026-04-04 06:00:00+00:00,34,0.0,0.0,0.1,0.1,plausible_physical_zero_not_rejected
rain_garmisch,frozen,2026-04-04 09:00:00+00:00,2026-04-05 20:00:00+00:00,36,0.0,0.0,0.3,1.2,plausible_physical_zero_not_rejected
rain_garmisch,frozen,2026-04-06 05:00:00+00:00,2026-04-09 22:00:00+00:00,90,0.0,0.0,0.1,0.1,plausible_physical_zero_not_rejected
rain_garmisch,frozen,2026-04-10 18:00:00+00:00,2026-04-13 22:00:00+00:00,77,0.0,0.0,0.1,0.1,plausible_physical_zero_not_rejected
rain_garmisch,frozen,2026-04-14 10:00:00+00:00,2026-04-19 05:00:00+00:00,116,0.0,0.0,0.2,0.2,plausible_physical_zero_not_rejected
rain_garmisch,frozen,2026-04-19 21:00:00+00:00,2026-05-05 20:00:00+00:00,384,0.0,0.0,0.2,0.2,plausible_physical_zero_not_rejected
rain_garmisch,frozen,2026-05-07 18:00:00+00:00,2026-05-09 03:00:00+00:00,34,0.0,0.0,1.0,0.8,plausible_physical_zero_not_rejected
rain_garmisch,frozen,2026-05-09 16:00:00+00:00,2026-05-10 23:00:00+00:00,32,0.0,0.0,1.9,0.1,plausible_physical_zero_not_rejected
rain_garmisch,frozen,2026-05-12 08:00:00+00:00,2026-05-14 03:00:00+00:00,44,0.0,0.0,0.9,1.1,plausible_physical_zero_not_rejected
rain_garmisch,frozen,2026-05-16 18:00:00+00:00,2026-05-18 09:00:00+00:00,40,0.0,0.0,0.1,0.7,plausible_physical_zero_not_rejected
rain_garmisch,frozen,2026-05-19 01:00:00+00:00,2026-05-20 05:00:00+00:00,29,0.0,0.0,0.2,0.1,plausible_physical_zero_not_rejected
rain_garmisch,frozen,2026-05-21 04:00:00+00:00,2026-05-30 21:00:00+00:00,234,0.0,0.0,0.1,5.2,plausible_physical_zero_not_rejected
rain_garmisch,frozen,2026-06-03 14:00:00+00:00,2026-06-04 17:00:00+00:00,28,0.0,0.0,0.3,0.5,plausible_physical_zero_not_rejected
rain_garmisch,frozen,2026-06-05 08:00:00+00:00,2026-06-06 11:00:00+00:00,28,0.0,0.0,1.3,0.1,plausible_physical_zero_not_rejected
rain_garmisch,frozen,2026-06-06 13:00:00+00:00,2026-06-08 17:00:00+00:00,53,0.0,0.0,0.1,8.8,plausible_physical_zero_not_rejected
rain_garmisch,frozen,2026-06-13 04:00:00+00:00,2026-06-14 12:00:00+00:00,33,0.0,0.0,1.6,0.1,plausible_physical_zero_not_rejected
rain_garmisch,frozen,2026-06-14 14:00:00+00:00,2026-06-16 15:00:00+00:00,50,0.0,0.0,0.1,0.1,plausible_physical_zero_not_rejected
rain_garmisch,frozen,2026-06-16 23:00:00+00:00,2026-06-19 17:00:00+00:00,67,0.0,0.0,0.1,0.5,plausible_physical_zero_not_rejected
rain_garmisch,frozen,2026-06-19 20:00:00+00:00,2026-06-21 14:00:00+00:00,43,0.0,0.0,0.4,0.1,plausible_physical_zero_not_rejected
rain_garmisch,frozen,2026-06-21 19:00:00+00:00,2026-06-28 18:00:00+00:00,168,0.0,0.0,1.2,0.1,plausible_physical_zero_not_rejected
rain_garmisch,frozen,2026-06-30 01:00:00+00:00,2026-07-01 04:00:00+00:00,28,0.0,0.0,0.1,1.7,plausible_physical_zero_not_rejected
rain_garmisch,frozen,2026-07-01 15:00:00+00:00,2026-07-03 01:00:00+00:00,35,0.0,0.0,0.7,0.1,plausible_physical_zero_not_rejected
rain_garmisch,frozen,2026-07-03 10:00:00+00:00,2026-07-05 16:00:00+00:00,55,0.0,0.0,0.1,0.8,plausible_physical_zero_not_rejected
rain_garmisch,frozen,2026-07-06 00:00:00+00:00,2026-07-08 12:00:00+00:00,61,0.0,0.0,1.5,0.1,plausible_physical_zero_not_rejected
rain_garmisch,frozen,2026-07-08 14:00:00+00:00,2026-07-14 08:00:00+00:00,139,0.0,0.0,0.1,0.9,plausible_physical_zero_not_rejected
rain_garmisch,frozen,2026-07-19 11:00:00+00:00,2026-07-20 10:00:00+00:00,24,0.0,0.0,2.1,,plausible_physical_zero_not_rejected
rain_garmisch,frozen,2026-07-22 14:00:00+00:00,2026-07-26 23:00:00+00:00,106,0.0,0.0,,1.4,plausible_physical_zero_not_rejected
rain_garmisch,frozen,2026-07-27 02:00:00+00:00,2026-07-31 16:00:00+00:00,111,0.0,0.0,0.1,0.9,plausible_physical_zero_not_rejected
rain_garmisch,frozen,2026-08-03 16:00:00+00:00,2026-08-05 18:00:00+00:00,51,0.0,0.0,0.1,42.2,plausible_physical_zero_not_rejected
rain_garmisch,frozen,2026-08-06 21:00:00+00:00,2026-08-10 05:00:00+00:00,81,0.0,0.0,0.1,0.1,plausible_physical_zero_not_rejected
rain_garmisch,frozen,2026-08-10 20:00:00+00:00,2026-08-16 10:00:00+00:00,135,0.0,0.0,0.4,1.0,plausible_physical_zero_not_rejected
rain_garmisch,frozen,2026-08-18 22:00:00+00:00,2026-08-19 22:00:00+00:00,25,0.0,0.0,1.4,1.8,plausible_physical_zero_not_rejected
rain_garmisch,frozen,2026-08-21 19:00:00+00:00,2026-08-25 05:00:00+00:00,83,0.0,0.0,0.1,1.3,plausible_physical_zero_not_rejected
rain_garmisch,frozen,2026-08-26 09:00:00+00:00,2026-08-28 12:00:00+00:00,52,0.0,0.0,0.1,0.5,plausible_physical_zero_not_rejected
rain_garmisch,frozen,2026-08-29 02:00:00+00:00,2026-08-30 19:00:00+00:00,42,0.0,0.0,0.1,0.3,plausible_physical_zero_not_rejected
rain_garmisch,frozen,2026-08-31 05:00:00+00:00,2026-09-05 07:00:00+00:00,123,0.0,0.0,0.1,0.1,plausible_physical_zero_not_rejected
rain_garmisch,frozen,2026-09-05 18:00:00+00:00,2026-09-08 21:00:00+00:00,76,0.0,0.0,0.2,2.5,plausible_physical_zero_not_rejected
rain_garmisch,frozen,2026-09-10 01:00:00+00:00,2026-09-13 18:00:00+00:00,90,0.0,0.0,0.1,1.6,plausible_physical_zero_not_rejected
