reference_time,target_time,kind,covariate_source,issued_at,model_id,code_version,wassertemp_q0.01,wassertemp_q0.05,wassertemp_q0.25,wassertemp_q0.5,wassertemp_q0.75,wassertemp_q0.95,wassertemp_q0.99,airtemp_96_q0.01,airtemp_96_q0.05,airtemp_96_q0.25,airtemp_96_q0.5,airtemp_96_q0.75,airtemp_96_q0.95,airtemp_96_q0.99,pressure_96_q0.01,pressure_96_q0.05,pressure_96_q0.25,pressure_96_q0.5,pressure_96_q0.75,pressure_96_q0.95,pressure_96_q0.99
2026-09-01 09:00:00+00:00,2026-09-01 10:00:00+00:00,live,dwd_forecast,2026-09-01 09:16:47.872006+00:00,1c7a531768d8,2b1bd401ef0f,19.088633,19.28463,19.502903,19.636707,19.770512,19.988785,20.18478,18.958025,20.078712,21.337112,22.111889,22.886665,24.145065,25.265753,1017.9572,1018.5192,1019.1579,1019.5536,1019.94934,1020.588,1021.14996
2026-09-01 09:00:00+00:00,2026-09-01 11:00:00+00:00,live,dwd_forecast,2026-09-01 09:16:47.872006+00:00,1c7a531768d8,2b1bd401ef0f,19.11416,19.357498,19.62034,19.77888,19.937418,20.20026,20.443598,18.667772,20.254505,21.918394,22.906244,23.894096,25.557983,27.144718,1017.37616,1018.0316,1018.77686,1019.23883,1019.70074,1020.44604,1021.10144
2026-09-01 09:00:00+00:00,2026-09-01 12:00:00+00:00,live,dwd_forecast,2026-09-01 09:16:47.872006+00:00,1c7a531768d8,2b1bd401ef0f,19.08676,19.376427,19.689724,19.878828,20.067932,20.381227,20.670895,18.157063,20.219631,22.287945,23.486597,24.685251,26.753563,28.816135,1016.7972,1017.57983,1018.4618,1019.0058,1019.5498,1020.43176,1021.21436
2026-09-01 09:00:00+00:00,2026-09-01 13:00:00+00:00,live,dwd_forecast,2026-09-01 09:16:47.872006+00:00,1c7a531768d8,2b1bd401ef0f,19.010614,19.36072,19.738491,19.966227,20.19396,20.571732,20.921837,17.895823,20.083256,22.337952,23.66424,24.990528,27.245224,29.43266,1016.2515,1017.1848,1018.2301,1018.8728,1019.51544,1020.5607,1021.494
2026-09-01 09:00:00+00:00,2026-09-01 14:00:00+00:00,live,dwd_forecast,2026-09-01 09:16:47.872006+00:00,1c7a531768d8,2b1bd401ef0f,18.972595,19.364618,19.790342,20.047861,20.305382,20.731106,21.123127,17.41159,19.678064,22.137383,23.624374,25.111368,27.570686,29.837164,1015.75415,1016.8498,1018.06885,1018.81573,1019.5627,1020.78174,1021.8774
2026-09-01 09:00:00+00:00,2026-09-01 15:00:00+00:00,live,dwd_forecast,2026-09-01 09:16:47.872006+00:00,1c7a531768d8,2b1bd401ef0f,18.928886,19.33876,19.794971,20.074556,20.354141,20.810352,21.220226,17.020481,19.229387,21.727764,23.271841,24.81592,27.314297,29.523205,1015.51715,1016.74725,1018.1038,1018.93115,1019.7585,1021.11505,1022.34515
2026-09-01 09:00:00+00:00,2026-09-01 16:00:00+00:00,live,dwd_forecast,2026-09-01 09:16:47.872006+00:00,1c7a531768d8,2b1bd401ef0f,18.873964,19.299515,19.781929,20.080431,20.378935,20.861347,21.2869,16.667408,18.78926,21.282742,22.8549,24.427061,26.92054,29.042395,1015.26965,1016.6614,1018.1814,1019.10364,1020.0259,1021.5459,1022.9376
2026-09-01 09:00:00+00:00,2026-09-01 17:00:00+00:00,live,dwd_forecast,2026-09-01 09:16:47.872006+00:00,1c7a531768d8,2b1bd401ef0f,18.735197,19.190817,19.70863,20.029467,20.350302,20.868114,21.323736,16.244537,18.26793,20.707033,22.265335,23.823639,26.262741,28.286137,1015.1835,1016.71564,1018.36694,1019.36176,1020.35657,1022.0079,1023.54004
2026-09-01 09:00:00+00:00,2026-09-01 18:00:00+00:00,live,dwd_forecast,2026-09-01 09:16:47.872006+00:00,1c7a531768d8,2b1bd401ef0f,18.602,19.079685,19.623552,19.960846,20.29814,20.842007,21.319695,15.681679,17.660324,20.06087,21.599632,23.138397,25.538942,27.517588,1015.26855,1016.91516,1018.68286,1019.74554,1020.8083,1022.576,1024.2227
2026-09-01 09:00:00+00:00,2026-09-01 19:00:00+00:00,live,dwd_forecast,2026-09-01 09:16:47.872006+00:00,1c7a531768d8,2b1bd401ef0f,18.447357,18.942247,19.510628,19.864737,20.218845,20.787224,21.282116,14.96204,16.907753,19.261007,20.767038,22.27307,24.626324,26.572039,1015.2012,1017.0057,1018.9059,1020.0365,1021.1672,1023.0674,1024.8718
2026-09-01 09:00:00+00:00,2026-09-01 20:00:00+00:00,live,dwd_forecast,2026-09-01 09:16:47.872006+00:00,1c7a531768d8,2b1bd401ef0f,18.282696,18.788628,19.3702,19.732693,20.095186,20.676758,21.182688,14.332578,16.228352,18.50449,19.95567,21.406849,23.682987,25.578762,1015.1885,1017.10986,1019.14197,1020.35394,1021.5659,1023.59796,1025.5194
2026-09-01 09:00:00+00:00,2026-09-01 21:00:00+00:00,live,dwd_forecast,2026-09-01 09:16:47.872006+00:00,1c7a531768d8,2b1bd401ef0f,18.089163,18.600405,19.190016,19.558153,19.926289,20.5159,21.027143,13.521725,15.429305,17.7012,19.143635,20.586071,22.857965,24.765547,1015.0915,1017.126,1019.2961,1020.5963,1021.89655,1024.0667,1026.1011
2026-09-01 09:00:00+00:00,2026-09-01 22:00:00+00:00,live,dwd_forecast,2026-09-01 09:16:47.872006+00:00,1c7a531768d8,2b1bd401ef0f,17.915497,18.418703,19.006065,19.375101,19.744139,20.3315,20.834707,13.048044,14.931245,17.139448,18.530159,19.920872,22.129074,24.012276,1014.8377,1017.0126,1019.3337,1020.72473,1022.11584,1024.4369,1026.6118
2026-09-01 09:00:00+00:00,2026-09-01 23:00:00+00:00,live,dwd_forecast,2026-09-01 09:16:47.872006+00:00,1c7a531768d8,2b1bd401ef0f,17.737122,18.249466,18.841743,19.211998,19.582254,20.17453,20.686874,12.425648,14.319311,16.500816,17.86209,19.223362,21.40487,23.298534,1014.49335,1016.8115,1019.2635,1020.72595,1022.1885,1024.6404,1026.9586
2026-09-01 09:00:00+00:00,2026-09-02 00:00:00+00:00,live,dwd_forecast,2026-09-01 09:16:47.872006+00:00,1c7a531768d8,2b1bd401ef0f,17.63508,18.12828,18.70153,19.06091,19.420288,19.993538,20.48674,11.908305,13.819967,15.978499,17.311361,18.644224,20.802755,22.714418,1014.1568,1016.6322,1019.2373,1020.7869,1022.33655,1024.9417,1027.4171
2026-09-01 09:00:00+00:00,2026-09-02 01:00:00+00:00,live,dwd_forecast,2026-09-01 09:16:47.872006+00:00,1c7a531768d8,2b1bd401ef0f,17.49518,17.98551,18.547832,18.8979,19.247967,19.810287,20.30062,11.24287,13.2283535,15.4368,16.789734,18.14267,20.351114,22.3366,1013.8421,1016.42926,1019.15125,1020.7702,1022.38916,1025.1112,1027.6984
2026-09-01 09:00:00+00:00,2026-09-02 02:00:00+00:00,live,dwd_forecast,2026-09-01 09:16:47.872006+00:00,1c7a531768d8,2b1bd401ef0f,17.372458,17.860125,18.41121,18.75164,19.092072,19.643158,20.130825,10.770665,12.8067465,15.05136,16.419985,17.78861,20.033224,22.069307,1013.39087,1016.1584,1019.05664,1020.7761,1022.4956,1025.3939,1028.1614
2026-09-01 09:00:00+00:00,2026-09-02 03:00:00+00:00,live,dwd_forecast,2026-09-01 09:16:47.872006+00:00,1c7a531768d8,2b1bd401ef0f,17.290176,17.772018,18.31896,18.657623,18.996288,19.54323,20.025072,10.558474,12.656016,14.951179,16.3451,17.739023,20.034184,22.13173,1012.9097,1015.8449,1018.90094,1020.7084,1022.51575,1025.5718,1028.507
2026-09-01 09:00:00+00:00,2026-09-02 04:00:00+00:00,live,dwd_forecast,2026-09-01 09:16:47.872006+00:00,1c7a531768d8,2b1bd401ef0f,17.22352,17.717705,18.271164,18.61145,18.951736,19.505196,19.99938,10.6611185,12.802689,15.14668,16.570469,17.994257,20.33825,22.479818,1012.31616,1015.4447,1018.7069,1020.6378,1022.5687,1025.8309,1028.9595
2026-09-01 09:00:00+00:00,2026-09-02 05:00:00+00:00,live,dwd_forecast,2026-09-01 09:16:47.872006+00:00,1c7a531768d8,2b1bd401ef0f,17.247768,17.7375,18.285164,18.62163,18.958094,19.50576,19.99549,10.828023,13.053277,15.54267,17.072338,18.602007,21.0914,23.316656,1011.8724,1015.15607,1018.56714,1020.58203,1022.5969,1026.008,1029.2916
2026-09-01 09:00:00+00:00,2026-09-02 06:00:00+00:00,live,dwd_forecast,2026-09-01 09:16:47.872006+00:00,1c7a531768d8,2b1bd401ef0f,17.312052,17.803122,18.346537,18.678541,19.010546,19.55396,20.04503,11.263411,13.545952,16.142076,17.751282,19.360489,21.956614,24.239157,1011.33887,1014.75824,1018.3208,1020.4286,1022.5363,1026.0989,1029.5183
2026-09-01 09:00:00+00:00,2026-09-02 07:00:00+00:00,live,dwd_forecast,2026-09-01 09:16:47.872006+00:00,1c7a531768d8,2b1bd401ef0f,17.391438,17.883797,18.427149,18.758633,19.090118,19.633469,20.125828,11.809893,14.201227,16.981695,18.72514,20.468586,23.249054,25.640388,1010.8672,1014.36725,1018.02216,1020.1872,1022.35223,1026.0071,1029.5072
2026-09-01 09:00:00+00:00,2026-09-02 08:00:00+00:00,live,dwd_forecast,2026-09-01 09:16:47.872006+00:00,1c7a531768d8,2b1bd401ef0f,17.464584,17.976883,18.53863,18.880177,19.221725,19.783472,20.295773,12.333435,14.8836565,17.89488,19.798203,21.701523,24.712748,27.262968,1010.1394,1013.8012,1017.6515,1019.9407,1022.2299,1026.0802,1029.742
2026-09-01 09:00:00+00:00,2026-09-02 09:00:00+00:00,live,dwd_forecast,2026-09-01 09:16:47.872006+00:00,1c7a531768d8,2b1bd401ef0f,17.519497,18.070452,18.671104,19.035192,19.399279,19.999933,20.550888,12.806468,15.544624,18.839573,20.94276,23.045948,26.340897,29.079056,1009.48755,1013.2787,1017.2783,1019.66064,1022.04297,1026.0426,1029.8337
2026-09-01 09:00:00+00:00,2026-09-02 10:00:00+00:00,live,dwd_forecast,2026-09-01 09:16:47.872006+00:00,1c7a531768d8,2b1bd401ef0f,17.622879,18.194656,18.821087,19.201792,19.582497,20.20893,20.780704,13.236839,16.143217,19.680195,21.951017,24.22184,27.758816,30.665195,1008.87036,1012.7502,1016.8552,1019.30414,1021.75305,1025.8582,1029.7379
2026-09-01 09:00:00+00:00,2026-09-02 11:00:00+00:00,live,dwd_forecast,2026-09-01 09:16:47.872006+00:00,1c7a531768d8,2b1bd401ef0f,17.742115,18.33057,18.977095,19.370598,19.764101,20.410625,20.99908,13.378675,16.47213,20.288288,22.75554,25.222794,29.038952,32.13241,1008.1381,1012.1143,1016.3771,1018.938,1021.4989,1025.7616,1029.7378
2026-09-01 09:00:00+00:00,2026-09-02 12:00:00+00:00,live,dwd_forecast,2026-09-01 09:16:47.872006+00:00,1c7a531768d8,2b1bd401ef0f,17.78788,18.403793,19.08662,19.504204,19.92179,20.604614,21.220528,13.439153,16.671797,20.679613,23.277424,25.875237,29.883049,33.1157,1007.5375,1011.6375,1016.0185,1018.64575,1021.273,1025.654,1029.754
2026-09-01 09:00:00+00:00,2026-09-02 13:00:00+00:00,live,dwd_forecast,2026-09-01 09:16:47.872006+00:00,1c7a531768d8,2b1bd401ef0f,17.883596,18.503214,19.19801,19.625473,20.052935,20.74773,21.36735,13.313661,16.609642,20.711811,23.376045,26.040283,30.142448,33.438435,1006.9019,1011.1012,1015.62756,1018.3547,1021.0817,1025.608,1029.8074
2026-09-01 09:00:00+00:00,2026-09-02 14:00:00+00:00,live,dwd_forecast,2026-09-01 09:16:47.872006+00:00,1c7a531768d8,2b1bd401ef0f,17.930723,18.570526,19.289902,19.733116,20.176332,20.895708,21.535513,13.23287,16.5236,20.607895,23.256756,25.905617,29.98991,33.280643,1006.40845,1010.7419,1015.39343,1018.18976,1020.9861,1025.6376,1029.9711
2026-09-01 09:00:00+00:00,2026-09-02 15:00:00+00:00,live,dwd_forecast,2026-09-01 09:16:47.872006+00:00,1c7a531768d8,2b1bd401ef0f,17.92594,18.579945,19.323973,19.785212,20.246452,20.99048,21.644485,13.033569,16.255733,20.270672,22.879807,25.48894,29.503878,32.726044,1006.1977,1010.58966,1015.3247,1018.178,1021.0312,1025.7662,1030.1582
2026-09-01 09:00:00+00:00,2026-09-02 16:00:00+00:00,live,dwd_forecast,2026-09-01 09:16:47.872006+00:00,1c7a531768d8,2b1bd401ef0f,17.958221,18.611662,19.358376,19.822365,20.286356,21.03307,21.686508,12.773537,15.918431,19.842405,22.394196,24.945986,28.869959,32.014854,1005.9978,1010.5129,1015.3538,1018.26227,1021.17065,1026.0116,1030.5267
2026-09-01 09:00:00+00:00,2026-09-02 17:00:00+00:00,live,dwd_forecast,2026-09-01 09:16:47.872006+00:00,1c7a531768d8,2b1bd401ef0f,17.945572,18.60255,19.357447,19.827873,20.2983,21.053196,21.710175,12.39367,15.502626,19.32263,21.787312,24.251991,28.071995,31.180954,1005.9661,1010.59674,1015.542,1018.5068,1021.4716,1026.4169,1031.0474
2026-09-01 09:00:00+00:00,2026-09-02 18:00:00+00:00,live,dwd_forecast,2026-09-01 09:16:47.872006+00:00,1c7a531768d8,2b1bd401ef0f,17.86592,18.53952,19.313593,19.795994,20.278395,21.052467,21.726068,12.18203,15.107011,18.712393,21.042393,23.372393,26.977772,29.902758,1006.15186,1010.79016,1015.7715,1018.7668,1021.76215,1026.7434,1031.3817
2026-09-01 09:00:00+00:00,2026-09-02 19:00:00+00:00,live,dwd_forecast,2026-09-01 09:16:47.872006+00:00,1c7a531768d8,2b1bd401ef0f,17.80766,18.476841,19.251165,19.73547,20.219774,20.994099,21.66328,11.736937,14.534864,17.97874,20.20275,22.426758,25.870636,28.668564,1006.30914,1011.0027,1016.0551,1019.0971,1022.13904,1027.1915,1031.885
2026-09-01 09:00:00+00:00,2026-09-02 20:00:00+00:00,live,dwd_forecast,2026-09-01 09:16:47.872006+00:00,1c7a531768d8,2b1bd401ef0f,17.720436,18.389664,19.164192,19.648672,20.133152,20.90768,21.576908,11.443514,14.100573,17.340143,19.422014,21.503885,24.743454,27.400513,1006.47766,1011.21344,1016.3221,1019.4013,1022.4805,1027.5892,1032.325
2026-09-01 09:00:00+00:00,2026-09-02 21:00:00+00:00,live,dwd_forecast,2026-09-01 09:16:47.872006+00:00,1c7a531768d8,2b1bd401ef0f,17.598888,18.258886,19.02389,19.502789,19.98169,20.746693,21.40669,11.014249,13.579206,16.681133,18.666204,20.651276,23.753204,26.318163,1006.4683,1011.27563,1016.4806,1019.62396,1022.7674,1027.9724,1032.7797
2026-09-01 09:00:00+00:00,2026-09-02 22:00:00+00:00,live,dwd_forecast,2026-09-01 09:16:47.872006+00:00,1c7a531768d8,2b1bd401ef0f,17.502113,18.15258,18.907711,19.380814,19.853918,20.609049,21.259516,10.783732,13.223528,16.144535,18.00413,19.863724,22.78473,25.224525,1006.43964,1011.3365,1016.5945,1019.7559,1022.91736,1028.1753,1033.0721
2026-09-01 09:00:00+00:00,2026-09-02 23:00:00+00:00,live,dwd_forecast,2026-09-01 09:16:47.872006+00:00,1c7a531768d8,2b1bd401ef0f,17.353228,18.001701,18.75322,19.223635,19.694052,20.445568,21.094044,10.394234,12.840634,15.704983,17.507536,19.31009,22.174437,24.62084,1006.289,1011.2623,1016.62195,1019.8508,1023.0797,1028.4393,1033.4127
2026-09-01 09:00:00+00:00,2026-09-03 00:00:00+00:00,live,dwd_forecast,2026-09-01 09:16:47.872006+00:00,1c7a531768d8,2b1bd401ef0f,17.236786,17.876127,18.614641,19.076128,19.537617,20.27613,20.915472,9.926479,12.40622,15.254105,17.028345,18.802584,21.650467,24.13021,1005.9771,1011.07733,1016.55273,1019.84454,1023.13635,1028.6117,1033.7119
2026-09-01 09:00:00+00:00,2026-09-03 01:00:00+00:00,live,dwd_forecast,2026-09-01 09:16:47.872006+00:00,1c7a531768d8,2b1bd401ef0f,17.167181,17.786358,18.503204,18.951683,19.400162,20.117008,20.736185,9.522672,11.997877,14.833174,16.59717,18.361166,21.196463,23.671669,1005.546,1010.80835,1016.4408,1019.82166,1023.2026,1028.835,1034.0973
2026-09-01 09:00:00+00:00,2026-09-03 02:00:00+00:00,live,dwd_forecast,2026-09-01 09:16:47.872006+00:00,1c7a531768d8,2b1bd401ef0f,17.079803,17.694153,18.39905,18.837986,19.276922,19.981817,20.596169,9.348746,11.801705,14.585131,16.30831,18.03149,20.814915,23.267874,1005.3056,1010.6227,1016.3168,1019.7356,1023.1545,1028.8486,1034.1656
2026-09-01 09:00:00+00:00,2026-09-03 03:00:00+00:00,live,dwd_forecast,2026-09-01 09:16:47.872006+00:00,1c7a531768d8,2b1bd401ef0f,17.006014,17.617186,18.318882,18.755972,19.193062,19.894758,20.505932,9.221985,11.687704,14.48842,16.22322,17.958021,20.758738,23.224457,1005.0944,1010.4933,1016.24915,1019.6968,1023.1444,1028.9003,1034.2992
2026-09-01 09:00:00+00:00,2026-09-03 04:00:00+00:00,live,dwd_forecast,2026-09-01 09:16:47.872006+00:00,1c7a531768d8,2b1bd401ef0f,16.975056,17.596046,18.303793,18.742958,19.182121,19.889868,20.51086,9.275253,11.767187,14.624014,16.402174,18.180336,21.03716,23.529099,1004.69604,1010.23206,1016.09125,1019.58716,1023.08307,1028.9423,1034.4783
2026-09-01 09:00:00+00:00,2026-09-03 05:00:00+00:00,live,dwd_forecast,2026-09-01 09:16:47.872006+00:00,1c7a531768d8,2b1bd401ef0f,17.01081,17.62896,18.332851,18.769423,19.205994,19.909883,20.528034,9.382086,11.988077,15.014566,16.911104,18.807644,21.834133,24.440126,1004.31616,1009.8955,1015.8631,1019.44385,1023.02454,1028.9922,1034.5715
2026-09-01 09:00:00+00:00,2026-09-03 06:00:00+00:00,live,dwd_forecast,2026-09-01 09:16:47.872006+00:00,1c7a531768d8,2b1bd401ef0f,17.079819,17.696363,18.399893,18.836716,19.273539,19.977066,20.593613,9.665867,12.363012,15.546295,17.557898,19.5695,22.75278,25.44993,1003.9206,1009.59143,1015.65845,1019.2993,1022.9402,1029.0072,1034.6781
2026-09-01 09:00:00+00:00,2026-09-03 07:00:00+00:00,live,dwd_forecast,2026-09-01 09:16:47.872006+00:00,1c7a531768d8,2b1bd401ef0f,17.193361,17.814756,18.524254,18.964924,19.405594,20.115091,20.736486,10.038576,12.934805,16.367672,18.541803,20.715935,24.1488,27.04503,1003.4799,1009.2252,1015.4091,1019.13214,1022.8551,1029.0391,1034.7843
2026-09-01 09:00:00+00:00,2026-09-03 08:00:00+00:00,live,dwd_forecast,2026-09-01 09:16:47.872006+00:00,1c7a531768d8,2b1bd401ef0f,17.290195,17.933111,18.667599,19.123926,19.580254,20.31474,20.957657,10.307866,13.411425,17.155539,19.548548,21.941559,25.68567,28.789232,1002.9281,1008.8034,1015.1046,1018.8909,1022.67725,1028.9784,1034.8538
2026-09-01 09:00:00+00:00,2026-09-03 09:00:00+00:00,live,dwd_forecast,2026-09-01 09:16:47.872006+00:00,1c7a531768d8,2b1bd401ef0f,17.427736,18.080423,18.82852,19.294104,19.759686,20.507784,21.160471,10.756295,14.043718,18.065788,20.655148,23.244507,27.266577,30.554,1002.4165,1008.35016,1014.77747,1018.6601,1022.54266,1028.97,1034.9037
2026-09-01 09:00:00+00:00,2026-09-03 10:00:00+00:00,live,dwd_forecast,2026-09-01 09:16:47.872006+00:00,1c7a531768d8,2b1bd401ef0f,17.539904,18.215014,18.991581,19.475786,19.95999,20.736557,21.411669,10.922108,14.4426775,18.80257,21.626963,24.451355,28.811249,32.331818,1001.832,1007.8748,1014.38135,1018.2994,1022.21735,1028.7239,1034.7667
2026-09-01 09:00:00+00:00,2026-09-03 11:00:00+00:00,live,dwd_forecast,2026-09-01 09:16:47.872006+00:00,1c7a531768d8,2b1bd401ef0f,17.659708,18.365625,19.177307,19.6833,20.189291,21.000973,21.70689,11.112317,14.811509,19.410357,22.395454,25.380552,29.9794,33.67859,1001.1936,1007.31757,1013.9754,1018.0051,1022.0349,1028.6927,1034.8168
2026-09-01 09:00:00+00:00,2026-09-03 12:00:00+00:00,live,dwd_forecast,2026-09-01 09:16:47.872006+00:00,1c7a531768d8,2b1bd401ef0f,17.801025,18.513798,19.33454,19.846563,20.35859,21.179329,21.892103,11.18524,15.032905,19.839933,22.96804,26.09615,30.903175,34.750843,1000.4243,1006.70685,1013.53204,1017.6613,1021.79065,1028.6158,1034.8984
2026-09-01 09:00:00+00:00,2026-09-03 13:00:00+00:00,live,dwd_forecast,2026-09-01 09:16:47.872006+00:00,1c7a531768d8,2b1bd401ef0f,17.911327,18.643776,19.488256,20.015444,20.542633,21.387114,22.119562,11.218501,15.113344,19.995943,23.178783,26.361624,31.244223,35.13907,1000.00256,1006.3145,1013.2086,1017.3916,1021.5746,1028.4686,1034.7806
2026-09-01 09:00:00+00:00,2026-09-03 14:00:00+00:00,live,dwd_forecast,2026-09-01 09:16:47.872006+00:00,1c7a531768d8,2b1bd401ef0f,17.977943,18.732014,19.600485,20.142345,20.684204,21.552675,22.306747,11.214569,15.069975,19.903736,23.05493,26.206123,31.039883,34.89529,999.7974,1006.17523,1013.0914,1017.2717,1021.452,1028.3682,1034.746
2026-09-01 09:00:00+00:00,2026-09-03 15:00:00+00:00,live,dwd_forecast,2026-09-01 09:16:47.872006+00:00,1c7a531768d8,2b1bd401ef0f,18.078367,18.834175,19.709276,20.256786,20.804298,21.6794,22.435207,11.069397,14.855747,19.596022,22.683975,25.771929,30.512203,34.298557,999.4966,1005.9526,1013.0022,1017.2789,1021.5556,1028.6052,1035.0613
2026-09-01 09:00:00+00:00,2026-09-03 16:00:00+00:00,live,dwd_forecast,2026-09-01 09:16:47.872006+00:00,1c7a531768d8,2b1bd401ef0f,18.117405,18.88222,19.768612,20.32347,20.878326,21.764719,22.529533,11.04449,14.673583,19.195967,22.134995,25.074024,29.596409,33.225502,999.38947,1005.9127,1013.0544,1017.393,1021.73157,1028.8733,1035.3965
2026-09-01 09:00:00+00:00,2026-09-03 17:00:00+00:00,live,dwd_forecast,2026-09-01 09:16:47.872006+00:00,1c7a531768d8,2b1bd401ef0f,18.139847,18.907068,19.79501,20.350433,20.905855,21.793797,22.56102,10.930686,14.386557,18.711914,21.52918,24.346449,28.671804,32.127674,999.6748,1006.1786,1013.25037,1017.53094,1021.81146,1028.8833,1035.3871
2026-09-01 09:00:00+00:00,2026-09-03 18:00:00+00:00,live,dwd_forecast,2026-09-01 09:16:47.872006+00:00,1c7a531768d8,2b1bd401ef0f,18.121897,18.892721,19.793282,20.359371,20.92546,21.826023,22.596848,10.748795,14.034258,18.13047,20.79321,23.45595,27.552162,30.837627,999.9841,1006.5068,1013.6386,1017.9682,1022.29785,1029.4297,1035.9524
2026-09-01 09:00:00+00:00,2026-09-03 19:00:00+00:00,live,dwd_forecast,2026-09-01 09:16:47.872006+00:00,1c7a531768d8,2b1bd401ef0f,18.088877,18.859016,19.757763,20.322382,20.887001,21.785748,22.555887,10.6007,13.687475,17.52835,20.022583,22.516815,26.357693,29.444468,1000.22504,1006.78564,1013.94025,1018.2777,1022.61523,1029.7698,1036.3304
2026-09-01 09:00:00+00:00,2026-09-03 20:00:00+00:00,live,dwd_forecast,2026-09-01 09:16:47.872006+00:00,1c7a531768d8,2b1bd401ef0f,18.01414,18.774834,19.667278,20.229488,20.791698,21.684141,22.444838,10.348748,13.2433,16.834522,19.163157,21.491789,25.083012,27.977562,1000.61743,1007.2126,1014.35596,1018.6709,1022.98584,1030.1292,1036.7244
2026-09-01 09:00:00+00:00,2026-09-03 21:00:00+00:00,live,dwd_forecast,2026-09-01 09:16:47.872006+00:00,1c7a531768d8,2b1bd401ef0f,17.886024,18.651287,19.546314,20.109241,20.672169,21.567196,22.33246,10.067565,12.825794,16.22311,18.417807,20.612505,24.009819,26.768051,1000.8997,1007.47455,1014.6236,1018.9509,1023.27826,1030.4274,1037.0022
2026-09-01 09:00:00+00:00,2026-09-03 22:00:00+00:00,live,dwd_forecast,2026-09-01 09:16:47.872006+00:00,1c7a531768d8,2b1bd401ef0f,17.790491,18.54461,19.423056,19.974396,20.525738,21.404184,22.158302,9.917849,12.540491,15.738679,17.79415,19.84962,23.047808,25.670452,1000.96967,1007.57916,1014.7548,1019.0948,1023.4347,1030.6104,1037.2198
2026-09-01 09:00:00+00:00,2026-09-03 23:00:00+00:00,live,dwd_forecast,2026-09-01 09:16:47.872006+00:00,1c7a531768d8,2b1bd401ef0f,17.617638,18.386211,19.27758,19.835756,20.393932,21.285301,22.053875,9.369738,11.99197,15.14359,17.154026,19.164463,22.316082,24.938318,1000.9042,1007.56305,1014.7932,1019.16626,1023.53937,1030.7695,1037.4283
2026-09-01 09:00:00+00:00,2026-09-04 00:00:00+00:00,live,dwd_forecast,2026-09-01 09:16:47.872006+00:00,1c7a531768d8,2b1bd401ef0f,17.543606,18.290424,19.159605,19.70488,20.250154,21.119333,21.866154,9.024445,11.582827,14.654806,16.61348,18.572155,21.644133,24.202518,1000.91785,1007.5762,1014.79694,1019.1616,1023.52625,1030.7471,1037.4054
2026-09-01 09:00:00+00:00,2026-09-04 01:00:00+00:00,live,dwd_forecast,2026-09-01 09:16:47.872006+00:00,1c7a531768d8,2b1bd401ef0f,17.47414,18.2087,19.054762,19.582657,20.110554,20.956614,21.691175,8.738162,11.285347,14.30704,16.221603,18.136168,21.157862,23.705048,1000.8643,1007.5534,1014.8271,1019.23004,1023.63293,1030.9066,1037.5957
2026-09-01 09:00:00+00:00,2026-09-04 02:00:00+00:00,live,dwd_forecast,2026-09-01 09:16:47.872006+00:00,1c7a531768d8,2b1bd401ef0f,17.340641,18.083374,18.93862,19.47217,20.005722,20.860968,21.6037,8.532198,11.077273,14.091771,16.000237,17.908703,20.9232,23.468277,1000.8356,1007.51715,1014.7778,1019.17114,1023.5645,1030.8251,1037.5067
2026-09-01 09:00:00+00:00,2026-09-04 03:00:00+00:00,live,dwd_forecast,2026-09-01 09:16:47.872006+00:00,1c7a531768d8,2b1bd401ef0f,17.305416,18.038647,18.881193,19.406252,19.931309,20.773855,21.507086,8.249418,10.891369,14.012712,15.98623,17.95975,21.08109,23.723045,1000.6927,1007.4362,1014.75183,1019.1745,1023.59717,1030.9127,1037.6564
2026-09-01 09:00:00+00:00,2026-09-04 04:00:00+00:00,live,dwd_forecast,2026-09-01 09:16:47.872006+00:00,1c7a531768d8,2b1bd401ef0f,17.31235,18.035185,18.858953,19.370094,19.881235,20.705002,21.427837,8.257433,10.96896,14.197294,16.246635,18.295975,21.52431,24.235838,1000.589,1007.36414,1014.7024,1019.1351,1023.5678,1030.9061,1037.6812
2026-09-01 09:00:00+00:00,2026-09-04 05:00:00+00:00,live,dwd_forecast,2026-09-01 09:16:47.872006+00:00,1c7a531768d8,2b1bd401ef0f,17.309538,18.037851,18.863794,19.374968,19.886139,20.712082,21.440397,8.395718,11.249219,14.645981,16.802036,18.95809,22.354853,25.208359,1000.63104,1007.3833,1014.7005,1019.12177,1023.54297,1030.8602,1037.6124
2026-09-01 09:00:00+00:00,2026-09-04 06:00:00+00:00,live,dwd_forecast,2026-09-01 09:16:47.872006+00:00,1c7a531768d8,2b1bd401ef0f,17.345345,18.087315,18.925606,19.443403,19.9612,20.799492,21.541464,8.756126,11.712515,15.266811,17.534462,19.802113,23.356411,26.312803,1000.74493,1007.4474,1014.67346,1019.02765,1023.3819,1030.6079,1037.3104
2026-09-01 09:00:00+00:00,2026-09-04 07:00:00+00:00,live,dwd_forecast,2026-09-01 09:16:47.872006+00:00,1c7a531768d8,2b1bd401ef0f,17.443804,18.19414,19.042074,19.565887,20.0897,20.937634,21.687971,9.052794,12.244225,16.09296,18.55238,21.0118,24.860535,28.051968,1000.35815,1007.1226,1014.42706,1018.83215,1023.23724,1030.5417,1037.3062
2026-09-01 09:00:00+00:00,2026-09-04 08:00:00+00:00,live,dwd_forecast,2026-09-01 09:16:47.872006+00:00,1c7a531768d8,2b1bd401ef0f,17.562067,18.317207,19.170822,19.698227,20.225632,21.079247,21.834389,9.59329,12.897155,16.954361,19.571323,22.188288,26.245491,29.549362,1000.2939,1007.06335,1014.34546,1018.7283,1023.11115,1030.3933,1037.1627
2026-09-01 09:00:00+00:00,2026-09-04 09:00:00+00:00,live,dwd_forecast,2026-09-01 09:16:47.872006+00:00,1c7a531768d8,2b1bd401ef0f,17.719488,18.480488,19.33862,19.868134,20.397646,21.25578,22.016779,9.936615,13.482634,17.847628,20.666584,23.48554,27.850536,31.396553,999.9528,1006.7905,1014.1019,1018.4882,1022.8745,1030.1859,1037.0236
2026-09-01 09:00:00+00:00,2026-09-04 10:00:00+00:00,live,dwd_forecast,2026-09-01 09:16:47.872006+00:00,1c7a531768d8,2b1bd401ef0f,17.8747,18.647999,19.524742,20.067282,20.609823,21.486565,22.259865,10.28618,14.005201,18.62726,21.62695,24.626637,29.248695,32.96772,999.86957,1006.6225,1013.8552,1018.1981,1022.5411,1029.7738,1036.5267
2026-09-01 09:00:00+00:00,2026-09-04 11:00:00+00:00,live,dwd_forecast,2026-09-01 09:16:47.872006+00:00,1c7a531768d8,2b1bd401ef0f,17.993338,18.787931,19.692715,20.253876,20.815035,21.719818,22.514412,10.470126,14.396774,19.298899,22.487701,25.676506,30.57863,34.50528,999.1018,1006.0326,1013.4066,1017.8187,1022.2309,1029.6049,1036.5356
2026-09-01 09:00:00+00:00,2026-09-04 12:00:00+00:00,live,dwd_forecast,2026-09-01 09:16:47.872006+00:00,1c7a531768d8,2b1bd401ef0f,18.11826,18.924969,19.844345,20.414816,20.985287,21.904663,22.711372,10.5883465,14.6432495,19.713758,23.01485,26.315943,31.386454,35.441353,999.02747,1005.91785,1013.22705,1017.5934,1021.9598,1029.2689,1036.1593
2026-09-01 09:00:00+00:00,2026-09-04 13:00:00+00:00,live,dwd_forecast,2026-09-01 09:16:47.872006+00:00,1c7a531768d8,2b1bd401ef0f,18.209347,19.036251,19.981586,20.569126,21.156664,22.102,22.928905,10.608748,14.720313,19.862753,23.21103,26.559307,31.701748,35.813316,999.0707,1005.9057,1013.1101,1017.3992,1021.6883,1028.8927,1035.7277
2026-09-01 09:00:00+00:00,2026-09-04 14:00:00+00:00,live,dwd_forecast,2026-09-01 09:16:47.872006+00:00,1c7a531768d8,2b1bd401ef0f,18.280018,19.119717,20.088943,20.694366,21.29979,22.269016,23.108715,10.372857,14.512692,19.702686,23.085999,26.469309,31.659302,35.79914,999.06915,1005.9023,1013.0687,1017.3238,1021.5789,1028.7454,1035.5785
2026-09-01 09:00:00+00:00,2026-09-04 15:00:00+00:00,live,dwd_forecast,2026-09-01 09:16:47.872006+00:00,1c7a531768d8,2b1bd401ef0f,18.304066,19.168005,20.162727,20.783266,21.403803,22.398525,23.262466,10.351986,14.365278,19.395466,22.674208,25.952951,30.983139,34.996437,999.0,1005.8339,1013.0113,1017.276,1021.5407,1028.718,1035.552
2026-09-01 09:00:00+00:00,2026-09-04 16:00:00+00:00,live,dwd_forecast,2026-09-01 09:16:47.872006+00:00,1c7a531768d8,2b1bd401ef0f,18.307943,19.18674,20.203587,20.839565,21.475546,22.492392,23.37119,10.148929,14.04109,18.928873,22.11794,25.307009,30.194794,34.086956,999.0246,1005.883,1013.1038,1017.4001,1021.6963,1028.9171,1035.7755
2026-09-01 09:00:00+00:00,2026-09-04 17:00:00+00:00,live,dwd_forecast,2026-09-01 09:16:47.872006+00:00,1c7a531768d8,2b1bd401ef0f,18.332136,19.215296,20.235552,20.87313,21.51071,22.530966,23.414127,9.996714,13.755642,18.453953,21.512028,24.570105,29.268414,33.027344,999.3527,1006.1803,1013.348,1017.6061,1021.86414,1029.0319,1035.8594
2026-09-01 09:00:00+00:00,2026-09-04 18:00:00+00:00,live,dwd_forecast,2026-09-01 09:16:47.872006+00:00,1c7a531768d8,2b1bd401ef0f,18.25004,19.152927,20.197079,20.84995,21.502823,22.546974,23.449862,9.891421,13.438718,17.88829,20.789728,23.691166,28.14074,31.688036,999.3208,1006.3427,1013.6138,1017.9013,1022.1889,1029.46,1036.4818
2026-09-01 09:00:00+00:00,2026-09-04 19:00:00+00:00,live,dwd_forecast,2026-09-01 09:16:47.872006+00:00,1c7a531768d8,2b1bd401ef0f,18.215382,19.116632,20.160593,20.8139,21.467205,22.511166,23.412418,9.613128,13.00323,17.216764,19.951416,22.68607,26.899605,30.28971,999.7451,1006.8087,1014.02496,1018.2494,1022.4738,1029.6901,1036.7537
2026-09-01 09:00:00+00:00,2026-09-04 20:00:00+00:00,live,dwd_forecast,2026-09-01 09:16:47.872006+00:00,1c7a531768d8,2b1bd401ef0f,18.14217,19.041777,20.078915,20.726355,21.373795,22.410933,23.31054,9.409972,12.6199875,16.599829,19.179525,21.759222,25.739065,28.949081,999.80646,1006.9969,1014.2957,1018.5537,1022.8117,1030.1105,1037.301
2026-09-01 09:00:00+00:00,2026-09-04 21:00:00+00:00,live,dwd_forecast,2026-09-01 09:16:47.872006+00:00,1c7a531768d8,2b1bd401ef0f,18.04592,18.93365,19.956533,20.594893,21.233252,22.256136,23.143864,9.171126,12.234301,16.000753,18.431778,20.8628,24.629255,27.692429,1000.1912,1007.2646,1014.49347,1018.7262,1022.9589,1030.1877,1037.2611
2026-09-01 09:00:00+00:00,2026-09-04 22:00:00+00:00,live,dwd_forecast,2026-09-01 09:16:47.872006+00:00,1c7a531768d8,2b1bd401ef0f,17.885223,18.788116,19.820244,20.461699,21.103153,22.13528,23.038174,9.104001,12.009578,15.543924,17.812515,20.081106,23.615452,26.52103,1000.3912,1007.39355,1014.6133,1018.8608,1023.1083,1030.328,1037.3303
2026-09-01 09:00:00+00:00,2026-09-04 23:00:00+00:00,live,dwd_forecast,2026-09-01 09:16:47.872006+00:00,1c7a531768d8,2b1bd401ef0f,17.761581,18.660742,19.677912,20.306616,20.935318,21.952488,22.851648,8.770339,11.611324,15.02459,17.201508,19.378424,22.791689,25.632677,1000.2915,1007.46606,1014.7426,1018.9857,1023.22876,1030.5054,1037.6799
2026-09-01 09:00:00+00:00,2026-09-05 00:00:00+00:00,live,dwd_forecast,2026-09-01 09:16:47.872006+00:00,1c7a531768d8,2b1bd401ef0f,17.587746,18.493248,19.510216,20.13641,20.762604,21.779572,22.685074,8.4153805,11.208448,14.550064,16.676659,18.803253,22.144869,24.937937,1000.2891,1007.4061,1014.6875,1018.9534,1023.21936,1030.5007,1037.6177
2026-09-01 09:00:00+00:00,2026-09-05 01:00:00+00:00,live,dwd_forecast,2026-09-01 09:16:47.872006+00:00,1c7a531768d8,2b1bd401ef0f,17.50725,18.399529,19.389685,19.995523,20.601362,21.591518,22.483795,8.073456,10.84982,14.1298275,16.203615,18.277403,21.557411,24.333775,1000.55853,1007.58734,1014.7879,1019.00946,1023.231,1030.4316,1037.4604
2026-09-01 09:00:00+00:00,2026-09-05 02:00:00+00:00,live,dwd_forecast,2026-09-01 09:16:47.872006+00:00,1c7a531768d8,2b1bd401ef0f,17.351534,18.25399,19.253544,19.864521,20.475498,21.475054,22.37751,7.77322,10.562248,13.859416,15.944778,18.03014,21.327309,24.116339,1000.41516,1007.51447,1014.7371,1018.9558,1023.17456,1030.3972,1037.4965
2026-09-01 09:00:00+00:00,2026-09-05 03:00:00+00:00,live,dwd_forecast,2026-09-01 09:16:47.872006+00:00,1c7a531768d8,2b1bd401ef0f,17.304373,18.199245,19.18411,19.784084,20.384058,21.368923,22.263798,7.577733,10.449829,13.810143,15.92401,18.037878,21.398191,24.270288,1000.5245,1007.52625,1014.71747,1018.9394,1023.1613,1030.3525,1037.3544
2026-09-01 09:00:00+00:00,2026-09-05 04:00:00+00:00,live,dwd_forecast,2026-09-01 09:16:47.872006+00:00,1c7a531768d8,2b1bd401ef0f,17.232662,18.142338,19.136683,19.740246,20.34381,21.338154,22.24783,7.5211353,10.460432,13.927099,16.116993,18.306885,21.773552,24.71285,1000.6922,1007.6966,1014.84125,1019.0203,1023.1994,1030.344,1037.3484
2026-09-01 09:00:00+00:00,2026-09-05 05:00:00+00:00,live,dwd_forecast,2026-09-01 09:16:47.872006+00:00,1c7a531768d8,2b1bd401ef0f,17.164503,18.094593,19.11047,19.726852,20.343235,21.359112,22.289204,7.694663,10.720966,14.320347,16.604002,18.887657,22.487038,25.513344,1000.3513,1007.44165,1014.6423,1018.844,1023.0458,1030.2463,1037.3367
2026-09-01 09:00:00+00:00,2026-09-05 06:00:00+00:00,live,dwd_forecast,2026-09-01 09:16:47.872006+00:00,1c7a531768d8,2b1bd401ef0f,17.159348,18.098452,19.132902,19.763374,20.393847,21.428295,22.367401,7.8754816,11.062645,14.890312,17.331028,19.771744,23.599411,26.78658,1000.628,1007.58813,1014.66174,1018.791,1022.9202,1029.9938,1036.954
2026-09-01 09:00:00+00:00,2026-09-05 07:00:00+00:00,live,dwd_forecast,2026-09-01 09:16:47.872006+00:00,1c7a531768d8,2b1bd401ef0f,17.161997,18.129328,19.193819,19.842264,20.49071,21.5552,22.522532,8.110076,11.516568,15.638315,18.276716,20.91512,25.036865,28.443361,1000.25885,1007.2967,1014.46155,1018.648,1022.8344,1029.9993,1037.0371
2026-09-01 09:00:00+00:00,2026-09-05 08:00:00+00:00,live,dwd_forecast,2026-09-01 09:16:47.872006+00:00,1c7a531768d8,2b1bd401ef0f,17.24905,18.218107,19.293268,19.951054,20.60884,21.684002,22.65306,8.535456,12.152054,16.553745,19.379868,22.20599,26.607681,30.224281,1000.0376,1007.1027,1014.26526,1018.44086,1022.61646,1029.7789,1036.8441
2026-09-01 09:00:00+00:00,2026-09-05 09:00:00+00:00,live,dwd_forecast,2026-09-01 09:16:47.872006+00:00,1c7a531768d8,2b1bd401ef0f,17.395714,18.35582,19.431875,20.093725,20.755575,21.831629,22.791735,8.945489,12.740759,17.440773,20.485485,23.530197,28.230213,32.025486,999.7384,1006.85693,1014.02216,1018.18317,1022.3442,1029.5094,1036.6279
2026-09-01 15:00:00+00:00,2026-09-01 16:00:00+00:00,live,dwd_forecast,2026-09-01 15:50:21.022954+00:00,1c7a531768d8,73b18747c03d,19.63182640075684,19.82489585876465,20.03929710388184,20.170528411865234,20.301761627197266,20.51616096496582,20.709230422973636,20.89167213439941,22.053672790527344,23.31039428710937,24.068920135498047,24.82744598388672,26.08416748046875,27.24616813659668,1017.3436279296876,1018.1419067382812,1019.0509033203124,1019.6146240234376,1020.1784057617188,1021.0873413085938,1021.8856811523438
2026-09-01 15:00:00+00:00,2026-09-01 17:00:00+00:00,live,dwd_forecast,2026-09-01 15:50:21.022954+00:00,1c7a531768d8,73b18747c03d,19.53843879699707,19.76467704772949,20.01043701171875,20.159120559692383,20.307804107666016,20.553564071655277,20.77980232238769,19.77679443359375,21.23629570007324,22.713787078857425,23.57445907592773,24.43512916564941,25.912620544433597,27.37212371826172,1017.40185546875,1018.3211669921876,1019.3573608398438,1019.9965209960938,1020.6357421875,1021.671875,1022.5911865234376
2026-09-01 15:00:00+00:00,2026-09-01 18:00:00+00:00,live,dwd_forecast,2026-09-01 15:50:21.022954+00:00,1c7a531768d8,73b18747c03d,19.38004302978516,19.644371032714844,19.931297302246094,20.104814529418945,20.27833366394043,20.565258026123047,20.829587936401367,18.59774780273437,20.18745422363281,21.83233070373535,22.801898956298828,23.771465301513672,25.41634178161621,27.00605010986328,1017.5274047851562,1018.6121826171876,1019.8284912109376,1020.5767822265624,1021.3250732421876,1022.5413818359376,1023.6261596679688
2026-09-01 15:00:00+00:00,2026-09-01 19:00:00+00:00,live,dwd_forecast,2026-09-01 15:50:21.022954+00:00,1c7a531768d8,73b18747c03d,19.229496002197266,19.52296257019043,19.841686248779297,20.03449058532715,20.227296829223636,20.5460205078125,20.839487075805664,17.34782600402832,18.924110412597656,20.64727020263672,21.693269729614254,22.73927116394043,24.46242904663086,26.038715362548828,1017.8118896484376,1019.0390625,1020.3916625976562,1021.21630859375,1022.0409545898438,1023.3935546875,1024.6207275390625
2026-09-01 15:00:00+00:00,2026-09-01 20:00:00+00:00,live,dwd_forecast,2026-09-01 15:50:21.022954+00:00,1c7a531768d8,73b18747c03d,19.077682495117188,19.388959884643555,19.73148727416992,19.94013786315918,20.14878845214844,20.491315841674805,20.80259323120117,16.063199996948242,17.677047729492188,19.51629447937012,20.657548904418945,21.79880142211914,23.63804817199707,25.25189781188965,1018.083251953125,1019.4385375976562,1020.9180297851562,1021.8154296875,1022.7128295898438,1024.1922607421875,1025.547607421875
2026-09-01 15:00:00+00:00,2026-09-01 21:00:00+00:00,live,dwd_forecast,2026-09-01 15:50:21.022954+00:00,1c7a531768d8,73b18747c03d,18.88558578491211,19.21361351013184,19.584264755249023,19.81321907043457,20.04217338562012,20.412824630737305,20.74085235595703,14.927118301391602,16.538232803344727,18.410839080810547,19.58479881286621,20.758760452270508,22.631366729736328,24.242481231689453,1018.3319702148438,1019.7922973632812,1021.3815307617188,1022.3439331054688,1023.3063354492188,1024.8956298828125,1026.3558349609375
2026-09-01 15:00:00+00:00,2026-09-01 22:00:00+00:00,live,dwd_forecast,2026-09-01 15:50:21.022954+00:00,1c7a531768d8,73b18747c03d,18.665170669555664,19.01093864440918,19.40712547302246,19.65365219116211,19.90018081665039,20.296367645263672,20.642135620117188,14.066579818725586,15.697553634643556,17.61214828491211,18.818649291992188,20.025150299072266,21.93974494934082,23.570720672607425,1018.2650146484376,1019.9074096679688,1021.6686401367188,1022.7268676757812,1023.7850341796876,1025.5462646484375,1027.188720703125
2026-09-01 15:00:00+00:00,2026-09-01 23:00:00+00:00,live,dwd_forecast,2026-09-01 15:50:21.022954+00:00,1c7a531768d8,73b18747c03d,18.407468795776367,18.781227111816406,19.207639694213867,19.472373962402344,19.73710823059082,20.16351890563965,20.53727912902832,13.48139762878418,15.13250732421875,17.07406234741211,18.29864501953125,19.52322578430176,21.46478080749512,23.11589241027832,1018.1083374023438,1019.9306030273438,1021.8494873046876,1022.9912109375,1024.133056640625,1026.0518798828125,1027.8741455078125
2026-09-01 15:00:00+00:00,2026-09-02 00:00:00+00:00,live,dwd_forecast,2026-09-01 15:50:21.022954+00:00,1c7a531768d8,73b18747c03d,18.17400360107422,18.566390991210938,19.012012481689453,19.288009643554688,19.56400680541992,20.009626388549805,20.402013778686523,12.776813507080078,14.571880340576172,16.65892219543457,17.967517852783203,19.27611351013184,21.3631534576416,23.158222198486328,1018.071533203125,1019.9599609375,1021.9478759765624,1023.1305541992188,1024.313232421875,1026.30126953125,1028.1895751953125
2026-09-01 15:00:00+00:00,2026-09-02 01:00:00+00:00,live,dwd_forecast,2026-09-01 15:50:21.022954+00:00,1c7a531768d8,73b18747c03d,17.96595001220703,18.3721866607666,18.836912155151367,19.12584686279297,19.41478157043457,19.87950897216797,20.28574562072754,12.225296020507812,14.113683700561523,16.27144432067871,17.612171173095703,18.952896118164062,21.11065673828125,22.99904441833496,1017.775146484375,1019.8125610351562,1021.934814453125,1023.1903076171876,1024.44580078125,1026.5679931640625,1028.6053466796875
2026-09-01 15:00:00+00:00,2026-09-02 02:00:00+00:00,live,dwd_forecast,2026-09-01 15:50:21.022954+00:00,1c7a531768d8,73b18747c03d,17.761062622070312,18.180679321289062,18.660327911376957,18.95841217041016,19.256498336791992,19.73614501953125,20.155763626098636,11.730161666870115,13.739904403686523,16.004627227783203,17.401582717895508,18.79853820800781,21.06326103210449,23.07300567626953,1017.3931884765624,1019.5753784179688,1021.8479614257812,1023.192138671875,1024.536376953125,1026.8089599609375,1028.9910888671875
2026-09-01 15:00:00+00:00,2026-09-02 03:00:00+00:00,live,dwd_forecast,2026-09-01 15:50:21.022954+00:00,1c7a531768d8,73b18747c03d,17.597349166870117,18.03035926818848,18.52533721923828,18.832956314086918,19.140575408935547,19.63555335998535,20.06856346130371,11.31661319732666,13.406904220581056,15.752614974975586,17.19636344909668,18.640111923217773,20.985822677612305,23.076114654541016,1017.23974609375,1019.4900512695312,1021.8490600585938,1023.2493896484376,1024.6497802734375,1027.0087890625,1029.259033203125
2026-09-01 15:00:00+00:00,2026-09-02 04:00:00+00:00,live,dwd_forecast,2026-09-01 15:50:21.022954+00:00,1c7a531768d8,73b18747c03d,17.535572052001953,17.962303161621094,18.451210021972656,18.755420684814453,19.059629440307617,19.54853630065918,19.97526741027832,11.24785041809082,13.414556503295898,15.845985412597656,17.342479705810547,18.83897399902344,21.27040100097656,23.437108993530277,1016.902587890625,1019.2943725585938,1021.7984008789062,1023.2837524414062,1024.76904296875,1027.273193359375,1029.6649169921875
2026-09-01 15:00:00+00:00,2026-09-02 05:00:00+00:00,live,dwd_forecast,2026-09-01 15:50:21.022954+00:00,1c7a531768d8,73b18747c03d,17.47843360900879,17.924022674560547,18.42858123779297,18.74060440063477,19.05262756347656,19.557186126708984,20.002775192260746,11.170204162597656,13.429489135742188,15.977001190185549,17.548908233642578,19.120813369750977,21.66832733154297,23.9276123046875,1016.5380859375,1019.0291748046876,1021.6589965820312,1023.2258911132812,1024.7928466796875,1027.422607421875,1029.9136962890625
2026-09-01 15:00:00+00:00,2026-09-02 06:00:00+00:00,live,dwd_forecast,2026-09-01 15:50:21.022954+00:00,1c7a531768d8,73b18747c03d,17.542530059814453,17.994029998779297,18.50263786315918,18.816307067871094,19.129976272583008,19.63858413696289,20.090085983276367,11.591362953186035,13.898577690124512,16.5283145904541,18.16015625,19.7919979095459,22.42173385620117,24.72895050048828,1016.0205688476562,1018.6378784179688,1021.3825073242188,1023.0120849609376,1024.6416015625,1027.38623046875,1030.0035400390625
2026-09-01 15:00:00+00:00,2026-09-02 07:00:00+00:00,live,dwd_forecast,2026-09-01 15:50:21.022954+00:00,1c7a531768d8,73b18747c03d,17.646883010864258,18.098575592041016,18.603214263916016,18.913084030151367,19.22295570373535,19.72759246826172,20.17928695678711,11.962930679321287,14.393070220947266,17.20894432067871,18.971416473388672,20.73388671875,23.549760818481445,25.979900360107425,1015.5706787109376,1018.2574462890624,1021.1058349609376,1022.8068237304688,1024.5078125,1027.356201171875,1030.04296875
2026-09-01 15:00:00+00:00,2026-09-02 08:00:00+00:00,live,dwd_forecast,2026-09-01 15:50:21.022954+00:00,1c7a531768d8,73b18747c03d,17.784652709960938,18.247974395751957,18.762624740600582,19.077680587768555,19.39273452758789,19.907384872436523,20.37070846557617,12.65493106842041,15.159077644348145,18.128158569335938,20.00887680053711,21.88959503173828,24.85867691040039,27.36282539367676,1014.6695556640624,1017.5633544921876,1020.6083374023438,1022.41943359375,1024.2305908203125,1027.2755126953125,1030.1693115234375
2026-09-01 15:00:00+00:00,2026-09-02 09:00:00+00:00,live,dwd_forecast,2026-09-01 15:50:21.022954+00:00,1c7a531768d8,73b18747c03d,17.916839599609375,18.39764976501465,18.93176651000977,19.25875473022461,19.585742950439453,20.11985969543457,20.60066795349121,13.021121978759766,15.802390098571776,19.13695907592773,21.261402130126957,23.38584327697754,26.72041130065918,29.50168228149414,1013.9163818359376,1016.9824829101562,1020.192138671875,1022.0958862304688,1023.9996948242188,1027.2093505859375,1030.275390625
2026-09-01 15:00:00+00:00,2026-09-02 10:00:00+00:00,live,dwd_forecast,2026-09-01 15:50:21.022954+00:00,1c7a531768d8,73b18747c03d,18.06243324279785,18.565189361572266,19.11811828613281,19.454835891723636,19.79155158996582,20.344480514526367,20.84723854064941,13.666494369506836,16.63232421875,20.22703742980957,22.530105590820312,24.833171844482425,28.42788314819336,31.39371490478516,1012.9967041015624,1016.1834716796876,1019.54150390625,1021.5403442382812,1023.5391845703124,1026.8970947265625,1030.083984375
2026-09-01 15:00:00+00:00,2026-09-02 11:00:00+00:00,live,dwd_forecast,2026-09-01 15:50:21.022954+00:00,1c7a531768d8,73b18747c03d,18.229829788208008,18.748573303222656,19.318302154541016,19.66499710083008,20.01169204711914,20.581418991088867,21.10016441345215,14.178826332092283,17.297731399536133,21.125640869140625,23.59398078918457,26.06232261657715,29.89023208618164,33.00914001464844,1011.9920654296876,1015.3833618164062,1018.9378662109376,1021.0476684570312,1023.157470703125,1026.7120361328125,1030.103271484375
2026-09-01 15:00:00+00:00,2026-09-02 12:00:00+00:00,live,dwd_forecast,2026-09-01 15:50:21.022954+00:00,1c7a531768d8,73b18747c03d,18.36606788635254,18.89470100402832,19.47462272644043,19.82730865478516,20.17999267578125,20.759916305541992,21.28854751586914,14.4567232131958,17.677690505981445,21.66418838500977,24.245895385742188,26.82760238647461,30.814098358154297,34.03506851196289,1011.183349609375,1014.6312866210938,1018.2957153320312,1020.4869995117188,1022.6782836914062,1026.3427734375,1029.7906494140625
2026-09-01 15:00:00+00:00,2026-09-02 13:00:00+00:00,live,dwd_forecast,2026-09-01 15:50:21.022954+00:00,1c7a531768d8,73b18747c03d,18.47907066345215,19.01712989807129,19.60587310791016,19.96343421936035,20.320995330810547,20.909740447998047,21.447797775268555,14.44174861907959,17.791759490966797,21.965007781982425,24.67668914794922,27.38836669921875,31.56161499023437,34.91162872314453,1010.2386474609376,1013.8797607421876,1017.7227172851562,1020.0121459960938,1022.3015747070312,1026.14453125,1029.78564453125
2026-09-01 15:00:00+00:00,2026-09-02 14:00:00+00:00,live,dwd_forecast,2026-09-01 15:50:21.022954+00:00,1c7a531768d8,73b18747c03d,18.549470901489254,19.095882415771484,19.69886016845703,20.066713333129883,20.4345645904541,21.03754234313965,21.583955764770508,14.397607803344728,17.784465789794922,22.007272720336918,24.75237274169922,27.49747085571289,31.72027587890625,35.107139587402344,1009.7786865234376,1013.4073486328124,1017.2921752929688,1019.6243286132812,1021.9564819335938,1025.84130859375,1029.4700927734375
2026-09-01 15:00:00+00:00,2026-09-02 15:00:00+00:00,live,dwd_forecast,2026-09-01 15:50:21.022954+00:00,1c7a531768d8,73b18747c03d,18.55325126647949,19.12718391418457,19.76080703735352,20.147443771362305,20.534082412719727,21.167705535888672,21.74163818359375,14.293094635009766,17.646211624145508,21.828298568725582,24.54738044738769,27.26646041870117,31.44854736328125,34.801666259765625,1009.2529907226562,1012.9974365234376,1016.9982299804688,1019.3975219726562,1021.7967529296876,1025.797607421875,1029.5419921875
2026-09-01 15:00:00+00:00,2026-09-02 16:00:00+00:00,live,dwd_forecast,2026-09-01 15:50:21.022954+00:00,1c7a531768d8,73b18747c03d,18.5774040222168,19.15121459960937,19.7928409576416,20.187009811401367,20.5811767578125,21.222803115844727,21.796613693237305,14.0758638381958,17.338016510009766,21.3896484375,24.018260955810547,26.646873474121094,30.698501586914062,33.960662841796875,1009.144287109375,1012.921630859375,1016.9915161132812,1019.4430541992188,1021.8945922851562,1025.9644775390625,1029.7418212890625
2026-09-01 15:00:00+00:00,2026-09-02 17:00:00+00:00,live,dwd_forecast,2026-09-01 15:50:21.022954+00:00,1c7a531768d8,73b18747c03d,18.623260498046875,19.184600830078125,19.821422576904297,20.215621948242188,20.60982131958008,21.246641159057617,21.8079833984375,13.498781204223633,16.706005096435547,20.69312858581543,23.28113174438477,25.86913681030273,29.856260299682617,33.06348419189453,1009.0874633789062,1012.966552734375,1017.1510009765624,1019.6731567382812,1022.1952514648438,1026.3797607421875,1030.2587890625
2026-09-01 15:00:00+00:00,2026-09-02 18:00:00+00:00,live,dwd_forecast,2026-09-01 15:50:21.022954+00:00,1c7a531768d8,73b18747c03d,18.576465606689453,19.139293670654297,19.78315734863281,20.18346405029297,20.583770751953125,21.22763442993164,21.790462493896484,13.21739387512207,16.24510383605957,19.98433303833008,22.403240203857425,24.82214736938477,28.561378479003903,31.589088439941406,1009.1556396484376,1013.1204833984376,1017.3818969726562,1019.945556640625,1022.5091552734376,1026.7705078125,1030.7353515625
2026-09-01 15:00:00+00:00,2026-09-02 19:00:00+00:00,live,dwd_forecast,2026-09-01 15:50:21.022954+00:00,1c7a531768d8,73b18747c03d,18.52223777770996,19.08004570007324,19.72582626342773,20.129838943481445,20.53385162353516,21.179630279541016,21.737438201904297,12.946908950805664,15.726831436157228,19.131940841674805,21.32541847229004,23.518898010253903,26.92400550842285,29.703929901123047,1009.3778076171876,1013.408935546875,1017.7677001953124,1020.3982543945312,1023.0287475585938,1027.3875732421875,1031.4185791015625
2026-09-01 15:00:00+00:00,2026-09-02 20:00:00+00:00,live,dwd_forecast,2026-09-01 15:50:21.022954+00:00,1c7a531768d8,73b18747c03d,18.44847297668457,19.000200271606445,19.64297103881836,20.046422958374023,20.449874877929688,21.0926456451416,21.64437294006348,12.401193618774414,15.003251075744627,18.13573455810547,20.135650634765625,22.13556671142578,25.268051147460938,27.87010765075684,1009.6923828125,1013.7947387695312,1018.1957397460938,1020.8406372070312,1023.485595703125,1027.8865966796875,1031.989013671875
2026-09-01 15:00:00+00:00,2026-09-02 21:00:00+00:00,live,dwd_forecast,2026-09-01 15:50:21.022954+00:00,1c7a531768d8,73b18747c03d,18.312854766845703,18.87251281738281,19.52431297302246,19.93336296081543,20.34241104125977,20.99421119689941,21.55387115478516,12.053930282592772,14.48556137084961,17.39252471923828,19.241779327392575,21.09103202819824,23.997995376586918,26.429628372192383,1009.9691162109376,1014.1007690429688,1018.5717163085938,1021.2710571289062,1023.9703979492188,1028.44140625,1032.572998046875
2026-09-01 15:00:00+00:00,2026-09-02 22:00:00+00:00,live,dwd_forecast,2026-09-01 15:50:21.022954+00:00,1c7a531768d8,73b18747c03d,18.20399475097656,18.75457000732422,19.396934509277344,19.800437927246094,20.203941345214844,20.84630584716797,21.396881103515625,11.655315399169922,13.988693237304688,16.75631332397461,18.50975227355957,20.26319122314453,23.030811309814453,25.36418914794922,1009.8560180664062,1014.1331787109376,1018.7289428710938,1021.4932250976562,1024.2574462890625,1028.853271484375,1033.13037109375
2026-09-01 15:00:00+00:00,2026-09-02 23:00:00+00:00,live,dwd_forecast,2026-09-01 15:50:21.022954+00:00,1c7a531768d8,73b18747c03d,18.070180892944336,18.61341094970703,19.249122619628903,19.64907455444336,20.04902648925781,20.68474006652832,21.227970123291016,11.209771156311035,13.558975219726562,16.283401489257812,17.98940086364746,19.69540023803711,22.41982650756836,24.769031524658203,1009.7974243164062,1014.1812133789062,1018.892333984375,1021.7262573242188,1024.5601806640625,1029.2713623046875,1033.6551513671875
2026-09-01 15:00:00+00:00,2026-09-03 00:00:00+00:00,live,dwd_forecast,2026-09-01 15:50:21.022954+00:00,1c7a531768d8,73b18747c03d,17.906259536743164,18.45890998840332,19.10049819946289,19.50247001647949,19.90443992614746,20.54602813720703,21.098678588867188,10.941946029663086,13.269775390625,15.97166633605957,17.664287567138672,19.356908798217773,22.058799743652344,24.38663101196289,1009.8244018554688,1014.1964721679688,1018.928466796875,1021.7857055664062,1024.6429443359375,1029.3748779296875,1033.7469482421875
2026-09-01 15:00:00+00:00,2026-09-03 01:00:00+00:00,live,dwd_forecast,2026-09-01 15:50:21.022954+00:00,1c7a531768d8,73b18747c03d,17.796470642089844,18.34046936035156,18.973255157470703,19.370119094848636,19.76698112487793,20.39976501464844,20.94376564025879,10.408733367919922,12.834409713745115,15.614639282226562,17.34491729736328,19.0751953125,21.855424880981445,24.281103134155277,1009.5654907226562,1014.0230102539062,1018.8163452148438,1021.7006225585938,1024.5849609375,1029.378173828125,1033.8358154296875
2026-09-01 15:00:00+00:00,2026-09-03 02:00:00+00:00,live,dwd_forecast,2026-09-01 15:50:21.022954+00:00,1c7a531768d8,73b18747c03d,17.656005859375,18.20520782470703,18.838943481445312,19.234743118286133,19.630542755126957,20.264278411865234,20.813480377197266,9.956554412841797,12.478100776672363,15.358652114868164,17.148258209228516,18.937864303588867,21.818416595458984,24.339963912963867,1009.6255493164062,1014.07861328125,1018.8845825195312,1021.7821044921876,1024.6796875,1029.485595703125,1033.938720703125
2026-09-01 15:00:00+00:00,2026-09-03 03:00:00+00:00,live,dwd_forecast,2026-09-01 15:50:21.022954+00:00,1c7a531768d8,73b18747c03d,17.551944732666016,18.09950256347656,18.73010635375977,19.12354850769043,19.516990661621094,20.147594451904297,20.695152282714844,9.847723007202148,12.374141693115234,15.268671989440918,17.069705963134766,18.87074089050293,21.76527214050293,24.29169273376465,1009.4577026367188,1013.945068359375,1018.780029296875,1021.6924438476562,1024.6048583984375,1029.4398193359375,1033.92724609375
2026-09-01 15:00:00+00:00,2026-09-03 04:00:00+00:00,live,dwd_forecast,2026-09-01 15:50:21.022954+00:00,1c7a531768d8,73b18747c03d,17.49893569946289,18.046937942504883,18.67568588256836,19.06719970703125,19.45871353149414,20.08746337890625,20.63546371459961,9.804818153381348,12.354998588562012,15.3087158203125,17.157060623168945,19.00540351867676,21.95912170410156,24.50930404663086,1009.0623779296876,1013.62060546875,1018.5582885742188,1021.541015625,1024.5238037109375,1029.46142578125,1034.0196533203125
2026-09-01 15:00:00+00:00,2026-09-03 05:00:00+00:00,live,dwd_forecast,2026-09-01 15:50:21.022954+00:00,1c7a531768d8,73b18747c03d,17.462772369384766,18.0261287689209,18.67011070251465,19.07033348083496,19.470556259155277,20.114538192749023,20.67789459228516,9.84231948852539,12.55226707458496,15.679862022399902,17.63336944580078,19.586877822875977,22.714473724365234,25.42442321777344,1008.8256225585938,1013.425537109375,1018.4091796875,1021.4200439453124,1024.430908203125,1029.4146728515625,1034.0145263671875
2026-09-01 15:00:00+00:00,2026-09-03 06:00:00+00:00,live,dwd_forecast,2026-09-01 15:50:21.022954+00:00,1c7a531768d8,73b18747c03d,17.535709381103516,18.103670120239254,18.7514591217041,19.15357780456543,19.555694580078125,20.2034854888916,20.771446228027344,9.932233810424805,12.781177520751951,16.089197158813477,18.16195106506348,20.23470687866211,23.542724609375,26.39167022705078,1008.1238403320312,1012.898193359375,1018.0675048828124,1021.1893920898438,1024.311279296875,1029.4805908203125,1034.2550048828125
2026-09-01 15:00:00+00:00,2026-09-03 07:00:00+00:00,live,dwd_forecast,2026-09-01 15:50:21.022954+00:00,1c7a531768d8,73b18747c03d,17.621540069580078,18.202104568481445,18.8630485534668,19.27293586730957,19.68282127380371,20.34376716613769,20.924331665039062,10.204676628112791,13.18361473083496,16.71408462524414,18.94989013671875,21.185697555541992,24.71616744995117,27.695106506347656,1007.6226806640624,1012.4886474609376,1017.7462768554688,1020.9180908203124,1024.08984375,1029.3475341796875,1034.2135009765625
2026-09-01 15:00:00+00:00,2026-09-03 08:00:00+00:00,live,dwd_forecast,2026-09-01 15:50:21.022954+00:00,1c7a531768d8,73b18747c03d,17.758140563964844,18.349754333496094,19.024497985839844,19.44333839416504,19.862180709838867,20.536922454833984,21.128536224365234,10.591142654418944,13.769033432006836,17.575294494628906,19.998992919921875,22.422691345214844,26.228952407836918,29.40684509277344,1006.9769287109376,1011.9634399414062,1017.34716796875,1020.5936279296876,1023.840087890625,1029.2237548828125,1034.2103271484375
2026-09-01 15:00:00+00:00,2026-09-03 09:00:00+00:00,live,dwd_forecast,2026-09-01 15:50:21.022954+00:00,1c7a531768d8,73b18747c03d,17.90232276916504,18.511669158935547,19.207935333251957,19.64055824279785,20.07318115234375,20.76944732666016,21.378795623779297,11.15190601348877,14.51154899597168,18.58596992492676,21.197174072265625,23.80837631225586,27.88279914855957,31.242441177368164,1006.44775390625,1011.4408569335938,1016.897705078125,1020.209716796875,1023.521728515625,1028.9786376953125,1033.9716796875
2026-09-01 15:00:00+00:00,2026-09-03 10:00:00+00:00,live,dwd_forecast,2026-09-01 15:50:21.022954+00:00,1c7a531768d8,73b18747c03d,18.04078483581543,18.673866271972656,19.399171829223636,19.850465774536133,20.301759719848636,21.02706527709961,21.66014862060547,11.548036575317385,15.114469528198242,19.50322532653809,22.337064743041992,25.1709041595459,29.559659957885746,33.126094818115234,1005.6505737304688,1010.7066040039062,1016.2559814453124,1019.6317749023438,1023.007568359375,1028.5570068359375,1033.613037109375
2026-09-01 15:00:00+00:00,2026-09-03 11:00:00+00:00,live,dwd_forecast,2026-09-01 15:50:21.022954+00:00,1c7a531768d8,73b18747c03d,18.213321685791016,18.857112884521484,19.596904754638672,20.05793571472168,20.51896476745605,21.258758544921875,21.902549743652344,12.044792175292969,15.734123229980469,20.32778549194336,23.31187057495117,26.29595375061035,30.88961601257324,34.578948974609375,1004.7100219726562,1009.9202270507812,1015.65087890625,1019.1407470703124,1022.630615234375,1028.3612060546875,1033.571533203125
2026-09-01 15:00:00+00:00,2026-09-03 12:00:00+00:00,live,dwd_forecast,2026-09-01 15:50:21.022954+00:00,1c7a531768d8,73b18747c03d,18.355558395385746,19.01093864440918,19.76881980895996,20.24268341064453,20.71654891967773,21.47443008422852,22.129810333251957,12.256359100341797,16.063432693481445,20.829492568969727,23.93419075012207,27.038890838623047,31.80494880676269,35.61202621459961,1004.020263671875,1009.2970581054688,1015.1205444335938,1018.6734008789062,1022.2261962890624,1028.0496826171875,1033.3265380859375
2026-09-01 15:00:00+00:00,2026-09-03 13:00:00+00:00,live,dwd_forecast,2026-09-01 15:50:21.022954+00:00,1c7a531768d8,73b18747c03d,18.481143951416016,19.14078521728516,19.90857696533203,20.39027404785156,20.87196922302246,21.63976287841797,22.29940223693848,12.222002029418944,16.12466812133789,21.022022247314453,24.21613502502441,27.410249710083008,32.3076057434082,36.21027374267578,1003.2777709960938,1008.5670166015624,1014.47412109375,1018.1007080078124,1021.7272338867188,1027.6343994140625,1032.923583984375
2026-09-01 15:00:00+00:00,2026-09-03 14:00:00+00:00,live,dwd_forecast,2026-09-01 15:50:21.022954+00:00,1c7a531768d8,73b18747c03d,18.57767677307129,19.244295120239254,20.02359771728516,20.51362419128418,21.00365257263184,21.78295516967773,22.449573516845703,12.192028999328612,16.099964141845703,21.02762794494629,24.249420166015625,27.471214294433597,32.39887619018555,36.30681610107422,1002.8612060546876,1008.1484375,1014.1080932617188,1017.78466796875,1021.4613037109376,1027.4208984375,1032.708251953125
2026-09-01 15:00:00+00:00,2026-09-03 15:00:00+00:00,live,dwd_forecast,2026-09-01 15:50:21.022954+00:00,1c7a531768d8,73b18747c03d,18.65235710144043,19.3207950592041,20.10365867614746,20.59639549255371,21.08913230895996,21.871997833251957,22.540435791015625,12.26287841796875,16.087610244750977,20.913373947143555,24.069549560546875,27.225725173950195,32.051490783691406,35.876220703125,1002.5375366210938,1007.9092407226562,1013.93701171875,1017.64697265625,1021.35693359375,1027.384765625,1032.7564697265625
2026-09-01 15:00:00+00:00,2026-09-03 16:00:00+00:00,live,dwd_forecast,2026-09-01 15:50:21.022954+00:00,1c7a531768d8,73b18747c03d,18.66374397277832,19.33493995666504,20.12773895263672,20.62893867492676,21.130136489868164,21.92293739318848,22.594133377075195,12.009927749633787,15.722370147705078,20.423561096191406,23.50399398803711,26.58442687988281,31.28561782836914,34.99806213378906,1002.5592041015624,1007.9522094726562,1013.9324340820312,1017.5900268554688,1021.2476196289062,1027.227783203125,1032.620849609375
2026-09-01 15:00:00+00:00,2026-09-03 17:00:00+00:00,live,dwd_forecast,2026-09-01 15:50:21.022954+00:00,1c7a531768d8,73b18747c03d,18.70148277282715,19.36425399780273,20.147794723510746,20.64336585998535,21.138938903808597,21.9224796295166,22.585250854492188,11.81800937652588,15.375484466552734,19.853944778442383,22.77961158752441,25.70528030395508,30.183738708496094,33.74121856689453,1002.64599609375,1007.99853515625,1014.0423583984376,1017.7744140625,1021.5064086914062,1027.55029296875,1032.90283203125
2026-09-01 15:00:00+00:00,2026-09-03 18:00:00+00:00,live,dwd_forecast,2026-09-01 15:50:21.022954+00:00,1c7a531768d8,73b18747c03d,18.67879295349121,19.340801239013672,20.124494552612305,20.620506286621094,21.11651992797852,21.90021133422852,22.56222152709961,11.48395824432373,14.862751007080078,19.107072830200195,21.876708984375,24.64634704589844,28.890670776367188,32.26946258544922,1002.9069213867188,1008.3251342773438,1014.4288330078124,1018.1931762695312,1021.9574584960938,1028.0611572265625,1033.4793701171875
2026-09-01 15:00:00+00:00,2026-09-03 19:00:00+00:00,live,dwd_forecast,2026-09-01 15:50:21.022954+00:00,1c7a531768d8,73b18747c03d,18.620338439941406,19.286392211914062,20.07466506958008,20.57350730895996,21.072349548339844,21.86062240600586,22.52667617797852,11.083712577819824,14.255239486694336,18.22410774230957,20.808979034423828,23.39385032653809,27.36271858215332,30.53424835205078,1003.3674926757812,1008.7701416015624,1014.866455078125,1018.6294555664062,1022.3925170898438,1028.48876953125,1033.8914794921875
2026-09-01 15:00:00+00:00,2026-09-03 20:00:00+00:00,live,dwd_forecast,2026-09-01 15:50:21.022954+00:00,1c7a531768d8,73b18747c03d,18.59098243713379,19.243654251098636,20.016647338867188,20.506006240844727,20.995363235473636,21.768356323242188,22.421030044555664,10.945405960083008,13.829862594604492,17.417417526245117,19.74662399291992,22.075828552246094,25.66338157653809,28.547840118408203,1003.5291137695312,1009.0980224609376,1015.3145751953124,1019.1300659179688,1022.9456176757812,1029.162109375,1034.7310791015625
2026-09-01 15:00:00+00:00,2026-09-03 21:00:00+00:00,live,dwd_forecast,2026-09-01 15:50:21.022954+00:00,1c7a531768d8,73b18747c03d,18.514629364013672,19.163013458251957,19.932207107543945,20.419580459594727,20.906951904296875,21.676145553588867,22.32453155517578,10.409177780151367,13.139062881469728,16.506141662597656,18.682863235473636,20.85958480834961,24.22666549682617,26.9565486907959,1003.8126831054688,1009.3682250976562,1015.6292724609376,1019.4915161132812,1023.3538208007812,1029.6148681640625,1035.17041015625
2026-09-01 15:00:00+00:00,2026-09-03 22:00:00+00:00,live,dwd_forecast,2026-09-01 15:50:21.022954+00:00,1c7a531768d8,73b18747c03d,18.389989852905277,19.036928176879883,19.80609703063965,20.29401397705078,20.78192901611328,21.551097869873047,22.198036193847656,10.155022621154783,12.777420043945312,15.961023330688477,18.002410888671875,20.04379653930664,23.227399826049805,25.84979820251465,1004.0347290039062,1009.63427734375,1015.9380493164062,1019.8243408203124,1023.7106323242188,1030.014404296875,1035.614013671875
2026-09-01 15:00:00+00:00,2026-09-03 23:00:00+00:00,live,dwd_forecast,2026-09-01 15:50:21.022954+00:00,1c7a531768d8,73b18747c03d,18.26617431640625,18.911136627197266,19.673534393310547,20.155702590942383,20.63787269592285,21.4002685546875,22.04523277282715,9.75545597076416,12.340620040893556,15.485261917114258,17.503732681274414,19.52220344543457,22.666847229003903,25.252010345458984,1004.2794189453124,1009.8972778320312,1016.2261352539062,1020.12939453125,1024.0325927734375,1030.3614501953125,1035.9793701171875
2026-09-01 15:00:00+00:00,2026-09-04 00:00:00+00:00,live,dwd_forecast,2026-09-01 15:50:21.022954+00:00,1c7a531768d8,73b18747c03d,18.16866683959961,18.80647850036621,19.563085556030277,20.04247093200684,20.52185821533203,21.278465270996094,21.916275024414062,9.428304672241213,12.020411491394045,15.154062271118164,17.15907096862793,19.16407966613769,22.2977294921875,24.88983726501465,1004.2009887695312,1009.8645629882812,1016.2351684570312,1020.1610107421876,1024.0869140625,1030.45751953125,1036.1209716796875
2026-09-01 15:00:00+00:00,2026-09-04 01:00:00+00:00,live,dwd_forecast,2026-09-01 15:50:21.022954+00:00,1c7a531768d8,73b18747c03d,18.042097091674805,18.68086814880371,19.43264579772949,19.907018661499023,20.381391525268555,21.133169174194336,21.77194023132324,9.333843231201172,11.894033432006836,14.973773956298828,16.939241409301758,18.90471076965332,21.98444938659668,24.54464530944824,1004.2921142578124,1009.953857421875,1016.3115844726562,1020.2258911132812,1024.1402587890625,1030.4979248046875,1036.15966796875
2026-09-01 15:00:00+00:00,2026-09-04 02:00:00+00:00,live,dwd_forecast,2026-09-01 15:50:21.022954+00:00,1c7a531768d8,73b18747c03d,17.923721313476562,18.562686920166016,19.31450462341309,19.788841247558597,20.2631778717041,21.01499557495117,21.653961181640625,8.914670944213867,11.532119750976562,14.680248260498049,16.689199447631836,18.698150634765625,21.84627914428711,24.463727951049805,1004.3690795898438,1010.0240478515624,1016.361083984375,1020.2584838867188,1024.1558837890625,1030.4927978515625,1036.1478271484375
2026-09-01 15:00:00+00:00,2026-09-04 03:00:00+00:00,live,dwd_forecast,2026-09-01 15:50:21.022954+00:00,1c7a531768d8,73b18747c03d,17.839223861694336,18.47818756103516,19.223522186279297,19.691650390625,20.159780502319336,20.905113220214844,21.544078826904297,8.800930976867676,11.452262878417969,14.62225341796875,16.638954162597656,18.65565299987793,21.82564353942871,24.47697639465332,1004.37890625,1009.9793090820312,1016.3014526367188,1020.204833984375,1024.1082763671875,1030.430419921875,1036.03076171875
2026-09-01 15:00:00+00:00,2026-09-04 04:00:00+00:00,live,dwd_forecast,2026-09-01 15:50:21.022954+00:00,1c7a531768d8,73b18747c03d,17.773029327392578,18.42008781433105,19.17431259155273,19.64784812927246,20.121383666992188,20.875608444213867,21.522666931152344,8.76843547821045,11.493188858032228,14.738724708557127,16.79946517944336,18.860204696655277,22.10573959350586,24.830493927001957,1004.3697509765624,1009.956298828125,1016.2548217773438,1020.1410522460938,1024.0272216796875,1030.3258056640625,1035.9122314453125
2026-09-01 15:00:00+00:00,2026-09-04 05:00:00+00:00,live,dwd_forecast,2026-09-01 15:50:21.022954+00:00,1c7a531768d8,73b18747c03d,17.72713279724121,18.395273208618164,19.168643951416016,19.652433395385746,20.1362247467041,20.909595489501957,21.577735900878903,8.724553108215332,11.602638244628906,15.021697998046877,17.189624786376953,19.3575496673584,22.776609420776367,25.65469741821289,1004.142578125,1009.79150390625,1016.1428833007812,1020.0559692382812,1023.9690551757812,1030.3204345703125,1035.9693603515625
2026-09-01 15:00:00+00:00,2026-09-04 06:00:00+00:00,live,dwd_forecast,2026-09-01 15:50:21.022954+00:00,1c7a531768d8,73b18747c03d,17.775896072387695,18.445697784423828,19.221214294433597,19.7064151763916,20.19161796569824,20.967134475708008,21.63693618774414,8.749258995056152,11.770011901855469,15.406996726989746,17.729156494140625,20.051319122314453,23.68830299377441,26.709056854248047,1004.1448364257812,1009.7460327148438,1016.052490234375,1019.940673828125,1023.8289184570312,1030.13525390625,1035.736572265625
2026-09-01 15:00:00+00:00,2026-09-04 07:00:00+00:00,live,dwd_forecast,2026-09-01 15:50:21.022954+00:00,1c7a531768d8,73b18747c03d,17.8724308013916,18.55192756652832,19.335739135742188,19.825178146362305,20.314617156982425,21.09842872619629,21.77792739868164,8.87740707397461,12.139528274536133,16.078325271606445,18.59688377380371,21.115442276000977,25.054237365722656,28.31636428833008,1003.70751953125,1009.3681030273438,1015.777587890625,1019.7411499023438,1023.7047729492188,1030.1142578125,1035.77490234375
2026-09-01 15:00:00+00:00,2026-09-04 08:00:00+00:00,live,dwd_forecast,2026-09-01 15:50:21.022954+00:00,1c7a531768d8,73b18747c03d,17.948123931884766,18.65598487854004,19.47043228149414,19.97832489013672,20.486217498779297,21.3006649017334,22.008525848388672,9.05516529083252,12.615501403808594,16.957496643066406,19.748201370239254,22.53890609741211,26.88089942932129,30.441234588623047,1003.4447021484376,1009.0432739257812,1015.434326171875,1019.4033203125,1023.3723754882812,1029.7633056640625,1035.3619384765625
2026-09-01 15:00:00+00:00,2026-09-04 09:00:00+00:00,live,dwd_forecast,2026-09-01 15:50:21.022954+00:00,1c7a531768d8,73b18747c03d,18.08714485168457,18.814342498779297,19.65132522583008,20.173364639282227,20.69540405273437,21.53238677978516,22.25958633422852,9.32211208343506,13.16059684753418,17.885116577148438,20.93608856201172,23.987064361572266,28.71158218383789,32.550071716308594,1003.0330810546876,1008.6602783203124,1015.0695190429688,1019.045166015625,1023.0208129882812,1029.4300537109375,1035.0572509765625
2026-09-01 15:00:00+00:00,2026-09-04 10:00:00+00:00,live,dwd_forecast,2026-09-01 15:50:21.022954+00:00,1c7a531768d8,73b18747c03d,18.25729751586914,18.98997688293457,19.83369255065918,20.36006736755371,20.88644218444824,21.73015594482422,22.46283721923828,9.741620063781738,13.812768936157228,18.88504219055176,22.18110656738281,25.4771728515625,30.54944610595703,34.6205940246582,1002.2172241210938,1007.9781494140624,1014.5285034179688,1018.5880737304688,1022.6476440429688,1029.197998046875,1034.958984375
2026-09-01 15:00:00+00:00,2026-09-04 11:00:00+00:00,live,dwd_forecast,2026-09-01 15:50:21.022954+00:00,1c7a531768d8,73b18747c03d,18.39399719238281,19.142555236816406,20.005590438842773,20.54435539245605,21.083120346069336,21.946155548095703,22.69471549987793,10.119388580322266,14.388128280639648,19.731708526611328,23.21245574951172,26.69320678710937,32.03678512573242,36.30552673339844,1001.619873046875,1007.44384765625,1014.0592651367188,1018.1569213867188,1022.254638671875,1028.8699951171875,1034.6939697265625
2026-09-01 15:00:00+00:00,2026-09-04 12:00:00+00:00,live,dwd_forecast,2026-09-01 15:50:21.022954+00:00,1c7a531768d8,73b18747c03d,18.513172149658203,19.27980232238769,20.166269302368164,20.72051048278809,21.274751663208008,22.16121864318848,22.92784881591797,10.450833320617676,14.815227508544922,20.313684463500977,23.90708541870117,27.50048828125,32.99894332885742,37.36333847045898,1001.2108764648438,1006.9603881835938,1013.5100708007812,1017.5733032226562,1021.636474609375,1028.1861572265625,1033.9356689453125
2026-09-01 15:00:00+00:00,2026-09-04 13:00:00+00:00,live,dwd_forecast,2026-09-01 15:50:21.022954+00:00,1c7a531768d8,73b18747c03d,18.64723014831543,19.414196014404297,20.305400848388672,20.86403083801269,21.42266082763672,22.313865661621094,23.08083152770996,10.57237434387207,15.049330711364746,20.687145233154297,24.37078857421875,28.054431915283203,33.69224548339844,38.16920471191406,1000.877197265625,1006.645263671875,1013.193359375,1017.2481079101562,1021.3028564453124,1027.8509521484375,1033.6190185546875
2026-09-01 15:00:00+00:00,2026-09-04 14:00:00+00:00,live,dwd_forecast,2026-09-01 15:50:21.022954+00:00,1c7a531768d8,73b18747c03d,18.700387954711918,19.478900909423828,20.38256454467773,20.94869041442871,21.514816284179688,22.418481826782227,23.19699478149414,10.815730094909668,15.17221450805664,20.718494415283203,24.362567901611328,28.00664329528809,33.55292510986328,37.90940856933594,1000.6488647460938,1006.3988647460938,1012.9127197265624,1016.9418334960938,1020.9710083007812,1027.48486328125,1033.23486328125
2026-09-01 15:00:00+00:00,2026-09-04 15:00:00+00:00,live,dwd_forecast,2026-09-01 15:50:21.022954+00:00,1c7a531768d8,73b18747c03d,18.7622184753418,19.544620513916016,20.45176124572754,21.01972198486328,21.587684631347656,22.49482536315918,23.27722930908203,10.878214836120604,15.147001266479492,20.561410903930664,24.112083435058597,27.66275405883789,33.07716751098633,37.34595489501953,1000.868408203125,1006.5416259765624,1012.9376831054688,1016.8839721679688,1020.830322265625,1027.2264404296875,1032.899658203125
2026-09-01 15:00:00+00:00,2026-09-04 16:00:00+00:00,live,dwd_forecast,2026-09-01 15:50:21.022954+00:00,1c7a531768d8,73b18747c03d,18.805946350097656,19.57756996154785,20.476947784423828,21.041603088378903,21.606260299682617,22.505638122558597,23.277263641357425,10.912975311279297,15.000511169433594,20.182701110839844,23.58031463623047,26.97792625427246,32.160118103027344,36.247657775878906,1000.7607421875,1006.435791015625,1012.8512573242188,1016.8151245117188,1020.7789916992188,1027.1944580078125,1032.8695068359375
2026-09-01 15:00:00+00:00,2026-09-04 17:00:00+00:00,live,dwd_forecast,2026-09-01 15:50:21.022954+00:00,1c7a531768d8,73b18747c03d,18.808130264282227,19.57781410217285,20.481508255004883,21.05103302001953,21.62055969238281,22.524253845214844,23.29393768310547,10.848185539245604,14.741376876831056,19.66444396972656,22.887922286987305,26.111400604248047,31.03446578979492,34.92765808105469,1001.1517944335938,1006.81396484375,1013.1884765625,1017.1184692382812,1021.0485229492188,1027.4229736328125,1033.085205078125
2026-09-01 15:00:00+00:00,2026-09-04 18:00:00+00:00,live,dwd_forecast,2026-09-01 15:50:21.022954+00:00,1c7a531768d8,73b18747c03d,18.775171279907227,19.54340362548828,20.44815826416016,21.01926040649414,21.59036064147949,22.495115280151367,23.263347625732425,10.481194496154783,14.211297988891602,18.89724349975586,21.955175399780277,25.013107299804688,29.699052810668945,33.42915725708008,1001.2102661132812,1007.0045166015624,1013.4800415039062,1017.45703125,1021.4339599609376,1027.9095458984375,1033.7037353515625
2026-09-01 15:00:00+00:00,2026-09-04 19:00:00+00:00,live,dwd_forecast,2026-09-01 15:50:21.022954+00:00,1c7a531768d8,73b18747c03d,18.762454986572266,19.517763137817383,20.404163360595703,20.962656021118164,21.521148681640625,22.407548904418945,23.162857055664062,10.013463973999023,13.575322151184082,18.019437789916992,20.909433364868164,23.799427032470703,28.243541717529297,31.805404663085938,1002.2044067382812,1007.8098754882812,1014.08935546875,1017.95068359375,1021.8120727539062,1028.091552734375,1033.697021484375
2026-09-01 15:00:00+00:00,2026-09-04 20:00:00+00:00,live,dwd_forecast,2026-09-01 15:50:21.022954+00:00,1c7a531768d8,73b18747c03d,18.666492462158203,19.42376136779785,20.317949295043945,20.883153915405277,21.44835662841797,22.342544555664062,23.09981346130371,9.595643997192385,12.941532135009766,17.097482681274414,19.79388236999512,22.49028205871582,26.64623260498047,29.992122650146484,1002.3181762695312,1008.0918579101562,1014.4884643554688,1018.3989868164062,1022.3095092773438,1028.7061767578125,1034.4798583984375
2026-09-01 15:00:00+00:00,2026-09-04 21:00:00+00:00,live,dwd_forecast,2026-09-01 15:50:21.022954+00:00,1c7a531768d8,73b18747c03d,18.53622817993164,19.30170440673828,20.20200538635254,20.769899368286133,21.33779525756836,22.238096237182617,23.003572463989254,9.252424240112305,12.419530868530272,16.32895278930664,18.85730361938477,21.385652542114254,25.295076370239254,28.462182998657227,1002.8861694335938,1008.5781860351562,1014.9099731445312,1018.7891235351562,1022.6682739257812,1029.0001220703125,1034.692138671875
2026-09-01 15:00:00+00:00,2026-09-04 22:00:00+00:00,live,dwd_forecast,2026-09-01 15:50:21.022954+00:00,1c7a531768d8,73b18747c03d,18.41196060180664,19.17966651916504,20.0816593170166,20.650318145751957,21.218975067138672,22.120969772338867,22.888675689697266,8.986262321472168,11.994471549987791,15.702536582946776,18.09892463684082,20.495311737060547,24.20337677001953,27.21158790588379,1003.1515502929688,1008.9037475585938,1015.2845458984376,1019.1879272460938,1023.09130859375,1029.47216796875,1035.2242431640625
2026-09-01 15:00:00+00:00,2026-09-04 23:00:00+00:00,live,dwd_forecast,2026-09-01 15:50:21.022954+00:00,1c7a531768d8,73b18747c03d,18.2913875579834,19.05907821655273,19.95601272583008,20.519834518432617,21.08365631103516,21.980588912963867,22.748279571533203,8.706859588623047,11.709064483642578,15.351179122924805,17.685714721679688,20.02025032043457,23.662363052368164,26.664569854736328,1003.2278442382812,1009.0673828125,1015.4896240234376,1019.4005737304688,1023.3115234375,1029.7337646484375,1035.5733642578125
2026-09-01 15:00:00+00:00,2026-09-05 00:00:00+00:00,live,dwd_forecast,2026-09-01 15:50:21.022954+00:00,1c7a531768d8,73b18747c03d,18.12527084350586,18.904691696166992,19.8081111907959,20.37366104125977,20.939212799072266,21.84263229370117,22.622051239013672,8.34829044342041,11.313223838806152,14.923324584960938,17.241710662841797,19.560096740722656,23.170196533203125,26.135133743286133,1003.47119140625,1009.2736206054688,1015.6781005859376,1019.585693359375,1023.4932861328124,1029.8978271484375,1035.7001953125
2026-09-01 15:00:00+00:00,2026-09-05 01:00:00+00:00,live,dwd_forecast,2026-09-01 15:50:21.022954+00:00,1c7a531768d8,73b18747c03d,18.01156997680664,18.78354263305664,19.67506599426269,20.232105255126957,20.789142608642575,21.680665969848636,22.452638626098636,8.103865623474121,11.094325065612791,14.680919647216797,16.966323852539062,19.25172996520996,22.83832359313965,25.828784942626957,1003.4246215820312,1009.25732421875,1015.620361328125,1019.4785766601562,1023.3368530273438,1029.6998291015625,1035.5325927734375
2026-09-01 15:00:00+00:00,2026-09-05 02:00:00+00:00,live,dwd_forecast,2026-09-01 15:50:21.022954+00:00,1c7a531768d8,73b18747c03d,17.907825469970703,18.67445945739746,19.552356719970703,20.09845733642578,20.64455795288086,21.5224552154541,22.28908920288086,7.947300910949707,10.93002700805664,14.504409790039062,16.781063079833984,19.05771827697754,22.632099151611328,25.61482810974121,1003.6493530273438,1009.4074096679688,1015.7535400390624,1019.62255859375,1023.4915161132812,1029.837646484375,1035.595703125
2026-09-01 15:00:00+00:00,2026-09-05 03:00:00+00:00,live,dwd_forecast,2026-09-01 15:50:21.022954+00:00,1c7a531768d8,73b18747c03d,17.82095718383789,18.5831298828125,19.449377059936523,19.98611068725586,20.522844314575195,21.38909149169922,22.151264190673828,7.803738594055176,10.843476295471191,14.477274894714355,16.788848876953125,19.100421905517575,22.734220504760746,25.77396011352539,1003.4890747070312,1009.2634887695312,1015.6235961914062,1019.499755859375,1023.3759765625,1029.736083984375,1035.510498046875
2026-09-01 15:00:00+00:00,2026-09-05 04:00:00+00:00,live,dwd_forecast,2026-09-01 15:50:21.022954+00:00,1c7a531768d8,73b18747c03d,17.731746673583984,18.5117244720459,19.389453887939453,19.93047523498535,20.47149658203125,21.349225997924805,22.12920570373535,7.894529342651367,10.971664428710938,14.65638828277588,17.002403259277344,19.348419189453125,23.033143997192383,26.110280990600582,1003.5328979492188,1009.2839965820312,1015.6310424804688,1019.5032958984376,1023.3755493164062,1029.7225341796875,1035.4736328125
2026-09-01 15:00:00+00:00,2026-09-05 05:00:00+00:00,live,dwd_forecast,2026-09-01 15:50:21.022954+00:00,1c7a531768d8,73b18747c03d,17.670406341552734,18.469932556152344,19.36038398742676,19.906259536743164,20.452133178710938,21.34258460998535,22.142112731933597,7.864518165588379,11.074706077575684,14.911492347717283,17.35193634033203,19.79237937927246,23.629165649414062,26.83935546875,1003.4044799804688,1009.1715087890624,1015.5457153320312,1019.4376220703124,1023.32958984375,1029.703857421875,1035.4708251953125
2026-09-01 15:00:00+00:00,2026-09-05 06:00:00+00:00,live,dwd_forecast,2026-09-01 15:50:21.022954+00:00,1c7a531768d8,73b18747c03d,17.665971755981445,18.480440139770508,19.38483619689941,19.93839263916016,20.491947174072266,21.396345138549805,22.210813522338867,8.0852689743042,11.420412063598633,15.451722145080566,18.03087615966797,20.610031127929688,24.641342163085938,27.97648811340332,1003.0950927734376,1008.9288330078124,1015.3591918945312,1019.2797241210938,1023.2003173828124,1029.6307373046875,1035.4644775390625
2026-09-01 15:00:00+00:00,2026-09-05 07:00:00+00:00,live,dwd_forecast,2026-09-01 15:50:21.022954+00:00,1c7a531768d8,73b18747c03d,17.766843795776367,18.57508850097656,19.47022819519043,20.017358779907227,20.564489364624023,21.45962905883789,22.26787567138672,8.4264554977417,11.911531448364258,16.150999069213867,18.87225151062012,21.593505859375,25.83297348022461,29.318050384521484,1002.8965454101562,1008.7293701171876,1015.1854248046876,1019.13037109375,1023.0752563476562,1029.5313720703125,1035.3641357421875
2026-09-01 15:00:00+00:00,2026-09-05 08:00:00+00:00,live,dwd_forecast,2026-09-01 15:50:21.022954+00:00,1c7a531768d8,73b18747c03d,17.81692123413086,18.650150299072266,19.576950073242188,20.144723892211918,20.712499618530277,21.63929748535156,22.4725284576416,8.856819152832031,12.51158332824707,17.02313232421875,19.94095039367676,22.85876846313477,27.37031936645508,31.02508544921875,1002.387939453125,1008.2822265625,1014.80419921875,1018.7886962890624,1022.773193359375,1029.295166015625,1035.189453125
2026-09-01 15:00:00+00:00,2026-09-05 09:00:00+00:00,live,dwd_forecast,2026-09-01 15:50:21.022954+00:00,1c7a531768d8,73b18747c03d,17.88252067565918,18.747913360595703,19.714826583862305,20.308582305908203,20.90233612060547,21.869251251220703,22.734643936157227,8.963190078735352,12.944817543029783,17.877485275268555,21.073522567749023,24.26955986022949,29.202228546142575,33.18385696411133,1002.0367431640624,1007.9102783203124,1014.445556640625,1018.4498901367188,1022.4542236328124,1028.989501953125,1034.863037109375
2026-09-01 15:00:00+00:00,2026-09-05 10:00:00+00:00,live,dwd_forecast,2026-09-01 15:50:21.022954+00:00,1c7a531768d8,73b18747c03d,17.93984603881836,18.83949851989746,19.84423446655273,20.4610652923584,21.077896118164062,22.082630157470703,22.98228645324707,9.060351371765137,13.320627212524414,18.634416580200195,22.08938980102539,25.54436492919922,30.858152389526367,35.11842727661133,1001.6669921875,1007.5278930664062,1014.0326538085938,1018.0130004882812,1021.9933471679688,1028.4981689453125,1034.3590087890625
2026-09-01 15:00:00+00:00,2026-09-05 11:00:00+00:00,live,dwd_forecast,2026-09-01 15:50:21.022954+00:00,1c7a531768d8,73b18747c03d,17.983510971069336,18.91621971130371,19.96784782409668,20.61671638488769,21.26558494567871,22.31721305847168,23.24992179870605,9.41146755218506,13.812423706054688,19.360877990722656,22.988265991210938,26.61565399169922,32.16410827636719,36.5650634765625,1001.0919799804688,1007.029296875,1013.5765991210938,1017.5693969726562,1021.5621948242188,1028.1094970703125,1034.046875
2026-09-01 15:00:00+00:00,2026-09-05 12:00:00+00:00,live,dwd_forecast,2026-09-01 15:50:21.022954+00:00,1c7a531768d8,73b18747c03d,18.06043243408203,19.008663177490234,20.081565856933597,20.74478530883789,21.40800666809082,22.480907440185547,23.429140090942383,9.652710914611816,14.187555313110352,19.93424224853516,23.701086044311523,27.46792984008789,33.21461868286133,37.74946594238281,1000.6135864257812,1006.5338134765624,1013.102294921875,1017.120849609375,1021.1394653320312,1027.7078857421875,1033.628173828125
2026-09-01 15:00:00+00:00,2026-09-05 13:00:00+00:00,live,dwd_forecast,2026-09-01 15:50:21.022954+00:00,1c7a531768d8,73b18747c03d,18.0762939453125,19.05929374694824,20.1733455657959,20.86259078979492,21.551836013793945,22.66588592529297,23.648887634277344,9.654440879821776,14.292041778564451,20.167652130126957,24.018573760986328,27.86949348449707,33.74510192871094,38.38270950317383,1000.1838989257812,1006.137451171875,1012.7100830078124,1016.720703125,1020.7312622070312,1027.303955078125,1033.257568359375
2026-09-01 15:00:00+00:00,2026-09-05 14:00:00+00:00,live,dwd_forecast,2026-09-01 15:50:21.022954+00:00,1c7a531768d8,73b18747c03d,18.105669021606445,19.09339141845703,20.226585388183597,20.932188034057617,21.63779067993164,22.77098655700684,23.758708953857425,9.618120193481444,14.278482437133787,20.17852783203125,24.04399299621582,27.90945816040039,33.80950164794922,38.46986770629883,999.9669189453124,1005.9666748046876,1012.5244750976562,1016.5049438476562,1020.4854125976562,1027.043212890625,1033.04296875
2026-09-01 15:00:00+00:00,2026-09-05 15:00:00+00:00,live,dwd_forecast,2026-09-01 15:50:21.022954+00:00,1c7a531768d8,73b18747c03d,18.14040946960449,19.132177352905277,20.2756404876709,20.989479064941406,21.70331573486328,22.846778869628903,23.83854866027832,9.52140998840332,14.124822616577148,19.985219955444336,23.83560943603516,27.685997009277344,33.54639434814453,38.149810791015625,999.6925659179688,1005.6990966796876,1012.2724609375,1016.2650146484376,1020.257568359375,1026.8309326171875,1032.8375244140625
2026-09-01 22:00:00+00:00,2026-09-01 23:00:00+00:00,live,dwd_forecast,2026-09-01 22:22:54.699681+00:00,1c7a531768d8,351217fb09c9,19.018070220947266,19.21485137939453,19.42997932434082,19.560571670532227,19.691164016723633,19.906291961669922,20.103071212768555,15.130626678466797,16.03386116027832,17.032920837402344,17.64315414428711,18.253389358520508,19.25244903564453,20.155685424804688,1021.4734497070312,1022.1641845703125,1022.947509765625,1023.4323120117188,1023.9171142578125,1024.700439453125,1025.39111328125
2026-09-01 22:00:00+00:00,2026-09-02 00:00:00+00:00,live,dwd_forecast,2026-09-01 22:22:54.699681+00:00,1c7a531768d8,351217fb09c9,18.780811309814453,19.018932342529297,19.271408081054688,19.42219352722168,19.572978973388672,19.82545280456543,20.063573837280273,14.532609939575195,15.579651832580566,16.69961166381836,17.37162971496582,18.04364776611328,19.16360855102539,20.210651397705078,1021.593505859375,1022.3480834960938,1023.1988525390625,1023.7236938476562,1024.2486572265625,1025.099365234375,1025.85400390625
2026-09-01 22:00:00+00:00,2026-09-02 01:00:00+00:00,live,dwd_forecast,2026-09-01 22:22:54.699681+00:00,1c7a531768d8,351217fb09c9,18.558765411376953,18.82699203491211,19.120208740234375,19.298198699951172,19.476186752319336,19.769405364990234,20.03763198852539,13.847660064697266,15.031621932983398,16.30548858642578,17.072248458862305,17.83901023864746,19.11287498474121,20.296838760375977,1021.6161499023438,1022.4500122070312,1023.376220703125,1023.9432983398438,1024.51025390625,1025.4365234375,1026.2703857421875
2026-09-01 22:00:00+00:00,2026-09-02 02:00:00+00:00,live,dwd_forecast,2026-09-01 22:22:54.699681+00:00,1c7a531768d8,351217fb09c9,18.326353073120117,18.641260147094727,18.989295959472656,19.201791763305664,19.41428565979004,19.7623233795166,20.077228546142578,13.229543685913086,14.528387069702148,15.9573335647583,16.827674865722656,17.698015213012695,19.12696075439453,20.425806045532227,1021.5946655273438,1022.488525390625,1023.4713134765625,1024.0697021484375,1024.668212890625,1025.6510009765625,1026.5447998046875
2026-09-01 22:00:00+00:00,2026-09-02 03:00:00+00:00,live,dwd_forecast,2026-09-01 22:22:54.699681+00:00,1c7a531768d8,351217fb09c9,18.14466667175293,18.498023986816406,18.893705368041992,19.136962890625,19.38022232055664,19.775901794433594,20.129261016845703,12.684412956237793,14.133224487304688,15.738504409790039,16.719921112060547,17.701335906982422,19.306615829467773,20.755428314208984,1021.40283203125,1022.3983154296875,1023.4791870117188,1024.1329345703125,1024.7867431640625,1025.86767578125,1026.8631591796875
2026-09-01 22:00:00+00:00,2026-09-02 04:00:00+00:00,live,dwd_forecast,2026-09-01 22:22:54.699681+00:00,1c7a531768d8,351217fb09c9,17.991151809692383,18.370874404907227,18.8046875,19.074214935302734,19.343740463256836,19.777555465698242,20.157278060913086,12.116592407226562,13.756088256835938,15.586929321289062,16.710880279541016,17.83483123779297,19.665672302246094,21.30516815185547,1021.1569213867188,1022.2498168945312,1023.430908203125,1024.1435546875,1024.8560791015625,1026.0372314453125,1027.130126953125
2026-09-01 22:00:00+00:00,2026-09-02 05:00:00+00:00,live,dwd_forecast,2026-09-01 22:22:54.699681+00:00,1c7a531768d8,351217fb09c9,17.901716232299805,18.297470092773438,18.752525329589844,19.03620147705078,19.31987953186035,19.774934768676758,20.17068862915039,11.807055473327637,13.622212409973145,15.680953979492188,16.955181121826172,18.22941017150879,20.288150787353516,22.103309631347656,1020.7706909179688,1022.0103149414062,1023.3307495117188,1024.121337890625,1024.911865234375,1026.2322998046875,1027.471923828125
2026-09-01 22:00:00+00:00,2026-09-02 06:00:00+00:00,live,dwd_forecast,2026-09-01 22:22:54.699681+00:00,1c7a531768d8,351217fb09c9,17.83972930908203,18.261478424072266,18.743741989135742,19.04351043701172,19.343280792236328,19.825544357299805,20.24729347229004,11.76612377166748,13.765481948852539,16.05447006225586,17.47817611694336,18.90188217163086,21.190872192382812,23.190231323242188,1020.3850708007812,1021.7702026367188,1023.2249755859375,1024.08935546875,1024.9537353515625,1026.408447265625,1027.7935791015625
2026-09-01 22:00:00+00:00,2026-09-02 07:00:00+00:00,live,dwd_forecast,2026-09-01 22:22:54.699681+00:00,1c7a531768d8,351217fb09c9,17.812307357788086,18.25873374938965,18.76617431640625,19.08060646057129,19.395038604736328,19.90247917175293,20.348905563354492,11.96456527709961,14.138303756713867,16.65237808227539,18.22441864013672,19.796459197998047,22.310531616210938,24.484275817871094,1019.8971557617188,1021.42041015625,1023.0108642578125,1023.9529418945312,1024.89501953125,1026.4854736328125,1028.0086669921875
2026-09-01 22:00:00+00:00,2026-09-02 08:00:00+00:00,live,dwd_forecast,2026-09-01 22:22:54.699681+00:00,1c7a531768d8,351217fb09c9,17.81577491760254,18.290855407714844,18.832075119018555,19.167829513549805,19.503585815429688,20.044803619384766,20.519886016845703,12.237873077392578,14.586100578308105,17.329776763916016,19.054519653320312,20.779260635375977,23.52293586730957,25.871166229248047,1019.2189331054688,1020.9381103515625,1022.7102661132812,1023.7527465820312,1024.795166015625,1026.5673828125,1028.2864990234375
2026-09-01 22:00:00+00:00,2026-09-02 09:00:00+00:00,live,dwd_forecast,2026-09-01 22:22:54.699681+00:00,1c7a531768d8,351217fb09c9,17.85411262512207,18.348003387451172,18.909109115600586,19.25670051574707,19.604293823242188,20.1653995513916,20.659290313720703,12.549880027770996,15.10447883605957,18.092464447021484,19.971826553344727,21.85118865966797,24.839174270629883,27.393774032592773,1018.5943603515625,1020.4652099609375,1022.3949584960938,1023.530517578125,1024.6661376953125,1026.5958251953125,1028.4666748046875
2026-09-01 22:00:00+00:00,2026-09-02 10:00:00+00:00,live,dwd_forecast,2026-09-01 22:22:54.699681+00:00,1c7a531768d8,351217fb09c9,17.912372589111328,18.42339324951172,19.002017974853516,19.35983657836914,19.717653274536133,20.296279907226562,20.80729866027832,12.873523712158203,15.623767852783203,18.868785858154297,20.91909408569336,22.969406127929688,26.21442222595215,28.96466827392578,1017.9907836914062,1019.9959716796875,1022.0740356445312,1023.300048828125,1024.5260009765625,1026.6041259765625,1028.6092529296875
2026-09-01 22:00:00+00:00,2026-09-02 11:00:00+00:00,live,dwd_forecast,2026-09-01 22:22:54.699681+00:00,1c7a531768d8,351217fb09c9,18.037511825561523,18.534955978393555,19.10332679748535,19.45647430419922,19.809621810913086,20.377992630004883,20.87543487548828,12.986180305480957,15.955280303955078,19.490497589111328,21.734712600708008,23.978927612304688,27.514144897460938,30.483245849609375,1017.29833984375,1019.4468994140625,1021.6688232421875,1022.978271484375,1024.28759765625,1026.5096435546875,1028.6580810546875
2026-09-01 22:00:00+00:00,2026-09-02 12:00:00+00:00,live,dwd_forecast,2026-09-01 22:22:54.699681+00:00,1c7a531768d8,351217fb09c9,18.054304122924805,18.58260154724121,19.17945098876953,19.548105239868164,19.916757583618164,20.513608932495117,21.041906356811523,13.018062591552734,16.137245178222656,19.86680030822754,22.23954200744629,24.612285614013672,28.341838836669922,31.46102523803711,1016.616455078125,1018.9036865234375,1021.2778930664062,1022.6798095703125,1024.0816650390625,1026.4559326171875,1028.7431640625
2026-09-01 22:00:00+00:00,2026-09-02 13:00:00+00:00,live,dwd_forecast,2026-09-01 22:22:54.699681+00:00,1c7a531768d8,351217fb09c9,18.14312171936035,18.66634750366211,19.265029907226562,19.637285232543945,20.00954246520996,20.608224868774414,21.131450653076172,12.99484634399414,16.195459365844727,20.049823760986328,22.511051177978516,24.972280502319336,28.826644897460938,32.027259826660156,1015.8252563476562,1018.2747802734375,1020.8045043945312,1022.2941284179688,1023.78369140625,1026.3134765625,1028.762939453125
2026-09-01 22:00:00+00:00,2026-09-02 14:00:00+00:00,live,dwd_forecast,2026-09-01 22:22:54.699681+00:00,1c7a531768d8,351217fb09c9,18.1362247467041,18.68543815612793,19.306169509887695,19.689651489257812,20.073135375976562,20.693864822387695,21.243080139160156,12.60371208190918,15.915955543518066,19.926868438720703,22.495380401611328,25.063892364501953,29.07480239868164,32.387046813964844,1015.3021850585938,1017.8280029296875,1020.4439086914062,1021.9866333007812,1023.5293579101562,1026.145263671875,1028.671142578125
2026-09-01 22:00:00+00:00,2026-09-02 15:00:00+00:00,live,dwd_forecast,2026-09-01 22:22:54.699681+00:00,1c7a531768d8,351217fb09c9,18.19392204284668,18.73978042602539,19.352943420410156,19.730533599853516,20.108121871948242,20.72128677368164,21.267147064208984,12.306835174560547,15.629497528076172,19.66353416442871,22.250328063964844,24.837121963500977,28.871158599853516,32.193824768066406,1014.7638549804688,1017.4159545898438,1020.1483764648438,1021.7552490234375,1023.3621215820312,1026.094482421875,1028.7467041015625
2026-09-01 22:00:00+00:00,2026-09-02 16:00:00+00:00,live,dwd_forecast,2026-09-01 22:22:54.699681+00:00,1c7a531768d8,351217fb09c9,18.16231918334961,18.72125244140625,19.34993553161621,19.73735237121582,20.124767303466797,20.753450393676758,21.3123836517334,11.937607765197754,15.284690856933594,19.326217651367188,21.9105167388916,24.494815826416016,28.536340713500977,31.88343048095703,1014.3043823242188,1017.0858154296875,1019.9552612304688,1021.6439819335938,1023.3327026367188,1026.2021484375,1028.9835205078125
2026-09-01 22:00:00+00:00,2026-09-02 17:00:00+00:00,live,dwd_forecast,2026-09-01 22:22:54.699681+00:00,1c7a531768d8,351217fb09c9,18.10814094543457,18.678977966308594,19.320703506469727,19.716047286987305,20.11138916015625,20.753116607666016,21.32395362854004,11.826826095581055,15.057605743408203,18.930644989013672,21.397991180419922,23.86533546447754,27.738374710083008,30.969154357910156,1013.9291381835938,1016.8304443359375,1019.814453125,1021.567626953125,1023.32080078125,1026.3048095703125,1029.2060546875
2026-09-01 22:00:00+00:00,2026-09-02 18:00:00+00:00,live,dwd_forecast,2026-09-01 22:22:54.699681+00:00,1c7a531768d8,351217fb09c9,18.049470901489258,18.633481979370117,19.28806495666504,19.69069480895996,20.093324661254883,20.747907638549805,21.331918716430664,11.481056213378906,14.598777770996094,18.306804656982422,20.659366607666016,23.011930465698242,26.719955444335938,29.837678909301758,1013.6676635742188,1016.7133178710938,1019.8321533203125,1021.6602172851562,1023.4883422851562,1026.607177734375,1029.65283203125
2026-09-01 22:00:00+00:00,2026-09-02 19:00:00+00:00,live,dwd_forecast,2026-09-01 22:22:54.699681+00:00,1c7a531768d8,351217fb09c9,17.9856014251709,18.567319869995117,19.218671798706055,19.619098663330078,20.0195255279541,20.670875549316406,21.252593994140625,11.147125244140625,14.155171394348145,17.6900577545166,19.918832778930664,22.147607803344727,25.682493209838867,28.690542221069336,1013.6759033203125,1016.7655029296875,1019.93212890625,1021.7891235351562,1023.6461181640625,1026.812744140625,1029.90234375
2026-09-01 22:00:00+00:00,2026-09-02 20:00:00+00:00,live,dwd_forecast,2026-09-01 22:22:54.699681+00:00,1c7a531768d8,351217fb09c9,17.94991683959961,18.522808074951172,19.159482955932617,19.549345016479492,19.939207077026367,20.575881958007812,21.148773193359375,11.028961181640625,13.893311500549316,17.200851440429688,19.26732635498047,21.33380126953125,24.641342163085938,27.505693435668945,1013.659423828125,1016.8296508789062,1020.0758666992188,1021.9786376953125,1023.8814086914062,1027.1275634765625,1030.2978515625
2026-09-01 22:00:00+00:00,2026-09-02 21:00:00+00:00,live,dwd_forecast,2026-09-01 22:22:54.699681+00:00,1c7a531768d8,351217fb09c9,17.865339279174805,18.43324089050293,19.064573287963867,19.45122718811035,19.837881088256836,20.46921157836914,21.037113189697266,10.571602821350098,13.389106750488281,16.573522567749023,18.54084587097168,20.508167266845703,23.692583084106445,26.510087966918945,1013.8086547851562,1017.0167236328125,1020.306640625,1022.236572265625,1024.16650390625,1027.4564208984375,1030.66455078125
2026-09-01 22:00:00+00:00,2026-09-02 22:00:00+00:00,live,dwd_forecast,2026-09-01 22:22:54.699681+00:00,1c7a531768d8,351217fb09c9,17.719173431396484,18.294719696044922,18.94120979309082,19.339313507080078,19.73741912841797,20.383909225463867,20.959455490112305,10.272199630737305,13.002372741699219,16.03438949584961,17.89032554626465,19.746261596679688,22.778278350830078,25.508453369140625,1013.9422607421875,1017.1785888671875,1020.5016479492188,1022.4523315429688,1024.4029541015625,1027.72607421875,1030.96240234375
2026-09-01 22:00:00+00:00,2026-09-02 23:00:00+00:00,live,dwd_forecast,2026-09-01 22:22:54.699681+00:00,1c7a531768d8,351217fb09c9,17.63425064086914,18.202978134155273,18.83877944946289,19.22932243347168,19.61986541748047,20.255666732788086,20.82439422607422,9.77357292175293,12.514080047607422,15.47802734375,17.26701545715332,19.05600357055664,22.01995086669922,24.760459899902344,1014.0291137695312,1017.3209228515625,1020.712890625,1022.7078247070312,1024.7027587890625,1028.0947265625,1031.3865966796875
2026-09-01 22:00:00+00:00,2026-09-03 00:00:00+00:00,live,dwd_forecast,2026-09-01 22:22:54.699681+00:00,1c7a531768d8,351217fb09c9,17.51849365234375,18.085548400878906,18.72638511657715,19.12227439880371,19.518163681030273,20.159000396728516,20.726055145263672,9.403409004211426,12.154889106750488,15.064197540283203,16.799152374267578,18.53410530090332,21.44341468811035,24.194896697998047,1013.922119140625,1017.2628784179688,1020.7242431640625,1022.7659912109375,1024.8077392578125,1028.2691650390625,1031.60986328125
2026-09-01 22:00:00+00:00,2026-09-03 01:00:00+00:00,live,dwd_forecast,2026-09-01 22:22:54.699681+00:00,1c7a531768d8,351217fb09c9,17.386859893798828,17.959678649902344,18.609046936035156,19.010860443115234,19.41267204284668,20.062040328979492,20.63486099243164,8.987435340881348,11.7718505859375,14.67993450164795,16.40273666381836,18.125539779663086,21.03362274169922,23.81804084777832,1013.8636474609375,1017.237548828125,1020.752197265625,1022.8314819335938,1024.9107666015625,1028.4254150390625,1031.7994384765625
2026-09-01 22:00:00+00:00,2026-09-03 02:00:00+00:00,live,dwd_forecast,2026-09-01 22:22:54.699681+00:00,1c7a531768d8,351217fb09c9,17.30091667175293,17.873361587524414,18.524169921875,18.927478790283203,19.33078956604004,19.981597900390625,20.55404281616211,8.79869270324707,11.562828063964844,14.429800987243652,16.121931076049805,17.814062118530273,20.6810359954834,23.445173263549805,1013.5106811523438,1017.0008544921875,1020.6397094726562,1022.79345703125,1024.9471435546875,1028.5860595703125,1032.076171875
2026-09-01 22:00:00+00:00,2026-09-03 03:00:00+00:00,live,dwd_forecast,2026-09-01 22:22:54.699681+00:00,1c7a531768d8,351217fb09c9,17.220186233520508,17.80725860595703,18.473020553588867,18.885055541992188,19.297088623046875,19.96285057067871,20.549922943115234,8.552267074584961,11.292352676391602,14.173837661743164,15.887179374694824,17.600521087646484,20.482004165649414,23.22209358215332,1013.1675415039062,1016.7306518554688,1020.4580078125,1022.6680297851562,1024.8780517578125,1028.6053466796875,1032.16845703125
2026-09-01 22:00:00+00:00,2026-09-03 04:00:00+00:00,live,dwd_forecast,2026-09-01 22:22:54.699681+00:00,1c7a531768d8,351217fb09c9,17.163606643676758,17.763933181762695,18.441253662109375,18.859317779541016,19.277381896972656,19.954702377319336,20.55502700805664,8.63723373413086,11.370584487915039,14.310782432556152,16.08030891418457,17.849836349487305,20.7900333404541,23.523386001586914,1012.84765625,1016.4874267578125,1020.31201171875,1022.5850830078125,1024.858154296875,1028.6827392578125,1032.322509765625
2026-09-01 22:00:00+00:00,2026-09-03 05:00:00+00:00,live,dwd_forecast,2026-09-01 22:22:54.699681+00:00,1c7a531768d8,351217fb09c9,17.146854400634766,17.75948715209961,18.44940948486328,18.874835968017578,19.300260543823242,19.990182876586914,20.60281753540039,8.682297706604004,11.466521263122559,14.532127380371094,16.400127410888672,18.268125534057617,21.33373260498047,24.117958068847656,1012.5401611328125,1016.2244262695312,1020.109619140625,1022.4232177734375,1024.73681640625,1028.6220703125,1032.306396484375
2026-09-01 22:00:00+00:00,2026-09-03 06:00:00+00:00,live,dwd_forecast,2026-09-01 22:22:54.699681+00:00,1c7a531768d8,351217fb09c9,17.180936813354492,17.800649642944336,18.497798919677734,18.927440643310547,19.35708236694336,20.05423355102539,20.6739444732666,8.653657913208008,11.622811317443848,14.92919921875,16.95598602294922,18.98277473449707,22.289161682128906,25.258317947387695,1012.152099609375,1015.9024047851562,1019.8831176757812,1022.2618408203125,1024.640625,1028.6212158203125,1032.37158203125
2026-09-01 22:00:00+00:00,2026-09-03 07:00:00+00:00,live,dwd_forecast,2026-09-01 22:22:54.699681+00:00,1c7a531768d8,351217fb09c9,17.23512077331543,17.873605728149414,18.585363388061523,19.021907806396484,19.458450317382812,20.170207977294922,20.808692932128906,8.896514892578125,12.032987594604492,15.62010669708252,17.850019454956055,20.079931259155273,23.667051315307617,26.803525924682617,1011.6392211914062,1015.4664916992188,1019.5502319335938,1021.9974365234375,1024.444580078125,1028.5283203125,1032.3555908203125
2026-09-01 22:00:00+00:00,2026-09-03 08:00:00+00:00,live,dwd_forecast,2026-09-01 22:22:54.699681+00:00,1c7a531768d8,351217fb09c9,17.274967193603516,17.93857192993164,18.676301956176758,19.12811851501465,19.579936981201172,20.317665100097656,20.981271743774414,9.105819702148438,12.43486213684082,16.307981491088867,18.73731803894043,21.16665267944336,25.039772033691406,28.368816375732422,1011.2272338867188,1015.0960693359375,1019.2484130859375,1021.7445068359375,1024.2406005859375,1028.3929443359375,1032.2618408203125
2026-09-01 22:00:00+00:00,2026-09-03 09:00:00+00:00,live,dwd_forecast,2026-09-01 22:22:54.699681+00:00,1c7a531768d8,351217fb09c9,17.357526779174805,18.04326057434082,18.803010940551758,19.267480850219727,19.731952667236328,20.491703033447266,21.177438735961914,9.292564392089844,12.861956596374512,17.068065643310547,19.723848342895508,22.379629135131836,26.585739135742188,30.155136108398438,1010.7991333007812,1014.7040405273438,1018.9295043945312,1021.4805908203125,1024.03173828125,1028.257080078125,1032.1619873046875
2026-09-01 22:00:00+00:00,2026-09-03 10:00:00+00:00,live,dwd_forecast,2026-09-01 22:22:54.699681+00:00,1c7a531768d8,351217fb09c9,17.4671573638916,18.163150787353516,18.933202743530273,19.40363121032715,19.87405776977539,20.64411163330078,21.340105056762695,9.694900512695312,13.403348922729492,17.838369369506836,20.660228729248047,23.482088088989258,27.9171085357666,31.625558853149414,1010.2734375,1014.2440185546875,1018.5374755859375,1021.1287231445312,1023.7199096679688,1028.013427734375,1031.9840087890625
2026-09-01 22:00:00+00:00,2026-09-03 11:00:00+00:00,live,dwd_forecast,2026-09-01 22:22:54.699681+00:00,1c7a531768d8,351217fb09c9,17.551414489746094,18.266281127929688,19.06264877319336,19.550914764404297,20.039182662963867,20.83555030822754,21.550416946411133,10.109471321105957,13.948993682861328,18.58795166015625,21.55520248413086,24.52245330810547,29.16141128540039,33.00093460083008,1009.5008544921875,1013.5746459960938,1018.0179443359375,1020.7119750976562,1023.4059448242188,1027.8492431640625,1031.923095703125
2026-09-01 22:00:00+00:00,2026-09-03 12:00:00+00:00,live,dwd_forecast,2026-09-01 22:22:54.699681+00:00,1c7a531768d8,351217fb09c9,17.670652389526367,18.39501190185547,19.207231521606445,19.706932067871094,20.20663070678711,21.018850326538086,21.743209838867188,10.270589828491211,14.254409790039062,19.098587036132812,22.207338333129883,25.31608772277832,30.160263061523438,34.14408874511719,1008.865966796875,1013.0333862304688,1017.5902099609375,1020.3566284179688,1023.1231079101562,1027.679931640625,1031.8472900390625
2026-09-01 22:00:00+00:00,2026-09-03 13:00:00+00:00,live,dwd_forecast,2026-09-01 22:22:54.699681+00:00,1c7a531768d8,351217fb09c9,17.75237464904785,18.48430061340332,19.306787490844727,19.813379287719727,20.319971084594727,21.1424560546875,21.8743839263916,10.22360610961914,14.332733154296875,19.33374786376953,22.544628143310547,25.755508422851562,30.756519317626953,34.86565017700195,1008.15478515625,1012.4271850585938,1017.1163940429688,1019.9689331054688,1022.8214721679688,1027.5106201171875,1031.7830810546875
2026-09-01 22:00:00+00:00,2026-09-03 14:00:00+00:00,live,dwd_forecast,2026-09-01 22:22:54.699681+00:00,1c7a531768d8,351217fb09c9,17.811962127685547,18.545305252075195,19.374248504638672,19.88640022277832,20.3985538482666,21.227497100830078,21.960840225219727,10.16488265991211,14.264154434204102,19.285907745361328,22.520977020263672,25.756046295166016,30.777799606323242,34.8770751953125,1007.706787109375,1012.0123901367188,1016.759521484375,1019.6542358398438,1022.5488891601562,1027.2960205078125,1031.6016845703125
2026-09-01 22:00:00+00:00,2026-09-03 15:00:00+00:00,live,dwd_forecast,2026-09-01 22:22:54.699681+00:00,1c7a531768d8,351217fb09c9,17.820056915283203,18.568300247192383,19.417251586914062,19.942794799804688,20.468338012695312,21.317289352416992,22.065534591674805,10.028021812438965,14.082622528076172,19.060644149780273,22.271196365356445,25.481746673583984,30.45977020263672,34.51436996459961,1007.3016357421875,1011.6669921875,1016.4954223632812,1019.4446411132812,1022.3938598632812,1027.2222900390625,1031.587646484375
2026-09-01 22:00:00+00:00,2026-09-03 16:00:00+00:00,live,dwd_forecast,2026-09-01 22:22:54.699681+00:00,1c7a531768d8,351217fb09c9,17.79964256286621,18.558849334716797,19.425395965576172,19.963512420654297,20.501628875732422,21.368175506591797,22.127382278442383,9.876850128173828,13.828993797302246,18.669706344604492,21.787874221801758,24.906042098999023,29.746753692626953,33.69890213012695,1006.8925170898438,1011.3113403320312,1016.2296752929688,1019.2438354492188,1022.2579345703125,1027.17626953125,1031.5950927734375
2026-09-01 22:00:00+00:00,2026-09-03 17:00:00+00:00,live,dwd_forecast,2026-09-01 22:22:54.699681+00:00,1c7a531768d8,351217fb09c9,17.764989852905273,18.537277221679688,19.41786003112793,19.964401245117188,20.510944366455078,21.39152717590332,22.163814544677734,9.834847450256348,13.597076416015625,18.2049503326416,21.173059463500977,24.14116668701172,28.749038696289062,32.51127624511719,1006.8171997070312,1011.265625,1016.2099609375,1019.2377319335938,1022.2655639648438,1027.2098388671875,1031.6583251953125
2026-09-01 22:00:00+00:00,2026-09-03 18:00:00+00:00,live,dwd_forecast,2026-09-01 22:22:54.699681+00:00,1c7a531768d8,351217fb09c9,17.74628448486328,18.50625228881836,19.381677627563477,19.92793083190918,20.474184036254883,21.349609375,22.109577178955078,9.609451293945312,13.200462341308594,17.59678840637207,20.428020477294922,23.259252548217773,27.65557861328125,31.24658966064453,1006.7562255859375,1011.2440795898438,1016.2413330078125,1019.304443359375,1022.3676147460938,1027.3648681640625,1031.8526611328125
2026-09-01 22:00:00+00:00,2026-09-03 19:00:00+00:00,live,dwd_forecast,2026-09-01 22:22:54.699681+00:00,1c7a531768d8,351217fb09c9,17.71796417236328,18.475196838378906,19.344043731689453,19.885074615478516,20.42610740661621,21.294954299926758,22.05218505859375,9.29318904876709,12.78067398071289,17.000431060791016,19.70157241821289,22.402713775634766,26.62247085571289,30.10995864868164,1006.858642578125,1011.3628540039062,1016.3877563476562,1019.4708862304688,1022.5540161132812,1027.5789794921875,1032.0831298828125
2026-09-01 22:00:00+00:00,2026-09-03 20:00:00+00:00,live,dwd_forecast,2026-09-01 22:22:54.699681+00:00,1c7a531768d8,351217fb09c9,17.648967742919922,18.40463638305664,19.274255752563477,19.816608428955078,20.358959197998047,21.228578567504883,21.9842472076416,8.989131927490234,12.339434623718262,16.35657501220703,18.915990829467773,21.475406646728516,25.49254608154297,28.842851638793945,1007.021484375,1011.546630859375,1016.5906982421875,1019.684326171875,1022.7778930664062,1027.822021484375,1032.34716796875
2026-09-01 22:00:00+00:00,2026-09-03 21:00:00+00:00,live,dwd_forecast,2026-09-01 22:22:54.699681+00:00,1c7a531768d8,351217fb09c9,17.625268936157227,18.352920532226562,19.195920944213867,19.7235107421875,20.2510986328125,21.094099044799805,21.82175064086914,8.857890129089355,12.046492576599121,15.84423828125,18.2554988861084,20.666759490966797,24.46450424194336,27.65311050415039,1007.2296142578125,1011.77392578125,1016.850830078125,1019.9682006835938,1023.0855712890625,1028.1624755859375,1032.706787109375
2026-09-01 22:00:00+00:00,2026-09-03 22:00:00+00:00,live,dwd_forecast,2026-09-01 22:22:54.699681+00:00,1c7a531768d8,351217fb09c9,17.56256866455078,18.282516479492188,19.115236282348633,19.635950088500977,20.15666389465332,20.989383697509766,21.709331512451172,8.598217010498047,11.668213844299316,15.269283294677734,17.537620544433594,19.805957794189453,23.407026290893555,26.47702407836914,1007.5106811523438,1012.0572509765625,1017.1393432617188,1020.2608032226562,1023.38232421875,1028.46435546875,1033.010986328125
2026-09-01 22:00:00+00:00,2026-09-03 23:00:00+00:00,live,dwd_forecast,2026-09-01 22:22:54.699681+00:00,1c7a531768d8,351217fb09c9,17.45867919921875,18.17422866821289,19.00589942932129,19.527280807495117,20.048660278320312,20.88033103942871,21.59588050842285,8.223814964294434,11.21940803527832,14.710707664489746,16.90256118774414,19.09441375732422,22.585712432861328,25.581310272216797,1007.6434936523438,1012.2080688476562,1017.2901000976562,1020.4050903320312,1023.52001953125,1028.6021728515625,1033.1666259765625
2026-09-01 22:00:00+00:00,2026-09-04 00:00:00+00:00,live,dwd_forecast,2026-09-01 22:22:54.699681+00:00,1c7a531768d8,351217fb09c9,17.392236709594727,18.101245880126953,18.924068450927734,19.439496994018555,19.954923629760742,20.777748107910156,21.486757278442383,7.832618713378906,10.83603572845459,14.258535385131836,16.382070541381836,18.505605697631836,21.928104400634766,24.931522369384766,1007.6998901367188,1012.3035278320312,1017.4528198242188,1020.6166381835938,1023.7804565429688,1028.9296875,1033.533447265625
2026-09-01 22:00:00+00:00,2026-09-04 01:00:00+00:00,live,dwd_forecast,2026-09-01 22:22:54.699681+00:00,1c7a531768d8,351217fb09c9,17.360519409179688,18.057958602905273,18.863662719726562,19.367164611816406,19.87066650390625,20.67637062072754,21.373809814453125,7.580503463745117,10.543182373046875,13.899819374084473,15.976189613342285,18.05255889892578,21.409196853637695,24.371875762939453,1007.445068359375,1012.1729125976562,1017.4574584960938,1020.703125,1023.9488525390625,1029.2332763671875,1033.961181640625
2026-09-01 22:00:00+00:00,2026-09-04 02:00:00+00:00,live,dwd_forecast,2026-09-01 22:22:54.699681+00:00,1c7a531768d8,351217fb09c9,17.264850616455078,17.975868225097656,18.795787811279297,19.30769157409668,19.819595336914062,20.639514923095703,21.35053253173828,7.333390235900879,10.283756256103516,13.60400104522705,15.65060043334961,17.697200775146484,21.017444610595703,23.96781349182129,1007.4056396484375,1012.154296875,1017.4721069335938,1020.7415161132812,1024.0108642578125,1029.3287353515625,1034.077392578125
2026-09-01 22:00:00+00:00,2026-09-04 03:00:00+00:00,live,dwd_forecast,2026-09-01 22:22:54.699681+00:00,1c7a531768d8,351217fb09c9,17.237548828125,17.955886840820312,18.77781867980957,19.28889274597168,19.79996681213379,20.621898651123047,21.34023666381836,7.366455078125,10.286833763122559,13.572951316833496,15.59839153289795,17.623830795288086,20.909948348999023,23.83032989501953,1007.1776733398438,1012.0005493164062,1017.3798828125,1020.6801147460938,1023.9804077148438,1029.3597412109375,1034.1826171875
2026-09-01 22:00:00+00:00,2026-09-04 04:00:00+00:00,live,dwd_forecast,2026-09-01 22:22:54.699681+00:00,1c7a531768d8,351217fb09c9,17.19296646118164,17.930028915405273,18.770572662353516,19.292306900024414,19.81403923034668,20.654584884643555,21.391647338867188,7.068843841552734,10.111191749572754,13.542375564575195,15.659768104553223,17.77716064453125,21.208345413208008,24.250694274902344,1007.0262451171875,1011.85009765625,1017.2770385742188,1020.6216430664062,1023.96630859375,1029.3931884765625,1034.217041015625
2026-09-01 22:00:00+00:00,2026-09-04 05:00:00+00:00,live,dwd_forecast,2026-09-01 22:22:54.699681+00:00,1c7a531768d8,351217fb09c9,17.278156280517578,18.00377655029297,18.82851219177246,19.339536666870117,19.850561141967773,20.675296783447266,21.400915145874023,7.066092491149902,10.281341552734375,13.87795639038086,16.087894439697266,18.297834396362305,21.89444923400879,25.109699249267578,1006.8659057617188,1011.7314453125,1017.20654296875,1020.5812377929688,1023.9559326171875,1029.4310302734375,1034.2965087890625
2026-09-01 22:00:00+00:00,2026-09-04 06:00:00+00:00,live,dwd_forecast,2026-09-01 22:22:54.699681+00:00,1c7a531768d8,351217fb09c9,17.295024871826172,18.03445816040039,18.87396812438965,19.39384651184082,19.913724899291992,20.753236770629883,21.4926700592041,7.200761795043945,10.546307563781738,14.361517906188965,16.729639053344727,19.097761154174805,22.91297149658203,26.258520126342773,1006.7077026367188,1011.5810546875,1017.067626953125,1020.4503173828125,1023.8330078125,1029.3197021484375,1034.1929931640625
2026-09-01 22:00:00+00:00,2026-09-04 07:00:00+00:00,live,dwd_forecast,2026-09-01 22:22:54.699681+00:00,1c7a531768d8,351217fb09c9,17.391563415527344,18.140378952026367,18.990434646606445,19.516809463500977,20.043182373046875,20.893238067626953,21.64205551147461,7.459687232971191,10.982722282409668,15.052244186401367,17.595239639282227,20.13823699951172,24.207759857177734,27.730792999267578,1006.3942260742188,1011.2855834960938,1016.810791015625,1020.2232666015625,1023.6356811523438,1029.160888671875,1034.05224609375
2026-09-01 22:00:00+00:00,2026-09-04 08:00:00+00:00,live,dwd_forecast,2026-09-01 22:22:54.699681+00:00,1c7a531768d8,351217fb09c9,17.476993560791016,18.244535446166992,19.113338470458984,19.6505069732666,20.18767738342285,21.056480407714844,21.824024200439453,7.617888450622559,11.385943412780762,15.770712852478027,18.52126693725586,21.271821975708008,25.65658950805664,29.424644470214844,1006.1152954101562,1011.0349731445312,1016.595703125,1020.0311889648438,1023.4666748046875,1029.0274658203125,1033.9471435546875
2026-09-01 22:00:00+00:00,2026-09-04 09:00:00+00:00,live,dwd_forecast,2026-09-01 22:22:54.699681+00:00,1c7a531768d8,351217fb09c9,17.528411865234375,18.33034324645996,19.23772430419922,19.798633575439453,20.359540939331055,21.266921997070312,22.06885528564453,7.806674003601074,11.800346374511719,16.51049041748047,19.485862731933594,22.46123504638672,27.171377182006836,31.16505241394043,1005.7982788085938,1010.75,1016.3504028320312,1019.8115234375,1023.2726440429688,1028.873046875,1033.82470703125
2026-09-01 22:00:00+00:00,2026-09-04 10:00:00+00:00,live,dwd_forecast,2026-09-01 22:22:54.699681+00:00,1c7a531768d8,351217fb09c9,17.668071746826172,18.47367286682129,19.386608123779297,19.951404571533203,20.516199111938477,21.429134368896484,22.234737396240234,8.085548400878906,12.281848907470703,17.264360427856445,20.422786712646484,23.581214904785156,28.5637264251709,32.76002502441406,1005.42236328125,1010.3986206054688,1016.0282592773438,1019.5079345703125,1022.9876098632812,1028.6171875,1033.593505859375
2026-09-01 22:00:00+00:00,2026-09-04 11:00:00+00:00,live,dwd_forecast,2026-09-01 22:22:54.699681+00:00,1c7a531768d8,351217fb09c9,17.714828491210938,18.559473037719727,19.51306915283203,20.10186195373535,20.69065284729004,21.644250869750977,22.488895416259766,8.464645385742188,12.82958698272705,18.027555465698242,21.327571868896484,24.627586364746094,29.82555389404297,34.19049835205078,1005.1307373046875,1010.0897827148438,1015.7218017578125,1019.2100830078125,1022.6984252929688,1028.3304443359375,1033.2894287109375
2026-09-01 22:00:00+00:00,2026-09-04 12:00:00+00:00,live,dwd_forecast,2026-09-01 22:22:54.699681+00:00,1c7a531768d8,351217fb09c9,17.79349136352539,18.65911293029785,19.641803741455078,20.250322341918945,20.858840942382812,21.841529846191406,22.7071533203125,8.653314590454102,13.170195579528809,18.559280395507812,21.983976364135742,25.408672332763672,30.797754287719727,35.314640045166016,1004.4741821289062,1009.5423583984375,1015.2798461914062,1018.8275756835938,1022.3753051757812,1028.11279296875,1033.180908203125
2026-09-01 22:00:00+00:00,2026-09-04 13:00:00+00:00,live,dwd_forecast,2026-09-01 22:22:54.699681+00:00,1c7a531768d8,351217fb09c9,17.843555450439453,18.723146438598633,19.726680755615234,20.349729537963867,20.9727783203125,21.97631072998047,22.85590362548828,8.539281845092773,13.147481918334961,18.718339920043945,22.28271484375,25.847091674804688,31.41794776916504,36.02614974975586,1004.1281127929688,1009.2086791992188,1014.9750366210938,1018.5453491210938,1022.1156616210938,1027.882080078125,1032.962646484375
2026-09-01 22:00:00+00:00,2026-09-04 14:00:00+00:00,live,dwd_forecast,2026-09-01 22:22:54.699681+00:00,1c7a531768d8,351217fb09c9,17.947837829589844,18.832895278930664,19.83371925354004,20.45218849182129,21.07065773010254,22.071481704711914,22.956541061401367,8.584531784057617,13.195429801940918,18.790321350097656,22.376955032348633,25.96358871459961,31.55847930908203,36.16938018798828,1003.7323608398438,1008.87255859375,1014.6904296875,1018.287353515625,1021.88427734375,1027.7021484375,1032.8424072265625
2026-09-01 22:00:00+00:00,2026-09-04 15:00:00+00:00,live,dwd_forecast,2026-09-01 22:22:54.699681+00:00,1c7a531768d8,351217fb09c9,17.94785499572754,18.84467887878418,19.866336822509766,20.500139236450195,21.133939743041992,22.15559959411621,23.05242347717285,8.474008560180664,13.046704292297363,18.612194061279297,22.185590744018555,25.75898551940918,31.32447624206543,35.89717483520508,1003.3966064453125,1008.5486450195312,1014.3981323242188,1018.0205078125,1021.6428833007812,1027.492431640625,1032.6444091796875
2026-09-01 22:00:00+00:00,2026-09-04 16:00:00+00:00,live,dwd_forecast,2026-09-01 22:22:54.699681+00:00,1c7a531768d8,351217fb09c9,17.992918014526367,18.885507583618164,19.903949737548828,20.536279678344727,21.168609619140625,22.18705177307129,23.079641342163086,8.283432960510254,12.781947135925293,18.250751495361328,21.75995635986328,25.2691593170166,30.737964630126953,35.23648452758789,1003.3082275390625,1008.488037109375,1014.3441162109375,1017.9625244140625,1021.5809936523438,1027.43701171875,1032.6168212890625
2026-09-01 22:00:00+00:00,2026-09-04 17:00:00+00:00,live,dwd_forecast,2026-09-01 22:22:54.699681+00:00,1c7a531768d8,351217fb09c9,17.99403953552246,18.881786346435547,19.899250030517578,20.532455444335938,21.165660858154297,22.183124542236328,23.070873260498047,8.244361877441406,12.54371166229248,17.793243408203125,21.16932487487793,24.5454044342041,29.794937133789062,34.09429168701172,1003.0930786132812,1008.3745727539062,1014.3244018554688,1017.9938354492188,1021.6632690429688,1027.613037109375,1032.89453125
2026-09-01 22:00:00+00:00,2026-09-04 18:00:00+00:00,live,dwd_forecast,2026-09-01 22:22:54.699681+00:00,1c7a531768d8,351217fb09c9,17.93046760559082,18.830537796020508,19.85504722595215,20.490341186523438,21.12563705444336,22.150144577026367,23.050216674804688,8.204809188842773,12.306940078735352,17.279611587524414,20.465761184692383,23.65190887451172,28.62458038330078,32.726715087890625,1003.2548828125,1008.541259765625,1014.4806518554688,1018.1384887695312,1021.79638671875,1027.7357177734375,1033.0220947265625
2026-09-01 22:00:00+00:00,2026-09-04 19:00:00+00:00,live,dwd_forecast,2026-09-01 22:22:54.699681+00:00,1c7a531768d8,351217fb09c9,17.887157440185547,18.780160903930664,19.805889129638672,20.444969177246094,21.084047317504883,22.10977554321289,23.00278091430664,7.9880266189575195,11.945987701416016,16.720544815063477,19.772048950195312,22.82355308532715,27.59811019897461,31.556076049804688,1003.3613891601562,1008.6818237304688,1014.6411743164062,1018.305419921875,1021.9696655273438,1027.928955078125,1033.2493896484375
2026-09-01 22:00:00+00:00,2026-09-04 20:00:00+00:00,live,dwd_forecast,2026-09-01 22:22:54.699681+00:00,1c7a531768d8,351217fb09c9,17.86031150817871,18.745214462280273,19.76042366027832,20.392553329467773,21.024682998657227,22.03989028930664,22.924795150756836,7.754229545593262,11.573114395141602,16.129852294921875,19.0257511138916,21.921649932861328,26.47838592529297,30.29727554321289,1003.572021484375,1008.92919921875,1014.91162109375,1018.5842895507812,1022.2568969726562,1028.2393798828125,1033.5965576171875
2026-09-01 22:00:00+00:00,2026-09-04 21:00:00+00:00,live,dwd_forecast,2026-09-01 22:22:54.699681+00:00,1c7a531768d8,351217fb09c9,17.818387985229492,18.682111740112305,19.675025939941406,20.29392433166504,20.912822723388672,21.905736923217773,22.76946258544922,7.556497573852539,11.176578521728516,15.507109642028809,18.262874603271484,21.01863670349121,25.349170684814453,28.969249725341797,1004.0552368164062,1009.3658447265625,1015.289794921875,1018.9243774414062,1022.5590209960938,1028.48291015625,1033.7935791015625
2026-09-01 22:00:00+00:00,2026-09-04 22:00:00+00:00,live,dwd_forecast,2026-09-01 22:22:54.699681+00:00,1c7a531768d8,351217fb09c9,17.73201560974121,18.59970474243164,19.58489990234375,20.195018768310547,20.80513572692871,21.79033088684082,22.65802001953125,7.382219314575195,10.885334014892578,15.01909351348877,17.631084442138672,20.243074417114258,24.3768310546875,27.87995147705078,1004.49169921875,1009.7753295898438,1015.6522216796875,1019.2525024414062,1022.8528442382812,1028.729736328125,1034.0133056640625
2026-09-01 22:00:00+00:00,2026-09-04 23:00:00+00:00,live,dwd_forecast,2026-09-01 22:22:54.699681+00:00,1c7a531768d8,351217fb09c9,17.666208267211914,18.526124954223633,19.506502151489258,20.114940643310547,20.723379135131836,21.703754425048828,22.56367301940918,7.207794189453125,10.562211036682129,14.463830947875977,16.91071319580078,19.357595443725586,23.25921630859375,26.61363410949707,1004.701171875,1009.9970092773438,1015.864013671875,1019.4506225585938,1023.0372924804688,1028.904296875,1034.2000732421875
2026-09-01 22:00:00+00:00,2026-09-05 00:00:00+00:00,live,dwd_forecast,2026-09-01 22:22:54.699681+00:00,1c7a531768d8,351217fb09c9,17.605680465698242,18.458606719970703,19.427640914916992,20.02794647216797,20.628252029418945,21.597286224365234,22.450212478637695,7.02542781829834,10.282196998596191,14.015012741088867,16.338136672973633,18.6612606048584,22.39407730102539,25.650848388671875,1004.9349365234375,1010.22314453125,1016.08154296875,1019.6629028320312,1023.2442016601562,1029.1026611328125,1034.390869140625
2026-09-01 22:00:00+00:00,2026-09-05 01:00:00+00:00,live,dwd_forecast,2026-09-01 22:22:54.699681+00:00,1c7a531768d8,351217fb09c9,17.54926109313965,18.391754150390625,19.3502140045166,19.94438362121582,20.538555145263672,21.49701499938965,22.339508056640625,6.812658309936523,10.047130584716797,13.70602798461914,15.967529296875,18.22903060913086,21.887928009033203,25.122404098510742,1005.1195068359375,1010.3995361328125,1016.2161865234375,1019.761474609375,1023.3068237304688,1029.12353515625,1034.4034423828125
2026-09-01 22:00:00+00:00,2026-09-05 02:00:00+00:00,live,dwd_forecast,2026-09-01 22:22:54.699681+00:00,1c7a531768d8,351217fb09c9,17.475391387939453,18.32866668701172,19.28842544555664,19.879863739013672,20.47130012512207,21.431058883666992,22.28433609008789,6.614075660705566,9.820791244506836,13.423030853271484,15.641349792480469,17.859668731689453,21.461910247802734,24.668624877929688,1005.280029296875,1010.5015869140625,1016.2529296875,1019.7581176757812,1023.2633056640625,1029.0146484375,1034.2362060546875
2026-09-01 22:00:00+00:00,2026-09-05 03:00:00+00:00,live,dwd_forecast,2026-09-01 22:22:54.699681+00:00,1c7a531768d8,351217fb09c9,17.413482666015625,18.27521514892578,19.245513916015625,19.843778610229492,20.44204330444336,21.41234016418457,22.274072647094727,6.648772239685059,9.840144157409668,13.420578002929688,15.623990058898926,17.827402114868164,21.407835006713867,24.59920883178711,1005.1336059570312,1010.4224243164062,1016.20849609375,1019.7222290039062,1023.2359619140625,1029.02197265625,1034.310791015625
2026-09-01 22:00:00+00:00,2026-09-05 04:00:00+00:00,live,dwd_forecast,2026-09-01 22:22:54.699681+00:00,1c7a531768d8,351217fb09c9,17.436059951782227,18.289278030395508,19.248716354370117,19.83987045288086,20.431026458740234,21.39046287536621,22.243682861328125,6.667054176330566,9.875958442687988,13.505332946777344,15.748390197753906,17.99144744873047,21.620820999145508,24.829727172851562,1005.169677734375,1010.434326171875,1016.201416015625,1019.7059936523438,1023.2106323242188,1028.9776611328125,1034.2423095703125
2026-09-01 22:00:00+00:00,2026-09-05 05:00:00+00:00,live,dwd_forecast,2026-09-01 22:22:54.699681+00:00,1c7a531768d8,351217fb09c9,17.438499450683594,18.300588607788086,19.265365600585938,19.858312606811523,20.451257705688477,21.416034698486328,22.278125762939453,6.519283294677734,9.906678199768066,13.765138626098633,16.158653259277344,18.552167892456055,22.410629272460938,25.798023223876953,1004.9811401367188,1010.3072509765625,1016.1124267578125,1019.6307373046875,1023.1490478515625,1028.9542236328125,1034.2802734375
2026-09-01 22:00:00+00:00,2026-09-05 06:00:00+00:00,live,dwd_forecast,2026-09-01 22:22:54.699681+00:00,1c7a531768d8,351217fb09c9,17.519725799560547,18.380250930786133,19.340970993041992,19.930679321289062,20.520387649536133,21.481107711791992,22.341632843017578,6.724599838256836,10.265877723693848,14.292608261108398,16.788227081298828,19.28384780883789,23.310577392578125,26.851856231689453,1004.8281860351562,1010.1904907226562,1015.9990844726562,1019.5079345703125,1023.016845703125,1028.825439453125,1034.187744140625
2026-09-01 22:00:00+00:00,2026-09-05 07:00:00+00:00,live,dwd_forecast,2026-09-01 22:22:54.699681+00:00,1c7a531768d8,351217fb09c9,17.56926155090332,18.44269561767578,19.41912841796875,20.018905639648438,20.618680953979492,21.595115661621094,22.468547821044922,6.83522891998291,10.558038711547852,14.87925910949707,17.586383819580078,20.29351043701172,24.614730834960938,28.33754539489746,1004.7352294921875,1010.0675048828125,1015.85693359375,1019.3585205078125,1022.8601684570312,1028.6495361328125,1033.98193359375
2026-09-01 22:00:00+00:00,2026-09-05 08:00:00+00:00,live,dwd_forecast,2026-09-01 22:22:54.699681+00:00,1c7a531768d8,351217fb09c9,17.614994049072266,18.522157669067383,19.52408790588379,20.13559913635254,20.747112274169922,21.749040603637695,22.656206130981445,6.902518272399902,10.905396461486816,15.565871238708496,18.490169525146484,21.414466857910156,26.074939727783203,30.07781982421875,1004.6017456054688,1009.9054565429688,1015.6544189453125,1019.1285400390625,1022.6026611328125,1028.3516845703125,1033.6552734375
2026-09-01 22:00:00+00:00,2026-09-05 09:00:00+00:00,live,dwd_forecast,2026-09-01 22:22:54.699681+00:00,1c7a531768d8,351217fb09c9,17.740129470825195,18.655071258544922,19.663288116455078,20.277896881103516,20.892505645751953,21.90072250366211,22.81566619873047,7.27960205078125,11.46188735961914,16.41069793701172,19.542165756225586,22.673633575439453,27.62244415283203,31.804729461669922,1004.46484375,1009.730224609375,1015.45068359375,1018.9116821289062,1022.3727416992188,1028.0931396484375,1033.3585205078125
2026-09-01 22:00:00+00:00,2026-09-05 10:00:00+00:00,live,dwd_forecast,2026-09-01 22:22:54.699681+00:00,1c7a531768d8,351217fb09c9,17.826364517211914,18.749649047851562,19.769804000854492,20.392578125,21.015350341796875,22.035505294799805,22.958789825439453,7.559473037719727,11.964473724365234,17.2340145111084,20.587337493896484,23.94066047668457,29.2101993560791,33.615203857421875,1004.2286376953125,1009.4818725585938,1015.198974609375,1018.6611938476562,1022.1233520507812,1027.8404541015625,1033.09375
2026-09-01 22:00:00+00:00,2026-09-05 11:00:00+00:00,live,dwd_forecast,2026-09-01 22:22:54.699681+00:00,1c7a531768d8,351217fb09c9,17.859115600585938,18.818897247314453,19.8806209564209,20.529172897338867,21.177722930908203,22.23944854736328,23.199228286743164,7.791760444641113,12.394323348999023,17.94700813293457,21.496015548706055,25.045024871826172,30.597705841064453,35.20027542114258,1003.9497680664062,1009.2068481445312,1014.8875732421875,1018.3148193359375,1021.7420043945312,1027.4227294921875,1032.6798095703125
2026-09-01 22:00:00+00:00,2026-09-05 12:00:00+00:00,live,dwd_forecast,2026-09-01 22:22:54.699681+00:00,1c7a531768d8,351217fb09c9,17.86884880065918,18.862348556518555,19.963523864746094,20.63686752319336,21.310213088989258,22.411386489868164,23.404888153076172,7.939885139465332,12.721073150634766,18.49890899658203,22.195009231567383,25.891111373901367,31.6689453125,36.45013427734375,1003.5593872070312,1008.8508911132812,1014.5831909179688,1018.0462036132812,1021.5091552734375,1027.241455078125,1032.532958984375
2026-09-01 22:00:00+00:00,2026-09-05 13:00:00+00:00,live,dwd_forecast,2026-09-01 22:22:54.699681+00:00,1c7a531768d8,351217fb09c9,17.8814754486084,18.89276695251465,20.02372932434082,20.718557357788086,21.41338348388672,22.54434585571289,23.555639266967773,8.023436546325684,12.850791931152344,18.75279426574707,22.551054000854492,26.34931182861328,32.25131607055664,37.07867431640625,1003.2086791992188,1008.5185546875,1014.2673950195312,1017.7391967773438,1021.2109985351562,1026.9598388671875,1032.269775390625
2026-09-01 22:00:00+00:00,2026-09-05 14:00:00+00:00,live,dwd_forecast,2026-09-01 22:22:54.699681+00:00,1c7a531768d8,351217fb09c9,17.915475845336914,18.938888549804688,20.077041625976562,20.774232864379883,21.471424102783203,22.609577178955078,23.632991790771484,8.19117546081543,12.993932723999023,18.861804962158203,22.636760711669922,26.411714553833008,32.27958679199219,37.08234405517578,1002.864013671875,1008.2537231445312,1014.0594482421875,1017.5562133789062,1021.0529174804688,1026.858642578125,1032.2484130859375
2026-09-01 22:00:00+00:00,2026-09-05 15:00:00+00:00,live,dwd_forecast,2026-09-01 22:22:54.699681+00:00,1c7a531768d8,351217fb09c9,17.85039710998535,18.897193908691406,20.0694522857666,20.790164947509766,21.51087760925293,22.683135986328125,23.72993278503418,8.303304672241211,12.99018669128418,18.747161865234375,22.460975646972656,26.174789428710938,31.931766510009766,36.61865234375,1002.749755859375,1008.1124267578125,1013.899658203125,1017.388671875,1020.8776245117188,1026.6649169921875,1032.027587890625
2026-09-01 22:00:00+00:00,2026-09-05 16:00:00+00:00,live,dwd_forecast,2026-09-01 22:22:54.699681+00:00,1c7a531768d8,351217fb09c9,17.885704040527344,18.92429542541504,20.086517333984375,20.8007869720459,21.515058517456055,22.677278518676758,23.715869903564453,8.137126922607422,12.743236541748047,18.3798828125,22.009082794189453,25.638280868530273,31.27492904663086,35.881038665771484,1002.6470336914062,1008.0291137695312,1013.8065185546875,1017.2797241210938,1020.7529907226562,1026.5303955078125,1031.9124755859375
2026-09-01 22:00:00+00:00,2026-09-05 17:00:00+00:00,live,dwd_forecast,2026-09-01 22:22:54.699681+00:00,1c7a531768d8,351217fb09c9,17.8104190826416,18.86302947998047,20.038677215576172,20.760469436645508,21.482261657714844,22.657909393310547,23.710519790649414,8.015533447265625,12.458125114440918,17.89005470275879,21.385921478271484,24.88178825378418,30.3137149810791,34.756309509277344,1002.8511352539062,1008.2274169921875,1013.9526977539062,1017.3799438476562,1020.8072509765625,1026.532470703125,1031.90869140625
2026-09-01 22:00:00+00:00,2026-09-05 18:00:00+00:00,live,dwd_forecast,2026-09-01 22:22:54.699681+00:00,1c7a531768d8,351217fb09c9,17.684675216674805,18.767894744873047,19.978931427001953,20.722837448120117,21.46674346923828,22.677778244018555,23.761001586914062,7.876971244812012,12.114974975585938,17.2894344329834,20.617172241210938,23.944908142089844,29.119365692138672,33.35737609863281,1002.75146484375,1008.2005615234375,1013.994873046875,1017.4608154296875,1020.9266967773438,1026.7210693359375,1032.170166015625
2026-09-01 22:00:00+00:00,2026-09-05 19:00:00+00:00,live,dwd_forecast,2026-09-01 22:22:54.699681+00:00,1c7a531768d8,351217fb09c9,17.597904205322266,18.683557510375977,19.89188575744629,20.632373809814453,21.372861862182617,22.58119010925293,23.66684341430664,7.8537397384643555,11.865594863891602,16.725563049316406,19.838415145874023,22.951265335083008,27.811233520507812,31.823091506958008,1003.0375366210938,1008.5252685546875,1014.3033447265625,1017.7412719726562,1021.17919921875,1026.957275390625,1032.4449462890625
2026-09-01 22:00:00+00:00,2026-09-05 20:00:00+00:00,live,dwd_forecast,2026-09-01 22:22:54.699681+00:00,1c7a531768d8,351217fb09c9,17.44013786315918,18.55558204650879,19.793785095214844,20.55152130126953,21.30925941467285,22.547462463378906,23.662906646728516,7.336160659790039,11.28558349609375,16.004602432250977,19.005779266357422,22.006956100463867,26.725975036621094,30.675399780273438,1003.1934814453125,1008.70849609375,1014.5169677734375,1017.9735107421875,1021.4301147460938,1027.238525390625,1032.7535400390625
2026-09-01 22:00:00+00:00,2026-09-05 21:00:00+00:00,live,dwd_forecast,2026-09-01 22:22:54.699681+00:00,1c7a531768d8,351217fb09c9,17.3367862701416,18.449302673339844,19.685312271118164,20.44205093383789,21.198789596557617,22.434799194335938,23.547317504882812,7.1343793869018555,10.95592975616455,15.45291805267334,18.290321350097656,21.12772560119629,25.624713897705078,29.446266174316406,1003.5198364257812,1009.107666015625,1014.9251708984375,1018.3656005859375,1021.8060913085938,1027.62353515625,1033.21142578125
2026-09-01 22:00:00+00:00,2026-09-05 22:00:00+00:00,live,dwd_forecast,2026-09-01 22:22:54.699681+00:00,1c7a531768d8,351217fb09c9,17.22423553466797,18.332731246948242,19.572946548461914,20.335071563720703,21.097198486328125,22.337411880493164,23.44590950012207,6.973971366882324,10.635140419006348,14.91146183013916,17.599210739135742,20.286958694458008,24.56328010559082,28.224449157714844,1003.9312133789062,1009.5106811523438,1015.2695922851562,1018.65966796875,1022.0497436523438,1027.80859375,1033.38818359375
