reference_time,target_time,kind,covariate_source,issued_at,model_id,code_version,wassertemp_q0.01,wassertemp_q0.05,wassertemp_q0.1,wassertemp_q0.25,wassertemp_q0.5,wassertemp_q0.75,wassertemp_q0.9,wassertemp_q0.95,wassertemp_q0.99,airtemp_96_q0.01,airtemp_96_q0.05,airtemp_96_q0.1,airtemp_96_q0.25,airtemp_96_q0.5,airtemp_96_q0.75,airtemp_96_q0.9,airtemp_96_q0.95,airtemp_96_q0.99,pressure_96_q0.01,pressure_96_q0.05,pressure_96_q0.1,pressure_96_q0.25,pressure_96_q0.5,pressure_96_q0.75,pressure_96_q0.9,pressure_96_q0.95,pressure_96_q0.99
2026-10-01 10:00:00+00:00,2026-10-01 11:00:00+00:00,live,dwd_forecast,2026-10-01 10:48:30.658347+00:00,1c7a531768d8,b315b6d30a49,16.726597,16.922024,17.00775,17.134266,17.262657,17.391048,17.517563,17.60329,17.798717,13.177122,14.395541,14.945507,15.772089,16.622341,17.472593,18.299175,18.84914,20.067562,1026.0894,1026.5942,1026.8237,1027.17,1027.5275,1027.8849,1028.2312,1028.4607,1028.9656
2026-10-01 10:00:00+00:00,2026-10-01 12:00:00+00:00,live,dwd_forecast,2026-10-01 10:48:30.658347+00:00,1c7a531768d8,b315b6d30a49,16.764277,17.003685,17.107271,17.258804,17.411577,17.56435,17.715883,17.81947,18.058878,12.908537,14.551782,15.25816,16.287186,17.321417,18.355648,19.384674,20.091051,21.734297,1025.2996,1025.9126,1026.1901,1026.6082,1027.0387,1027.4694,1027.8873,1028.1649,1028.7778
2026-10-01 10:00:00+00:00,2026-10-01 13:00:00+00:00,live,dwd_forecast,2026-10-01 10:48:30.658347+00:00,1c7a531768d8,b315b6d30a49,16.77296,17.047827,17.166998,17.341555,17.517714,17.69387,17.86843,17.987598,18.262466,12.354824,14.433093,15.295062,16.522236,17.734564,18.946894,20.174067,21.036036,23.114307,1024.4684,1025.2341,1025.5789,1026.0957,1026.6267,1027.1576,1027.6746,1028.0192,1028.785
2026-10-01 10:00:00+00:00,2026-10-01 14:00:00+00:00,live,dwd_forecast,2026-10-01 10:48:30.658347+00:00,1c7a531768d8,b315b6d30a49,16.760483,17.070906,17.206276,17.405294,17.606695,17.808096,18.007116,18.142487,18.45291,11.911223,14.071623,14.985669,16.303726,17.618397,18.933067,20.251125,21.16517,23.325573,1023.80084,1024.6962,1025.0964,1025.6945,1026.3066,1026.919,1027.5168,1027.9171,1028.8125
2026-10-01 10:00:00+00:00,2026-10-01 15:00:00+00:00,live,dwd_forecast,2026-10-01 10:48:30.658347+00:00,1c7a531768d8,b315b6d30a49,16.761,17.096571,17.243542,17.460217,17.679935,17.899654,18.11633,18.263298,18.59887,11.197235,13.4157715,14.386975,15.818388,17.269592,18.720797,20.152208,21.123411,23.34195,1023.2485,1024.2827,1024.7416,1025.424,1026.1202,1026.8165,1027.4989,1027.9579,1028.9921
2026-10-01 10:00:00+00:00,2026-10-01 16:00:00+00:00,live,dwd_forecast,2026-10-01 10:48:30.658347+00:00,1c7a531768d8,b315b6d30a49,16.73514,17.08151,17.235588,17.465008,17.699373,17.933739,18.16316,18.317236,18.663607,10.497349,12.681064,13.659096,15.121762,16.62079,18.119818,19.582483,20.560516,22.744232,1022.9836,1024.1139,1024.6113,1025.3473,1026.0953,1026.8434,1027.5793,1028.0769,1029.2072
2026-10-01 10:00:00+00:00,2026-10-01 17:00:00+00:00,live,dwd_forecast,2026-10-01 10:48:30.658347+00:00,1c7a531768d8,b315b6d30a49,16.685625,17.039137,17.19882,17.43893,17.686,17.933071,18.173182,18.332863,18.686377,9.962933,12.032277,12.982433,14.426153,15.923214,17.420273,18.863995,19.814148,21.883495,1022.7754,1024.0349,1024.5837,1025.3904,1026.2064,1027.0223,1027.829,1028.3778,1029.6373
2026-10-01 10:00:00+00:00,2026-10-01 18:00:00+00:00,live,dwd_forecast,2026-10-01 10:48:30.658347+00:00,1c7a531768d8,b315b6d30a49,16.567137,16.937067,17.105421,17.359781,17.62244,17.885101,18.139462,18.307816,18.677746,9.433739,11.399638,12.314257,13.715693,15.177907,16.64012,18.041557,18.956177,20.922077,1022.8211,1024.1836,1024.7684,1025.6199,1026.4751,1027.3303,1028.1818,1028.7666,1030.1292
2026-10-01 10:00:00+00:00,2026-10-01 19:00:00+00:00,live,dwd_forecast,2026-10-01 10:48:30.658347+00:00,1c7a531768d8,b315b6d30a49,16.434258,16.812208,16.984386,17.244698,17.51363,17.782562,18.042873,18.215054,18.593002,8.671829,10.6187935,11.525075,12.914197,14.363915,15.813634,17.202755,18.109037,20.056002,1023.0737,1024.5228,1025.138,1026.0271,1026.9153,1027.8036,1028.6926,1029.3079,1030.757
2026-10-01 10:00:00+00:00,2026-10-01 20:00:00+00:00,live,dwd_forecast,2026-10-01 10:48:30.658347+00:00,1c7a531768d8,b315b6d30a49,16.264975,16.655197,16.833933,17.10509,17.38594,17.66679,17.937946,18.116682,18.506905,7.8601193,9.805001,10.704563,12.077797,13.506657,14.935517,16.30875,17.208311,19.153194,1023.2481,1024.8059,1025.4576,1026.3904,1027.3158,1028.2411,1029.174,1029.8256,1031.3834
2026-10-01 10:00:00+00:00,2026-10-01 21:00:00+00:00,live,dwd_forecast,2026-10-01 10:48:30.658347+00:00,1c7a531768d8,b315b6d30a49,16.070961,16.465628,16.646414,16.920694,17.204794,17.488892,17.763174,17.94396,18.338627,7.0962267,9.034919,9.92234,11.2680855,12.661527,14.054967,15.400713,16.288134,18.22683,1023.521,1025.1438,1025.8239,1026.7983,1027.7659,1028.7334,1029.7079,1030.388,1032.0107
2026-10-01 10:00:00+00:00,2026-10-01 22:00:00+00:00,live,dwd_forecast,2026-10-01 10:48:30.658347+00:00,1c7a531768d8,b315b6d30a49,15.862553,16.261223,16.44423,16.722258,17.010523,17.29879,17.576817,17.759825,18.158495,6.252616,8.2283,9.123333,10.471676,11.861017,13.250358,14.598701,15.493734,17.46942,1023.6343,1025.3264,1026.033,1027.0432,1028.0446,1029.0459,1030.0562,1030.7627,1032.4547
2026-10-01 10:00:00+00:00,2026-10-01 23:00:00+00:00,live,dwd_forecast,2026-10-01 10:48:30.658347+00:00,1c7a531768d8,b315b6d30a49,15.641012,16.044043,16.229424,16.51142,16.804077,17.096735,17.37873,17.564114,17.967142,5.657072,7.681318,8.582487,9.925034,11.297045,12.669055,14.011601,14.912771,16.937017,1023.5163,1025.3137,1026.0679,1027.1495,1028.2241,1029.2988,1030.3805,1031.1346,1032.932
2026-10-01 10:00:00+00:00,2026-10-02 00:00:00+00:00,live,dwd_forecast,2026-10-01 10:48:30.658347+00:00,1c7a531768d8,b315b6d30a49,15.446937,15.858019,16.046324,16.33201,16.627922,16.923832,17.209518,17.397823,17.808907,4.9862957,7.065854,7.9763446,9.3183975,10.679094,12.039792,13.3818445,14.292335,16.371895,1023.3785,1025.2504,1026.0309,1027.1456,1028.2498,1029.3539,1030.4686,1031.249,1033.121
2026-10-01 10:00:00+00:00,2026-10-02 01:00:00+00:00,live,dwd_forecast,2026-10-01 10:48:30.658347+00:00,1c7a531768d8,b315b6d30a49,15.300495,15.71159,15.899488,16.184162,16.478722,16.773283,17.057957,17.245855,17.65695,4.563076,6.676332,7.5878105,8.918482,10.258034,11.597586,12.928257,13.839735,15.952993,1023.151,1025.1228,1025.9387,1027.0986,1028.2432,1029.3877,1030.5476,1031.3635,1033.3353
2026-10-01 10:00:00+00:00,2026-10-02 02:00:00+00:00,live,dwd_forecast,2026-10-01 10:48:30.658347+00:00,1c7a531768d8,b315b6d30a49,15.201714,15.605746,15.78938,16.066595,16.352676,16.638756,16.91597,17.099604,17.503637,4.0557775,6.260006,7.199919,8.562094,9.925879,11.289663,12.651838,13.591751,15.79598,1022.8689,1024.92,1025.7687,1026.9752,1028.1659,1029.3564,1030.563,1031.4117,1033.4628
2026-10-01 10:00:00+00:00,2026-10-02 03:00:00+00:00,live,dwd_forecast,2026-10-01 10:48:30.658347+00:00,1c7a531768d8,b315b6d30a49,15.133755,15.5360565,15.717879,15.991378,16.272879,16.554379,16.827875,17.009699,17.412,3.7766752,6.029438,6.987413,8.37332,9.75904,11.14476,12.530666,13.488641,15.7414055,1022.24805,1024.4586,1025.3739,1026.6755,1027.9603,1029.2452,1030.5469,1031.4622,1033.6726
2026-10-01 10:00:00+00:00,2026-10-02 04:00:00+00:00,live,dwd_forecast,2026-10-01 10:48:30.658347+00:00,1c7a531768d8,b315b6d30a49,15.124038,15.522505,15.702807,15.974223,16.253736,16.533249,16.804665,16.984966,17.383434,3.8870707,6.1891565,7.1729956,8.600878,10.0319805,11.463082,12.890963,13.874802,16.17689,1021.69354,1024.0745,1025.0577,1026.4539,1027.8302,1029.2065,1030.6027,1031.5859,1033.9668
2026-10-01 10:00:00+00:00,2026-10-02 05:00:00+00:00,live,dwd_forecast,2026-10-01 10:48:30.658347+00:00,1c7a531768d8,b315b6d30a49,15.14725,15.5477295,15.727357,15.996244,16.272009,16.547771,16.81666,16.996286,17.396767,4.322156,6.6527085,7.6604195,9.133937,10.619057,12.104176,13.577692,14.585404,16.915956,1021.1097,1023.64734,1024.6895,1026.1637,1027.6132,1029.0625,1030.5367,1031.5789,1034.1166
2026-10-01 10:00:00+00:00,2026-10-02 06:00:00+00:00,live,dwd_forecast,2026-10-01 10:48:30.658347+00:00,1c7a531768d8,b315b6d30a49,15.219367,15.61962,15.799065,16.067598,16.34294,16.618279,16.886812,17.066257,17.46651,4.8504324,7.2668414,8.3371315,9.92644,11.546716,13.16699,14.756299,15.82659,18.243002,1020.38007,1023.10474,1024.2172,1025.7849,1027.3219,1028.8589,1030.4266,1031.5391,1034.2637
2026-10-01 10:00:00+00:00,2026-10-02 07:00:00+00:00,live,dwd_forecast,2026-10-01 10:48:30.658347+00:00,1c7a531768d8,b315b6d30a49,15.338459,15.735387,15.912703,16.177444,16.448437,16.719427,16.984169,17.161484,17.558414,5.5985765,8.090664,9.2134495,10.898975,12.631255,14.363534,16.049059,17.171846,19.663933,1019.707,1022.539,1023.702,1025.3474,1026.9651,1028.5828,1030.2281,1031.3911,1034.2231
2026-10-01 10:00:00+00:00,2026-10-02 08:00:00+00:00,live,dwd_forecast,2026-10-01 10:48:30.658347+00:00,1c7a531768d8,b315b6d30a49,15.4483795,15.848647,16.027279,16.293818,16.566523,16.839228,17.105766,17.284397,17.684666,6.330702,8.958967,10.166153,12.000807,13.903537,15.806267,17.640919,18.848106,21.476374,1019.2136,1022.1287,1023.33215,1025.0403,1026.7239,1028.4075,1030.1156,1031.319,1034.2341
2026-10-01 10:00:00+00:00,2026-10-02 09:00:00+00:00,live,dwd_forecast,2026-10-01 10:48:30.658347+00:00,1c7a531768d8,b315b6d30a49,15.546066,15.964072,16.150286,16.42782,16.711535,16.995249,17.272785,17.458998,17.877005,6.9965887,9.813637,11.121435,13.122586,15.208424,17.294262,19.295412,20.60321,23.420261,1018.57764,1021.58093,1022.82794,1024.6045,1026.3606,1028.1167,1029.8933,1031.1403,1034.1436
2026-10-01 10:00:00+00:00,2026-10-02 10:00:00+00:00,live,dwd_forecast,2026-10-01 10:48:30.658347+00:00,1c7a531768d8,b315b6d30a49,15.623228,16.07135,16.269842,16.564596,16.865099,17.165602,17.460358,17.65885,18.106972,7.5507913,10.5638075,11.980219,14.164937,16.45549,18.746042,20.93076,22.347172,25.360191,1017.96204,1021.08124,1022.3778,1024.2263,1026.0544,1027.8826,1029.7311,1031.0277,1034.1469
2026-10-01 10:00:00+00:00,2026-10-02 11:00:00+00:00,live,dwd_forecast,2026-10-01 10:48:30.658347+00:00,1c7a531768d8,b315b6d30a49,15.733353,16.19526,16.401224,16.70838,17.022512,17.336647,17.643803,17.849768,18.311674,8.02149,11.208603,12.714971,15.046444,17.497034,19.947624,22.279097,23.785463,26.97258,1017.3755,1020.5746,1021.91327,1023.8301,1025.7318,1027.6337,1029.5504,1030.8892,1034.0883
2026-10-01 10:00:00+00:00,2026-10-02 12:00:00+00:00,live,dwd_forecast,2026-10-01 10:48:30.658347+00:00,1c7a531768d8,b315b6d30a49,15.860414,16.32676,16.53557,16.8478,17.167751,17.487703,17.799932,18.008743,18.475088,8.155155,11.491821,13.081829,15.5556135,18.165714,20.775814,23.2496,24.839603,28.176273,1016.7739,1020.0211,1021.39435,1023.37396,1025.348,1027.3221,1029.3018,1030.675,1033.9222
2026-10-01 10:00:00+00:00,2026-10-02 13:00:00+00:00,live,dwd_forecast,2026-10-01 10:48:30.658347+00:00,1c7a531768d8,b315b6d30a49,15.935215,16.4111,16.625763,16.948261,17.279892,17.611523,17.93402,18.148682,18.624569,8.170075,11.591716,13.227478,15.77768,18.472448,21.167215,23.717419,25.35318,28.774824,1016.08136,1019.4621,1020.8845,1022.9283,1024.9614,1026.9944,1029.0382,1030.4606,1033.8414
2026-10-01 10:00:00+00:00,2026-10-02 14:00:00+00:00,live,dwd_forecast,2026-10-01 10:48:30.658347+00:00,1c7a531768d8,b315b6d30a49,16.014992,16.493883,16.711548,17.040146,17.379261,17.718374,18.046972,18.264639,18.743528,7.9943767,11.405494,13.039198,15.589147,18.285927,20.982706,23.532656,25.166359,28.57748,1015.5665,1019.0082,1020.46686,1022.5726,1024.6747,1026.7767,1028.8824,1030.3411,1033.7827
2026-10-01 10:00:00+00:00,2026-10-02 15:00:00+00:00,live,dwd_forecast,2026-10-01 10:48:30.658347+00:00,1c7a531768d8,b315b6d30a49,16.072306,16.556097,16.776937,17.11124,17.456944,17.802647,18.136951,18.35779,18.841581,7.7023416,11.071066,12.677789,15.179003,17.819147,20.459293,22.960506,24.56723,27.935955,1015.00793,1018.5652,1020.0777,1022.2657,1024.4532,1026.6407,1028.8287,1030.3412,1033.8986
2026-10-01 10:00:00+00:00,2026-10-02 16:00:00+00:00,live,dwd_forecast,2026-10-01 10:48:30.658347+00:00,1c7a531768d8,b315b6d30a49,16.070583,16.561298,16.786856,17.12981,17.485615,17.84142,18.184376,18.409931,18.900646,7.3017545,10.568161,12.128088,14.558442,17.125324,19.692207,22.122562,23.682487,26.948896,1014.9457,1018.5108,1020.0308,1022.2336,1024.4388,1026.644,1028.8468,1030.3668,1033.932
2026-10-01 10:00:00+00:00,2026-10-02 17:00:00+00:00,live,dwd_forecast,2026-10-01 10:48:30.658347+00:00,1c7a531768d8,b315b6d30a49,16.079498,16.567053,16.79157,17.13335,17.488243,17.843136,18.184916,18.409433,18.896988,6.8434963,10.010697,11.522289,13.876393,16.36201,18.847624,21.201729,22.713318,25.88052,1014.9742,1018.5664,1020.09216,1022.29785,1024.502,1026.706,1028.9116,1030.4374,1034.0297
2026-10-01 10:00:00+00:00,2026-10-02 18:00:00+00:00,live,dwd_forecast,2026-10-01 10:48:30.658347+00:00,1c7a531768d8,b315b6d30a49,16.01362,16.502352,16.728634,17.074293,17.434124,17.793957,18.139616,18.365898,18.85463,6.340701,9.4647255,10.934308,13.202008,15.580307,17.958605,20.226305,21.695889,24.819914,1015.17,1018.81866,1020.37476,1022.63007,1024.8882,1027.1464,1029.4017,1030.9578,1034.6064
2026-10-01 10:00:00+00:00,2026-10-02 19:00:00+00:00,live,dwd_forecast,2026-10-01 10:48:30.658347+00:00,1c7a531768d8,b315b6d30a49,15.942716,16.432203,16.65915,17.006126,17.367565,17.729004,18.075981,18.302927,18.792416,5.951277,8.914005,10.305456,12.450377,14.698212,16.946047,19.090967,20.482418,23.445148,1015.57275,1019.2119,1020.7735,1023.0458,1025.3276,1027.6094,1029.8817,1031.4432,1035.0824
2026-10-01 10:00:00+00:00,2026-10-02 20:00:00+00:00,live,dwd_forecast,2026-10-01 10:48:30.658347+00:00,1c7a531768d8,b315b6d30a49,15.840498,16.328554,16.555534,16.90325,17.265982,17.628712,17.976427,18.203407,18.691463,5.4036665,8.246062,9.577848,11.62771,13.773552,15.919394,17.969254,19.30104,22.143436,1016.0072,1019.6413,1021.2058,1023.4871,1025.7816,1028.076,1030.3573,1031.9219,1035.5559
2026-10-01 10:00:00+00:00,2026-10-02 21:00:00+00:00,live,dwd_forecast,2026-10-01 10:48:30.658347+00:00,1c7a531768d8,b315b6d30a49,15.692033,16.182316,16.409811,16.757803,17.120432,17.48306,17.83105,18.058546,18.54883,4.9334135,7.6718216,8.94305,10.888184,12.915583,14.942981,16.888113,18.159344,20.897753,1016.4936,1020.1329,1021.7007,1023.9879,1026.2891,1028.5902,1030.8774,1032.4453,1036.0846
2026-10-01 10:00:00+00:00,2026-10-02 22:00:00+00:00,live,dwd_forecast,2026-10-01 10:48:30.658347+00:00,1c7a531768d8,b315b6d30a49,15.540305,16.021086,16.244541,16.586716,16.943562,17.300406,17.64258,17.866035,18.346817,4.4460077,7.1112885,8.337986,10.204725,12.142591,14.080458,15.947197,17.173893,19.839174,1016.7587,1020.4181,1021.99695,1024.3025,1026.6238,1028.9452,1031.2507,1032.8296,1036.4889
2026-10-01 10:00:00+00:00,2026-10-02 23:00:00+00:00,live,dwd_forecast,2026-10-01 10:48:30.658347+00:00,1c7a531768d8,b315b6d30a49,15.398965,15.87113,16.09053,16.426447,16.776728,17.127008,17.462925,17.682325,18.154491,4.100342,6.6844664,7.8631916,9.646695,11.490369,13.334043,15.117545,16.296272,18.880396,1016.80884,1020.5574,1022.17163,1024.526,1026.8944,1029.2627,1031.6171,1033.2314,1036.9799
2026-10-01 10:00:00+00:00,2026-10-03 00:00:00+00:00,live,dwd_forecast,2026-10-01 10:48:30.658347+00:00,1c7a531768d8,b315b6d30a49,15.212158,15.691063,15.912765,16.251392,16.603884,16.956373,17.295002,17.516705,17.99561,3.6057415,6.2353477,7.4148517,9.180515,10.99136,12.802203,14.567866,15.747372,18.376978,1016.78186,1020.59283,1022.23456,1024.6295,1027.0392,1029.4487,1031.8438,1033.4855,1037.2965
2026-10-01 10:00:00+00:00,2026-10-03 01:00:00+00:00,live,dwd_forecast,2026-10-01 10:48:30.658347+00:00,1c7a531768d8,b315b6d30a49,15.107048,15.57819,15.795789,16.127659,16.472734,16.817812,17.149681,17.367281,17.838423,3.1589298,5.843767,7.032437,8.797042,10.595656,12.394271,14.158875,15.347544,18.032385,1016.5915,1020.46844,1022.1377,1024.5718,1027.0201,1029.4684,1031.9026,1033.5718,1037.4487
2026-10-01 10:00:00+00:00,2026-10-03 02:00:00+00:00,live,dwd_forecast,2026-10-01 10:48:30.658347+00:00,1c7a531768d8,b315b6d30a49,15.028132,15.489684,15.702894,16.028109,16.366299,16.704487,17.029701,17.24291,17.704464,2.795639,5.506809,6.705615,8.483835,10.295237,12.106638,13.884857,15.083664,17.794836,1016.3827,1020.28906,1021.96906,1024.4172,1026.8783,1029.3395,1031.7876,1033.4677,1037.3739
2026-10-01 10:00:00+00:00,2026-10-03 03:00:00+00:00,live,dwd_forecast,2026-10-01 10:48:30.658347+00:00,1c7a531768d8,b315b6d30a49,14.981154,15.435655,15.644395,15.961617,16.2906,16.619581,16.936804,17.145544,17.600044,2.7482605,5.4500237,6.64612,8.421694,10.23144,12.041186,13.816759,15.0128565,17.71462,1015.87726,1019.9014,1021.63385,1024.1599,1026.7006,1029.2412,1031.7673,1033.4996,1037.5239
2026-10-01 10:00:00+00:00,2026-10-03 04:00:00+00:00,live,dwd_forecast,2026-10-01 10:48:30.658347+00:00,1c7a531768d8,b315b6d30a49,14.9690485,15.42118,15.628912,15.944677,16.272205,16.599735,16.9155,17.123232,17.575363,2.7846632,5.532899,6.759496,8.589827,10.46258,12.335334,14.165662,15.392261,18.1405,1015.57983,1019.64575,1021.40137,1023.96625,1026.5496,1029.1329,1031.6979,1033.4535,1037.5193
2026-10-01 10:00:00+00:00,2026-10-03 05:00:00+00:00,live,dwd_forecast,2026-10-01 10:48:30.658347+00:00,1c7a531768d8,b315b6d30a49,15.0007305,15.456248,15.664638,15.980538,16.307547,16.634554,16.950453,17.158844,17.61436,3.003543,5.8185577,7.090455,9.003302,10.971851,12.9404,14.853246,16.125143,18.94016,1015.18256,1019.30524,1021.08655,1023.69,1026.313,1028.936,1031.5394,1033.3207,1037.4434
2026-10-01 10:00:00+00:00,2026-10-03 06:00:00+00:00,live,dwd_forecast,2026-10-01 10:48:30.658347+00:00,1c7a531768d8,b315b6d30a49,15.067567,15.52179,15.729125,16.04298,16.367533,16.692085,17.00594,17.213276,17.6675,3.3094006,6.3034315,7.6724787,9.747192,11.894371,14.041548,16.116262,17.48531,20.479343,1014.77673,1018.9176,1020.7212,1023.37085,1026.0507,1028.7306,1031.3802,1033.1838,1037.3247
2026-10-01 10:00:00+00:00,2026-10-03 07:00:00+00:00,live,dwd_forecast,2026-10-01 10:48:30.658347+00:00,1c7a531768d8,b315b6d30a49,15.181125,15.632873,15.839591,16.153008,16.477484,16.80196,17.115377,17.322096,17.773844,3.807438,6.93417,8.383228,10.598083,12.904798,15.211512,17.426367,18.875425,22.00216,1014.29767,1018.5213,1020.3574,1023.0516,1025.774,1028.4963,1031.1906,1033.0267,1037.2504
2026-10-01 10:00:00+00:00,2026-10-03 08:00:00+00:00,live,dwd_forecast,2026-10-01 10:48:30.658347+00:00,1c7a531768d8,b315b6d30a49,15.303704,15.759395,15.96789,16.283976,16.611197,16.938416,17.254501,17.462997,17.918688,4.296912,7.676907,9.251427,11.665968,14.186718,16.707468,19.122005,20.696527,24.076525,1013.8077,1018.068,1019.937,1022.6954,1025.4948,1028.2941,1031.0525,1032.9215,1037.1818
2026-10-01 10:00:00+00:00,2026-10-03 09:00:00+00:00,live,dwd_forecast,2026-10-01 10:48:30.658347+00:00,1c7a531768d8,b315b6d30a49,15.403844,15.872211,16.0866,16.411707,16.748337,17.084965,17.410074,17.624462,18.09283,4.6844673,8.306175,10.01342,12.651355,15.420636,18.189917,20.827852,22.535099,26.156809,1013.4452,1017.71967,1019.6012,1022.3841,1025.2128,1028.0414,1030.8242,1032.7058,1036.9803
2026-10-01 10:00:00+00:00,2026-10-03 10:00:00+00:00,live,dwd_forecast,2026-10-01 10:48:30.658347+00:00,1c7a531768d8,b315b6d30a49,15.518552,15.994246,16.212196,16.54291,16.885494,17.22808,17.558792,17.776743,18.252438,5.2341394,9.04332,10.856188,13.674432,16.646214,19.617994,22.436237,24.249105,28.058289,1012.97876,1017.32306,1019.23627,1022.0669,1024.9448,1027.8229,1030.6534,1032.5667,1036.911
2026-10-01 10:00:00+00:00,2026-10-03 11:00:00+00:00,live,dwd_forecast,2026-10-01 10:48:30.658347+00:00,1c7a531768d8,b315b6d30a49,15.606126,16.099129,16.325382,16.669054,17.02534,17.381622,17.725294,17.951548,18.444551,5.366233,9.413815,11.355998,14.391072,17.603725,20.816378,23.851452,25.793636,29.841217,1012.2179,1016.69916,1018.6714,1021.58813,1024.5527,1027.5172,1030.434,1032.4062,1036.8875
2026-10-01 10:00:00+00:00,2026-10-03 12:00:00+00:00,live,dwd_forecast,2026-10-01 10:48:30.658347+00:00,1c7a531768d8,b315b6d30a49,15.686755,16.198622,16.433622,16.790667,17.160881,17.531094,17.888138,18.123138,18.635006,5.598878,9.790247,11.80618,14.961234,18.30456,21.647886,24.80294,26.818874,31.010242,1011.8782,1016.3583,1018.34326,1021.29144,1024.2975,1027.3036,1030.2518,1032.2368,1036.7169
2026-10-01 10:00:00+00:00,2026-10-03 13:00:00+00:00,live,dwd_forecast,2026-10-01 10:48:30.658347+00:00,1c7a531768d8,b315b6d30a49,15.786489,16.302937,16.540539,16.902021,17.277206,17.652393,18.013874,18.251476,18.767925,5.5937138,9.889606,11.9592,15.201633,18.640173,22.07871,25.321142,27.39074,31.686634,1011.1951,1015.7595,1017.7837,1020.7918,1023.86035,1026.9288,1029.937,1031.9612,1036.5255
2026-10-01 10:00:00+00:00,2026-10-03 14:00:00+00:00,live,dwd_forecast,2026-10-01 10:48:30.658347+00:00,1c7a531768d8,b315b6d30a49,15.8757,16.396006,16.635912,17.00142,17.381176,17.760933,18.126438,18.366344,18.88665,5.490532,9.76829,11.833108,15.072004,18.509857,21.947708,25.186604,27.251423,31.52918,1010.7287,1015.3373,1017.3929,1020.459,1023.5952,1026.7314,1029.7975,1031.8531,1036.4617
2026-10-01 10:00:00+00:00,2026-10-03 15:00:00+00:00,live,dwd_forecast,2026-10-01 10:48:30.658347+00:00,1c7a531768d8,b315b6d30a49,15.921443,16.44702,16.68923,17.058123,17.441305,17.824486,18.193378,18.435589,18.961166,5.4462814,9.599394,11.601124,14.738157,18.06562,21.393082,24.530113,26.531845,30.68496,1010.358,1015.0729,1017.1665,1020.28033,1023.4586,1026.6368,1029.7507,1031.8442,1036.5592
2026-10-01 10:00:00+00:00,2026-10-03 16:00:00+00:00,live,dwd_forecast,2026-10-01 10:48:30.658347+00:00,1c7a531768d8,b315b6d30a49,15.976056,16.502937,16.746204,17.117146,17.502792,17.888441,18.259382,18.50265,19.02953,5.141756,9.176214,11.116091,14.151538,17.367664,20.58379,23.619236,25.559113,29.593576,1010.44086,1015.0588,1017.1227,1020.205,1023.3609,1026.5167,1029.5991,1031.663,1036.2809
2026-10-01 10:00:00+00:00,2026-10-03 17:00:00+00:00,live,dwd_forecast,2026-10-01 10:48:30.658347+00:00,1c7a531768d8,b315b6d30a49,15.960493,16.490368,16.735214,17.108759,17.497261,17.885763,18.259308,18.504154,19.034029,4.956609,8.792655,10.628142,13.491325,16.518051,19.544777,22.407959,24.243446,28.079496,1010.4791,1015.1396,1017.2238,1020.3379,1023.5272,1026.7164,1029.8306,1031.9148,1036.5753
2026-10-01 10:00:00+00:00,2026-10-03 18:00:00+00:00,live,dwd_forecast,2026-10-01 10:48:30.658347+00:00,1c7a531768d8,b315b6d30a49,15.92084,16.452187,16.697268,17.07073,17.458817,17.846903,18.220367,18.465446,18.996794,4.70751,8.353128,10.101016,12.831049,15.719726,18.608402,21.338434,23.086323,26.731943,1010.6694,1015.3664,1017.46063,1020.58374,1023.77765,1026.9716,1030.0947,1032.189,1036.886
2026-10-01 10:00:00+00:00,2026-10-03 19:00:00+00:00,live,dwd_forecast,2026-10-01 10:48:30.658347+00:00,1c7a531768d8,b315b6d30a49,15.8862505,16.412392,16.656305,17.029202,17.417622,17.806042,18.178936,18.422852,18.948992,4.453308,7.909622,9.559586,12.12957,14.843423,17.557276,20.12726,21.777224,25.233536,1011.0274,1015.7828,1017.9107,1021.0913,1024.3495,1027.6078,1030.7883,1032.9163,1037.6716
2026-10-01 10:00:00+00:00,2026-10-03 20:00:00+00:00,live,dwd_forecast,2026-10-01 10:48:30.658347+00:00,1c7a531768d8,b315b6d30a49,15.787519,16.31202,16.55463,16.925005,17.310392,17.695782,18.066154,18.308765,18.833267,4.2665243,7.5121593,9.0571785,11.459375,13.992712,16.526049,18.928246,20.473265,23.718903,1011.4154,1016.18585,1018.31744,1021.50055,1024.7592,1028.0178,1031.2009,1033.3325,1038.1029
2026-10-01 10:00:00+00:00,2026-10-03 21:00:00+00:00,live,dwd_forecast,2026-10-01 10:48:30.658347+00:00,1c7a531768d8,b315b6d30a49,15.671349,16.18373,16.421572,16.785484,17.164776,17.544067,17.907978,18.14582,18.658203,3.8833513,6.966045,8.428721,10.698175,13.087891,15.477606,17.747059,19.209736,22.29243,1011.7991,1016.64935,1018.80634,1022.0175,1025.2975,1028.5775,1031.7887,1033.9457,1038.7959
2026-10-01 10:00:00+00:00,2026-10-03 22:00:00+00:00,live,dwd_forecast,2026-10-01 10:48:30.658347+00:00,1c7a531768d8,b315b6d30a49,15.495136,16.010618,16.249094,16.613195,16.992085,17.370975,17.735075,17.973553,18.489033,3.4470491,6.4380283,7.8474817,10.024818,12.310211,14.595603,16.77294,18.182392,21.173374,1012.4192,1017.20135,1019.3281,1022.4944,1025.7285,1028.9628,1032.129,1034.2557,1039.038
2026-10-01 10:00:00+00:00,2026-10-03 23:00:00+00:00,live,dwd_forecast,2026-10-01 10:48:30.658347+00:00,1c7a531768d8,b315b6d30a49,15.360232,15.872141,16.108536,16.46904,16.843868,17.218697,17.5792,17.815596,18.327505,3.1568556,6.0433083,7.3930473,9.467906,11.6378975,13.807889,15.882748,17.232485,20.118942,1012.71014,1017.4966,1019.6288,1022.8065,1026.055,1029.3035,1032.4812,1034.6134,1039.3999
2026-10-01 10:00:00+00:00,2026-10-04 00:00:00+00:00,live,dwd_forecast,2026-10-01 10:48:30.658347+00:00,1c7a531768d8,b315b6d30a49,15.199855,15.711706,15.947489,16.306492,16.679325,17.052156,17.41116,17.646942,18.158794,2.5721579,5.4714737,6.810443,8.852463,10.975682,13.098903,15.140923,16.47989,19.37921,1012.6954,1017.5777,1019.7411,1022.9543,1026.2307,1029.5071,1032.7203,1034.8837,1039.7661
2026-10-01 10:00:00+00:00,2026-10-04 01:00:00+00:00,live,dwd_forecast,2026-10-01 10:48:30.658347+00:00,1c7a531768d8,b315b6d30a49,15.082782,15.588111,15.820433,16.173725,16.540289,16.906853,17.260145,17.492468,17.997797,2.2671595,5.110284,6.4241047,8.428555,10.513308,12.59806,14.6025095,15.916328,18.759455,1012.536,1017.4466,1019.6292,1022.87756,1026.1947,1029.5118,1032.7603,1034.9429,1039.8534
2026-10-01 10:00:00+00:00,2026-10-04 02:00:00+00:00,live,dwd_forecast,2026-10-01 10:48:30.658347+00:00,1c7a531768d8,b315b6d30a49,14.979574,15.483343,15.714251,16.064718,16.427837,16.790956,17.141424,17.372332,17.8761,1.9306784,4.812086,6.133585,8.140072,10.219566,12.299059,14.305546,15.627046,18.508453,1012.2532,1017.2532,1019.47656,1022.7865,1026.1671,1029.5479,1032.8578,1035.0812,1040.0812
2026-10-01 10:00:00+00:00,2026-10-04 03:00:00+00:00,live,dwd_forecast,2026-10-01 10:48:30.658347+00:00,1c7a531768d8,b315b6d30a49,14.916837,15.421993,15.6529,16.002745,16.364748,16.726753,17.0766,17.307505,17.812662,1.7391968,4.673767,6.0192547,8.06178,10.178331,12.294883,14.337406,15.682896,18.617468,1012.1441,1017.1287,1019.34894,1022.6576,1026.0397,1029.4218,1032.7305,1034.9507,1039.9353
2026-10-01 10:00:00+00:00,2026-10-04 04:00:00+00:00,live,dwd_forecast,2026-10-01 10:48:30.658347+00:00,1c7a531768d8,b315b6d30a49,14.888948,15.397323,15.629429,15.980834,16.344254,16.707672,17.059076,17.291183,17.799557,1.6176128,4.6877117,6.09822,8.242242,10.466105,12.689969,14.83399,16.2445,19.314598,1012.021,1017.01074,1019.23175,1022.5402,1025.9211,1029.3019,1032.6105,1034.8314,1039.8212
2026-10-01 10:00:00+00:00,2026-10-04 05:00:00+00:00,live,dwd_forecast,2026-10-01 10:48:30.658347+00:00,1c7a531768d8,b315b6d30a49,14.9147215,15.421083,15.65111,15.998246,16.356401,16.714558,17.061693,17.29172,17.798082,1.8375311,5.01036,6.4795732,8.724056,11.060723,13.39739,15.641871,17.111086,20.28392,1011.51825,1016.6247,1018.89795,1022.2846,1025.7455,1029.2064,1032.593,1034.8663,1039.9728
2026-10-01 10:00:00+00:00,2026-10-04 06:00:00+00:00,live,dwd_forecast,2026-10-01 10:48:30.658347+00:00,1c7a531768d8,b315b6d30a49,14.959414,15.468114,15.6985855,16.045801,16.40359,16.761375,17.108591,17.339064,17.847763,2.1339035,5.5041113,7.067487,9.458509,11.949801,14.441093,16.832115,18.395493,21.7657,1011.472,1016.54236,1018.80096,1022.1672,1025.6082,1029.0493,1032.4154,1034.6741,1039.7444
2026-10-01 10:00:00+00:00,2026-10-04 07:00:00+00:00,live,dwd_forecast,2026-10-01 10:48:30.658347+00:00,1c7a531768d8,b315b6d30a49,15.026461,15.544782,15.778782,16.130516,16.492353,16.85419,17.205925,17.439924,17.958246,2.7438335,6.232091,7.866229,10.381205,13.013743,15.646283,18.161259,19.795397,23.283653,1011.2335,1016.3264,1018.58923,1021.95605,1025.3936,1028.831,1032.1979,1034.4607,1039.5536
2026-10-01 10:00:00+00:00,2026-10-04 08:00:00+00:00,live,dwd_forecast,2026-10-01 10:48:30.658347+00:00,1c7a531768d8,b315b6d30a49,15.137603,15.656752,15.891825,16.245848,16.610554,16.975258,17.32928,17.564354,18.083504,3.201995,6.9714513,8.744308,11.4796505,14.348142,17.216633,19.951975,21.724833,25.49429,1010.7974,1015.9545,1018.2536,1021.68176,1025.1874,1028.6931,1032.1212,1034.4203,1039.5774
2026-10-01 10:00:00+00:00,2026-10-04 09:00:00+00:00,live,dwd_forecast,2026-10-01 10:48:30.658347+00:00,1c7a531768d8,b315b6d30a49,15.213965,15.748923,15.990595,16.354015,16.727993,17.10197,17.465391,17.707064,18.242022,3.8159294,7.7421393,9.613083,12.523964,15.595246,18.666527,21.577408,23.448353,27.374565,1010.5939,1015.77277,1018.0647,1021.4662,1024.9326,1028.399,1031.8005,1034.0924,1039.2714
2026-10-01 10:00:00+00:00,2026-10-04 10:00:00+00:00,live,dwd_forecast,2026-10-01 10:48:30.658347+00:00,1c7a531768d8,b315b6d30a49,15.327568,15.869799,16.114967,16.483852,16.863604,17.243357,17.612242,17.85741,18.399641,4.239892,8.42742,10.425401,13.536419,16.820795,20.10517,23.216187,25.214169,29.4017,1010.4869,1015.5835,1017.8542,1021.23865,1024.6986,1028.1587,1031.5431,1033.8138,1038.9104
2026-10-01 10:00:00+00:00,2026-10-04 11:00:00+00:00,live,dwd_forecast,2026-10-01 10:48:30.658347+00:00,1c7a531768d8,b315b6d30a49,15.444937,15.994345,16.243473,16.619007,17.00613,17.393253,17.768785,18.017916,18.567324,4.5208673,8.899841,11.00286,14.291078,17.77309,21.255104,24.543322,26.646336,31.025314,1010.0075,1015.1437,1017.43085,1020.8388,1024.322,1027.8053,1031.2133,1033.5005,1038.6366
2026-10-01 10:00:00+00:00,2026-10-04 12:00:00+00:00,live,dwd_forecast,2026-10-01 10:48:30.658347+00:00,1c7a531768d8,b315b6d30a49,15.537514,16.098186,16.353024,16.737738,17.134766,17.531794,17.916508,18.171345,18.732018,4.7442102,9.282391,11.467184,14.888565,18.515692,22.14282,25.5642,27.748993,32.287178,1009.4611,1014.71765,1017.04486,1020.4996,1024.0208,1027.542,1030.9967,1033.324,1038.5804
2026-10-01 10:00:00+00:00,2026-10-04 13:00:00+00:00,live,dwd_forecast,2026-10-01 10:48:30.658347+00:00,1c7a531768d8,b315b6d30a49,15.620837,16.189117,16.447987,16.839344,17.243652,17.64796,18.039318,18.298187,18.866467,4.7663727,9.395153,11.6240635,15.115047,18.816349,22.517647,26.008633,28.237545,32.866325,1009.336,1014.52527,1016.816,1020.2101,1023.6648,1027.1194,1030.5135,1032.8042,1037.9935
2026-10-01 10:00:00+00:00,2026-10-04 14:00:00+00:00,live,dwd_forecast,2026-10-01 10:48:30.658347+00:00,1c7a531768d8,b315b6d30a49,15.691434,16.26736,16.53093,16.930565,17.34432,17.758076,18.157713,18.42128,18.997208,4.655758,9.273971,11.496115,14.974819,18.661816,22.34881,25.827517,28.04966,32.66787,1009.30493,1014.42194,1016.69434,1020.0744,1023.52466,1026.9749,1030.355,1032.6273,1037.7444
2026-10-01 10:00:00+00:00,2026-10-04 15:00:00+00:00,live,dwd_forecast,2026-10-01 10:48:30.658347+00:00,1c7a531768d8,b315b6d30a49,15.731899,16.315222,16.583073,16.990072,17.412117,17.834164,18.241163,18.509014,19.092337,4.4253416,8.961346,11.14463,14.563205,18.187004,21.810804,25.229378,27.412663,31.948673,1009.0197,1014.2082,1016.4969,1019.8864,1023.33527,1026.784,1030.1737,1032.4623,1037.6509
2026-10-01 10:00:00+00:00,2026-10-04 16:00:00+00:00,live,dwd_forecast,2026-10-01 10:48:30.658347+00:00,1c7a531768d8,b315b6d30a49,15.742794,16.337217,16.609928,17.024084,17.453377,17.88267,18.296825,18.569534,19.163958,4.245455,8.590687,10.679079,13.946007,17.40669,20.867374,24.134304,26.222694,30.56793,1009.1558,1014.32135,1016.5942,1019.95483,1023.37024,1026.7856,1030.1464,1032.4192,1037.5847
2026-10-01 10:00:00+00:00,2026-10-04 17:00:00+00:00,live,dwd_forecast,2026-10-01 10:48:30.658347+00:00,1c7a531768d8,b315b6d30a49,15.728782,16.332298,16.609861,17.032051,17.470175,17.908298,18.330488,18.608051,19.211569,3.9123135,8.07979,10.081654,13.212133,16.527428,19.842724,22.973202,24.975067,29.142546,1009.3558,1014.4723,1016.7309,1020.0776,1023.48395,1026.8904,1030.237,1032.4956,1037.6122
2026-10-01 10:00:00+00:00,2026-10-04 18:00:00+00:00,live,dwd_forecast,2026-10-01 10:48:30.658347+00:00,1c7a531768d8,b315b6d30a49,15.677601,16.290276,16.571442,16.998512,17.441252,17.883991,18.311062,18.592226,19.204903,3.5734568,7.594694,9.517671,12.516209,15.6851635,18.854118,21.852655,23.775633,27.796871,1009.4629,1014.67395,1016.9692,1020.3653,1023.81836,1027.2715,1030.6676,1032.9628,1038.1738
2026-10-01 10:00:00+00:00,2026-10-04 19:00:00+00:00,live,dwd_forecast,2026-10-01 10:48:30.658347+00:00,1c7a531768d8,b315b6d30a49,15.574133,16.20275,16.490765,16.927797,17.38052,17.833242,18.270273,18.55829,19.186907,3.359271,7.1416607,8.952656,11.778811,14.767303,17.755796,20.581951,22.392948,26.175339,1010.09595,1015.27576,1017.5397,1020.87286,1024.2496,1027.6263,1030.9596,1033.2234,1038.4032
2026-10-01 10:00:00+00:00,2026-10-04 20:00:00+00:00,live,dwd_forecast,2026-10-01 10:48:30.658347+00:00,1c7a531768d8,b315b6d30a49,15.467837,16.094576,16.38229,16.8194,17.272617,17.725834,18.162945,18.450657,19.077396,3.0873957,6.6996813,8.413803,11.073559,13.874382,16.675205,19.33496,21.049084,24.66137,1010.3567,1015.65985,1017.9616,1021.33563,1024.7424,1028.1493,1031.5233,1033.8251,1039.1283
2026-10-01 10:00:00+00:00,2026-10-04 21:00:00+00:00,live,dwd_forecast,2026-10-01 10:48:30.658347+00:00,1c7a531768d8,b315b6d30a49,15.345826,15.968498,16.252977,16.683851,17.129597,17.57534,18.006214,18.290693,18.913366,2.7470112,6.2020617,7.83473,10.361351,13.016799,15.672248,18.198868,19.831535,23.28659,1010.9676,1016.24744,1018.54297,1021.9114,1025.3151,1028.7189,1032.0873,1034.3828,1039.6627
2026-10-01 10:00:00+00:00,2026-10-04 22:00:00+00:00,live,dwd_forecast,2026-10-01 10:48:30.658347+00:00,1c7a531768d8,b315b6d30a49,15.193058,15.807994,16.087883,16.510792,16.947521,17.38425,17.80716,18.087048,18.701984,2.424512,5.749463,7.308121,9.707942,12.220706,14.733471,17.133291,18.691948,22.016903,1011.2706,1016.54395,1018.8353,1022.1964,1025.5919,1028.9875,1032.3486,1034.64,1039.9133
2026-10-01 10:00:00+00:00,2026-10-04 23:00:00+00:00,live,dwd_forecast,2026-10-01 10:48:30.658347+00:00,1c7a531768d8,b315b6d30a49,15.012042,15.635944,15.918192,16.34301,16.780455,17.2179,17.642715,17.924963,18.548866,2.2476683,5.4363985,6.91674,9.181896,11.542902,13.903909,16.169065,17.649406,20.83814,1011.56604,1016.85297,1019.15234,1022.5271,1025.9379,1029.3486,1032.7234,1035.0228,1040.3097
2026-10-01 10:00:00+00:00,2026-10-05 00:00:00+00:00,live,dwd_forecast,2026-10-01 10:48:30.658347+00:00,1c7a531768d8,b315b6d30a49,14.85058,15.472454,15.751474,16.169233,16.59774,17.026245,17.444004,17.723024,18.344898,1.8803911,5.0224447,6.4663744,8.661554,10.938747,13.2159395,15.411118,16.85505,19.997105,1011.6172,1016.9745,1019.2859,1022.661,1026.0591,1029.4573,1032.8324,1035.1438,1040.5011
2026-10-01 10:00:00+00:00,2026-10-05 01:00:00+00:00,live,dwd_forecast,2026-10-01 10:48:30.658347+00:00,1c7a531768d8,b315b6d30a49,14.676727,15.3049965,15.58579,16.005152,16.434511,16.863869,17.283232,17.564024,18.192295,1.5059118,4.614275,6.0397635,8.204046,10.446998,12.689949,14.854232,16.279718,19.388086,1011.6302,1016.97943,1019.2941,1022.6804,1026.0946,1029.5088,1032.895,1035.2097,1040.559
2026-10-01 10:00:00+00:00,2026-10-05 02:00:00+00:00,live,dwd_forecast,2026-10-01 10:48:30.658347+00:00,1c7a531768d8,b315b6d30a49,14.593601,15.210312,15.484599,15.892974,16.31012,16.727264,17.13564,17.409927,18.026638,1.147151,4.2710943,5.69254,7.839921,10.057173,12.274424,14.421803,15.84325,18.967197,1011.4932,1016.9253,1019.264,1022.67426,1026.1042,1029.5343,1032.9446,1035.2833,1040.7153
2026-10-01 10:00:00+00:00,2026-10-05 03:00:00+00:00,live,dwd_forecast,2026-10-01 10:48:30.658347+00:00,1c7a531768d8,b315b6d30a49,14.498541,15.121836,15.398224,15.808941,16.227888,16.646833,17.05755,17.333939,17.957233,0.88561344,4.0513706,5.497302,7.6869416,9.951855,12.216768,14.406407,15.852338,19.018099,1011.29285,1016.7655,1019.11163,1022.52356,1025.9482,1029.3729,1032.7848,1035.131,1040.6036
2026-10-01 10:00:00+00:00,2026-10-05 04:00:00+00:00,live,dwd_forecast,2026-10-01 10:48:30.658347+00:00,1c7a531768d8,b315b6d30a49,14.45693,15.085362,15.364142,15.778521,16.201283,16.624044,17.038422,17.317202,17.945635,0.7531204,4.0529547,5.5560064,7.828181,10.17544,12.522698,14.794872,16.297924,19.597761,1011.23334,1016.6658,1019.00336,1022.4109,1025.8373,1029.2637,1032.6713,1035.0088,1040.4413
2026-10-01 10:00:00+00:00,2026-10-05 05:00:00+00:00,live,dwd_forecast,2026-10-01 10:48:30.658347+00:00,1c7a531768d8,b315b6d30a49,14.424072,15.065508,15.349417,15.770812,16.200274,16.629736,17.051132,17.33504,17.976477,0.8569107,4.2584743,5.8210573,8.196041,10.6593075,13.122574,15.497557,17.06014,20.461704,1011.0855,1016.526,1018.8537,1022.2343,1025.6244,1029.0144,1032.3951,1034.7228,1040.1632
2026-10-01 10:00:00+00:00,2026-10-05 06:00:00+00:00,live,dwd_forecast,2026-10-01 10:48:30.658347+00:00,1c7a531768d8,b315b6d30a49,14.401607,15.062399,15.355391,15.790758,16.234829,16.6789,17.114267,17.407259,18.068052,1.2346258,4.7491436,6.3790417,8.871401,11.467967,14.064533,16.556894,18.18679,21.701311,1010.80884,1016.3341,1018.6873,1022.095,1025.5046,1028.9143,1032.3219,1034.6752,1040.2004
2026-10-01 10:00:00+00:00,2026-10-05 07:00:00+00:00,live,dwd_forecast,2026-10-01 10:48:30.658347+00:00,1c7a531768d8,b315b6d30a49,14.453576,15.113176,15.40706,15.845105,16.292934,16.740765,17.17881,17.472694,18.132294,1.6019249,5.330405,7.07423,9.755228,12.559405,15.363583,18.04458,19.788404,23.516888,1010.4803,1016.0277,1018.39435,1021.82526,1025.2611,1028.6968,1032.1277,1034.4944,1040.0417
2026-10-01 10:00:00+00:00,2026-10-05 08:00:00+00:00,live,dwd_forecast,2026-10-01 10:48:30.658347+00:00,1c7a531768d8,b315b6d30a49,14.489361,15.171148,15.47577,15.930637,16.396284,16.86193,17.3168,17.62142,18.30321,1.996994,5.982684,7.8588243,10.7550745,13.793502,16.83193,19.72818,21.60432,25.590014,1010.1647,1015.74896,1018.13574,1021.60004,1025.0723,1028.5446,1032.0088,1034.3956,1039.98
2026-10-01 10:00:00+00:00,2026-10-05 09:00:00+00:00,live,dwd_forecast,2026-10-01 10:48:30.658347+00:00,1c7a531768d8,b315b6d30a49,14.571539,15.259499,15.568689,16.032116,16.507843,16.98357,17.446997,17.756187,18.444147,2.4219866,6.691092,8.711199,11.840122,15.130683,18.421244,21.550167,23.57027,27.839382,1009.9688,1015.5592,1017.9408,1021.39044,1024.8425,1028.2948,1031.7444,1034.126,1039.7163
2026-10-01 10:00:00+00:00,2026-10-05 10:00:00+00:00,live,dwd_forecast,2026-10-01 10:48:30.658347+00:00,1c7a531768d8,b315b6d30a49,14.693768,15.383295,15.694293,16.161486,16.641884,17.12228,17.589474,17.900473,18.59,2.873497,7.3393497,9.47955,12.821398,16.356718,19.892038,23.233887,25.374086,29.839943,1009.70636,1015.26685,1017.62616,1021.0345,1024.4387,1027.8429,1031.2512,1033.6106,1039.171
2026-10-01 17:00:00+00:00,2026-10-01 18:00:00+00:00,live,dwd_forecast,2026-10-01 17:48:19.344381+00:00,1c7a531768d8,d7a679330806,17.0953369140625,17.286325454711914,17.369808197021484,17.49272918701172,17.617259979248047,17.741790771484375,17.86471176147461,17.94819450378418,18.139183044433597,12.558713912963867,13.753554344177246,14.28090763092041,15.062225341796877,15.857426643371582,16.652629852294922,17.43394660949707,17.961299896240234,19.15614128112793,1024.046630859375,1024.5142822265625,1024.7252197265625,1025.0419921875,1025.3677978515625,1025.693603515625,1026.010498046875,1026.221435546875,1026.6890869140625
2026-10-01 17:00:00+00:00,2026-10-01 19:00:00+00:00,live,dwd_forecast,2026-10-01 17:48:19.344381+00:00,1c7a531768d8,d7a679330806,16.89763641357422,17.114559173583984,17.20968246459961,17.350032806396484,17.49243927001953,17.634845733642578,17.775196075439453,17.87032127380371,18.08724403381348,11.12997817993164,12.608002662658691,13.242358207702637,14.165533065795898,15.092679023742676,16.019824981689453,16.94300079345703,17.577356338500977,19.055381774902344,1024.1429443359375,1024.71337890625,1024.9658203125,1025.3408203125,1025.722900390625,1026.10498046875,1026.4798583984375,1026.732421875,1027.302734375
2026-10-01 17:00:00+00:00,2026-10-01 20:00:00+00:00,live,dwd_forecast,2026-10-01 17:48:19.344381+00:00,1c7a531768d8,d7a679330806,16.652629852294922,16.899843215942383,17.009092330932617,17.171083450317383,17.33605194091797,17.501022338867188,17.663013458251953,17.772260665893555,18.01947593688965,9.977238655090332,11.53711223602295,12.222840309143066,13.236209869384766,14.265639305114746,15.295068740844728,16.308439254760742,16.99416732788086,18.55404090881348,1024.286376953125,1024.9833984375,1025.287841796875,1025.73583984375,1026.1895751953125,1026.643310546875,1027.09130859375,1027.395751953125,1028.0927734375
2026-10-01 17:00:00+00:00,2026-10-01 21:00:00+00:00,live,dwd_forecast,2026-10-01 17:48:19.344381+00:00,1c7a531768d8,d7a679330806,16.400943756103516,16.67502784729004,16.796823501586914,16.97806167602539,17.163116455078125,17.34817123413086,17.529409408569336,17.65120506286621,17.925289154052734,8.89810848236084,10.48714828491211,11.206235885620115,12.288763046264648,13.4036283493042,14.51849365234375,15.60102081298828,16.32010841369629,17.909149169921875,1024.4764404296875,1025.2686767578125,1025.6104736328125,1026.109619140625,1026.6123046875,1027.1148681640625,1027.614013671875,1027.955810546875,1028.748046875
2026-10-01 17:00:00+00:00,2026-10-01 22:00:00+00:00,live,dwd_forecast,2026-10-01 17:48:19.344381+00:00,1c7a531768d8,d7a679330806,16.17400550842285,16.46144676208496,16.590124130249023,16.782506942749023,16.97962760925293,17.176748275756836,17.369131088256836,17.4978084564209,17.785249710083008,7.901044368743896,9.58076286315918,10.35116481781006,11.520930290222168,12.733283996582031,13.945638656616213,15.115403175354004,15.885805130004885,17.56552505493164,1024.5045166015625,1025.4124755859375,1025.80029296875,1026.363037109375,1026.927001953125,1027.490966796875,1028.0537109375,1028.441650390625,1029.3494873046875
2026-10-01 17:00:00+00:00,2026-10-01 23:00:00+00:00,live,dwd_forecast,2026-10-01 17:48:19.344381+00:00,1c7a531768d8,d7a679330806,15.92616081237793,16.231914520263672,16.37102508544922,16.581161499023438,16.798124313354492,17.01508903503418,17.2252254486084,17.364334106445312,17.670089721679688,6.772122383117676,8.561521530151367,9.38744831085205,10.646598815917969,11.955480575561523,13.264363288879396,14.523513793945312,15.349440574645996,17.138839721679688,1024.4730224609375,1025.47216796875,1025.8984375,1026.5164794921875,1027.1353759765625,1027.75439453125,1028.3724365234375,1028.7987060546875,1029.7978515625
2026-10-01 17:00:00+00:00,2026-10-02 00:00:00+00:00,live,dwd_forecast,2026-10-01 17:48:19.344381+00:00,1c7a531768d8,d7a679330806,15.693133354187012,16.018556594848633,16.167320251464844,16.392724990844727,16.625974655151367,16.859222412109375,17.084627151489258,17.23339080810547,17.558815002441406,5.876248359680176,7.77957820892334,8.658292770385742,9.998119354248049,11.39101219177246,12.783905982971191,14.123732566833496,15.002447128295898,16.905778884887695,1024.20556640625,1025.3587646484375,1025.8448486328125,1026.5439453125,1027.2401123046875,1027.936279296875,1028.635498046875,1029.1214599609375,1030.274658203125
2026-10-01 17:00:00+00:00,2026-10-02 01:00:00+00:00,live,dwd_forecast,2026-10-01 17:48:19.344381+00:00,1c7a531768d8,d7a679330806,15.483221054077148,15.828749656677246,15.986193656921388,16.224258422851562,16.470233917236328,16.71620750427246,16.954273223876953,17.111717224121094,17.457244873046875,5.21022891998291,7.222806453704834,8.146568298339844,9.54985809326172,11.004751205444336,12.459643363952637,13.862934112548828,14.786694526672363,16.799274444580078,1023.9353637695312,1025.2076416015625,1025.73828125,1026.49658203125,1027.247802734375,1027.9990234375,1028.75732421875,1029.2879638671875,1030.5601806640625
2026-10-01 17:00:00+00:00,2026-10-02 02:00:00+00:00,live,dwd_forecast,2026-10-01 17:48:19.344381+00:00,1c7a531768d8,d7a679330806,15.308133125305176,15.672492980957031,15.837875366210938,16.087326049804688,16.344594955444336,16.601863861083984,16.851314544677734,17.01669692993164,17.381057739257812,4.595727920532227,6.782876968383789,7.778138160705566,9.281742095947266,10.834324836730955,12.386907577514648,13.890512466430664,14.885772705078123,17.07292366027832,1023.6069946289062,1024.96875,1025.5380859375,1026.3526611328125,1027.16064453125,1027.968505859375,1028.783203125,1029.3524169921875,1030.7142333984375
2026-10-01 17:00:00+00:00,2026-10-02 03:00:00+00:00,live,dwd_forecast,2026-10-01 17:48:19.344381+00:00,1c7a531768d8,d7a679330806,15.203105926513672,15.581087112426758,15.752667427062988,16.0114803314209,16.27841567993164,16.545351028442383,16.80416488647461,16.975744247436523,17.35372543334961,4.38795280456543,6.630104064941406,7.645297527313232,9.17412567138672,10.74903392791748,12.323942184448242,13.85276985168457,14.867962837219238,17.110116958618164,1023.1407470703124,1024.612548828125,1025.2291259765625,1026.1124267578125,1026.9892578125,1027.8660888671875,1028.74951171875,1029.365966796875,1030.8377685546875
2026-10-01 17:00:00+00:00,2026-10-02 04:00:00+00:00,live,dwd_forecast,2026-10-01 17:48:19.344381+00:00,1c7a531768d8,d7a679330806,15.139984130859377,15.530681610107422,15.707122802734377,15.972393989562988,16.24532699584961,16.518260955810547,16.783533096313477,16.95997428894043,17.350671768188477,4.25214958190918,6.619856357574463,7.687741279602051,9.291936874389648,10.941455841064451,12.59097671508789,14.195170402526855,15.263055801391602,17.63076400756836,1022.603759765625,1024.2001953125,1024.8714599609375,1025.8355712890625,1026.79443359375,1027.7532958984375,1028.7174072265625,1029.3887939453125,1030.985107421875
2026-10-01 17:00:00+00:00,2026-10-02 05:00:00+00:00,live,dwd_forecast,2026-10-01 17:48:19.344381+00:00,1c7a531768d8,d7a679330806,15.104658126831056,15.511116981506348,15.69445514678955,15.969884872436523,16.253108978271484,16.536331176757812,16.8117618560791,16.995100021362305,17.401559829711914,4.571252822875977,6.996158123016357,8.09056282043457,9.735286712646484,11.427006721496582,13.11872673034668,14.763450622558594,15.857854843139648,18.28276252746582,1022.068603515625,1023.7937622070312,1024.5196533203125,1025.5628662109375,1026.6005859375,1027.638427734375,1028.681640625,1029.407470703125,1031.1326904296875
2026-10-01 17:00:00+00:00,2026-10-02 06:00:00+00:00,live,dwd_forecast,2026-10-01 17:48:19.344381+00:00,1c7a531768d8,d7a679330806,15.15384578704834,15.568509101867676,15.753841400146484,16.030643463134766,16.31404685974121,16.59745216369629,16.874252319335938,17.059585571289062,17.4742488861084,5.196259498596191,7.72657299041748,8.877323150634766,10.615191459655762,12.409175872802734,14.203160285949709,15.941028594970703,17.091777801513672,19.622093200683597,1021.4288330078124,1023.3051147460938,1024.09326171875,1025.2244873046875,1026.3489990234375,1027.473388671875,1028.604736328125,1029.392822265625,1031.2691650390625
2026-10-01 17:00:00+00:00,2026-10-02 07:00:00+00:00,live,dwd_forecast,2026-10-01 17:48:19.344381+00:00,1c7a531768d8,d7a679330806,15.2008056640625,15.640865325927734,15.83677864074707,16.12864875793457,16.42692756652832,16.725208282470703,17.017078399658203,17.21299171447754,17.653051376342773,5.804529190063477,8.496807098388672,9.730433464050291,11.60240077972412,13.541638374328612,15.480876922607422,17.35284423828125,18.586469650268555,21.278751373291016,1020.7747802734376,1022.765625,1023.6087646484376,1024.8255615234375,1026.039794921875,1027.25390625,1028.470703125,1029.3138427734375,1031.3046875
2026-10-01 17:00:00+00:00,2026-10-02 08:00:00+00:00,live,dwd_forecast,2026-10-01 17:48:19.344381+00:00,1c7a531768d8,d7a679330806,15.324889183044434,15.787811279296877,15.990942001342772,16.29077911376953,16.595102310180664,16.899425506591797,17.199262619018555,17.402393341064453,17.86531639099121,6.861484050750732,9.666180610656738,10.965664863586426,12.951574325561523,15.019603729248049,17.08763313293457,19.073543548583984,20.373027801513672,23.177722930908203,1019.9706420898438,1022.1253051757812,1023.0366821289062,1024.3507080078125,1025.6611328125,1026.9716796875,1028.28564453125,1029.197021484375,1031.3516845703125
2026-10-01 17:00:00+00:00,2026-10-02 09:00:00+00:00,live,dwd_forecast,2026-10-01 17:48:19.344381+00:00,1c7a531768d8,d7a679330806,15.505901336669922,15.964044570922852,16.165760040283203,16.464149475097656,16.767492294311523,17.07083511352539,17.369226455688477,17.570941925048828,18.02908515930176,7.512808799743652,10.564565658569336,11.995983123779297,14.20070743560791,16.50982093811035,18.81893539428711,21.02366065979004,22.455078125,25.5068359375,1019.2843627929688,1021.537841796875,1022.499267578125,1023.8930053710938,1025.288818359375,1026.6845703125,1028.0782470703125,1029.0396728515625,1031.293212890625
2026-10-01 17:00:00+00:00,2026-10-02 10:00:00+00:00,live,dwd_forecast,2026-10-01 17:48:19.344381+00:00,1c7a531768d8,d7a679330806,15.694869041442873,16.155426025390625,16.358911514282227,16.66058921813965,16.96778106689453,17.274972915649414,17.57665252685547,17.780136108398438,18.240694046020508,8.396269798278809,11.56281852722168,13.06584930419922,15.398475646972656,17.855144500732422,20.311813354492188,22.644439697265625,24.147470474243164,27.314022064208984,1018.4038696289062,1020.8277587890624,1021.8574829101562,1023.3463134765624,1024.834228515625,1026.322265625,1027.81103515625,1028.8408203125,1031.2646484375
2026-10-01 17:00:00+00:00,2026-10-02 11:00:00+00:00,live,dwd_forecast,2026-10-01 17:48:19.344381+00:00,1c7a531768d8,d7a679330806,15.84396266937256,16.324024200439453,16.535558700561523,16.8486385345459,17.167036056518555,17.48543357849121,17.798513412475586,18.010047912597656,18.490110397338867,8.615720748901367,12.14035701751709,13.819830894470217,16.432701110839844,19.1894645690918,21.946229934692383,24.559101104736328,26.238571166992188,29.76321220397949,1017.6458740234376,1020.2041625976562,1021.2921142578124,1022.8660278320312,1024.439697265625,1026.013427734375,1027.58740234375,1028.67529296875,1031.233642578125
2026-10-01 17:00:00+00:00,2026-10-02 12:00:00+00:00,live,dwd_forecast,2026-10-01 17:48:19.344381+00:00,1c7a531768d8,d7a679330806,15.977164268493652,16.472806930541992,16.69025230407715,17.011173248291016,17.33686637878418,17.662559509277344,17.983482360839844,18.200925827026367,18.696569442749023,8.963298797607422,12.655998229980469,14.421504020690918,17.174135208129883,20.082927703857425,22.991718292236328,25.74435043334961,27.509855270385746,31.202556610107425,1016.797119140625,1019.4905395507812,1020.6397094726562,1022.3057861328124,1023.974365234375,1025.642822265625,1027.3089599609375,1028.4581298828125,1031.1514892578125
2026-10-01 17:00:00+00:00,2026-10-02 13:00:00+00:00,live,dwd_forecast,2026-10-01 17:48:19.344381+00:00,1c7a531768d8,d7a679330806,16.09613037109375,16.59659767150879,16.816635131835938,17.141836166381836,17.472211837768555,17.80258560180664,18.12778663635254,18.347824096679688,18.84829330444336,9.140708923339844,12.880605697631836,14.67761516571045,17.488271713256836,20.46527099609375,23.44226837158203,26.2529239654541,28.04993438720703,31.789833068847656,1015.996826171875,1018.8551025390624,1020.0696411132812,1021.8258056640624,1023.5810546875,1025.3363037109375,1027.0924072265625,1028.3070068359375,1031.165283203125
2026-10-01 17:00:00+00:00,2026-10-02 14:00:00+00:00,live,dwd_forecast,2026-10-01 17:48:19.344381+00:00,1c7a531768d8,d7a679330806,16.210386276245117,16.710371017456055,16.93012046813965,17.254823684692383,17.584640502929688,17.914457321166992,18.239160537719727,18.45890998840332,18.958894729614254,8.845767974853516,12.630151748657228,14.452958106994627,17.308391571044922,20.336240768432617,23.364089965820312,26.219520568847656,28.04233169555664,31.82671165466309,1015.3794555664062,1018.3319091796876,1019.5940551757812,1021.4260864257812,1023.262451171875,1025.098876953125,1026.930908203125,1028.1929931640625,1031.1455078125
2026-10-01 17:00:00+00:00,2026-10-02 15:00:00+00:00,live,dwd_forecast,2026-10-01 17:48:19.344381+00:00,1c7a531768d8,d7a679330806,16.270063400268555,16.768844604492188,16.98898696899414,17.315143585205078,17.647096633911133,17.979049682617188,18.30520820617676,18.52534866333008,19.024131774902344,8.512961387634277,12.253246307373049,14.05458164215088,16.876140594482422,19.867897033691406,22.85965347290039,25.681209564208984,27.48254776000977,31.22283363342285,1014.9740600585938,1018.023193359375,1019.3234252929688,1021.2077026367188,1023.0942993164062,1024.9808349609375,1026.865234375,1028.1654052734375,1031.214599609375
2026-10-01 17:00:00+00:00,2026-10-02 16:00:00+00:00,live,dwd_forecast,2026-10-01 17:48:19.344381+00:00,1c7a531768d8,d7a679330806,16.251598358154297,16.75411605834961,16.976764678955078,17.307449340820312,17.64462661743164,17.98180389404297,18.312488555908203,18.535137176513672,19.037654876708984,8.17074203491211,11.770715713500977,13.497207641601562,16.194305419921875,19.04850959777832,21.90271377563477,24.59981155395508,26.326303482055664,29.9262809753418,1014.7901611328124,1017.8857421875,1019.2109375,1021.1363525390624,1023.067626953125,1024.9989013671875,1026.92431640625,1028.24951171875,1031.3450927734375
2026-10-01 17:00:00+00:00,2026-10-02 17:00:00+00:00,live,dwd_forecast,2026-10-01 17:48:19.344381+00:00,1c7a531768d8,d7a679330806,16.187519073486328,16.700773239135742,16.928852081298828,17.26824378967285,17.61478614807129,17.961328506469727,18.300722122192383,18.52880096435547,19.042055130004883,7.819553852081299,11.206798553466797,12.823813438415527,15.342498779296877,18.002195358276367,20.66189384460449,23.18058013916016,24.797592163085938,28.184839248657227,1014.8429565429688,1017.9747924804688,1019.3137817382812,1021.2576293945312,1023.2062377929688,1025.15478515625,1027.0986328125,1028.4376220703125,1031.5694580078125
2026-10-01 17:00:00+00:00,2026-10-02 18:00:00+00:00,live,dwd_forecast,2026-10-01 17:48:19.344381+00:00,1c7a531768d8,d7a679330806,16.118404388427734,16.62131118774414,16.847408294677734,17.186359405517578,17.534360885620117,17.88236427307129,18.221315383911133,18.447412490844727,18.950319290161133,7.3251214027404785,10.547157287597656,12.070664405822754,14.429293632507324,16.90890121459961,19.388507843017575,21.74713516235352,23.27064323425293,26.49268341064453,1015.0486450195312,1018.2177734375,1019.5808715820312,1021.5673828125,1023.5645751953124,1025.561767578125,1027.5482177734375,1028.911376953125,1032.0804443359375
2026-10-01 17:00:00+00:00,2026-10-02 19:00:00+00:00,live,dwd_forecast,2026-10-01 17:48:19.344381+00:00,1c7a531768d8,d7a679330806,16.027379989624023,16.52131462097168,16.745548248291016,17.08380126953125,17.432680130004883,17.78156089782715,18.119813919067383,18.34404563903809,18.83798217773437,6.720374584197998,9.80501937866211,11.257429122924805,13.499957084655762,15.852883338928224,18.205808639526367,20.44833755493164,21.900745391845703,24.98539352416992,1015.365234375,1018.5861206054688,1019.97119140625,1021.9892578125,1024.017822265625,1026.04638671875,1028.064453125,1029.449462890625,1032.67041015625
2026-10-01 17:00:00+00:00,2026-10-02 20:00:00+00:00,live,dwd_forecast,2026-10-01 17:48:19.344381+00:00,1c7a531768d8,d7a679330806,15.869948387145996,16.359237670898438,16.582733154296875,16.921199798583984,17.271312713623047,17.621427536010742,17.95989418029785,18.18338966369629,18.672679901123047,6.383938789367676,9.287278175354004,10.64016342163086,12.71522617340088,14.88187026977539,17.04851531982422,19.12357521057129,20.476463317871094,23.379802703857425,1015.6925659179688,1018.9598999023438,1020.370361328125,1022.4304809570312,1024.5052490234375,1026.5799560546875,1028.64013671875,1030.050537109375,1033.31787109375
2026-10-01 17:00:00+00:00,2026-10-02 21:00:00+00:00,live,dwd_forecast,2026-10-01 17:48:19.344381+00:00,1c7a531768d8,d7a679330806,15.708821296691896,16.186555862426758,16.406248092651367,16.740386962890625,17.087121963500977,17.433856964111328,17.767995834350586,17.987688064575195,18.465421676635746,6.139488220214844,8.857297897338867,10.107492446899414,12.009336471557615,13.98314380645752,15.956950187683104,17.858793258666992,19.10898971557617,21.826799392700195,1016.0366821289062,1019.3348388671876,1020.7607421875,1022.845703125,1024.9468994140625,1027.048095703125,1029.133056640625,1030.5589599609375,1033.857177734375
2026-10-01 17:00:00+00:00,2026-10-02 22:00:00+00:00,live,dwd_forecast,2026-10-01 17:48:19.344381+00:00,1c7a531768d8,d7a679330806,15.572543144226074,16.03809356689453,16.25303077697754,16.580764770507812,16.921483993530273,17.2622013092041,17.589935302734375,17.804872512817383,18.27042388916016,5.469579696655273,8.13705062866211,9.341583251953123,11.152438163757324,13.015512466430664,14.878586769104004,16.689441680908203,17.89397430419922,20.56144905090332,1016.3052368164062,1019.6443481445312,1021.0904541015624,1023.207275390625,1025.3424072265625,1027.4775390625,1029.5943603515625,1031.04052734375,1034.379638671875
2026-10-01 17:00:00+00:00,2026-10-02 23:00:00+00:00,live,dwd_forecast,2026-10-01 17:48:19.344381+00:00,1c7a531768d8,d7a679330806,15.40155029296875,15.863821983337402,16.07686996459961,16.401357650756836,16.738420486450195,17.075485229492188,17.399972915649414,17.613019943237305,18.075292587280277,5.149359703063965,7.723569393157959,8.879608154296875,10.611461639404297,12.38863468170166,14.165807723999023,15.897662162780762,17.053699493408203,19.627910614013672,1016.6185913085938,1019.9287719726562,1021.3711547851562,1023.4906616210938,1025.634765625,1027.77880859375,1029.8983154296875,1031.3406982421875,1034.65087890625
2026-10-01 17:00:00+00:00,2026-10-03 00:00:00+00:00,live,dwd_forecast,2026-10-01 17:48:19.344381+00:00,1c7a531768d8,d7a679330806,15.243648529052734,15.70095920562744,15.91112995147705,16.230663299560547,16.562143325805664,16.893625259399414,17.213157653808594,17.423328399658203,17.880640029907227,4.568076133728027,7.161424160003662,8.317034721374512,10.039671897888184,11.800897598266602,13.56212329864502,15.284760475158691,16.440370559692383,19.033721923828125,1016.5819702148438,1019.97998046875,1021.4559326171876,1023.6205444335938,1025.806884765625,1027.9932861328125,1030.1578369140625,1031.6337890625,1035.0318603515625
2026-10-01 17:00:00+00:00,2026-10-03 01:00:00+00:00,live,dwd_forecast,2026-10-01 17:48:19.344381+00:00,1c7a531768d8,d7a679330806,15.119728088378906,15.56588363647461,15.771892547607422,16.086034774780273,16.412643432617188,16.7392520904541,17.053394317626953,17.259403228759766,17.70555877685547,4.098419189453125,6.739438056945801,7.904770851135254,9.631010055541992,11.38770866394043,13.144407272338867,14.870646476745604,16.035980224609375,18.677000045776367,1016.5487670898438,1019.9810180664062,1021.4802856445312,1023.6868286132812,1025.921630859375,1028.1563720703125,1030.3629150390625,1031.8621826171875,1035.29443359375
2026-10-01 17:00:00+00:00,2026-10-03 02:00:00+00:00,live,dwd_forecast,2026-10-01 17:48:19.344381+00:00,1c7a531768d8,d7a679330806,15.004938125610352,15.454182624816896,15.660761833190918,15.974945068359377,16.300962448120117,16.626977920532227,16.941162109375,17.14773941040039,17.59698486328125,3.860698699951172,6.507316589355469,7.684451580047607,9.437067985534668,11.227352142333984,13.017635345458984,14.770251274108888,15.947386741638184,18.59400749206543,1016.3781127929688,1019.8659057617188,1021.3876342773438,1023.6256103515624,1025.8909912109375,1028.1563720703125,1030.394287109375,1031.916015625,1035.40380859375
2026-10-01 17:00:00+00:00,2026-10-03 03:00:00+00:00,live,dwd_forecast,2026-10-01 17:48:19.344381+00:00,1c7a531768d8,d7a679330806,14.939414024353027,15.391119003295898,15.59820556640625,15.912556648254396,16.2382869720459,16.56401824951172,16.878368377685547,17.0854549407959,17.537160873413086,3.4180145263671875,6.167934417724609,7.391096591949463,9.212322235107422,11.072747230529783,12.933172225952148,14.75439739227295,15.977559089660645,18.727481842041016,1016.005126953125,1019.5872802734376,1021.150634765625,1023.4503784179688,1025.778564453125,1028.106689453125,1030.4063720703125,1031.9697265625,1035.5518798828125
2026-10-01 17:00:00+00:00,2026-10-03 04:00:00+00:00,live,dwd_forecast,2026-10-01 17:48:19.344381+00:00,1c7a531768d8,d7a679330806,14.89307975769043,15.351062774658203,15.559869766235352,15.87571907043457,16.202152252197266,16.528587341308594,16.844436645507812,17.05324363708496,17.511226654052734,3.053184509277344,5.967193603515625,7.277123928070068,9.240768432617188,11.25673484802246,13.272701263427734,15.236343383789062,16.546274185180664,19.460285186767575,1015.7734985351562,1019.412841796875,1020.9978637695312,1023.3262939453124,1025.68115234375,1028.0360107421875,1030.3643798828125,1031.949462890625,1035.5887451171875
2026-10-01 17:00:00+00:00,2026-10-03 05:00:00+00:00,live,dwd_forecast,2026-10-01 17:48:19.344381+00:00,1c7a531768d8,d7a679330806,14.889415740966797,15.35037612915039,15.560078620910645,15.876832962036133,16.203861236572266,16.53089141845703,16.847644805908203,17.05734634399414,17.518308639526367,3.464104652404785,6.369056701660156,7.694242000579834,9.699461936950684,11.772420883178713,13.845379829406738,15.85059928894043,17.175783157348633,20.080738067626957,1015.3445434570312,1019.081787109375,1020.7041625976562,1023.08251953125,1025.484130859375,1027.8858642578125,1030.26416015625,1031.8865966796875,1035.623779296875
2026-10-01 17:00:00+00:00,2026-10-03 06:00:00+00:00,live,dwd_forecast,2026-10-01 17:48:19.344381+00:00,1c7a531768d8,d7a679330806,14.897668838500977,15.37775993347168,15.59571361541748,15.92449951171875,16.263620376586914,16.602741241455078,16.931528091430664,17.14948272705078,17.62957191467285,3.8603124618530273,6.874791145324707,8.276142120361328,10.422290802001951,12.660673141479492,14.899055480957031,17.045204162597656,18.44655418395996,21.461034774780277,1014.980224609375,1018.7520141601562,1020.4019775390624,1022.8327026367188,1025.296142578125,1027.759521484375,1030.1903076171875,1031.8402099609375,1035.612060546875
2026-10-01 17:00:00+00:00,2026-10-03 07:00:00+00:00,live,dwd_forecast,2026-10-01 17:48:19.344381+00:00,1c7a531768d8,d7a679330806,14.97764778137207,15.47215175628662,15.695786476135254,16.03231430053711,16.37879180908203,16.725269317626953,17.061798095703125,17.285432815551758,17.779937744140625,4.370870590209961,7.644541263580322,9.172747611999512,11.519404411315918,13.97170352935791,16.42400360107422,18.770658493041992,20.298864364624023,23.57253837585449,1014.5293579101562,1018.4119262695312,1020.1011962890624,1022.5810546875,1025.0877685546875,1027.5946044921875,1030.074462890625,1031.763671875,1035.646240234375
2026-10-01 17:00:00+00:00,2026-10-03 08:00:00+00:00,live,dwd_forecast,2026-10-01 17:48:19.344381+00:00,1c7a531768d8,d7a679330806,15.106131553649902,15.609418869018556,15.836624145507812,16.17814064025879,16.529460906982422,16.880781173706055,17.22229766845703,17.44950294494629,17.952791213989258,4.782299995422363,8.367504119873047,10.051758766174316,12.648488998413086,15.370153427124023,18.09181785583496,20.68854713439941,22.372800827026367,25.958011627197266,1014.0729370117188,1018.0098876953124,1019.7276000976562,1022.2539672851562,1024.8111572265625,1027.368408203125,1029.8946533203125,1031.6124267578125,1035.5494384765625
2026-10-01 17:00:00+00:00,2026-10-03 09:00:00+00:00,live,dwd_forecast,2026-10-01 17:48:19.344381+00:00,1c7a531768d8,d7a679330806,15.259514808654783,15.774291038513184,16.007017135620117,16.357152938842773,16.71758460998535,17.07801628112793,17.428150177001953,17.660877227783203,18.1756534576416,5.39186954498291,9.199228286743164,11.008119583129885,13.817106246948242,16.776750564575195,19.73639488220215,22.545379638671875,24.35427474975586,28.161636352539062,1013.5137329101562,1017.5105590820312,1019.2581787109376,1021.83203125,1024.4400634765625,1027.0479736328125,1029.621826171875,1031.3695068359375,1035.3663330078125
2026-10-01 17:00:00+00:00,2026-10-03 10:00:00+00:00,live,dwd_forecast,2026-10-01 17:48:19.344381+00:00,1c7a531768d8,d7a679330806,15.40716552734375,15.93853759765625,16.179473876953125,16.542640686035156,16.917003631591797,17.29136848449707,17.6545352935791,17.895471572875977,18.42684364318848,5.836018562316895,9.933794021606444,11.893784523010254,14.950453758239746,18.18116569519043,21.4118766784668,24.46854591369629,26.42853546142578,30.52631378173828,1012.8782958984376,1016.9824829101562,1018.7783203125,1021.4241333007812,1024.10595703125,1026.7877197265625,1029.43359375,1031.2293701171875,1035.3336181640625
2026-10-01 17:00:00+00:00,2026-10-03 11:00:00+00:00,live,dwd_forecast,2026-10-01 17:48:19.344381+00:00,1c7a531768d8,d7a679330806,15.549213409423828,16.093515396118164,16.34123420715332,16.715511322021484,17.102005004882812,17.488496780395508,17.862773895263672,18.110492706298828,18.6547966003418,6.286899566650391,10.60926628112793,12.68733024597168,15.938753128051758,19.383522033691406,22.828289031982425,26.0797119140625,28.15777587890625,32.48014068603516,1012.4702758789062,1016.572021484375,1018.376953125,1021.0458374023438,1023.75830078125,1026.4708251953125,1029.1396484375,1030.944580078125,1035.04638671875
2026-10-01 17:00:00+00:00,2026-10-03 12:00:00+00:00,live,dwd_forecast,2026-10-01 17:48:19.344381+00:00,1c7a531768d8,d7a679330806,15.670183181762695,16.233261108398438,16.489980697631836,16.878299713134766,17.279630661010742,17.680959701538086,18.069278717041016,18.326000213623047,18.88907814025879,6.440509796142578,10.950531959533691,13.13213348388672,16.55889320373535,20.19976043701172,23.840625762939453,27.26738548278809,29.4489860534668,33.959014892578125,1011.8590698242188,1016.033935546875,1017.8727416992188,1020.5934448242188,1023.3597412109376,1026.1259765625,1028.8466796875,1030.6854248046875,1034.8603515625
2026-10-01 17:00:00+00:00,2026-10-03 13:00:00+00:00,live,dwd_forecast,2026-10-01 17:48:19.344381+00:00,1c7a531768d8,d7a679330806,15.77444553375244,16.34897804260254,16.611417770385742,17.008869171142578,17.42000389099121,17.831140518188477,18.228591918945312,18.49103164672852,19.065563201904297,6.684347629547119,11.211907386779783,13.413702011108398,16.883922576904297,20.580101013183597,24.27627944946289,27.746501922607425,29.94829559326172,34.475860595703125,1011.3745727539062,1015.6237182617188,1017.4915161132812,1020.2516479492188,1023.0553588867188,1025.859130859375,1028.6192626953125,1030.487060546875,1034.7362060546875
2026-10-01 17:00:00+00:00,2026-10-03 14:00:00+00:00,live,dwd_forecast,2026-10-01 17:48:19.344381+00:00,1c7a531768d8,d7a679330806,15.854425430297852,16.43690299987793,16.704063415527344,17.10972023010254,17.5301513671875,17.950584411621094,18.35624122619629,18.623401641845703,19.20587921142578,6.551526069641113,11.064373016357422,13.256786346435549,16.70999526977539,20.38633155822754,24.062664031982425,27.51587677001953,29.708290100097656,34.22113800048828,1011.1079711914062,1015.3749389648438,1017.25390625,1020.0337524414062,1022.85986328125,1025.68603515625,1028.4658203125,1030.3448486328125,1034.61181640625
2026-10-01 17:00:00+00:00,2026-10-03 15:00:00+00:00,live,dwd_forecast,2026-10-01 17:48:19.344381+00:00,1c7a531768d8,d7a679330806,15.926284790039062,16.49983787536621,16.763832092285156,17.16558837890625,17.582664489746094,17.999740600585938,18.40149688720703,18.66549301147461,19.239044189453125,6.268966674804688,10.67347526550293,12.813880920410156,16.185806274414062,19.776084899902344,23.366363525390625,26.73828887939453,28.878692626953125,33.28321075439453,1010.7852783203124,1015.0842895507812,1016.98046875,1019.7886352539062,1022.645751953125,1025.5028076171875,1028.31103515625,1030.2071533203125,1034.5062255859375
2026-10-01 17:00:00+00:00,2026-10-03 16:00:00+00:00,live,dwd_forecast,2026-10-01 17:48:19.344381+00:00,1c7a531768d8,d7a679330806,15.929762840270996,16.502666473388672,16.767362594604492,17.17115592956543,17.591093063354492,18.011032104492188,18.414825439453125,18.679521560668945,19.252424240112305,6.091033935546875,10.284199714660645,12.320786476135254,15.528040885925291,18.942113876342773,22.35618782043457,25.56344223022461,27.600027084350582,31.793197631835938,1010.8878784179688,1015.141845703125,1017.0306396484376,1019.8397216796876,1022.7068481445312,1025.573974609375,1028.383056640625,1030.2718505859375,1034.52587890625
2026-10-01 17:00:00+00:00,2026-10-03 17:00:00+00:00,live,dwd_forecast,2026-10-01 17:48:19.344381+00:00,1c7a531768d8,d7a679330806,15.900522232055664,16.47218894958496,16.73630142211914,17.139192581176758,17.558183670043945,17.9771728515625,18.38006401062012,18.644176483154297,19.215843200683597,5.833623886108398,9.794461250305176,11.71039581298828,14.719837188720703,17.91730499267578,21.11477279663086,24.124210357666016,26.04014587402344,30.0009880065918,1011.070068359375,1015.3650512695312,1017.2569580078124,1020.056396484375,1022.9028930664062,1025.7493896484375,1028.548828125,1030.4407958984375,1034.7357177734375
2026-10-01 17:00:00+00:00,2026-10-03 18:00:00+00:00,live,dwd_forecast,2026-10-01 17:48:19.344381+00:00,1c7a531768d8,d7a679330806,15.837298393249512,16.399019241333008,16.659618377685547,17.058202743530273,17.473522186279297,17.88884162902832,18.287425994873047,18.548023223876957,19.10974502563477,5.481150627136231,9.179494857788086,10.968433380126951,13.778376579284668,16.763864517211914,19.749351501464844,22.55929183959961,24.34823036193848,28.046579360961918,1011.3880615234376,1015.701416015625,1017.5961303710938,1020.394775390625,1023.23681640625,1026.0787353515625,1028.87744140625,1030.772216796875,1035.0855712890625
2026-10-01 17:00:00+00:00,2026-10-03 19:00:00+00:00,live,dwd_forecast,2026-10-01 17:48:19.344381+00:00,1c7a531768d8,d7a679330806,15.740157127380373,16.294910430908203,16.55280876159668,16.947786331176758,17.3597469329834,17.77170753479004,18.16668510437012,18.424585342407227,18.979337692260746,5.224672317504883,8.703933715820312,10.373741149902344,12.983497619628906,15.746198654174805,18.508899688720703,21.118656158447266,22.788463592529297,26.26772689819336,1011.8071899414062,1016.1100463867188,1018.0042724609376,1020.8062133789062,1023.6544189453124,1026.502685546875,1029.3045654296875,1031.19873046875,1035.5015869140625
2026-10-01 17:00:00+00:00,2026-10-03 20:00:00+00:00,live,dwd_forecast,2026-10-01 17:48:19.344381+00:00,1c7a531768d8,d7a679330806,15.629263877868652,16.172359466552734,16.424848556518555,16.811553955078125,17.21489143371582,17.618228912353516,18.004932403564453,18.257423400878903,18.800518035888672,4.967753410339356,8.221323013305664,9.775636672973633,12.197759628295898,14.756349563598633,17.314939498901367,19.737064361572266,21.2913761138916,24.54494857788086,1012.2713623046876,1016.5889892578124,1018.4910278320312,1021.3057861328124,1024.16796875,1027.0301513671875,1029.844970703125,1031.7469482421875,1036.0645751953125
2026-10-01 17:00:00+00:00,2026-10-03 21:00:00+00:00,live,dwd_forecast,2026-10-01 17:48:19.344381+00:00,1c7a531768d8,d7a679330806,15.487842559814451,16.02008628845215,16.267864227294922,16.647680282592773,17.044084548950195,17.440488815307617,17.820302963256836,18.06808280944824,18.600326538085938,4.546595573425293,7.62115478515625,9.082884788513184,11.35376262664795,13.747200012207031,16.14063835144043,18.41151428222656,19.87324523925781,22.94780731201172,1012.7882690429688,1017.0992431640624,1018.995849609375,1021.8001708984376,1024.6500244140625,1027.4998779296875,1030.3040771484375,1032.2008056640625,1036.51171875
2026-10-01 17:00:00+00:00,2026-10-03 22:00:00+00:00,live,dwd_forecast,2026-10-01 17:48:19.344381+00:00,1c7a531768d8,d7a679330806,15.34868621826172,15.86624526977539,16.106952667236328,16.475696563720703,16.860370635986328,17.245044708251953,17.61379051208496,17.8544979095459,18.37205696105957,4.368415832519531,7.250967979431152,8.613105773925781,10.721071243286133,12.936514854431152,15.151957511901855,17.25992202758789,18.62206077575684,21.50461196899414,1013.1097412109376,1017.47998046875,1019.3965454101562,1022.2244873046876,1025.093994140625,1027.96337890625,1030.7913818359375,1032.7078857421875,1037.078125
2026-10-01 17:00:00+00:00,2026-10-03 23:00:00+00:00,live,dwd_forecast,2026-10-01 17:48:19.344381+00:00,1c7a531768d8,d7a679330806,15.20866584777832,15.719597816467283,15.956829071044922,16.31986427307129,16.698287963867188,17.07671356201172,17.439748764038086,17.676979064941406,18.187911987304688,3.6874313354492183,6.539770126342773,7.878592014312744,9.941619873046877,12.103039741516112,14.264458656311035,16.327484130859375,17.66630744934082,20.518648147583008,1013.4302368164062,1017.7899169921876,1019.705322265625,1022.5347900390624,1025.4083251953125,1028.2818603515625,1031.111328125,1033.0267333984375,1037.386474609375
2026-10-01 17:00:00+00:00,2026-10-04 00:00:00+00:00,live,dwd_forecast,2026-10-01 17:48:19.344381+00:00,1c7a531768d8,d7a679330806,15.065803527832031,15.56594181060791,15.798385620117188,16.154315948486328,16.525501251220703,16.896684646606445,17.252614974975586,17.48505973815918,17.985197067260742,3.276167869567871,6.140361785888672,7.46510124206543,9.4873685836792,11.59153175354004,13.69569492340088,15.717961311340332,17.042701721191406,19.906896591186523,1013.4759521484376,1017.895751953125,1019.8375244140624,1022.7058715820312,1025.6187744140625,1028.53173828125,1031.400146484375,1033.3419189453125,1037.76171875
2026-10-01 17:00:00+00:00,2026-10-04 01:00:00+00:00,live,dwd_forecast,2026-10-01 17:48:19.344381+00:00,1c7a531768d8,d7a679330806,14.961618423461914,15.453927993774414,15.681520462036133,16.028844833374023,16.390153884887695,16.751462936401367,17.098787307739258,17.32638168334961,17.818689346313477,2.8148584365844727,5.681249618530273,7.013269901275635,9.052764892578123,11.179553031921388,13.306340217590332,15.34583568572998,16.677854537963867,19.544248580932617,1013.5469970703124,1017.9860229492188,1019.9393310546876,1022.8275756835938,1025.762939453125,1028.6982421875,1031.5865478515625,1033.539794921875,1037.9788818359375
2026-10-01 17:00:00+00:00,2026-10-04 02:00:00+00:00,live,dwd_forecast,2026-10-01 17:48:19.344381+00:00,1c7a531768d8,d7a679330806,14.870429039001465,15.357253074645996,15.581974983215332,15.924590110778809,16.280752182006836,16.636913299560547,16.979528427124023,17.20425033569336,17.69107437133789,2.43814468383789,5.3559770584106445,6.709357738494873,8.779081344604492,10.935490608215332,13.091899871826172,15.161623001098633,16.515003204345703,19.432836532592773,1013.4685668945312,1017.9255981445312,1019.8854370117188,1022.7822265625,1025.7252197265625,1028.6683349609375,1031.5650634765625,1033.52490234375,1037.98193359375
2026-10-01 17:00:00+00:00,2026-10-04 03:00:00+00:00,live,dwd_forecast,2026-10-01 17:48:19.344381+00:00,1c7a531768d8,d7a679330806,14.792640686035156,15.281879425048828,15.506413459777832,15.847482681274414,16.20107650756836,16.554668426513672,16.89573860168457,17.120271682739258,17.60951042175293,2.246388435363769,5.219792366027832,6.598917007446289,8.70797348022461,10.905340194702148,13.102706909179688,15.211762428283691,16.59088897705078,19.564292907714844,1013.3065795898438,1017.8025512695312,1019.77587890625,1022.6890258789062,1025.6461181640625,1028.6031494140625,1031.5162353515625,1033.489501953125,1037.985595703125
2026-10-01 17:00:00+00:00,2026-10-04 04:00:00+00:00,live,dwd_forecast,2026-10-01 17:48:19.344381+00:00,1c7a531768d8,d7a679330806,14.753849029541016,15.249663352966309,15.476823806762695,15.82150173187256,16.178546905517578,16.53559112548828,16.88027000427246,17.10742950439453,17.60324478149414,1.8916091918945312,5.001979827880859,6.45311450958252,8.680597305297852,11.007725715637209,13.334854125976562,15.562337875366213,17.013469696044922,20.12384414672852,1013.2356567382812,1017.714599609375,1019.6885375976562,1022.6102905273438,1025.5819091796875,1028.553466796875,1031.4752197265625,1033.4490966796875,1037.9281005859375
2026-10-01 17:00:00+00:00,2026-10-04 05:00:00+00:00,live,dwd_forecast,2026-10-01 17:48:19.344381+00:00,1c7a531768d8,d7a679330806,14.74847412109375,15.249666213989258,15.478164672851562,15.823786735534668,16.18098258972168,16.538179397583008,16.883800506591797,17.1122989654541,17.61349105834961,1.9084138870239256,5.176510810852051,6.701136112213135,9.041338920593262,11.486160278320312,13.930980682373049,16.271183013916016,17.795808792114258,21.063905715942383,1012.9864501953124,1017.5008544921876,1019.4904174804688,1022.4353637695312,1025.4305419921875,1028.42578125,1031.3707275390625,1033.3602294921875,1037.8746337890625
2026-10-01 17:00:00+00:00,2026-10-04 06:00:00+00:00,live,dwd_forecast,2026-10-01 17:48:19.344381+00:00,1c7a531768d8,d7a679330806,14.774443626403809,15.286460876464844,15.520411491394045,15.874784469604492,16.24140739440918,16.608028411865234,16.96240234375,17.196353912353516,17.708370208740234,2.164722442626953,5.648050308227539,7.278589248657227,9.78676414489746,12.411210060119627,15.035655975341797,17.54383087158203,19.17436981201172,22.657703399658203,1012.8248291015624,1017.3309326171876,1019.3187255859376,1022.2628173828124,1025.2584228515625,1028.254150390625,1031.1981201171875,1033.1859130859375,1037.692138671875
2026-10-01 17:00:00+00:00,2026-10-04 07:00:00+00:00,live,dwd_forecast,2026-10-01 17:48:19.344381+00:00,1c7a531768d8,d7a679330806,14.833229064941406,15.36176586151123,15.602447509765623,15.966227531433104,16.341981887817383,16.717737197875977,17.081518173217773,17.32219886779785,17.850736618041992,2.545949935913086,6.31428337097168,8.082204818725586,10.80561065673828,13.658260345458984,16.510908126831055,19.23431205749512,21.002235412597656,24.77057266235352,1012.3703002929688,1016.949951171875,1018.9713745117188,1021.9663696289062,1025.0146484375,1028.0628662109375,1031.057861328125,1033.079345703125,1037.658935546875
2026-10-01 17:00:00+00:00,2026-10-04 08:00:00+00:00,live,dwd_forecast,2026-10-01 17:48:19.344381+00:00,1c7a531768d8,d7a679330806,14.93422794342041,15.476978302001951,15.723530769348145,16.095600128173828,16.479475021362305,16.86334991455078,17.23542022705078,17.481971740722656,18.02472305297852,2.696554183959961,6.808075904846191,8.761369705200195,11.794492721557615,14.99022102355957,18.185949325561523,21.21906852722168,23.172365188598636,27.28388977050781,1012.00634765625,1016.636474609375,1018.677734375,1021.69970703125,1024.773681640625,1027.84765625,1030.8697509765625,1032.910888671875,1037.541015625
2026-10-01 17:00:00+00:00,2026-10-04 09:00:00+00:00,live,dwd_forecast,2026-10-01 17:48:19.344381+00:00,1c7a531768d8,d7a679330806,15.066702842712402,15.623830795288086,15.877470970153809,16.26077651977539,16.65665626525879,17.052536010742188,17.435842514038086,17.689483642578125,18.24661064147949,3.111557960510254,7.574663162231445,9.703245162963867,13.016748428344728,16.514209747314453,20.01167297363281,23.325176239013672,25.453758239746094,29.916866302490234,1011.5413818359376,1016.232666015625,1018.3004150390624,1021.361328125,1024.474609375,1027.587890625,1030.6488037109375,1032.716552734375,1037.4078369140625
2026-10-01 17:00:00+00:00,2026-10-04 10:00:00+00:00,live,dwd_forecast,2026-10-01 17:48:19.344381+00:00,1c7a531768d8,d7a679330806,15.189537048339844,15.7693510055542,16.032442092895508,16.42919158935547,16.83831214904785,17.247432708740234,17.644180297851562,17.907272338867188,18.487085342407227,3.257130622863769,8.143410682678223,10.4869966506958,14.148309707641602,18.023054122924805,21.89780044555664,25.559112548828125,27.902698516845703,32.78898620605469,1011.2012939453124,1015.8681640625,1017.9348754882812,1021.0033569335938,1024.13134765625,1027.25927734375,1030.3277587890625,1032.39453125,1037.0614013671875
2026-10-01 17:00:00+00:00,2026-10-04 11:00:00+00:00,live,dwd_forecast,2026-10-01 17:48:19.344381+00:00,1c7a531768d8,d7a679330806,15.339027404785156,15.931105613708496,16.20045280456543,16.607301712036133,17.02734375,17.447385787963867,17.85423469543457,18.12358283996582,18.715660095214844,3.63713264465332,8.756023406982422,11.22532558441162,15.097179412841797,19.20568084716797,23.31418228149414,27.18603515625,29.65533447265625,34.77423477172852,1010.716064453125,1015.4443969726562,1017.533935546875,1020.6322631835938,1023.7875366210938,1026.94287109375,1030.0411376953125,1032.1307373046875,1036.8590087890625
2026-10-01 17:00:00+00:00,2026-10-04 12:00:00+00:00,live,dwd_forecast,2026-10-01 17:48:19.344381+00:00,1c7a531768d8,d7a679330806,15.472620964050291,16.073171615600586,16.347124099731445,16.76165008544922,17.190174102783203,17.61870002746582,18.033226013183597,18.307178497314453,18.907730102539062,3.903164863586426,9.19997787475586,11.772159576416016,15.822432518005373,20.1335506439209,24.44466781616211,28.49494171142578,31.067121505737305,36.36393737792969,1010.0533447265624,1014.8814086914062,1017.0150756835938,1020.178955078125,1023.4010009765624,1026.623046875,1029.786865234375,1031.9205322265625,1036.7486572265625
2026-10-01 17:00:00+00:00,2026-10-04 13:00:00+00:00,live,dwd_forecast,2026-10-01 17:48:19.344381+00:00,1c7a531768d8,d7a679330806,15.56962776184082,16.185989379882812,16.467092514038086,16.892379760742188,17.331979751586914,17.77157974243164,18.19686508178711,18.477968215942383,19.094331741333008,4.060468673706055,9.429779052734377,12.03981590270996,16.152368545532227,20.53184127807617,24.91131591796875,29.023868560791016,31.6339054107666,37.00321960449219,1009.5690307617188,1014.5013427734376,1016.6722412109376,1019.8829956054688,1023.146484375,1026.4100341796875,1029.6207275390625,1031.7916259765625,1036.723876953125
2026-10-01 17:00:00+00:00,2026-10-04 14:00:00+00:00,live,dwd_forecast,2026-10-01 17:48:19.344381+00:00,1c7a531768d8,d7a679330806,15.627928733825684,16.256309509277344,16.544010162353516,16.980358123779297,17.432218551635742,17.884078979492188,18.32042694091797,18.60812759399414,19.23650932312012,4.073587417602539,9.416234970092772,12.01633071899414,16.116247177124023,20.484621047973636,24.85299491882324,28.952911376953125,31.55300712585449,36.89566040039063,1009.3167724609376,1014.2662353515624,1016.4425659179688,1019.6592407226562,1022.92724609375,1026.1953125,1029.4119873046875,1031.5882568359375,1036.537841796875
2026-10-01 17:00:00+00:00,2026-10-04 15:00:00+00:00,live,dwd_forecast,2026-10-01 17:48:19.344381+00:00,1c7a531768d8,d7a679330806,15.674549102783203,16.305648803710938,16.59580421447754,17.037050247192383,17.4948787689209,17.952709197998047,18.39395523071289,18.68410873413086,19.315210342407227,3.882380485534668,9.146350860595703,11.702384948730469,15.727043151855469,20.01074981689453,24.294456481933597,28.319114685058597,30.875146865844727,36.139122009277344,1009.1995239257812,1014.1690673828124,1016.3532104492188,1019.5804443359376,1022.8585205078124,1026.136474609375,1029.36376953125,1031.5478515625,1036.5174560546875
2026-10-01 17:00:00+00:00,2026-10-04 16:00:00+00:00,live,dwd_forecast,2026-10-01 17:48:19.344381+00:00,1c7a531768d8,d7a679330806,15.66580867767334,16.307464599609375,16.60140609741211,17.047382354736328,17.50933265686035,17.971282958984375,18.417259216308597,18.711200714111328,19.35285758972168,3.758359909057617,8.734807968139648,11.161993026733398,14.994588851928713,19.08228874206543,23.16999053955078,27.002582550048828,29.429767608642575,34.406219482421875,1009.3125610351562,1014.2666015625,1016.4379272460938,1019.640625,1022.8894653320312,1026.1383056640625,1029.3409423828125,1031.5123291015625,1036.4664306640625
2026-10-01 17:00:00+00:00,2026-10-04 17:00:00+00:00,live,dwd_forecast,2026-10-01 17:48:19.344381+00:00,1c7a531768d8,d7a679330806,15.633058547973633,16.2718563079834,16.564645767211914,17.0090274810791,17.46944236755371,17.92985725402832,18.374238967895508,18.667028427124023,19.305828094482425,3.658279418945313,8.352953910827637,10.631698608398438,14.21890354156494,18.03633117675781,21.853757858276367,25.440963745117188,27.719707489013672,32.41438674926758,1009.6228637695312,1014.5411987304688,1016.6925659179688,1019.8618774414062,1023.0738525390624,1026.2857666015625,1029.455078125,1031.6065673828125,1036.52490234375
2026-10-01 17:00:00+00:00,2026-10-04 18:00:00+00:00,live,dwd_forecast,2026-10-01 17:48:19.344381+00:00,1c7a531768d8,d7a679330806,15.579174041748049,16.206100463867188,16.49364471435547,16.930252075195312,17.38275909423828,17.83526611328125,18.271873474121094,18.55941772460937,19.18634414672852,3.576475143432617,7.927313804626465,10.02999210357666,13.33086395263672,16.83648681640625,20.34210968017578,23.64298248291016,25.74565887451172,30.09650421142578,1009.9990234375,1014.8987426757812,1017.0431518554688,1020.203125,1023.4064331054688,1026.6097412109375,1029.7696533203125,1031.9140625,1036.813720703125
2026-10-01 17:00:00+00:00,2026-10-04 19:00:00+00:00,live,dwd_forecast,2026-10-01 17:48:19.344381+00:00,1c7a531768d8,d7a679330806,15.48846435546875,16.106374740600586,16.390918731689453,16.824071884155273,17.273841857910156,17.72361183166504,18.15676498413086,18.441308975219727,19.05921936035156,3.443497657775879,7.491959095001221,9.438762664794922,12.485228538513184,15.713178634643556,18.94112777709961,21.987594604492188,23.934398651123047,27.982860565185547,1010.4117431640624,1015.3134155273438,1017.4567260742188,1020.6134033203124,1023.8120727539062,1027.0106201171875,1030.1673583984375,1032.3106689453125,1037.2122802734375
2026-10-01 17:00:00+00:00,2026-10-04 20:00:00+00:00,live,dwd_forecast,2026-10-01 17:48:19.344381+00:00,1c7a531768d8,d7a679330806,15.37865924835205,15.982375144958496,16.26132583618164,16.6868839263916,17.12946891784668,17.572053909301758,17.99761199951172,18.276561737060547,18.880277633666992,3.1594114303588867,7.009953022003174,8.846141815185547,11.70423984527588,14.720829963684082,17.7374210357666,20.59552001953125,22.43170738220215,26.28225326538086,1010.8138427734376,1015.7847900390624,1017.9441528320312,1021.1110229492188,1024.309814453125,1027.5086669921875,1030.675537109375,1032.8349609375,1037.805908203125
2026-10-01 17:00:00+00:00,2026-10-04 21:00:00+00:00,live,dwd_forecast,2026-10-01 17:48:19.344381+00:00,1c7a531768d8,d7a679330806,15.246809005737305,15.839680671691896,16.11339569091797,16.53074836730957,16.96463394165039,17.398517608642578,17.81587028503418,18.08958625793457,18.68245887756348,2.799562454223633,6.469846725463867,8.209957122802734,10.908522605895996,13.74905014038086,16.589576721191406,19.288143157958984,21.02825164794922,24.69853973388672,1011.564697265625,1016.4307250976562,1018.5501098632812,1021.663818359375,1024.8128662109375,1027.9620361328125,1031.07568359375,1033.195068359375,1038.0611572265625
2026-10-01 17:00:00+00:00,2026-10-04 22:00:00+00:00,live,dwd_forecast,2026-10-01 17:48:19.344381+00:00,1c7a531768d8,d7a679330806,15.093549728393556,15.677597045898438,15.947266578674316,16.358476638793945,16.78599739074707,17.213520050048828,17.62472915649414,17.894399642944336,18.47844696044922,2.525336265563965,6.029131889343262,7.679900646209717,10.229694366455078,12.905760765075684,15.581827163696287,18.13161849975586,19.78238677978516,23.28618621826172,1011.8042602539062,1016.7540893554688,1018.9010009765624,1022.0465087890624,1025.221435546875,1028.3963623046875,1031.5418701171875,1033.6888427734375,1038.638671875
2026-10-01 17:00:00+00:00,2026-10-04 23:00:00+00:00,live,dwd_forecast,2026-10-01 17:48:19.344381+00:00,1c7a531768d8,d7a679330806,14.91626262664795,15.496953010559082,15.764599800109863,16.172266006469727,16.595748901367188,17.01923179626465,17.426897048950195,17.694543838500977,18.275236129760746,2.169351577758789,5.571078300476074,7.165239334106445,9.619239807128906,12.188371658325195,14.757503509521484,17.211502075195312,18.805662155151367,22.2073917388916,1012.0808715820312,1017.0265502929688,1019.1701049804688,1022.3092041015624,1025.4766845703125,1028.64404296875,1031.783203125,1033.9266357421875,1038.872314453125
2026-10-01 17:00:00+00:00,2026-10-05 00:00:00+00:00,live,dwd_forecast,2026-10-01 17:48:19.344381+00:00,1c7a531768d8,d7a679330806,14.806341171264648,15.38116455078125,15.645493507385254,16.047513961791992,16.46468162536621,16.88184928894043,17.283870697021484,17.548200607299805,18.123022079467773,1.845375061035156,5.173711776733398,6.7326436042785645,9.131597518920898,11.64246940612793,14.153340339660645,16.55229377746582,18.111225128173828,21.439563751220703,1012.2156982421876,1017.2247314453124,1019.38671875,1022.5443725585938,1025.72412109375,1028.9039306640625,1032.0615234375,1034.2235107421875,1039.2325439453125
2026-10-01 17:00:00+00:00,2026-10-05 01:00:00+00:00,live,dwd_forecast,2026-10-01 17:48:19.344381+00:00,1c7a531768d8,d7a679330806,14.69935131072998,15.269492149353027,15.530412673950195,15.92603588104248,16.33563995361328,16.745243072509766,17.140865325927734,17.40178680419922,17.971927642822266,1.3654603958129885,4.7736663818359375,6.34810733795166,8.749679565429688,11.247088432312012,13.744497299194336,16.146068572998047,17.720508575439453,21.12871742248535,1012.0299682617188,1017.1089477539062,1019.3034057617188,1022.5106201171876,1025.741943359375,1028.97314453125,1032.180419921875,1034.3748779296875,1039.453857421875
2026-10-01 17:00:00+00:00,2026-10-05 02:00:00+00:00,live,dwd_forecast,2026-10-01 17:48:19.344381+00:00,1c7a531768d8,d7a679330806,14.54295253753662,15.130189895629885,15.39713191986084,15.800148963928224,16.216087341308594,16.63202476501465,17.03504180908203,17.301982879638672,17.88922119140625,0.924184799194336,4.325942039489746,5.909162521362305,8.335638999938965,10.867774963378906,13.399911880493164,15.826388359069824,17.409608840942383,20.81136703491211,1012.1983642578124,1017.2265625,1019.401123046875,1022.581298828125,1025.786865234375,1028.9923095703125,1032.1724853515625,1034.3470458984375,1039.375244140625
2026-10-01 17:00:00+00:00,2026-10-05 03:00:00+00:00,live,dwd_forecast,2026-10-01 17:48:19.344381+00:00,1c7a531768d8,d7a679330806,14.47977066040039,15.06696319580078,15.333170890808104,15.73439598083496,16.14796257019043,16.5615291595459,16.962753295898438,17.228961944580078,17.81615447998047,0.5883378982543945,4.096321105957031,5.714889526367188,8.181869506835938,10.745835304260254,13.30980110168457,15.77678108215332,17.395349502563477,20.903335571289062,1012.037109375,1017.077880859375,1019.26025390625,1022.4540405273438,1025.6749267578125,1028.8958740234375,1032.089599609375,1034.27197265625,1039.312744140625
2026-10-01 17:00:00+00:00,2026-10-05 04:00:00+00:00,live,dwd_forecast,2026-10-01 17:48:19.344381+00:00,1c7a531768d8,d7a679330806,14.466416358947754,15.053211212158203,15.31766128540039,15.714725494384766,16.12285804748535,16.530990600585938,16.92805290222168,17.192502975463867,17.779298782348633,0.5776433944702148,4.133103370666504,5.778143882751465,8.289913177490234,10.90383529663086,13.517757415771484,16.02952766418457,17.6745662689209,21.23002815246582,1012.0712890625,1017.0930786132812,1019.2655639648438,1022.443359375,1025.64697265625,1028.8505859375,1032.0284423828125,1034.200927734375,1039.22265625
2026-10-01 17:00:00+00:00,2026-10-05 05:00:00+00:00,live,dwd_forecast,2026-10-01 17:48:19.344381+00:00,1c7a531768d8,d7a679330806,14.432535171508787,15.028048515319824,15.295479774475098,15.69611358642578,16.107227325439453,16.518341064453125,16.918973922729492,17.186405181884766,17.781919479370117,0.6296815872192383,4.341468811035156,6.068556785583496,8.715108871459961,11.47658634185791,14.238062858581545,16.884613037109375,18.61170196533203,22.32349395751953,1011.7299194335938,1016.8113403320312,1019.00634765625,1022.2139892578124,1025.4453125,1028.6767578125,1031.8843994140625,1034.079345703125,1039.1607666015625
2026-10-01 17:00:00+00:00,2026-10-05 06:00:00+00:00,live,dwd_forecast,2026-10-01 17:48:19.344381+00:00,1c7a531768d8,d7a679330806,14.431346893310549,15.049188613891602,15.325023651123049,15.736699104309082,16.157974243164062,16.579248428344727,16.990924835205078,17.266759872436523,17.884601593017578,0.994741439819336,4.891712188720703,6.718017578125,9.52942943572998,12.472780227661133,15.416131019592283,18.227540969848636,20.05384635925293,23.95081901550293,1011.5814819335938,1016.6782836914062,1018.8700561523438,1022.063720703125,1025.274169921875,1028.4844970703125,1031.67822265625,1033.8699951171875,1038.966796875
2026-10-01 17:00:00+00:00,2026-10-05 07:00:00+00:00,live,dwd_forecast,2026-10-01 17:48:19.344381+00:00,1c7a531768d8,d7a679330806,14.461244583129885,15.103941917419434,15.388965606689451,15.812542915344238,16.24462890625,16.676713943481445,17.100292205810547,17.38531494140625,18.02801322937012,1.2499628067016602,5.464140892028809,7.443382740020752,10.494434356689451,13.69190502166748,16.889375686645508,19.94042587280273,21.91967010498047,26.13385391235352,1011.3177490234376,1016.4259643554688,1018.626708984375,1021.8372192382812,1025.0673828125,1028.297607421875,1031.508056640625,1033.7088623046875,1038.817138671875
2026-10-01 17:00:00+00:00,2026-10-05 08:00:00+00:00,live,dwd_forecast,2026-10-01 17:48:19.344381+00:00,1c7a531768d8,d7a679330806,14.568971633911133,15.213284492492676,15.501264572143556,15.93138027191162,16.371761322021484,16.812143325805664,17.242258071899414,17.53023910522461,18.17455291748047,1.7613582611083984,6.2599382400512695,8.398277282714844,11.719890594482422,15.220466613769531,18.721040725708008,22.042654037475582,24.18099403381348,28.67957305908203,1010.9039306640624,1016.0726318359376,1018.2969970703124,1021.5398559570312,1024.8009033203125,1028.0618896484375,1031.3048095703125,1033.5291748046875,1038.6978759765625
2026-10-01 17:00:00+00:00,2026-10-05 09:00:00+00:00,live,dwd_forecast,2026-10-01 17:48:19.344381+00:00,1c7a531768d8,d7a679330806,14.70805549621582,15.356675148010254,15.64734172821045,16.082197189331055,16.527982711791992,16.973770141601562,17.40862464904785,17.699291229248047,18.347909927368164,2.3287973403930664,7.104213237762451,9.388790130615234,12.952123641967772,16.718700408935547,20.485279083251957,24.04861259460449,26.33319091796875,31.108606338500977,1010.3605346679688,1015.6028442382812,1017.8580322265624,1021.14501953125,1024.4498291015625,1027.754638671875,1031.04150390625,1033.2967529296875,1038.5390625
2026-10-01 17:00:00+00:00,2026-10-05 10:00:00+00:00,live,dwd_forecast,2026-10-01 17:48:19.344381+00:00,1c7a531768d8,d7a679330806,14.804165840148926,15.472281455993652,15.77381706237793,16.22698211669922,16.693099975585938,17.159215927124023,17.612380981445312,17.913917541503906,18.582033157348636,3.1489028930664062,8.121973991394043,10.521093368530272,14.283068656921388,18.27509117126465,22.267114639282227,26.02908706665039,28.428207397460938,33.40128326416016,1009.9224243164062,1015.22607421875,1017.4974975585938,1020.7986450195312,1024.110595703125,1027.422607421875,1030.7237548828125,1032.9951171875,1038.2987060546875
2026-10-01 17:00:00+00:00,2026-10-05 11:00:00+00:00,live,dwd_forecast,2026-10-01 17:48:19.344381+00:00,1c7a531768d8,d7a679330806,14.895854949951172,15.59054946899414,15.905323028564451,16.379579544067383,16.868301391601562,17.35702133178711,17.83127784729004,18.14605140686035,18.84074592590332,3.0764408111572266,8.427517890930176,11.017240524291992,15.086338996887209,19.410675048828125,23.735010147094727,27.804109573364254,30.393829345703125,35.744911193847656,1009.5953369140624,1014.910400390625,1017.1832885742188,1020.4832763671876,1023.7916259765624,1027.0999755859375,1030.4000244140625,1032.6728515625,1037.9879150390625
2026-10-01 17:00:00+00:00,2026-10-05 12:00:00+00:00,live,dwd_forecast,2026-10-01 17:48:19.344381+00:00,1c7a531768d8,d7a679330806,14.97300910949707,15.691162109375,16.016742706298828,16.50745391845703,17.013259887695312,17.519067764282227,18.009777069091797,18.335359573364254,19.053512573242188,3.092453956604004,8.67075252532959,11.375062942504885,15.628835678100586,20.15302276611328,24.67721176147461,28.930984497070312,31.63529396057129,37.213600158691406,1009.1725463867188,1014.5321655273438,1016.819091796875,1020.1348876953124,1023.4556274414062,1026.7763671875,1030.0921630859375,1032.3790283203125,1037.7386474609375
2026-10-01 17:00:00+00:00,2026-10-05 13:00:00+00:00,live,dwd_forecast,2026-10-01 17:48:19.344381+00:00,1c7a531768d8,d7a679330806,15.04462432861328,15.775189399719238,16.10856819152832,16.613130569458008,17.13481903076172,17.656505584716797,18.16106986999512,18.494447708129883,19.22501373291016,3.296278953552246,8.857234954833984,11.568870544433594,15.849982261657717,20.415542602539062,24.98110580444336,29.26221466064453,31.97385025024414,37.534812927246094,1008.7612915039062,1014.1838989257812,1016.4923706054688,1019.8344116210938,1023.177734375,1026.52099609375,1029.863037109375,1032.1715087890625,1037.59423828125
2026-10-01 17:00:00+00:00,2026-10-05 14:00:00+00:00,live,dwd_forecast,2026-10-01 17:48:19.344381+00:00,1c7a531768d8,d7a679330806,15.109950065612791,15.85121726989746,16.189029693603516,16.699865341186523,17.227706909179688,17.755550384521484,18.26638603210449,18.604198455810547,19.34546661376953,3.37680721282959,8.880844116210938,11.56535816192627,15.804290771484377,20.325359344482425,24.84642791748047,29.08536148071289,31.769872665405277,37.27391052246094,1008.45166015625,1013.925048828125,1016.2477416992188,1019.603515625,1022.9555053710938,1026.3074951171875,1029.6632080078125,1031.9859619140625,1037.4593505859375
2026-10-01 17:00:00+00:00,2026-10-05 15:00:00+00:00,live,dwd_forecast,2026-10-01 17:48:19.344381+00:00,1c7a531768d8,d7a679330806,15.09992218017578,15.866827011108398,16.216537475585938,16.745569229125977,17.29237174987793,17.839174270629883,18.368207931518555,18.71791648864746,19.48482131958008,2.9721031188964844,8.411731719970703,11.057491302490234,15.227880477905272,19.670150756835938,24.11241912841797,28.28280639648437,30.928564071655277,36.368202209472656,1008.3009033203124,1013.80029296875,1016.124267578125,1019.472900390625,1022.81103515625,1026.1490478515625,1029.4976806640625,1031.8216552734375,1037.321044921875
2026-10-01 17:00:00+00:00,2026-10-05 16:00:00+00:00,live,dwd_forecast,2026-10-01 17:48:19.344381+00:00,1c7a531768d8,d7a679330806,15.0936918258667,15.857913970947266,16.208736419677734,16.741718292236328,17.294334411621094,17.846952438354492,18.37993431091309,18.730756759643555,19.49497985839844,2.551333427429199,7.869113445281982,10.4453125,14.495757102966309,18.80227851867676,23.10880279541016,27.15924453735352,29.73543930053711,35.05323028564453,1008.2767333984376,1013.824951171875,1016.158447265625,1019.5106201171876,1022.8446044921876,1026.1785888671875,1029.53076171875,1031.8642578125,1037.4124755859375
2026-10-01 17:00:00+00:00,2026-10-05 17:00:00+00:00,live,dwd_forecast,2026-10-01 17:48:19.344381+00:00,1c7a531768d8,d7a679330806,15.064313888549805,15.827165603637695,16.177900314331055,16.711278915405273,17.264707565307617,17.81813621520996,18.351512908935547,18.70224952697754,19.46510124206543,2.319131851196289,7.354452133178711,9.795068740844728,13.633594512939451,17.715782165527344,21.797969818115234,25.636493682861328,28.077110290527344,33.11243438720703,1008.538330078125,1014.0515747070312,1016.371337890625,1019.7045288085938,1023.020263671875,1026.3360595703125,1029.669189453125,1031.989013671875,1037.502197265625
2026-10-01 23:00:00+00:00,2026-10-02 00:00:00+00:00,live,dwd_forecast,2026-10-01 23:41:42.383988+00:00,1c7a531768d8,08a2d293d425,16.23613739013672,16.41767692565918,16.49503517150879,16.607093811035156,16.719247817993164,16.83139991760254,16.94346046447754,17.020816802978516,17.202356338500977,8.907405853271484,9.776093482971191,10.164596557617188,10.745071411132812,11.339571952819824,11.934072494506836,12.514547348022461,12.90304946899414,13.77173900604248,1023.7646484375,1024.13134765625,1024.297119140625,1024.546630859375,1024.803466796875,1025.060302734375,1025.309814453125,1025.4757080078125,1025.8424072265625
2026-10-01 23:00:00+00:00,2026-10-02 01:00:00+00:00,live,dwd_forecast,2026-10-01 23:41:42.383988+00:00,1c7a531768d8,08a2d293d425,16.013124465942383,16.24152183532715,16.338890075683594,16.4799747467041,16.6212100982666,16.7624454498291,16.90353012084961,17.000896453857422,17.22929573059082,8.068002700805664,9.12023639678955,9.580893516540527,10.259856224060059,10.948225021362305,11.636592864990234,12.315556526184082,12.776212692260742,13.828447341918945,1023.4618530273438,1023.8966674804688,1024.0909423828125,1024.380859375,1024.677734375,1024.9744873046875,1025.2645263671875,1025.458740234375,1025.8935546875
2026-10-01 23:00:00+00:00,2026-10-02 02:00:00+00:00,live,dwd_forecast,2026-10-01 23:41:42.383988+00:00,1c7a531768d8,08a2d293d425,15.78105354309082,16.060258865356445,16.180784225463867,16.356836318969727,16.534133911132812,16.71143341064453,16.88748550415039,17.008010864257812,17.287216186523438,7.287537097930908,8.525415420532227,9.063516616821289,9.853031158447266,10.650781631469727,11.448531150817871,12.238046646118164,12.77614688873291,14.014025688171387,1023.0707397460938,1023.615234375,1023.8544311523438,1024.207763671875,1024.566650390625,1024.9254150390625,1025.27880859375,1025.5179443359375,1026.0623779296875
2026-10-01 23:00:00+00:00,2026-10-02 03:00:00+00:00,live,dwd_forecast,2026-10-01 23:41:42.383988+00:00,1c7a531768d8,08a2d293d425,15.587846755981445,15.915271759033203,16.058382034301758,16.269094467163086,16.482559204101562,16.69602394104004,16.906736373901367,17.049846649169922,17.37727165222168,6.718365669250488,8.126001358032227,8.738014221191406,9.636088371276855,10.543617248535156,11.451146125793457,12.349220275878906,12.961233139038086,14.368868827819824,1022.6876220703125,1023.3394775390625,1023.624755859375,1024.045166015625,1024.4713134765625,1024.8974609375,1025.31787109375,1025.6031494140625,1026.2550048828125
2026-10-01 23:00:00+00:00,2026-10-02 04:00:00+00:00,live,dwd_forecast,2026-10-01 23:41:42.383988+00:00,1c7a531768d8,08a2d293d425,15.432174682617188,15.799363136291504,15.962158203125,16.20404624938965,16.450761795043945,16.69747543334961,16.93936538696289,17.10215950012207,17.469348907470703,6.23042106628418,7.878422260284424,8.602376937866211,9.671754837036133,10.75771427154541,11.843672752380371,12.913050651550293,13.637004852294922,15.28500747680664,1022.2525024414062,1023.0374755859375,1023.3789672851562,1023.8801879882812,1024.38671875,1024.893310546875,1025.39453125,1025.7359619140625,1026.52099609375
2026-10-01 23:00:00+00:00,2026-10-02 05:00:00+00:00,live,dwd_forecast,2026-10-01 23:41:42.383988+00:00,1c7a531768d8,08a2d293d425,15.319644927978516,15.721212387084961,15.90035343170166,16.167585372924805,16.440948486328125,16.714311599731445,16.981544494628906,17.16068458557129,17.562252044677734,5.94268798828125,7.856074810028076,8.70530891418457,9.968027114868164,11.256603240966797,12.54517936706543,13.807896614074707,14.65713119506836,16.570518493652344,1021.8435668945312,1022.7611083984375,1023.1578369140625,1023.738037109375,1024.3228759765625,1024.9075927734375,1025.48779296875,1025.884521484375,1026.8021240234375
2026-10-01 23:00:00+00:00,2026-10-02 06:00:00+00:00,live,dwd_forecast,2026-10-01 23:41:42.383988+00:00,1c7a531768d8,08a2d293d425,15.257450103759766,15.68677806854248,15.878035545349121,16.1630859375,16.454483032226562,16.745880126953125,17.03093147277832,17.22218894958496,17.651517868041992,5.780543327331543,8.019309997558594,9.025252342224121,10.532770156860352,12.080131530761719,13.627492904663086,15.135009765625,16.14095115661621,18.37972068786621,1021.3424682617188,1022.4179077148438,1022.8806762695312,1023.5552978515625,1024.233642578125,1024.9119873046875,1025.5865478515625,1026.04931640625,1027.124755859375
2026-10-01 23:00:00+00:00,2026-10-02 07:00:00+00:00,live,dwd_forecast,2026-10-01 23:41:42.383988+00:00,1c7a531768d8,08a2d293d425,15.229547500610352,15.682455062866211,15.884477615356445,16.185823440551758,16.494068145751953,16.80231285095215,17.103656768798828,17.305681228637695,17.758586883544922,5.821419715881348,8.409748077392578,9.589960098266602,11.375299453735352,13.22055435180664,15.065808296203613,16.851146697998047,18.031360626220703,20.619691848754883,1020.9148559570312,1022.1307983398438,1022.648681640625,1023.3985595703125,1024.14892578125,1024.8992919921875,1025.6492919921875,1026.1671142578125,1027.383056640625
2026-10-01 23:00:00+00:00,2026-10-02 08:00:00+00:00,live,dwd_forecast,2026-10-01 23:41:42.383988+00:00,1c7a531768d8,08a2d293d425,15.215630531311035,15.693656921386719,15.906664848327637,16.224185943603516,16.548818588256836,16.873449325561523,17.19097137451172,17.403980255126953,17.882007598876953,6.018068313598633,8.929861068725586,10.277599334716797,12.33592414855957,14.478339195251465,16.62075424194336,18.679079055786133,20.026817321777344,22.938613891601562,1020.4593505859375,1021.8247680664062,1022.3985595703125,1023.222412109375,1024.0413818359375,1024.8603515625,1025.6842041015625,1026.258056640625,1027.6234130859375
2026-10-01 23:00:00+00:00,2026-10-02 09:00:00+00:00,live,dwd_forecast,2026-10-01 23:41:42.383988+00:00,1c7a531768d8,08a2d293d425,15.241914749145508,15.744373321533203,15.966983795166016,16.2976016998291,16.63470458984375,16.9718074798584,17.302425384521484,17.525035858154297,18.027494430541992,6.158259391784668,9.358770370483398,10.86181640625,13.178692817687988,15.606669425964355,18.034645080566406,20.351520538330078,21.854568481445312,25.05508041381836,1019.920654296875,1021.4368896484375,1022.0740356445312,1022.9888305664062,1023.8983154296875,1024.8077392578125,1025.7225341796875,1026.3597412109375,1027.8759765625
2026-10-01 23:00:00+00:00,2026-10-02 10:00:00+00:00,live,dwd_forecast,2026-10-01 23:41:42.383988+00:00,1c7a531768d8,08a2d293d425,15.295344352722168,15.811698913574219,16.040353775024414,16.379840850830078,16.72590446472168,17.071969985961914,17.411457061767578,17.64011001586914,18.156465530395508,6.461076736450195,9.87674331665039,11.492490768432617,13.994595527648926,16.625560760498047,19.256526947021484,21.758630752563477,23.374378204345703,26.790048599243164,1019.3933715820312,1021.072998046875,1021.772705078125,1022.7716674804688,1023.7606201171875,1024.74951171875,1025.74853515625,1026.4482421875,1028.1278076171875
2026-10-01 23:00:00+00:00,2026-10-02 11:00:00+00:00,live,dwd_forecast,2026-10-01 23:41:42.383988+00:00,1c7a531768d8,08a2d293d425,15.340124130249023,15.869083404541016,16.10318374633789,16.45063018798828,16.80470848083496,17.158788681030273,17.50623321533203,17.74033546447754,18.26929473876953,6.685247421264648,10.273594856262207,11.981489181518555,14.636676788330078,17.436609268188477,20.236541748046875,22.891727447509766,24.599620819091797,28.187976837158203,1018.9027709960938,1020.7195434570312,1021.47216796875,1022.542724609375,1023.5996704101562,1024.6566162109375,1025.7271728515625,1026.479736328125,1028.296630859375
2026-10-01 23:00:00+00:00,2026-10-02 12:00:00+00:00,live,dwd_forecast,2026-10-01 23:41:42.383988+00:00,1c7a531768d8,08a2d293d425,15.423377990722656,15.956779479980469,16.19226837158203,16.541223526000977,16.896427154541016,17.251630783081055,17.6005859375,17.836074829101562,18.369476318359375,7.075451374053955,10.757009506225586,12.51880168914795,15.26724624633789,18.1728515625,21.07845687866211,23.8268985748291,25.58869171142578,29.27025604248047,1018.3994750976562,1020.3572998046875,1021.165771484375,1022.3135986328125,1023.4451293945312,1024.5767822265625,1025.724609375,1026.5330810546875,1028.4908447265625
2026-10-01 23:00:00+00:00,2026-10-02 13:00:00+00:00,live,dwd_forecast,2026-10-01 23:41:42.383988+00:00,1c7a531768d8,08a2d293d425,15.45684814453125,16.009601593017578,16.254119873046875,16.616914749145508,16.986557006835938,17.356197357177734,17.718992233276367,17.963510513305664,18.516263961791992,7.380680084228516,11.033812522888184,12.790607452392578,15.539833068847656,18.452917098999023,21.36600112915039,24.11522674560547,25.87202262878418,29.525156021118164,1017.9588012695312,1020.0651245117188,1020.9292602539062,1022.1508178710938,1023.3512573242188,1024.5516357421875,1025.773193359375,1026.6373291015625,1028.74365234375
2026-10-01 23:00:00+00:00,2026-10-02 14:00:00+00:00,live,dwd_forecast,2026-10-01 23:41:42.383988+00:00,1c7a531768d8,08a2d293d425,15.498242378234863,16.069644927978516,16.320768356323242,16.691810607910156,17.06868553161621,17.445558547973633,17.81660270690918,18.067724227905273,18.639127731323242,7.481818675994873,11.108015060424805,12.854970932006836,15.59192180633545,18.49439239501953,21.39686393737793,24.133811950683594,25.88077163696289,29.506969451904297,1017.6863403320312,1019.8687133789062,1020.7708740234375,1022.0525512695312,1023.3167114257812,1024.5809326171875,1025.862548828125,1026.7647705078125,1028.9471435546875
2026-10-01 23:00:00+00:00,2026-10-02 15:00:00+00:00,live,dwd_forecast,2026-10-01 23:41:42.383988+00:00,1c7a531768d8,08a2d293d425,15.568114280700684,16.134531021118164,16.384544372558594,16.754976272583008,17.132003784179688,17.509033203125,17.879465103149414,18.129478454589844,18.69589614868164,7.461103439331055,11.041327476501465,12.77176570892334,15.488452911376953,18.373804092407227,21.2591552734375,23.97584342956543,25.706279754638672,29.28650665283203,1017.4558715820312,1019.7517700195312,1020.694580078125,1022.0284423828125,1023.3399047851562,1024.6513671875,1025.985107421875,1026.927978515625,1029.223876953125
2026-10-01 23:00:00+00:00,2026-10-02 16:00:00+00:00,live,dwd_forecast,2026-10-01 23:41:42.383988+00:00,1c7a531768d8,08a2d293d425,15.614004135131836,16.177396774291992,16.42621612548828,16.795013427734375,17.17047882080078,17.54594612121582,17.914743423461914,18.163562774658203,18.72695541381836,7.204141139984131,10.676066398620605,12.357870101928711,15.001924514770508,17.813018798828125,20.62411117553711,23.268165588378906,24.949970245361328,28.421897888183594,1017.2738647460938,1019.6417236328125,1020.6231079101562,1022.0195922851562,1023.3987426757812,1024.77783203125,1026.17431640625,1027.15576171875,1029.5235595703125
2026-10-01 23:00:00+00:00,2026-10-02 17:00:00+00:00,live,dwd_forecast,2026-10-01 23:41:42.383988+00:00,1c7a531768d8,08a2d293d425,15.658016204833984,16.2165470123291,16.463085174560547,16.82837677001953,17.200178146362305,17.571979522705078,17.93726921081543,18.183807373046875,18.742338180541992,6.976622104644775,10.362010955810547,11.993124008178711,14.548742294311523,17.259044647216797,19.969345092773438,22.52496337890625,24.156076431274414,27.54146957397461,1017.0453491210938,1019.5257568359375,1020.551513671875,1022.0091552734375,1023.4471435546875,1024.8851318359375,1026.3427734375,1027.3685302734375,1029.8489990234375
2026-10-01 23:00:00+00:00,2026-10-02 18:00:00+00:00,live,dwd_forecast,2026-10-01 23:41:42.383988+00:00,1c7a531768d8,08a2d293d425,15.647332191467285,16.207372665405273,16.454025268554688,16.81896209716797,17.19001007080078,17.561058044433594,17.925996780395508,18.172649383544922,18.732690811157227,7.072789669036865,10.202325820922852,11.696065902709961,14.022497177124023,16.478986740112305,18.935474395751953,21.261905670166016,22.755645751953125,25.88518524169922,1016.7246704101562,1019.3663330078125,1020.4520263671875,1021.9888305664062,1023.5003662109375,1025.0118408203125,1026.5487060546875,1027.6343994140625,1030.2760009765625
2026-10-01 23:00:00+00:00,2026-10-02 19:00:00+00:00,live,dwd_forecast,2026-10-01 23:41:42.383988+00:00,1c7a531768d8,08a2d293d425,15.628011703491211,16.182552337646484,16.426931381225586,16.788644790649414,17.156518936157227,17.524394989013672,17.886106491088867,18.13048553466797,18.685028076171875,6.775966644287109,9.736102104187012,11.137548446655273,13.308955192565918,15.59309196472168,17.877227783203125,20.048635482788086,21.45008087158203,24.410221099853516,1016.583740234375,1019.3055419921875,1020.4262084960938,1022.0142211914062,1023.5775146484375,1025.140869140625,1026.7288818359375,1027.8494873046875,1030.5712890625
2026-10-01 23:00:00+00:00,2026-10-02 20:00:00+00:00,live,dwd_forecast,2026-10-01 23:41:42.383988+00:00,1c7a531768d8,08a2d293d425,15.62087631225586,16.15945053100586,16.39714241027832,16.749286651611328,17.10767936706543,17.46607208251953,17.81821632385254,18.055908203125,18.594482421875,6.575514793395996,9.381856918334961,10.68776798248291,12.68903636932373,14.777302742004395,16.865568161010742,18.866836547851562,20.172746658325195,22.97909164428711,1016.3648681640625,1019.219970703125,1020.3824462890625,1022.017822265625,1023.6189575195312,1025.2200927734375,1026.85546875,1028.0179443359375,1030.873046875
2026-10-01 23:00:00+00:00,2026-10-02 21:00:00+00:00,live,dwd_forecast,2026-10-01 23:41:42.383988+00:00,1c7a531768d8,08a2d293d425,15.5938720703125,16.114070892333984,16.344158172607422,16.685516357421875,17.033294677734375,17.381072998046875,17.722431182861328,17.952518463134766,18.47271728515625,6.149036407470703,8.897672653198242,10.148139953613281,12.037019729614258,13.987205505371094,15.937392234802246,17.826271057128906,19.076740264892578,21.825374603271484,1016.1773681640625,1019.0755004882812,1020.266845703125,1021.9531860351562,1023.6119384765625,1025.270751953125,1026.95703125,1028.1484375,1031.0465087890625
2026-10-01 23:00:00+00:00,2026-10-02 22:00:00+00:00,live,dwd_forecast,2026-10-01 23:41:42.383988+00:00,1c7a531768d8,08a2d293d425,15.529077529907227,16.038808822631836,16.26423454284668,16.598644256591797,16.939319610595703,17.279996871948242,17.61440658569336,17.839832305908203,18.349563598632812,5.617249488830566,8.354201316833496,9.563138008117676,11.355173110961914,13.179743766784668,15.004313468933105,16.796348571777344,18.005285263061523,20.742238998413086,1016.0086669921875,1018.9912719726562,1020.2107543945312,1021.9310302734375,1023.6188354492188,1025.306640625,1027.02685546875,1028.2464599609375,1031.22900390625
2026-10-01 23:00:00+00:00,2026-10-02 23:00:00+00:00,live,dwd_forecast,2026-10-01 23:41:42.383988+00:00,1c7a531768d8,08a2d293d425,15.429829597473145,15.939620018005371,16.165870666503906,16.502267837524414,16.845544815063477,17.18882179260254,17.525218963623047,17.7514705657959,18.261260986328125,5.0633697509765625,7.851792812347412,9.050188064575195,10.795730590820312,12.549921989440918,14.30411434173584,16.049657821655273,17.248050689697266,20.036476135253906,1015.9268798828125,1018.8935546875,1020.1228637695312,1021.8719482421875,1023.5990600585938,1025.326171875,1027.0751953125,1028.304443359375,1031.271240234375
2026-10-01 23:00:00+00:00,2026-10-03 00:00:00+00:00,live,dwd_forecast,2026-10-01 23:41:42.383988+00:00,1c7a531768d8,08a2d293d425,15.33385944366455,15.842153549194336,16.068801879882812,16.40680503845215,16.75248908996582,17.098173141479492,17.436176300048828,17.662824630737305,18.171119689941406,4.482334136962891,7.334679126739502,8.531621932983398,10.248550415039062,11.954319953918457,13.660088539123535,15.3770170211792,16.573959350585938,19.426305770874023,1015.792236328125,1018.8018188476562,1020.05029296875,1021.8279418945312,1023.5842895507812,1025.340576171875,1027.1182861328125,1028.3668212890625,1031.3763427734375
2026-10-01 23:00:00+00:00,2026-10-03 01:00:00+00:00,live,dwd_forecast,2026-10-01 23:41:42.383988+00:00,1c7a531768d8,08a2d293d425,15.25948429107666,15.760845184326172,15.986111640930176,16.323688507080078,16.670181274414062,17.016674041748047,17.354251861572266,17.579519271850586,18.080881118774414,3.876859664916992,6.837446689605713,8.056638717651367,9.784454345703125,11.485490798950195,13.186527252197266,14.914341926574707,16.133535385131836,19.09412384033203,1015.6100463867188,1018.6487426757812,1019.9222412109375,1021.7473754882812,1023.5595092773438,1025.37158203125,1027.19677734375,1028.47021484375,1031.509033203125
2026-10-01 23:00:00+00:00,2026-10-03 02:00:00+00:00,live,dwd_forecast,2026-10-01 23:41:42.383988+00:00,1c7a531768d8,08a2d293d425,15.154077529907227,15.664390563964844,15.894197463989258,16.239078521728516,16.593446731567383,16.94781494140625,17.29269790649414,17.522504806518555,18.032817840576172,3.488204002380371,6.456809997558594,7.682178020477295,9.421366691589355,11.135547637939453,12.84972858428955,14.588916778564453,15.814285278320312,18.782894134521484,1015.4418334960938,1018.5381469726562,1019.8329467773438,1021.6860961914062,1023.524169921875,1025.3621826171875,1027.21533203125,1028.5101318359375,1031.6064453125
2026-10-01 23:00:00+00:00,2026-10-03 03:00:00+00:00,live,dwd_forecast,2026-10-01 23:41:42.383988+00:00,1c7a531768d8,08a2d293d425,15.09019660949707,15.6001615524292,15.830921173095703,16.178298950195312,16.536043167114258,16.893789291381836,17.241167068481445,17.471925735473633,17.981891632080078,3.3434619903564453,6.285760879516602,7.513584136962891,9.268512725830078,11.00735092163086,12.74618911743164,14.501117706298828,15.728940963745117,18.671241760253906,1015.289794921875,1018.4257202148438,1019.7430419921875,1021.6339111328125,1023.513427734375,1025.3929443359375,1027.2838134765625,1028.6011962890625,1031.737060546875
2026-10-01 23:00:00+00:00,2026-10-03 04:00:00+00:00,live,dwd_forecast,2026-10-01 23:41:42.383988+00:00,1c7a531768d8,08a2d293d425,15.044130325317383,15.562908172607422,15.798067092895508,16.152462005615234,16.51773452758789,16.883007049560547,17.237401962280273,17.47256088256836,17.9913387298584,3.18337345123291,6.178855895996094,7.453380584716797,9.297897338867188,11.142661094665527,12.987424850463867,14.831941604614258,16.10646629333496,19.10194969177246,1015.109375,1018.2850341796875,1019.6263427734375,1021.5584106445312,1023.48388671875,1025.409423828125,1027.3414306640625,1028.6827392578125,1031.8583984375
2026-10-01 23:00:00+00:00,2026-10-03 05:00:00+00:00,live,dwd_forecast,2026-10-01 23:41:42.383988+00:00,1c7a531768d8,08a2d293d425,15.007991790771484,15.537836074829102,15.777506828308105,16.138216018676758,16.50963020324707,16.88104248046875,17.24175262451172,17.481422424316406,18.011266708374023,3.460415840148926,6.543267726898193,7.879045486450195,9.834884643554688,11.808084487915039,13.78128433227539,15.737122535705566,17.07290267944336,20.1557559967041,1014.9812622070312,1018.1943359375,1019.5527954101562,1021.5108642578125,1023.4633178710938,1025.4156494140625,1027.373779296875,1028.7322998046875,1031.9453125
2026-10-01 23:00:00+00:00,2026-10-03 06:00:00+00:00,live,dwd_forecast,2026-10-01 23:41:42.383988+00:00,1c7a531768d8,08a2d293d425,14.991791725158691,15.530153274536133,15.773927688598633,16.141054153442383,16.519258499145508,16.897462844848633,17.264589309692383,17.508363723754883,18.046724319458008,3.783808708190918,6.977477073669434,8.397181510925293,10.510244369506836,12.66818618774414,14.826128005981445,16.939189910888672,18.35889434814453,21.552566528320312,1014.8048706054688,1018.026611328125,1019.4011840820312,1021.3941040039062,1023.389892578125,1025.3857421875,1027.3785400390625,1028.753173828125,1031.974853515625
2026-10-01 23:00:00+00:00,2026-10-03 07:00:00+00:00,live,dwd_forecast,2026-10-01 23:41:42.383988+00:00,1c7a531768d8,08a2d293d425,14.997849464416504,15.547021865844727,15.796035766601562,16.171382904052734,16.558307647705078,16.945232391357422,17.320579528808594,17.569591522216797,18.118764877319336,3.951878547668457,7.432529926300049,9.0025634765625,11.361272811889648,13.786758422851562,16.212244033813477,18.570953369140625,20.140987396240234,23.621639251708984,1014.7056884765625,1017.9228515625,1019.3070068359375,1021.3246459960938,1023.3533325195312,1025.3819580078125,1027.399658203125,1028.7838134765625,1032.0008544921875
2026-10-01 23:00:00+00:00,2026-10-03 08:00:00+00:00,live,dwd_forecast,2026-10-01 23:41:42.383988+00:00,1c7a531768d8,08a2d293d425,15.025286674499512,15.585461616516113,15.838854789733887,16.2202205657959,16.612905502319336,17.005590438842773,17.38695526123047,17.640350341796875,18.200525283813477,4.358960151672363,8.103875160217285,9.827323913574219,12.449854850769043,15.172200202941895,17.894546508789062,20.517074584960938,22.240524291992188,25.985443115234375,1014.42431640625,1017.72900390625,1019.1456909179688,1021.205810546875,1023.2736206054688,1025.3414306640625,1027.401611328125,1028.818359375,1032.1229248046875
2026-10-01 23:00:00+00:00,2026-10-03 09:00:00+00:00,live,dwd_forecast,2026-10-01 23:41:42.383988+00:00,1c7a531768d8,08a2d293d425,15.059623718261719,15.633910179138184,15.89358139038086,16.28429412841797,16.686527252197266,17.08875846862793,17.47947120666504,17.73914337158203,18.31342887878418,4.646493911743164,8.633195877075195,10.4927978515625,13.346907615661621,16.328407287597656,19.309907913208008,22.164016723632812,24.023618698120117,28.010324478149414,1014.2034301757812,1017.5394897460938,1018.9766845703125,1021.0732421875,1023.1826171875,1025.2919921875,1027.3885498046875,1028.82568359375,1032.1617431640625
2026-10-01 23:00:00+00:00,2026-10-03 10:00:00+00:00,live,dwd_forecast,2026-10-01 23:41:42.383988+00:00,1c7a531768d8,08a2d293d425,15.110269546508789,15.694536209106445,15.958145141601562,16.354232788085938,16.761579513549805,17.168928146362305,17.56501579284668,17.828624725341797,18.412891387939453,4.824518203735352,9.058067321777344,11.054853439331055,14.14126968383789,17.382211685180664,20.623153686523438,23.709571838378906,25.706356048583984,29.939908981323242,1013.927490234375,1017.3427124023438,1018.80908203125,1020.9435424804688,1023.0875854492188,1025.231689453125,1027.3660888671875,1028.83251953125,1032.2476806640625
2026-10-01 23:00:00+00:00,2026-10-03 11:00:00+00:00,live,dwd_forecast,2026-10-01 23:41:42.383988+00:00,1c7a531768d8,08a2d293d425,15.189069747924805,15.770407676696777,16.033117294311523,16.428255081176758,16.834932327270508,17.24161148071289,17.636749267578125,17.899457931518555,18.48079490661621,5.376186370849609,9.647436141967773,11.683234214782715,14.85102653503418,18.193714141845703,21.53640365600586,24.70419692993164,26.739990234375,31.011241912841797,1013.763427734375,1017.1839599609375,1018.6593627929688,1020.8134155273438,1022.9818115234375,1025.1502685546875,1027.30419921875,1028.7796630859375,1032.2001953125
2026-10-01 23:00:00+00:00,2026-10-03 12:00:00+00:00,live,dwd_forecast,2026-10-01 23:41:42.383988+00:00,1c7a531768d8,08a2d293d425,15.22379207611084,15.818490982055664,16.08745574951172,16.492210388183594,16.908945083618164,17.3256778717041,17.73043441772461,17.99939727783203,18.59409523010254,5.72719669342041,10.025312423706055,12.086983680725098,15.308049201965332,18.717012405395508,22.1259765625,25.347042083740234,27.408710479736328,31.706829071044922,1013.5552978515625,1017.015625,1018.5113525390625,1020.6981201171875,1022.9017944335938,1025.10546875,1027.292236328125,1028.7880859375,1032.248291015625
2026-10-01 23:00:00+00:00,2026-10-03 13:00:00+00:00,live,dwd_forecast,2026-10-01 23:41:42.383988+00:00,1c7a531768d8,08a2d293d425,15.287521362304688,15.885637283325195,16.157073974609375,16.56644058227539,16.988601684570312,17.410762786865234,17.82012939453125,18.09156608581543,18.689682006835938,6.017730712890625,10.357339859008789,12.444064140319824,15.709423065185547,19.16924285888672,22.629064559936523,25.894424438476562,27.98114776611328,32.32075500488281,1013.3467407226562,1016.8751831054688,1018.39892578125,1020.6251220703125,1022.8675537109375,1025.1099853515625,1027.336181640625,1028.8599853515625,1032.388427734375
2026-10-01 23:00:00+00:00,2026-10-03 14:00:00+00:00,live,dwd_forecast,2026-10-01 23:41:42.383988+00:00,1c7a531768d8,08a2d293d425,15.353334426879883,15.952885627746582,16.224763870239258,16.634599685668945,17.057092666625977,17.479585647583008,17.889421463012695,18.161300659179688,18.76085090637207,6.018120765686035,10.353055953979492,12.438825607299805,15.703969955444336,19.164560317993164,22.625150680541992,25.890295028686523,27.976062774658203,32.31100082397461,1013.2947998046875,1016.824462890625,1018.3547973632812,1020.5963745117188,1022.8585205078125,1025.12060546875,1027.3621826171875,1028.8924560546875,1032.4222412109375
2026-10-01 23:00:00+00:00,2026-10-03 15:00:00+00:00,live,dwd_forecast,2026-10-01 23:41:42.383988+00:00,1c7a531768d8,08a2d293d425,15.40246868133545,16.000513076782227,16.272659301757812,16.683813095092773,17.10836410522461,17.532915115356445,17.944068908691406,18.216215133666992,18.814260482788086,5.786074638366699,10.113455772399902,12.19894790649414,15.466999053955078,18.93326187133789,22.399524688720703,25.66757583618164,27.753068923950195,32.08045196533203,1013.2525024414062,1016.8106079101562,1018.3544311523438,1020.616943359375,1022.901123046875,1025.185302734375,1027.44775390625,1028.99169921875,1032.5496826171875
2026-10-01 23:00:00+00:00,2026-10-03 16:00:00+00:00,live,dwd_forecast,2026-10-01 23:41:42.383988+00:00,1c7a531768d8,08a2d293d425,15.422906875610352,16.025625228881836,16.300052642822266,16.714801788330078,17.14317512512207,17.571550369262695,17.986299514770508,18.260725021362305,18.863445281982422,5.691851615905762,9.87743854522705,11.891042709350586,15.04290771484375,18.383195877075195,21.72348403930664,24.875349044799805,26.888954162597656,31.074541091918945,1013.2689819335938,1016.8536987304688,1018.4068603515625,1020.6809692382812,1022.9752197265625,1025.2694091796875,1027.5435791015625,1029.0966796875,1032.681396484375
2026-10-01 23:00:00+00:00,2026-10-03 17:00:00+00:00,live,dwd_forecast,2026-10-01 23:41:42.383988+00:00,1c7a531768d8,08a2d293d425,15.425689697265625,16.026546478271484,16.300634384155273,16.71536636352539,17.14409828186035,17.572832107543945,17.987564086914062,18.26165199279785,18.86250877380371,5.258871078491211,9.35556411743164,11.3211030960083,14.39246940612793,17.643373489379883,20.894277572631836,23.96564483642578,25.931182861328125,30.027877807617188,1013.2976684570312,1016.9035034179688,1018.46728515625,1020.7583618164062,1023.07080078125,1025.3831787109375,1027.67431640625,1029.2381591796875,1032.8438720703125
2026-10-01 23:00:00+00:00,2026-10-03 18:00:00+00:00,live,dwd_forecast,2026-10-01 23:41:42.383988+00:00,1c7a531768d8,08a2d293d425,15.389277458190918,16.00025177001953,16.277904510498047,16.6970157623291,17.129507064819336,17.561996459960938,17.981109619140625,18.25876235961914,18.869735717773438,4.969827651977539,8.883312225341797,10.752915382385254,13.666400909423828,16.744056701660156,19.82171058654785,22.73519515991211,24.604799270629883,28.518287658691406,1013.316650390625,1016.9617309570312,1018.5400390625,1020.8499755859375,1023.1796875,1025.5093994140625,1027.8193359375,1029.3975830078125,1033.042724609375
2026-10-01 23:00:00+00:00,2026-10-03 19:00:00+00:00,live,dwd_forecast,2026-10-01 23:41:42.383988+00:00,1c7a531768d8,08a2d293d425,15.37816047668457,15.977291107177734,16.251218795776367,16.666311264038086,17.09587860107422,17.52544593811035,17.94053840637207,18.21446418762207,18.813596725463867,4.812853813171387,8.515593528747559,10.26750373840332,12.980828285217285,15.8341646194458,18.6875,21.40082550048828,23.15273666381836,26.855478286743164,1013.3601684570312,1017.0183715820312,1018.6041870117188,1020.9266967773438,1023.2703857421875,1025.614013671875,1027.9365234375,1029.5223388671875,1033.1805419921875
2026-10-01 23:00:00+00:00,2026-10-03 20:00:00+00:00,live,dwd_forecast,2026-10-01 23:41:42.383988+00:00,1c7a531768d8,08a2d293d425,15.3138427734375,15.916184425354004,16.191051483154297,16.607059478759766,17.037185668945312,17.46731185913086,17.883319854736328,18.158187866210938,18.760528564453125,4.431020736694336,8.002010345458984,9.6739501953125,12.246166229248047,14.93790054321289,17.629634857177734,20.20185089111328,21.873788833618164,25.444782257080078,1013.37548828125,1017.0496826171875,1018.6427001953125,1020.9761962890625,1023.3311767578125,1025.6861572265625,1028.0196533203125,1029.6126708984375,1033.286865234375
2026-10-01 23:00:00+00:00,2026-10-03 21:00:00+00:00,live,dwd_forecast,2026-10-01 23:41:42.383988+00:00,1c7a531768d8,08a2d293d425,15.255210876464844,15.85197639465332,16.124420166015625,16.536876678466797,16.963420867919922,17.389965057373047,17.802419662475586,18.07486343383789,18.671628952026367,4.038891792297363,7.520020008087158,9.123418807983398,11.564579010009766,14.09964656829834,16.634714126586914,19.07587432861328,20.67927360534668,24.160404205322266,1013.2588500976562,1017.0083618164062,1018.6270141601562,1020.9915161132812,1023.3728637695312,1025.754150390625,1028.11865234375,1029.7373046875,1033.48681640625
2026-10-01 23:00:00+00:00,2026-10-03 22:00:00+00:00,live,dwd_forecast,2026-10-01 23:41:42.383988+00:00,1c7a531768d8,08a2d293d425,15.18204402923584,15.771506309509277,16.041349411010742,16.45057487487793,16.87432098388672,17.298065185546875,17.707290649414062,17.977134704589844,18.56659698486328,3.832141876220703,7.221814155578613,8.758140563964844,11.073263168334961,13.459308624267578,15.845353126525879,18.160476684570312,19.696802139282227,23.086477279663086,1013.2252197265625,1016.9894409179688,1018.6178588867188,1020.9996337890625,1023.4007568359375,1025.8018798828125,1028.1837158203125,1029.8121337890625,1033.5762939453125
2026-10-01 23:00:00+00:00,2026-10-03 23:00:00+00:00,live,dwd_forecast,2026-10-01 23:41:42.383988+00:00,1c7a531768d8,08a2d293d425,15.119020462036133,15.69837760925293,15.963528633117676,16.365577697753906,16.781843185424805,17.198108673095703,17.60015869140625,17.865310668945312,18.44466781616211,3.2194108963012695,6.626123428344727,8.145095825195312,10.410253524780273,12.72681999206543,15.04338550567627,17.308544158935547,18.8275146484375,22.23423194885254,1013.1554565429688,1016.9486083984375,1018.5859985351562,1020.977783203125,1023.386474609375,1025.795166015625,1028.18701171875,1029.8243408203125,1033.6175537109375
2026-10-01 23:00:00+00:00,2026-10-04 00:00:00+00:00,live,dwd_forecast,2026-10-01 23:41:42.383988+00:00,1c7a531768d8,08a2d293d425,15.023977279663086,15.603751182556152,15.869075775146484,16.27136993408203,16.68787384033203,17.104379653930664,17.506671905517578,17.771995544433594,18.35177230834961,2.5429258346557617,6.030630111694336,7.554090976715088,9.796300888061523,12.067144393920898,14.337986946105957,16.580196380615234,18.103656768798828,21.591365814208984,1013.0380859375,1016.8414916992188,1018.4927368164062,1020.9135131835938,1023.3580932617188,1025.8026123046875,1028.2235107421875,1029.8746337890625,1033.6781005859375
2026-10-01 23:00:00+00:00,2026-10-04 01:00:00+00:00,live,dwd_forecast,2026-10-01 23:41:42.383988+00:00,1c7a531768d8,08a2d293d425,14.948278427124023,15.523168563842773,15.786886215209961,16.187353134155273,16.602432250976562,17.01751136779785,17.417978286743164,17.68169593811035,18.256587982177734,2.029632568359375,5.541609764099121,7.060822010040283,9.28289794921875,11.522939682006836,13.762982368469238,15.985057830810547,17.504270553588867,21.016250610351562,1012.9971923828125,1016.8226318359375,1018.482177734375,1020.9140625,1023.3690185546875,1025.823974609375,1028.255859375,1029.9154052734375,1033.7408447265625
2026-10-01 23:00:00+00:00,2026-10-04 02:00:00+00:00,live,dwd_forecast,2026-10-01 23:41:42.383988+00:00,1c7a531768d8,08a2d293d425,14.909128189086914,15.47913646697998,15.73980712890625,16.13486671447754,16.543746948242188,16.952625274658203,17.347686767578125,17.608356475830078,18.17836570739746,1.5672311782836914,5.141048431396484,6.673788547515869,8.903345108032227,11.141715049743652,13.380084991455078,15.609642028808594,17.142379760742188,20.716201782226562,1012.8787231445312,1016.7304077148438,1018.4053955078125,1020.8637084960938,1023.34814453125,1025.83251953125,1028.2908935546875,1029.9658203125,1033.8175048828125
2026-10-01 23:00:00+00:00,2026-10-04 03:00:00+00:00,live,dwd_forecast,2026-10-01 23:41:42.383988+00:00,1c7a531768d8,08a2d293d425,14.83420467376709,15.409164428710938,15.672188758850098,16.070903778076172,16.48363494873047,16.896364212036133,17.29507827758789,17.558103561401367,18.13306427001953,1.4141979217529297,4.969327926635742,6.503557205200195,8.744184494018555,11.00036334991455,13.256543159484863,15.497170448303223,17.03139877319336,20.586532592773438,1012.8095703125,1016.675048828125,1018.357177734375,1020.8270263671875,1023.3239135742188,1025.82080078125,1028.2906494140625,1029.9727783203125,1033.8382568359375
2026-10-01 23:00:00+00:00,2026-10-04 04:00:00+00:00,live,dwd_forecast,2026-10-01 23:41:42.383988+00:00,1c7a531768d8,08a2d293d425,14.784187316894531,15.367395401000977,15.633216857910156,16.035226821899414,16.450651168823242,16.86607551574707,17.26808738708496,17.53390884399414,18.117115020751953,1.5004510879516602,5.091025352478027,6.6513352394104,8.940195083618164,11.252582550048828,13.564970970153809,15.853830337524414,17.414138793945312,21.004716873168945,1012.7705688476562,1016.64794921875,1018.3353881835938,1020.81298828125,1023.3177490234375,1025.8226318359375,1028.3001708984375,1029.987548828125,1033.864990234375
2026-10-01 23:00:00+00:00,2026-10-04 05:00:00+00:00,live,dwd_forecast,2026-10-01 23:41:42.383988+00:00,1c7a531768d8,08a2d293d425,14.778183937072754,15.363037109375,15.62960433959961,16.032739639282227,16.44931983947754,16.865901947021484,17.26903533935547,17.535602569580078,18.12045669555664,1.6977472305297852,5.375052452087402,6.998745918273926,9.405006408691406,11.85451602935791,14.304025650024414,16.71028709411621,18.3339786529541,22.011287689208984,1012.6554565429688,1016.5486450195312,1018.2498168945312,1020.7540283203125,1023.2906494140625,1025.8272705078125,1028.3314208984375,1030.0325927734375,1033.9259033203125
2026-10-01 23:00:00+00:00,2026-10-04 06:00:00+00:00,live,dwd_forecast,2026-10-01 23:41:42.383988+00:00,1c7a531768d8,08a2d293d425,14.762598991394043,15.355880737304688,15.625836372375488,16.033660888671875,16.454755783081055,16.875850677490234,17.283674240112305,17.553630828857422,18.146913528442383,1.9219846725463867,5.766132354736328,7.4944167137146,10.085413932800293,12.745621681213379,15.405829429626465,17.996826171875,19.725109100341797,23.569259643554688,1012.5138549804688,1016.4497680664062,1018.1687622070312,1020.6985473632812,1023.260498046875,1025.8223876953125,1028.3521728515625,1030.0711669921875,1034.007080078125
2026-10-01 23:00:00+00:00,2026-10-04 07:00:00+00:00,live,dwd_forecast,2026-10-01 23:41:42.383988+00:00,1c7a531768d8,08a2d293d425,14.776947021484375,15.379009246826172,15.652312278747559,16.0645694732666,16.489768981933594,16.914968490600586,17.327224731445312,17.600528717041016,18.202590942382812,2.4390487670898438,6.491481781005859,8.33607292175293,11.123332023620605,14.001766204833984,16.88020133972168,19.667457580566406,21.512048721313477,25.56448745727539,1012.3309326171875,1016.30029296875,1018.0359497070312,1020.592041015625,1023.1820068359375,1025.77197265625,1028.328125,1030.063720703125,1034.033203125
2026-10-01 23:00:00+00:00,2026-10-04 08:00:00+00:00,live,dwd_forecast,2026-10-01 23:41:42.383988+00:00,1c7a531768d8,08a2d293d425,14.811163902282715,15.418865203857422,15.694714546203613,16.110797882080078,16.539934158325195,16.969070434570312,17.385154724121094,17.66100311279297,18.268705368041992,2.9031171798706055,7.154216766357422,9.119468688964844,12.11856460571289,15.238409996032715,18.35825538635254,21.357351303100586,23.322603225708008,27.573707580566406,1012.1705322265625,1016.1569213867188,1017.9053955078125,1020.4854736328125,1023.1035766601562,1025.7216796875,1028.3017578125,1030.0501708984375,1034.03662109375
2026-10-01 23:00:00+00:00,2026-10-04 09:00:00+00:00,live,dwd_forecast,2026-10-01 23:41:42.383988+00:00,1c7a531768d8,08a2d293d425,14.854757308959961,15.470844268798828,15.750310897827148,16.171669006347656,16.60610580444336,17.040542602539062,17.46190071105957,17.74136734008789,18.35745620727539,3.262444496154785,7.728342533111572,9.816200256347656,13.025278091430664,16.38115119934082,19.73702621459961,22.94610023498535,25.033958435058594,29.499862670898438,1012.00244140625,1016.0140991210938,1017.7748413085938,1020.374267578125,1023.012939453125,1025.651611328125,1028.2509765625,1030.01171875,1034.0234375
2026-10-01 23:00:00+00:00,2026-10-04 10:00:00+00:00,live,dwd_forecast,2026-10-01 23:41:42.383988+00:00,1c7a531768d8,08a2d293d425,14.895356178283691,15.524282455444336,15.809343338012695,16.23891830444336,16.681659698486328,17.124401092529297,17.553974151611328,17.83903694152832,18.46796226501465,3.562239646911621,8.203836441040039,10.398937225341797,13.797666549682617,17.371009826660156,20.944355010986328,24.343082427978516,26.538183212280273,31.179784774780273,1011.8685913085938,1015.897705078125,1017.667724609375,1020.2823486328125,1022.9375610351562,1025.5927734375,1028.2073974609375,1029.9774169921875,1034.0064697265625
2026-10-01 23:00:00+00:00,2026-10-04 11:00:00+00:00,live,dwd_forecast,2026-10-01 23:41:42.383988+00:00,1c7a531768d8,08a2d293d425,14.933882713317871,15.573416709899902,15.862726211547852,16.298166275024414,16.746543884277344,17.194921493530273,17.630361557006836,17.9196720123291,18.559207916259766,3.664566993713379,8.52659797668457,10.838476181030273,14.430429458618164,18.216495513916016,22.002561569213867,25.594514846801758,27.906394958496094,32.768428802490234,1011.6978149414062,1015.76220703125,1017.5473022460938,1020.1836547851562,1022.8606567382812,1025.5377197265625,1028.174072265625,1029.9591064453125,1034.0235595703125
2026-10-01 23:00:00+00:00,2026-10-04 12:00:00+00:00,live,dwd_forecast,2026-10-01 23:41:42.383988+00:00,1c7a531768d8,08a2d293d425,14.965659141540527,15.616216659545898,15.911331176757812,16.35629653930664,16.815082550048828,17.273868560791016,17.718833923339844,18.013948440551758,18.664506912231445,4.197859764099121,9.030681610107422,11.339162826538086,14.936249732971191,18.735788345336914,22.535327911376953,26.132415771484375,28.44089126586914,33.273719787597656,1011.5503540039062,1015.6261596679688,1017.42041015625,1020.07421875,1022.7719116210938,1025.469482421875,1028.1234130859375,1029.9176025390625,1033.993408203125
2026-10-01 23:00:00+00:00,2026-10-04 13:00:00+00:00,live,dwd_forecast,2026-10-01 23:41:42.383988+00:00,1c7a531768d8,08a2d293d425,15.003850936889648,15.66537857055664,15.964669227600098,16.415159225463867,16.879056930541992,17.342952728271484,17.79344367980957,18.09273338317871,18.754262924194336,4.303041458129883,9.181205749511719,11.512101173400879,15.144876480102539,18.98269271850586,22.820507049560547,26.453279495239258,28.784175872802734,33.6623420715332,1011.4746704101562,1015.576904296875,1017.3786010742188,1020.0394897460938,1022.7413330078125,1025.4432373046875,1028.1041259765625,1029.90576171875,1034.008056640625
2026-10-01 23:00:00+00:00,2026-10-04 14:00:00+00:00,live,dwd_forecast,2026-10-01 23:41:42.383988+00:00,1c7a531768d8,08a2d293d425,15.025467872619629,15.697752952575684,16.002166748046875,16.460617065429688,16.932899475097656,17.405181884765625,17.863632202148438,18.168045043945312,18.840330123901367,4.261155128479004,9.076807022094727,11.394510269165039,15.02336597442627,18.869918823242188,22.716472625732422,26.34532928466797,28.66303253173828,33.47868347167969,1011.3787841796875,1015.5222778320312,1017.342041015625,1020.0296020507812,1022.758544921875,1025.487548828125,1028.175048828125,1029.994873046875,1034.1383056640625
2026-10-01 23:00:00+00:00,2026-10-04 15:00:00+00:00,live,dwd_forecast,2026-10-01 23:41:42.383988+00:00,1c7a531768d8,08a2d293d425,15.046928405761719,15.725822448730469,16.032249450683594,16.4927921295166,16.966516494750977,17.44024085998535,17.900781631469727,18.207210540771484,18.886104583740234,4.351152420043945,9.066831588745117,11.336864471435547,14.891528129577637,18.6597957611084,22.428062438964844,25.98272705078125,28.25275993347168,32.968441009521484,1011.3994750976562,1015.5575561523438,1017.3787231445312,1020.0635986328125,1022.7862548828125,1025.5089111328125,1028.1937255859375,1030.014892578125,1034.1729736328125
2026-10-01 23:00:00+00:00,2026-10-04 16:00:00+00:00,live,dwd_forecast,2026-10-01 23:41:42.383988+00:00,1c7a531768d8,08a2d293d425,15.066986083984375,15.744937896728516,16.051559448242188,16.512989044189453,16.988079071044922,17.463167190551758,17.924596786499023,18.231218338012695,18.909170150756836,4.100701332092285,8.745560646057129,10.976006507873535,14.463208198547363,18.155723571777344,21.848236083984375,25.335437774658203,27.56588363647461,32.21074676513672,1011.4348754882812,1015.6097412109375,1017.4365844726562,1020.12841796875,1022.8568725585938,1025.5853271484375,1028.2772216796875,1030.10400390625,1034.2789306640625
2026-10-01 23:00:00+00:00,2026-10-04 17:00:00+00:00,live,dwd_forecast,2026-10-01 23:41:42.383988+00:00,1c7a531768d8,08a2d293d425,15.066336631774902,15.743417739868164,16.050064086914062,16.511934280395508,16.987783432006836,17.463632583618164,17.92550277709961,18.232149124145508,18.909229278564453,3.7192516326904297,8.239356994628906,10.410377502441406,13.805157661437988,17.400190353393555,20.995222091674805,24.390003204345703,26.56102180480957,31.08112907409668,1011.45556640625,1015.6589965820312,1017.4968872070312,1020.2035522460938,1022.9459838867188,1025.6884765625,1028.3951416015625,1030.2330322265625,1034.4365234375
2026-10-01 23:00:00+00:00,2026-10-04 18:00:00+00:00,live,dwd_forecast,2026-10-01 23:41:42.383988+00:00,1c7a531768d8,08a2d293d425,15.049127578735352,15.72600269317627,16.0324649810791,16.493968963623047,16.96937370300293,17.44477653503418,17.906280517578125,18.212743759155273,18.889617919921875,3.4947242736816406,7.827267646789551,9.903703689575195,13.146095275878906,16.57628631591797,20.00647735595703,23.248868942260742,25.325302124023438,29.657852172851562,1011.5416870117188,1015.7778930664062,1017.6231689453125,1020.3341674804688,1023.076171875,1025.8182373046875,1028.5291748046875,1030.37451171875,1034.6107177734375
2026-10-01 23:00:00+00:00,2026-10-04 19:00:00+00:00,live,dwd_forecast,2026-10-01 23:41:42.383988+00:00,1c7a531768d8,08a2d293d425,14.990781784057617,15.675496101379395,15.984326362609863,16.448265075683594,16.92531967163086,17.402374267578125,17.86631202697754,18.175142288208008,18.8598575592041,3.316486358642578,7.46458101272583,9.431137084960938,12.480796813964844,15.690818786621094,18.900840759277344,21.95050048828125,23.917057037353516,28.065155029296875,1011.56201171875,1015.8353271484375,1017.6932373046875,1020.4193725585938,1023.1741333007812,1025.928955078125,1028.655029296875,1030.512939453125,1034.7862548828125
2026-10-01 23:00:00+00:00,2026-10-04 20:00:00+00:00,live,dwd_forecast,2026-10-01 23:41:42.383988+00:00,1c7a531768d8,08a2d293d425,14.915457725524902,15.603135108947754,15.913866996765137,16.381206512451172,16.862171173095703,17.3431339263916,17.810474395751953,18.121206283569336,18.808883666992188,2.8853073120117188,6.929196357727051,8.8330717086792,11.772480010986328,14.856438636779785,17.94039535522461,20.879804611206055,22.783679962158203,26.827573776245117,1011.4740600585938,1015.8181762695312,1017.7035522460938,1020.4671020507812,1023.2573852539062,1026.0477294921875,1028.8111572265625,1030.6966552734375,1035.040771484375
2026-10-01 23:00:00+00:00,2026-10-04 21:00:00+00:00,live,dwd_forecast,2026-10-01 23:41:42.383988+00:00,1c7a531768d8,08a2d293d425,14.865410804748535,15.54892349243164,15.857080459594727,16.319881439208984,16.795671463012695,17.271459579467773,17.73426055908203,18.042417526245117,18.72593116760254,2.6806459426879883,6.556171417236328,8.362136840820312,11.132196426391602,14.02455997467041,16.91692543029785,19.686983108520508,21.492948532104492,25.36847686767578,1011.3943481445312,1015.8026123046875,1017.7083129882812,1020.49462890625,1023.3025512695312,1026.1104736328125,1028.8968505859375,1030.802490234375,1035.2108154296875
2026-10-01 23:00:00+00:00,2026-10-04 22:00:00+00:00,live,dwd_forecast,2026-10-01 23:41:42.383988+00:00,1c7a531768d8,08a2d293d425,14.792844772338867,15.473438262939453,15.779582023620605,16.238691329956055,16.71017837524414,17.181665420532227,17.640775680541992,17.946918487548828,18.627513885498047,2.30765438079834,6.069169044494629,7.808459758758545,10.463082313537598,13.224864959716797,15.986648559570312,18.641271591186523,20.38055992126465,24.142078399658203,1011.38623046875,1015.8148193359375,1017.7280883789062,1020.5244140625,1023.3416137695312,1026.1588134765625,1028.955078125,1030.868408203125,1035.2969970703125
2026-10-01 23:00:00+00:00,2026-10-04 23:00:00+00:00,live,dwd_forecast,2026-10-01 23:41:42.383988+00:00,1c7a531768d8,08a2d293d425,14.711231231689453,15.387750625610352,15.691231727600098,16.14555549621582,16.611526489257812,17.077499389648438,17.531824111938477,17.835304260253906,18.511825561523438,1.6561250686645508,5.4932661056518555,7.24299955368042,9.8899564743042,12.625815391540527,15.361673355102539,18.008630752563477,19.758363723754883,23.595508575439453,1011.4489135742188,1015.8461303710938,1017.7481689453125,1020.5301513671875,1023.3345336914062,1026.138916015625,1028.9208984375,1030.8228759765625,1035.2200927734375
2026-10-01 23:00:00+00:00,2026-10-05 00:00:00+00:00,live,dwd_forecast,2026-10-01 23:41:42.383988+00:00,1c7a531768d8,08a2d293d425,14.62826156616211,15.305649757385254,15.608976364135742,16.062549591064453,16.52735710144043,16.992162704467773,17.445737838745117,17.74906349182129,18.42645263671875,0.9610204696655273,4.802173614501953,6.536473751068115,9.143547058105469,11.825634956359863,14.507721900939941,17.114795684814453,18.84909439086914,22.690250396728516,1011.4219360351562,1015.8278198242188,1017.7326049804688,1020.5175170898438,1023.32421875,1026.130859375,1028.915771484375,1030.820556640625,1035.2265625
2026-10-01 23:00:00+00:00,2026-10-05 01:00:00+00:00,live,dwd_forecast,2026-10-01 23:41:42.383988+00:00,1c7a531768d8,08a2d293d425,14.543709754943848,15.222704887390137,15.52668285369873,15.981165885925293,16.446855545043945,16.91254425048828,17.36702537536621,17.671005249023438,18.350000381469727,0.6765317916870117,4.445096015930176,6.133489608764648,8.659029006958008,11.247751235961914,13.836472511291504,16.362010955810547,18.050405502319336,21.818971633911133,1011.3161010742188,1015.7827758789062,1017.7056884765625,1020.509521484375,1023.32958984375,1026.149658203125,1028.9534912109375,1030.8763427734375,1035.343017578125
2026-10-01 23:00:00+00:00,2026-10-05 02:00:00+00:00,live,dwd_forecast,2026-10-01 23:41:42.383988+00:00,1c7a531768d8,08a2d293d425,14.5009765625,15.169027328491211,15.468368530273438,15.91617202758789,16.37520980834961,16.834245681762695,17.28204917907715,17.581390380859375,18.24944305419922,0.4751148223876953,4.193574905395508,5.846371650695801,8.306182861328125,10.818096160888672,13.330010414123535,15.789820671081543,17.442617416381836,21.161081314086914,1011.3855590820312,1015.80712890625,1017.717041015625,1020.5079956054688,1023.319580078125,1026.1312255859375,1028.922119140625,1030.83203125,1035.253662109375
2026-10-01 23:00:00+00:00,2026-10-05 03:00:00+00:00,live,dwd_forecast,2026-10-01 23:41:42.383988+00:00,1c7a531768d8,08a2d293d425,14.450751304626465,15.117795944213867,15.416353225708008,15.862663269042969,16.319927215576172,16.777193069458008,17.22350311279297,17.52206039428711,18.189105987548828,0.3241701126098633,4.015721321105957,5.661403656005859,8.115243911743164,10.624561309814453,13.133878707885742,15.587719917297363,17.233400344848633,20.92495346069336,1011.3916015625,1015.8026123046875,1017.7099609375,1020.4989013671875,1023.309814453125,1026.1207275390625,1028.90966796875,1030.8170166015625,1035.22802734375
2026-10-01 23:00:00+00:00,2026-10-05 04:00:00+00:00,live,dwd_forecast,2026-10-01 23:41:42.383988+00:00,1c7a531768d8,08a2d293d425,14.377702713012695,15.056262016296387,15.35948371887207,15.812299728393555,16.275875091552734,16.739450454711914,17.1922664642334,17.495487213134766,18.174047470092773,0.5582036972045898,4.2500410079956055,5.911791801452637,8.404900550842285,10.966014862060547,13.527128219604492,16.020235061645508,17.681987762451172,21.37382698059082,1011.3972778320312,1015.8157348632812,1017.7254028320312,1020.5169067382812,1023.329833984375,1026.142822265625,1028.934326171875,1030.843994140625,1035.262451171875
2026-10-01 23:00:00+00:00,2026-10-05 05:00:00+00:00,live,dwd_forecast,2026-10-01 23:41:42.383988+00:00,1c7a531768d8,08a2d293d425,14.351888656616211,15.03274154663086,15.337057113647461,15.791573524475098,16.256940841674805,16.722307205200195,17.17682456970215,17.48114013671875,18.1619930267334,0.7357606887817383,4.564554214477539,6.291632652282715,8.886281967163086,11.554397583007812,14.222514152526855,16.817161560058594,18.544240951538086,22.373035430908203,1011.3740234375,1015.7875366210938,1017.6958618164062,1020.4862060546875,1023.2984619140625,1026.1107177734375,1028.901123046875,1030.8094482421875,1035.222900390625
2026-10-01 23:00:00+00:00,2026-10-05 06:00:00+00:00,live,dwd_forecast,2026-10-01 23:41:42.383988+00:00,1c7a531768d8,08a2d293d425,14.364278793334961,15.050894737243652,15.357073783874512,15.81369400024414,16.28070068359375,16.74770736694336,17.204328536987305,17.51050567626953,18.19712257385254,1.0014524459838867,5.017693519592285,6.8577728271484375,9.649807929992676,12.542034149169922,15.434259414672852,18.226295471191406,20.066373825073242,24.082618713378906,1011.2870483398438,1015.7306518554688,1017.6517944335938,1020.460693359375,1023.29150390625,1026.122314453125,1028.9312744140625,1030.852294921875,1035.2958984375
2026-10-01 23:00:00+00:00,2026-10-05 07:00:00+00:00,live,dwd_forecast,2026-10-01 23:41:42.383988+00:00,1c7a531768d8,08a2d293d425,14.403584480285645,15.089784622192383,15.396050453186035,15.853059768676758,16.320661544799805,16.78826332092285,17.245271682739258,17.551536560058594,18.23773765563965,1.2449474334716797,5.533226013183594,7.513703346252441,10.534126281738281,13.674701690673828,16.815277099609375,19.8356990814209,21.81617546081543,26.104454040527344,1011.1864013671875,1015.650146484375,1017.5757446289062,1020.38720703125,1023.2177124023438,1026.048095703125,1028.859619140625,1030.78515625,1035.2490234375
2026-10-01 23:00:00+00:00,2026-10-05 08:00:00+00:00,live,dwd_forecast,2026-10-01 23:41:42.383988+00:00,1c7a531768d8,08a2d293d425,14.420928955078125,15.11931037902832,15.43000316619873,15.892657279968262,16.36530876159668,16.83795928955078,17.300613403320312,17.611305236816406,18.309688568115234,1.602461814880371,6.1204986572265625,8.238837242126465,11.50076961517334,14.916523933410645,18.332277297973633,21.59421157836914,23.712549209594727,28.230587005615234,1011.1824340820312,1015.6194458007812,1017.5401611328125,1020.3506469726562,1023.1847534179688,1026.0189208984375,1028.829345703125,1030.75,1035.18701171875
2026-10-01 23:00:00+00:00,2026-10-05 09:00:00+00:00,live,dwd_forecast,2026-10-01 23:41:42.383988+00:00,1c7a531768d8,08a2d293d425,14.483007431030273,15.186724662780762,15.498604774475098,15.961904525756836,16.434364318847656,16.906824111938477,17.3701229095459,17.682003021240234,18.38572120666504,1.6525955200195312,6.487201690673828,8.768184661865234,12.29456901550293,15.998045921325684,19.701520919799805,23.2279052734375,25.508888244628906,30.3435001373291,1011.07568359375,1015.5259399414062,1017.4500732421875,1020.2635498046875,1023.0989990234375,1025.9345703125,1028.7479248046875,1030.672119140625,1035.1224365234375
2026-10-01 23:00:00+00:00,2026-10-05 10:00:00+00:00,live,dwd_forecast,2026-10-01 23:41:42.383988+00:00,1c7a531768d8,08a2d293d425,14.544000625610352,15.252819061279297,15.566683769226074,16.03266716003418,16.507665634155273,16.982664108276367,17.448646545410156,17.76251220703125,18.471330642700195,2.0369863510131836,7.028614521026611,9.407429695129395,13.108649253845215,17.013952255249023,20.91925621032715,24.62047576904297,26.999290466308594,31.990922927856445,1011.0523681640625,1015.4724731445312,1017.388427734375,1020.1943359375,1023.0256958007812,1025.8570556640625,1028.6629638671875,1030.578857421875,1034.9990234375
2026-10-01 23:00:00+00:00,2026-10-05 11:00:00+00:00,live,dwd_forecast,2026-10-01 23:41:42.383988+00:00,1c7a531768d8,08a2d293d425,14.588373184204102,15.308859825134277,15.627523422241211,16.100284576416016,16.581924438476562,17.063566207885742,17.536325454711914,17.854990005493164,18.575477600097656,2.2486658096313477,7.380842208862305,9.841989517211914,13.686594009399414,17.755014419555664,21.823436737060547,25.66803741455078,28.12918472290039,33.26136779785156,1010.9541625976562,1015.3900756835938,1017.307861328125,1020.1118774414062,1022.9378662109375,1025.7637939453125,1028.56787109375,1030.485595703125,1034.921630859375
2026-10-01 23:00:00+00:00,2026-10-05 12:00:00+00:00,live,dwd_forecast,2026-10-01 23:41:42.383988+00:00,1c7a531768d8,08a2d293d425,14.62990665435791,15.36176872253418,15.685526847839355,16.165904998779297,16.655351638793945,17.144798278808594,17.625173568725586,17.948932647705078,18.680795669555664,2.767894744873047,7.9097700119018555,10.387475967407227,14.269834518432617,18.387428283691406,22.505020141601562,26.387378692626953,28.86508560180664,34.0069580078125,1010.9246826171875,1015.3528442382812,1017.265625,1020.0606689453125,1022.8763427734375,1025.6920166015625,1028.487060546875,1030.3997802734375,1034.827880859375
2026-10-01 23:00:00+00:00,2026-10-05 13:00:00+00:00,live,dwd_forecast,2026-10-01 23:41:42.383988+00:00,1c7a531768d8,08a2d293d425,14.619327545166016,15.378034591674805,15.71300983428955,16.209407806396484,16.71470832824707,17.220008850097656,17.716405868530273,18.051382064819336,18.810089111328125,3.066934585571289,8.258916854858398,10.763001441955566,14.688918113708496,18.854429244995117,23.019939422607422,26.94585418701172,29.449939727783203,34.64192199707031,1010.9169921875,1015.3607788085938,1017.2743530273438,1020.0650634765625,1022.8721923828125,1025.6793212890625,1028.4700927734375,1030.3836669921875,1034.827392578125
2026-10-01 23:00:00+00:00,2026-10-05 14:00:00+00:00,live,dwd_forecast,2026-10-01 23:41:42.383988+00:00,1c7a531768d8,08a2d293d425,14.657377243041992,15.418444633483887,15.755084037780762,16.254539489746094,16.763397216796875,17.272254943847656,17.771709442138672,18.108348846435547,18.869417190551758,2.9448633193969727,8.138345718383789,10.660730361938477,14.632991790771484,18.861360549926758,23.08972930908203,27.061988830566406,29.584373474121094,34.777854919433594,1010.9324340820312,1015.3670654296875,1017.2767333984375,1020.061767578125,1022.86328125,1025.664794921875,1028.4498291015625,1030.3594970703125,1034.794189453125
2026-10-01 23:00:00+00:00,2026-10-05 15:00:00+00:00,live,dwd_forecast,2026-10-01 23:41:42.383988+00:00,1c7a531768d8,08a2d293d425,14.698623657226562,15.461542129516602,15.798236846923828,16.297048568725586,16.804706573486328,17.31236457824707,17.811176300048828,18.147872924804688,18.910791397094727,2.8774919509887695,8.015459060668945,10.504417419433594,14.417556762695312,18.577991485595703,22.738426208496094,26.651565551757812,29.140522003173828,34.27849578857422,1010.8803100585938,1015.378173828125,1017.3051147460938,1020.1061401367188,1022.9168090820312,1025.7274169921875,1028.528564453125,1030.4554443359375,1034.953369140625
2026-10-01 23:00:00+00:00,2026-10-05 16:00:00+00:00,live,dwd_forecast,2026-10-01 23:41:42.383988+00:00,1c7a531768d8,08a2d293d425,14.654897689819336,15.432665824890137,15.7780179977417,16.291658401489258,16.81592559814453,17.340192794799805,17.85383415222168,18.199186325073242,18.97695541381836,2.86110782623291,7.826217174530029,10.234044075012207,14.02225399017334,18.051891326904297,22.081527709960938,25.869739532470703,28.27756118774414,33.24267578125,1011.0399780273438,1015.5357666015625,1017.4563598632812,1020.2431030273438,1023.03564453125,1025.8282470703125,1028.614990234375,1030.53564453125,1035.0313720703125
2026-10-01 23:00:00+00:00,2026-10-05 17:00:00+00:00,live,dwd_forecast,2026-10-01 23:41:42.383988+00:00,1c7a531768d8,08a2d293d425,14.632331848144531,15.419893264770508,15.76948070526123,16.28931427001953,16.8198184967041,17.350322723388672,17.870155334472656,18.219741821289062,19.007305145263672,2.6363019943237305,7.484104633331299,9.820581436157227,13.482111930847168,17.365856170654297,21.24959945678711,24.911128997802734,27.247604370117188,32.09541320800781,1011.1738891601562,1015.69580078125,1017.6171264648438,1020.395263671875,1023.1719360351562,1025.9486083984375,1028.726806640625,1030.648193359375,1035.1700439453125
2026-10-01 23:00:00+00:00,2026-10-05 18:00:00+00:00,live,dwd_forecast,2026-10-01 23:41:42.383988+00:00,1c7a531768d8,08a2d293d425,14.58045482635498,15.384655952453613,15.740326881408691,16.267974853515625,16.80552101135254,17.343067169189453,17.87071418762207,18.22638511657715,19.030588150024414,2.582754135131836,7.196781635284424,9.409699440002441,12.866788864135742,16.52532958984375,20.183868408203125,23.64095687866211,25.85387420654297,30.467906951904297,1011.3612060546875,1015.876953125,1017.78857421875,1020.5460205078125,1023.297119140625,1026.0482177734375,1028.8057861328125,1030.71728515625,1035.233154296875
2026-10-01 23:00:00+00:00,2026-10-05 19:00:00+00:00,live,dwd_forecast,2026-10-01 23:41:42.383988+00:00,1c7a531768d8,08a2d293d425,14.527213096618652,15.33792495727539,15.695402145385742,16.224712371826172,16.763185501098633,17.301660537719727,17.830970764160156,18.188447952270508,18.99915885925293,2.348827362060547,6.775079250335693,8.882230758666992,12.158564567565918,15.613858222961426,19.069150924682617,22.345481872558594,24.45263671875,28.878889083862305,1011.4033203125,1015.9615478515625,1017.8866577148438,1020.6594848632812,1023.4229125976562,1026.186279296875,1028.9591064453125,1030.88427734375,1035.4425048828125
2026-10-01 23:00:00+00:00,2026-10-05 20:00:00+00:00,live,dwd_forecast,2026-10-01 23:41:42.383988+00:00,1c7a531768d8,08a2d293d425,14.480537414550781,15.295682907104492,15.654435157775879,16.18499183654785,16.7242488861084,17.263505935668945,17.7940616607666,18.152814865112305,18.967960357666016,2.332286834716797,6.513612270355225,8.4858980178833,11.534561157226562,14.735956192016602,17.93735122680664,20.98601531982422,22.958297729492188,27.13962745666504,1011.4874267578125,1016.0919799804688,1018.02197265625,1020.7883911132812,1023.5353393554688,1026.2822265625,1029.0487060546875,1030.978759765625,1035.583251953125
2026-10-01 23:00:00+00:00,2026-10-05 21:00:00+00:00,live,dwd_forecast,2026-10-01 23:41:42.383988+00:00,1c7a531768d8,08a2d293d425,14.39604377746582,15.224552154541016,15.588403701782227,16.125762939453125,16.671375274658203,17.216989517211914,17.754348754882812,18.118200302124023,18.94670867919922,1.7689590454101562,5.906042098999023,7.828179359436035,10.770853996276855,13.839186668395996,16.907520294189453,19.850194931030273,21.77233123779297,25.90941619873047,1011.5200805664062,1016.1384887695312,1018.0722045898438,1020.8419189453125,1023.5906372070312,1026.33935546875,1029.109130859375,1031.0428466796875,1035.6612548828125
2026-10-01 23:00:00+00:00,2026-10-05 22:00:00+00:00,live,dwd_forecast,2026-10-01 23:41:42.383988+00:00,1c7a531768d8,08a2d293d425,14.338104248046875,15.160773277282715,15.522538185119629,16.05726432800293,16.600547790527344,17.143831253051758,17.678558349609375,18.040321350097656,18.862991333007812,1.4924440383911133,5.549222946166992,7.407836437225342,10.227957725524902,13.149250984191895,16.070545196533203,18.890666961669922,20.749279022216797,24.806060791015625,1011.4710693359375,1016.1436767578125,1018.0884399414062,1020.8634643554688,1023.6095581054688,1026.3555908203125,1029.130615234375,1031.075439453125,1035.748046875
2026-10-01 23:00:00+00:00,2026-10-05 23:00:00+00:00,live,dwd_forecast,2026-10-01 23:41:42.383988+00:00,1c7a531768d8,08a2d293d425,14.275514602661133,15.092101097106934,15.45201587677002,15.984790802001953,16.52667999267578,17.068571090698242,17.60134506225586,17.961259841918945,18.777847290039062,1.284012794494629,5.251714706420898,7.043454170227051,9.73716926574707,12.508610725402832,15.280051231384277,17.973766326904297,19.765506744384766,23.73320770263672,1011.6476440429688,1016.2642822265625,1018.1857299804688,1020.927490234375,1023.640625,1026.353759765625,1029.0955810546875,1031.01708984375,1035.6336669921875
