reference_time,target_time,kind,covariate_source,issued_at,model_id,code_version,wassertemp_q0.01,wassertemp_q0.05,wassertemp_q0.25,wassertemp_q0.5,wassertemp_q0.75,wassertemp_q0.95,wassertemp_q0.99,airtemp_96_q0.01,airtemp_96_q0.05,airtemp_96_q0.25,airtemp_96_q0.5,airtemp_96_q0.75,airtemp_96_q0.95,airtemp_96_q0.99,pressure_96_q0.01,pressure_96_q0.05,pressure_96_q0.25,pressure_96_q0.5,pressure_96_q0.75,pressure_96_q0.95,pressure_96_q0.99
2026-08-01 10:00:00+00:00,2026-08-01 11:00:00+00:00,live,dwd_forecast,2026-08-01 10:00:00+00:00,,legacy,20.861456,21.136534,21.443262,21.631414,21.819569,22.126297,22.401375,23.716429,25.069593,26.58884,27.524153,28.459465,29.978714,31.331879,1014.59375,1015.20886,1015.905,1016.3354,1016.76575,1017.46185,1018.07697
2026-08-01 10:00:00+00:00,2026-08-01 12:00:00+00:00,live,dwd_forecast,2026-08-01 10:00:00+00:00,,legacy,20.844528,21.19758,21.583368,21.817497,22.051628,22.437414,22.790466,23.33082,25.233435,27.222355,28.401205,29.580053,31.568975,33.47159,1013.63,1014.40027,1015.2648,1015.7969,1016.32904,1017.19354,1017.96375
2026-08-01 10:00:00+00:00,2026-08-01 13:00:00+00:00,live,dwd_forecast,2026-08-01 10:00:00+00:00,,legacy,20.756458,21.185034,21.655352,21.94143,22.227507,22.697824,23.1264,22.589508,25.035664,27.492447,28.917435,30.342422,32.799206,35.24536,1012.5104,1013.5033,1014.6068,1015.28253,1015.95825,1017.0617,1018.0546
2026-08-01 10:00:00+00:00,2026-08-01 14:00:00+00:00,live,dwd_forecast,2026-08-01 10:00:00+00:00,,legacy,20.639034,21.147718,21.702356,22.03857,22.374784,22.92942,23.438107,22.019285,24.591515,27.273516,28.86096,30.448404,33.130405,35.702637,1011.51245,1012.7337,1014.08514,1014.9109,1015.73663,1017.0881,1018.3094
2026-08-01 10:00:00+00:00,2026-08-01 15:00:00+00:00,live,dwd_forecast,2026-08-01 10:00:00+00:00,,legacy,20.54874,21.121742,21.749077,22.130186,22.511297,23.13863,23.711632,21.239658,23.88224,26.790697,28.562555,30.334414,33.24287,35.885456,1010.62787,1012.09766,1013.7079,1014.68646,1015.665,1017.2752,1018.745
2026-08-01 10:00:00+00:00,2026-08-01 16:00:00+00:00,live,dwd_forecast,2026-08-01 10:00:00+00:00,,legacy,20.443186,21.039696,21.71085,22.124504,22.538158,23.209312,23.805822,20.378428,23.01838,26.021732,27.883587,29.74544,32.748795,35.38875,1010.0562,1011.7173,1013.5256,1014.6208,1015.716,1017.5243,1019.1854
2026-08-01 10:00:00+00:00,2026-08-01 17:00:00+00:00,live,dwd_forecast,2026-08-01 10:00:00+00:00,,legacy,20.363485,20.968767,21.662346,22.093939,22.525532,23.21911,23.824392,19.720028,22.271559,25.270773,27.162067,29.053362,32.052574,34.60411,1009.596,1011.48486,1013.5256,1014.7566,1015.9877,1018.0284,1019.91724
2026-08-01 10:00:00+00:00,2026-08-01 18:00:00+00:00,live,dwd_forecast,2026-08-01 10:00:00+00:00,,legacy,20.152933,20.796564,21.532513,21.98996,22.447407,23.183357,23.826988,19.019049,21.469006,24.41047,26.285822,28.161175,31.102638,33.552597,1009.4374,1011.51666,1013.72565,1015.0463,1016.36694,1018.5759,1020.6553
2026-08-01 10:00:00+00:00,2026-08-01 19:00:00+00:00,live,dwd_forecast,2026-08-01 10:00:00+00:00,,legacy,19.935492,20.604456,21.370834,21.847673,22.32451,23.090889,23.759855,18.103277,20.537836,23.465464,25.333525,27.201586,30.129211,32.563774,1009.5829,1011.8155,1014.1648,1015.5622,1016.95953,1019.30884,1021.54144
2026-08-01 10:00:00+00:00,2026-08-01 20:00:00+00:00,live,dwd_forecast,2026-08-01 10:00:00+00:00,,legacy,19.676178,20.367939,21.168543,21.669333,22.170124,22.970726,23.662487,17.072449,19.499435,22.39485,24.234781,26.07471,28.970125,31.397114,1009.7076,1012.1015,1014.59265,1016.0655,1017.5384,1020.0295,1022.42346
2026-08-01 10:00:00+00:00,2026-08-01 21:00:00+00:00,live,dwd_forecast,2026-08-01 10:00:00+00:00,,legacy,19.399141,20.102869,20.918806,21.429674,21.94054,22.75648,23.460205,16.156055,18.54084,21.349913,23.123226,24.89654,27.705612,30.090399,1009.9198,1012.4318,1015.0433,1016.58655,1018.1298,1020.7413,1023.2533
2026-08-01 10:00:00+00:00,2026-08-01 22:00:00+00:00,live,dwd_forecast,2026-08-01 10:00:00+00:00,,legacy,19.078396,19.792885,20.62346,21.1442,21.66494,22.495516,23.210005,15.046917,17.45834,20.266922,22.029549,23.792173,26.600756,29.01218,1010.03766,1012.6434,1015.3531,1016.9547,1018.5563,1021.26605,1023.8717
2026-08-01 10:00:00+00:00,2026-08-01 23:00:00+00:00,live,dwd_forecast,2026-08-01 10:00:00+00:00,,legacy,18.80322,19.505165,20.33129,20.852575,21.373861,22.199987,22.901932,14.309649,16.716608,19.47158,21.184902,22.898226,25.653198,28.060158,1009.9831,1012.72296,1015.5862,1017.2829,1018.9796,1021.8428,1024.5826
2026-08-01 10:00:00+00:00,2026-08-02 00:00:00+00:00,live,dwd_forecast,2026-08-01 10:00:00+00:00,,legacy,18.520319,19.23589,20.06769,20.589186,21.110682,21.942482,22.658054,13.452775,15.885056,18.609652,20.285017,21.96038,24.684978,27.11726,1009.8753,1012.73773,1015.698,1017.4425,1019.187,1022.1473,1025.0096
2026-08-01 10:00:00+00:00,2026-08-02 01:00:00+00:00,live,dwd_forecast,2026-08-01 10:00:00+00:00,,legacy,18.373627,19.061295,19.864317,20.36897,20.873625,21.676647,22.364315,12.7718315,15.238153,17.948627,19.598587,21.248547,23.95902,26.425343,1009.7308,1012.71277,1015.7816,1017.58527,1019.3889,1022.45776,1025.4398
2026-08-01 10:00:00+00:00,2026-08-02 02:00:00+00:00,live,dwd_forecast,2026-08-01 10:00:00+00:00,,legacy,18.203238,18.8857,19.670195,20.159166,20.64814,21.432632,22.115097,12.081099,14.639576,17.4045,19.072666,20.740835,23.505756,26.064238,1009.61255,1012.69324,1015.86365,1017.727,1019.59033,1022.76074,1025.8414
2026-08-01 10:00:00+00:00,2026-08-02 03:00:00+00:00,live,dwd_forecast,2026-08-01 10:00:00+00:00,,legacy,18.067842,18.747656,19.517334,19.993273,20.46921,21.238888,21.918703,11.645165,14.277018,17.09182,18.780697,20.469574,23.284374,25.91623,1009.08746,1012.35876,1015.7376,1017.7274,1019.71716,1023.096,1026.3673
2026-08-01 10:00:00+00:00,2026-08-02 04:00:00+00:00,live,dwd_forecast,2026-08-01 10:00:00+00:00,,legacy,18.021902,18.690193,19.44972,19.92032,20.390923,21.150448,21.81874,11.599804,14.309488,17.222572,18.975254,20.727936,23.641022,26.350706,1008.58545,1012.07355,1015.6656,1017.7774,1019.8893,1023.48126,1026.9694
2026-08-01 10:00:00+00:00,2026-08-02 05:00:00+00:00,live,dwd_forecast,2026-08-01 10:00:00+00:00,,legacy,17.98659,18.672564,19.43889,19.909435,20.379978,21.146307,21.83228,12.050681,14.811195,17.804455,19.6136,21.422745,24.416006,27.176521,1008.06586,1011.76074,1015.5389,1017.7517,1019.96454,1023.7427,1027.4375
2026-08-01 10:00:00+00:00,2026-08-02 06:00:00+00:00,live,dwd_forecast,2026-08-01 10:00:00+00:00,,legacy,18.03859,18.73131,19.501247,19.97274,20.444233,21.21417,21.90689,12.552431,15.432112,18.64078,20.608284,22.575788,25.784456,28.66414,1007.54407,1011.4064,1015.34717,1017.6525,1019.9579,1023.8987,1027.761
2026-08-01 10:00:00+00:00,2026-08-02 07:00:00+00:00,live,dwd_forecast,2026-08-01 10:00:00+00:00,,legacy,18.156908,18.859886,19.632217,20.102285,20.572353,21.344685,22.047665,13.382311,16.327168,19.68362,21.7664,23.849176,27.20563,30.150486,1006.8769,1010.89514,1015.0108,1017.4235,1019.83624,1023.9519,1027.9702
2026-08-01 10:00:00+00:00,2026-08-02 08:00:00+00:00,live,dwd_forecast,2026-08-01 10:00:00+00:00,,legacy,18.285744,18.99617,19.773989,20.24653,20.719072,21.496893,22.207317,14.209969,17.322739,20.963278,23.252977,25.542677,29.183216,32.29599,1006.3605,1010.4836,1014.7253,1017.21783,1019.7103,1023.9521,1028.0752
2026-08-01 10:00:00+00:00,2026-08-02 09:00:00+00:00,live,dwd_forecast,2026-08-01 10:00:00+00:00,,legacy,18.380404,19.125431,19.936064,20.42691,20.917759,21.72839,22.47342,14.990205,18.30145,22.243464,24.745728,27.24799,31.190002,34.50125,1005.6878,1009.9301,1014.3176,1016.90326,1019.4889,1023.87646,1028.1188
2026-08-01 10:00:00+00:00,2026-08-02 10:00:00+00:00,live,dwd_forecast,2026-08-01 10:00:00+00:00,,legacy,18.429869,19.240396,20.11715,20.646389,21.175629,22.052383,22.86291,15.507368,19.076368,23.400433,26.170214,28.939995,33.264057,36.83306,1004.9505,1009.3176,1013.8414,1016.50946,1019.1776,1023.70135,1028.0685
2026-08-01 10:00:00+00:00,2026-08-02 11:00:00+00:00,live,dwd_forecast,2026-08-01 10:00:00+00:00,,legacy,18.556131,19.399332,20.321577,20.881556,21.441536,22.363781,23.206982,15.985536,19.762535,24.382832,27.357065,30.331299,34.9516,38.7286,1004.2501,1008.7015,1013.33527,1016.0755,1018.8158,1023.4495,1027.9009
2026-08-01 10:00:00+00:00,2026-08-02 12:00:00+00:00,live,dwd_forecast,2026-08-01 10:00:00+00:00,,legacy,18.735317,19.591978,20.531576,21.102943,21.674309,22.613909,23.47057,16.057386,20.041819,24.971746,28.163944,31.356142,36.286068,40.270508,1003.47107,1007.9696,1012.72455,1015.55963,1018.3948,1023.1497,1027.6482
2026-08-01 10:00:00+00:00,2026-08-02 13:00:00+00:00,live,dwd_forecast,2026-08-01 10:00:00+00:00,,legacy,18.80344,19.690136,20.672462,21.272982,21.8735,22.85583,23.742525,16.124582,20.213015,25.292439,28.588375,31.884312,36.963734,41.052166,1002.55273,1007.21893,1012.1037,1015.00116,1017.8986,1022.7834,1027.4496
2026-08-01 10:00:00+00:00,2026-08-02 14:00:00+00:00,live,dwd_forecast,2026-08-01 10:00:00+00:00,,legacy,18.910088,19.797947,20.794617,21.408157,22.021696,23.018368,23.906227,15.91605,20.020283,25.133263,28.455616,31.777971,36.890953,40.995186,1001.9101,1006.6257,1011.6214,1014.60364,1017.5859,1022.5816,1027.2972
2026-08-01 10:00:00+00:00,2026-08-02 15:00:00+00:00,live,dwd_forecast,2026-08-01 10:00:00+00:00,,legacy,18.946005,19.858967,20.887169,21.521204,22.155241,23.183441,24.096405,15.672275,19.724789,24.755272,28.01801,31.280746,36.311226,40.363747,1001.2108,1006.07074,1011.2149,1014.28424,1017.35364,1022.49774,1027.3578
2026-08-01 10:00:00+00:00,2026-08-02 16:00:00+00:00,live,dwd_forecast,2026-08-01 10:00:00+00:00,,legacy,18.914478,19.847738,20.911894,21.57238,22.232868,23.297024,24.230284,15.306838,19.266518,24.195303,27.396599,30.597897,35.52668,39.486362,1001.0237,1005.89905,1011.0659,1014.151,1017.236,1022.40295,1027.2783
2026-08-01 10:00:00+00:00,2026-08-02 17:00:00+00:00,live,dwd_forecast,2026-08-01 10:00:00+00:00,,legacy,18.96036,19.880713,20.933907,21.588816,22.243725,23.29692,24.217272,14.913393,18.765797,23.560438,26.6744,29.788364,34.583008,38.435413,1000.8566,1005.78894,1011.00415,1014.11426,1017.2243,1022.4395,1027.3718
2026-08-01 10:00:00+00:00,2026-08-02 18:00:00+00:00,live,dwd_forecast,2026-08-01 10:00:00+00:00,,legacy,18.912764,19.833511,20.890312,21.548494,22.206675,23.263475,24.184223,14.409015,18.201504,22.845985,25.83752,28.829058,33.473537,37.26603,1000.9218,1005.9521,1011.27356,1014.4479,1017.62225,1022.9437,1027.974
2026-08-01 10:00:00+00:00,2026-08-02 19:00:00+00:00,live,dwd_forecast,2026-08-01 10:00:00+00:00,,legacy,18.778557,19.71812,20.796223,21.467575,22.138927,23.217031,24.156595,13.992774,17.584547,21.984245,24.818462,27.652681,32.05238,35.64415,1001.28656,1006.3399,1011.69586,1014.894,1018.0921,1023.44806,1028.5015
2026-08-01 10:00:00+00:00,2026-08-02 20:00:00+00:00,live,dwd_forecast,2026-08-01 10:00:00+00:00,,legacy,18.711601,19.62741,20.68616,21.348047,22.009933,23.068684,23.984491,13.377913,16.817236,21.018927,23.721857,26.42479,30.626478,34.065804,1001.7663,1006.8149,1012.17914,1015.3865,1018.5938,1023.95807,1029.0066
2026-08-01 10:00:00+00:00,2026-08-02 21:00:00+00:00,live,dwd_forecast,2026-08-01 10:00:00+00:00,,legacy,18.541353,19.456627,20.512716,21.172274,21.831833,22.88792,23.803194,12.838261,16.135994,20.120285,22.668768,25.21725,29.201542,32.499275,1002.26483,1007.32874,1012.70575,1015.91956,1019.13336,1024.5104,1029.5742
2026-08-01 10:00:00+00:00,2026-08-02 22:00:00+00:00,live,dwd_forecast,2026-08-01 10:00:00+00:00,,legacy,18.348072,19.247562,20.286604,20.935896,21.585188,22.62423,23.52372,12.261098,15.44257,19.250713,21.674809,24.098904,27.907045,31.088518,1002.7967,1007.82025,1013.16394,1016.3609,1019.5578,1024.9015,1029.925
2026-08-01 10:00:00+00:00,2026-08-02 23:00:00+00:00,live,dwd_forecast,2026-08-01 10:00:00+00:00,,legacy,18.206335,19.087255,20.104408,20.73988,21.37535,22.392504,23.273426,11.750195,14.821684,18.451326,20.74649,23.041653,26.671295,29.742786,1002.8392,1007.9924,1013.44275,1016.69354,1019.9444,1025.3948,1030.548
2026-08-01 10:00:00+00:00,2026-08-03 00:00:00+00:00,live,dwd_forecast,2026-08-01 10:00:00+00:00,,legacy,17.973494,18.856129,19.870787,20.50324,21.135695,22.150352,23.032988,11.162023,14.260096,17.851105,20.099129,22.347153,25.938162,29.036236,1002.9445,1008.1586,1013.6679,1016.95215,1020.2363,1025.7456,1030.9598
2026-08-01 10:00:00+00:00,2026-08-03 01:00:00+00:00,live,dwd_forecast,2026-08-01 10:00:00+00:00,,legacy,17.82967,18.698967,19.691883,20.308708,20.925533,21.91845,22.787746,10.593294,13.72301,17.29253,19.508287,21.724047,25.293564,28.423285,1002.8403,1008.1301,1013.7117,1017.03644,1020.3612,1025.9427,1031.2325
2026-08-01 10:00:00+00:00,2026-08-03 02:00:00+00:00,live,dwd_forecast,2026-08-01 10:00:00+00:00,,legacy,17.712227,18.56906,19.546316,20.152948,20.759583,21.73684,22.593672,10.066425,13.213584,16.800093,19.025457,21.250822,24.83733,27.984493,1002.7758,1008.1275,1013.74316,1017.0784,1020.41376,1026.0294,1031.3811
2026-08-01 10:00:00+00:00,2026-08-03 03:00:00+00:00,live,dwd_forecast,2026-08-01 10:00:00+00:00,,legacy,17.647032,18.493517,19.447977,20.036907,20.62584,21.5803,22.426785,10.013486,13.123774,16.665264,18.861721,21.058178,24.59967,27.709959,1002.4614,1007.9287,1013.6491,1017.04126,1020.4334,1026.1538,1031.6211
2026-08-01 10:00:00+00:00,2026-08-03 04:00:00+00:00,live,dwd_forecast,2026-08-01 10:00:00+00:00,,legacy,17.622723,18.458914,19.401663,19.98333,20.564999,21.507746,22.343939,10.044873,13.17696,16.765446,18.998281,21.23112,24.819603,27.951693,1002.2667,1007.7978,1013.60175,1017.04877,1020.49585,1026.2998,1031.8308
2026-08-01 10:00:00+00:00,2026-08-03 05:00:00+00:00,live,dwd_forecast,2026-08-01 10:00:00+00:00,,legacy,17.664518,18.50504,19.444944,20.022367,20.599792,21.539698,22.380219,10.2714,13.46311,17.169392,19.491777,21.814163,25.520443,28.712158,1002.0293,1007.62384,1013.48083,1016.95514,1020.4294,1026.2864,1031.881
2026-08-01 10:00:00+00:00,2026-08-03 06:00:00+00:00,live,dwd_forecast,2026-08-01 10:00:00+00:00,,legacy,17.74755,18.593262,19.536627,20.115417,20.69421,21.637575,22.483288,10.561854,13.925343,17.891258,20.396177,22.901098,26.867012,30.2305,1001.7623,1007.34155,1013.25183,1016.77997,1020.3081,1026.2185,1031.7976
2026-08-01 10:00:00+00:00,2026-08-03 07:00:00+00:00,live,dwd_forecast,2026-08-01 10:00:00+00:00,,legacy,17.918533,18.751606,19.685963,20.26088,20.835798,21.770155,22.603228,10.990973,14.527061,18.75884,21.452335,24.145828,28.377607,31.913698,1001.2732,1007.004,1013.02655,1016.60626,1020.186,1026.2085,1031.9393
2026-08-01 10:00:00+00:00,2026-08-03 08:00:00+00:00,live,dwd_forecast,2026-08-01 10:00:00+00:00,,legacy,18.106457,18.945808,19.888138,20.468258,21.048378,21.990705,22.83006,11.532183,15.346505,19.944136,22.881363,25.818592,30.416222,34.23055,1000.83777,1006.59875,1012.7142,1016.3687,1020.0233,1026.1387,1031.8997
2026-08-01 10:00:00+00:00,2026-08-03 09:00:00+00:00,live,dwd_forecast,2026-08-01 10:00:00+00:00,,legacy,18.251017,19.128412,20.112558,20.718134,21.32371,22.307856,23.185251,11.930942,16.020836,21.02341,24.243572,27.463734,32.466305,36.556202,1000.3034,1006.1304,1012.30743,1015.9962,1019.68494,1025.862,1031.689
2026-08-01 10:00:00+00:00,2026-08-03 10:00:00+00:00,live,dwd_forecast,2026-08-01 10:00:00+00:00,,legacy,18.430407,19.325214,20.334217,20.956821,21.579426,22.588428,23.483238,12.5362625,16.863829,22.215965,25.680773,29.14558,34.49772,38.825287,999.76,1005.6596,1011.94666,1015.7117,1019.4767,1025.7637,1031.6633
2026-08-01 10:00:00+00:00,2026-08-03 11:00:00+00:00,live,dwd_forecast,2026-08-01 10:00:00+00:00,,legacy,18.575163,19.507845,20.566332,21.221678,21.877024,22.93551,23.868193,12.643863,17.261265,23.02877,26.781498,30.534224,36.30173,40.91913,998.9819,1004.97485,1011.3621,1015.1874,1019.01263,1025.3999,1031.3928
2026-08-01 10:00:00+00:00,2026-08-03 12:00:00+00:00,live,dwd_forecast,2026-08-01 10:00:00+00:00,,legacy,18.70821,19.682518,20.788328,21.473,22.15767,23.26348,24.237787,12.925253,17.70457,23.689352,27.58846,31.487572,37.47235,42.25167,998.334,1004.36975,1010.87256,1014.78955,1018.70654,1025.2094,1031.2451
2026-08-01 10:00:00+00:00,2026-08-03 13:00:00+00:00,live,dwd_forecast,2026-08-01 10:00:00+00:00,,legacy,18.876688,19.866964,20.994,21.692822,22.391644,23.518677,24.508957,12.955123,17.873652,24.048325,28.076344,32.104362,38.279034,43.19757,997.4135,1003.55743,1010.1999,1014.20844,1018.2169,1024.8594,1031.0033
2026-08-01 10:00:00+00:00,2026-08-03 14:00:00+00:00,live,dwd_forecast,2026-08-01 10:00:00+00:00,,legacy,18.998344,20.015558,21.175262,21.894997,22.614729,23.774435,24.791649,12.891096,17.832035,24.049103,28.10954,32.169983,38.387047,43.327988,996.6631,1002.89954,1009.6741,1013.77264,1017.87115,1024.6458,1030.8822
2026-08-01 10:00:00+00:00,2026-08-03 15:00:00+00:00,live,dwd_forecast,2026-08-01 10:00:00+00:00,,legacy,19.031145,20.084784,21.287338,22.034096,22.780855,23.98341,25.037048,12.88261,17.712767,23.784277,27.747608,31.710941,37.78245,42.61261,996.18964,1002.52466,1009.3636,1013.4874,1017.6112,1024.4502,1030.7853
2026-08-01 10:00:00+00:00,2026-08-03 16:00:00+00:00,live,dwd_forecast,2026-08-01 10:00:00+00:00,,legacy,19.113398,20.174742,21.394333,22.154364,22.914394,24.133986,25.195328,12.643775,17.35617,23.263365,27.11401,30.964655,36.87185,41.584244,995.9341,1002.2245,1009.09204,1013.25793,1017.42377,1024.2914,1030.5818
2026-08-01 10:00:00+00:00,2026-08-03 17:00:00+00:00,live,dwd_forecast,2026-08-01 10:00:00+00:00,,legacy,19.135834,20.20172,21.428942,22.194513,22.960085,24.187305,25.253193,12.447292,16.99422,22.662445,26.346825,30.031204,35.699425,40.24636,995.84143,1002.19354,1009.12897,1013.3362,1017.54333,1024.4788,1030.8309
2026-08-01 10:00:00+00:00,2026-08-03 18:00:00+00:00,live,dwd_forecast,2026-08-01 10:00:00+00:00,,legacy,19.110506,20.182856,21.416468,22.185682,22.954897,24.188509,25.260859,12.145337,16.514782,21.975788,25.530148,29.084507,34.54551,38.914963,995.9943,1002.37427,1009.3026,1013.4936,1017.6845,1024.6129,1030.9928
2026-08-01 10:00:00+00:00,2026-08-03 19:00:00+00:00,live,dwd_forecast,2026-08-01 10:00:00+00:00,,legacy,19.078674,20.149605,21.39424,22.17448,22.954723,24.199356,25.270287,11.867642,16.024965,21.197832,24.557014,27.916199,33.089066,37.24639,996.3915,1002.8122,1009.8295,1014.08875,1018.34796,1025.3654,1031.786
2026-08-01 10:00:00+00:00,2026-08-03 20:00:00+00:00,live,dwd_forecast,2026-08-01 10:00:00+00:00,,legacy,19.0039,20.070278,21.306702,22.08084,22.854979,24.0914,25.15778,11.652205,15.555206,20.398361,23.539032,26.679703,31.522858,35.425858,996.7921,1003.22076,1010.2379,1014.4942,1018.7504,1025.7676,1032.1963
2026-08-01 10:00:00+00:00,2026-08-03 21:00:00+00:00,live,dwd_forecast,2026-08-01 10:00:00+00:00,,legacy,18.894093,19.932892,21.144482,21.905413,22.666346,23.877935,24.916735,11.20371,14.900648,19.469912,22.426937,25.383965,29.953228,33.65017,997.1102,1003.6673,1010.78314,1015.08594,1019.38873,1026.5046,1033.0616
2026-08-01 10:00:00+00:00,2026-08-03 22:00:00+00:00,live,dwd_forecast,2026-08-01 10:00:00+00:00,,legacy,18.695972,19.738705,20.950983,21.711075,22.471169,23.683445,24.72618,10.734225,14.278218,18.622475,21.421995,24.221516,28.565771,32.109768,997.8353,1004.3011,1011.31525,1015.5557,1019.79614,1026.8103,1033.2761
2026-08-01 10:00:00+00:00,2026-08-03 23:00:00+00:00,live,dwd_forecast,2026-08-01 10:00:00+00:00,,legacy,18.56385,19.590702,20.77626,21.516912,22.257565,23.443121,24.469975,10.462326,13.847248,17.953321,20.585136,23.21695,27.32302,30.707947,998.1925,1004.6503,1011.67365,1015.92535,1020.177,1027.2003,1033.6582
2026-08-01 10:00:00+00:00,2026-08-04 00:00:00+00:00,live,dwd_forecast,2026-08-01 10:00:00+00:00,,legacy,18.309395,19.35602,20.558485,21.307774,22.057064,23.25953,24.306152,9.757524,13.141215,17.18637,19.759686,22.333,26.378157,29.76185,998.4612,1004.96497,1011.9828,1016.21344,1020.44415,1027.4619,1033.9657
2026-08-01 10:00:00+00:00,2026-08-04 01:00:00+00:00,live,dwd_forecast,2026-08-01 10:00:00+00:00,,legacy,18.240095,19.249498,20.412949,21.13915,21.865353,23.028805,24.038206,9.306306,12.609816,16.561876,19.076878,21.591879,25.543938,28.847448,998.572,1005.0416,1012.0601,1016.3032,1020.5463,1027.5648,1034.0344
2026-08-01 10:00:00+00:00,2026-08-04 02:00:00+00:00,live,dwd_forecast,2026-08-01 10:00:00+00:00,,legacy,18.153889,19.149324,20.282831,20.985863,21.688894,22.822401,23.817837,8.89929,12.212501,16.143631,18.63465,21.125668,25.056797,28.37001,998.4054,1004.9658,1012.0746,1016.3696,1020.6646,1027.7733,1034.3337
2026-08-01 10:00:00+00:00,2026-08-04 03:00:00+00:00,live,dwd_forecast,2026-08-01 10:00:00+00:00,,legacy,18.026672,19.035046,20.18176,20.892487,21.603212,22.749928,23.7583,8.678941,12.028539,16.005005,18.52546,21.045916,25.02238,28.371983,998.4269,1004.949,1012.05566,1016.3622,1020.66876,1027.7754,1034.2975
2026-08-01 10:00:00+00:00,2026-08-04 04:00:00+00:00,live,dwd_forecast,2026-08-01 10:00:00+00:00,,legacy,17.998188,19.006956,20.15088,20.858826,21.566772,22.710697,23.719465,8.425874,11.931853,16.09232,18.72886,21.365404,25.52587,29.031853,998.54443,1005.0643,1012.14087,1016.4202,1020.6996,1027.7761,1034.296
2026-08-01 10:00:00+00:00,2026-08-04 05:00:00+00:00,live,dwd_forecast,2026-08-01 10:00:00+00:00,,legacy,18.078598,19.070873,20.187065,20.874931,21.562796,22.678988,23.671263,8.624404,12.240204,16.572994,19.332632,22.092272,26.42506,30.040863,998.31384,1004.93353,1012.1135,1016.45386,1020.7942,1027.9741,1034.5939
2026-08-01 10:00:00+00:00,2026-08-04 06:00:00+00:00,live,dwd_forecast,2026-08-01 10:00:00+00:00,,legacy,18.131193,19.128452,20.246656,20.934597,21.62254,22.740742,23.738003,8.917019,12.74629,17.348917,20.28505,23.221182,27.823807,31.653084,998.48334,1004.9985,1012.08276,1016.3709,1020.6591,1027.7434,1034.2585
2026-08-01 10:00:00+00:00,2026-08-04 07:00:00+00:00,live,dwd_forecast,2026-08-01 10:00:00+00:00,,legacy,18.207191,19.23685,20.385075,21.089449,21.793823,22.942049,23.971708,9.515701,13.497865,18.336815,21.44114,24.545464,29.38441,33.366585,998.1943,1004.7904,1011.926,1016.2336,1020.5411,1027.6768,1034.2728
2026-08-01 10:00:00+00:00,2026-08-04 08:00:00+00:00,live,dwd_forecast,2026-08-01 10:00:00+00:00,,legacy,18.407578,19.437407,20.589045,21.296555,22.004066,23.155704,24.185534,10.027696,14.31646,19.552422,22.919563,26.286701,31.522663,35.811424,997.86206,1004.5011,1011.7036,1016.0581,1020.41254,1027.615,1034.2542
2026-08-01 10:00:00+00:00,2026-08-04 09:00:00+00:00,live,dwd_forecast,2026-08-01 10:00:00+00:00,,legacy,18.603306,19.63839,20.799011,21.513048,22.227085,23.387705,24.42279,10.672673,15.141291,20.682686,24.27494,27.867195,33.408592,37.877213,997.64746,1004.3121,1011.47876,1015.79126,1020.10376,1027.2704,1033.935
2026-08-01 10:00:00+00:00,2026-08-04 10:00:00+00:00,live,dwd_forecast,2026-08-01 10:00:00+00:00,,legacy,18.787888,19.844128,21.027143,21.754528,22.481915,23.664928,24.72117,11.229904,15.954668,21.821728,25.627768,29.433807,35.300865,40.025635,997.533,1004.1101,1011.2224,1015.51495,1019.8075,1026.9198,1033.497
2026-08-01 10:00:00+00:00,2026-08-04 11:00:00+00:00,live,dwd_forecast,2026-08-01 10:00:00+00:00,,legacy,19.031422,20.093534,21.292133,22.032032,22.771933,23.970531,25.032644,11.642362,16.57061,22.738846,26.756477,30.774107,36.94234,41.87059,996.8908,1003.50684,1010.67737,1015.0102,1019.34296,1026.5134,1033.1295
2026-08-01 10:00:00+00:00,2026-08-04 12:00:00+00:00,live,dwd_forecast,2026-08-01 10:00:00+00:00,,legacy,19.21456,20.291008,21.51718,22.277817,23.038454,24.264626,25.341076,11.899068,17.039518,23.49218,27.701345,31.910513,38.36317,43.503624,996.15283,1002.96094,1010.24756,1014.6212,1018.9949,1026.2815,1033.0896
2026-08-01 10:00:00+00:00,2026-08-04 13:00:00+00:00,live,dwd_forecast,2026-08-01 10:00:00+00:00,,legacy,19.357609,20.459528,21.715643,22.49516,23.274675,24.53079,25.63271,11.980973,17.24146,23.849014,28.160637,32.47226,39.07981,44.3403,995.891,1002.61536,1009.7898,1014.0889,1018.38806,1025.5625,1032.2869
2026-08-01 10:00:00+00:00,2026-08-04 14:00:00+00:00,live,dwd_forecast,2026-08-01 10:00:00+00:00,,legacy,19.489916,20.610285,21.891853,22.688608,23.485363,24.766932,25.8873,11.96766,17.240688,23.86155,28.181042,32.500534,39.121395,44.394424,995.73425,1002.34644,1009.4833,1013.7863,1018.0894,1025.2263,1031.8385
2026-08-01 10:00:00+00:00,2026-08-04 15:00:00+00:00,live,dwd_forecast,2026-08-01 10:00:00+00:00,,legacy,19.560085,20.698462,22.016586,22.841303,23.666018,24.984142,26.12252,11.696086,16.931692,23.511927,27.807024,32.10212,38.68235,43.91797,995.2916,1002.00745,1009.19257,1013.5044,1017.8163,1025.0013,1031.7172
2026-08-01 10:00:00+00:00,2026-08-04 16:00:00+00:00,live,dwd_forecast,2026-08-01 10:00:00+00:00,,legacy,19.566744,20.735855,22.085148,22.927923,23.770699,25.119991,26.289104,11.53012,16.597298,22.95817,27.107523,31.256874,37.61774,42.68493,995.35535,1002.021,1009.1531,1013.4332,1017.71344,1024.8455,1031.5112
2026-08-01 10:00:00+00:00,2026-08-04 17:00:00+00:00,live,dwd_forecast,2026-08-01 10:00:00+00:00,,legacy,19.56456,20.74619,22.117483,22.976473,23.83546,25.206757,26.388386,11.274917,16.162598,22.298626,26.301462,30.304298,36.440327,41.32801,995.4132,1002.0279,1009.15857,1013.455,1017.7515,1024.8822,1031.4968
2026-08-01 10:00:00+00:00,2026-08-04 18:00:00+00:00,live,dwd_forecast,2026-08-01 10:00:00+00:00,,legacy,19.538017,20.730503,22.1114,22.975428,23.839455,25.22035,26.412838,10.981848,15.720842,21.639166,25.489672,29.340178,35.2585,39.997498,995.52576,1002.2342,1009.42017,1013.73535,1018.0506,1025.2366,1031.945
2026-08-01 10:00:00+00:00,2026-08-04 19:00:00+00:00,live,dwd_forecast,2026-08-01 10:00:00+00:00,,legacy,19.434317,20.642517,22.045177,22.923986,23.802795,25.205456,26.413656,10.811326,15.27836,20.868296,24.508888,28.149483,33.739414,38.20646,996.08765,1002.7725,1009.90643,1014.18176,1018.4571,1025.591,1032.2759
2026-08-01 10:00:00+00:00,2026-08-04 20:00:00+00:00,live,dwd_forecast,2026-08-01 10:00:00+00:00,,legacy,19.385485,20.574184,21.95827,22.826773,23.695276,25.079361,26.268063,10.42624,14.698312,19.99205,23.422455,26.852858,32.1466,36.41867,996.3936,1003.22516,1010.41315,1014.68835,1018.9636,1026.1516,1032.9832
2026-08-01 10:00:00+00:00,2026-08-04 21:00:00+00:00,live,dwd_forecast,2026-08-01 10:00:00+00:00,,legacy,19.257454,20.437262,21.80429,22.659906,23.515522,24.88255,26.062359,10.0274725,14.096457,19.116272,22.361792,25.607311,30.627125,34.69611,997.0205,1003.75134,1010.9237,1015.21875,1019.51373,1026.6862,1033.417
2026-08-01 10:00:00+00:00,2026-08-04 22:00:00+00:00,live,dwd_forecast,2026-08-01 10:00:00+00:00,,legacy,19.123539,20.279102,21.618038,22.45607,23.294104,24.63304,25.788603,9.600895,13.508099,18.288963,21.36699,24.445017,29.22588,33.133087,997.4405,1004.156,1011.2975,1015.56934,1019.8411,1026.9827,1033.6981
2026-08-01 10:00:00+00:00,2026-08-04 23:00:00+00:00,live,dwd_forecast,2026-08-01 10:00:00+00:00,,legacy,18.87095,20.04891,21.401041,22.243193,23.085346,24.437477,25.615435,9.361955,13.100066,17.621603,20.515438,23.409275,27.93081,31.668922,997.755,1004.47406,1011.6674,1015.9858,1020.30414,1027.4976,1034.2166
2026-08-01 10:00:00+00:00,2026-08-05 00:00:00+00:00,live,dwd_forecast,2026-08-01 10:00:00+00:00,,legacy,18.689413,19.863201,21.193073,22.015717,22.838358,24.16823,25.34202,8.836871,12.506767,16.8941,19.685097,22.476091,26.863424,30.533323,997.9921,1004.73376,1011.89703,1016.18005,1020.46313,1027.6265,1034.368
2026-08-01 10:00:00+00:00,2026-08-05 01:00:00+00:00,live,dwd_forecast,2026-08-01 10:00:00+00:00,,legacy,18.455795,19.63797,20.969435,21.7905,22.611568,23.943033,25.125208,8.334262,11.950557,16.259623,18.996164,21.732704,26.04177,29.658066,998.2447,1004.93744,1012.0659,1016.3336,1020.60126,1027.7297,1034.4225
2026-08-01 10:00:00+00:00,2026-08-05 02:00:00+00:00,live,dwd_forecast,2026-08-01 10:00:00+00:00,,legacy,18.358437,19.527466,20.82818,21.625156,22.42213,23.722847,24.891874,7.909049,11.514225,15.767092,18.453905,21.140718,25.393583,28.99876,998.354,1005.08795,1012.2237,1016.484,1020.7443,1027.8801,1034.614
2026-08-01 10:00:00+00:00,2026-08-05 03:00:00+00:00,live,dwd_forecast,2026-08-01 10:00:00+00:00,,legacy,18.22656,19.390875,20.693844,21.494635,22.295424,23.598394,24.762709,7.6377363,11.265274,15.556334,18.271158,20.985983,25.27704,28.904581,998.4214,1005.1177,1012.22205,1016.4664,1020.71075,1027.8152,1034.5115
2026-08-01 10:00:00+00:00,2026-08-05 04:00:00+00:00,live,dwd_forecast,2026-08-01 10:00:00+00:00,,legacy,18.19429,19.354578,20.646524,21.438437,22.230347,23.522293,24.682583,7.4265776,11.18552,15.615302,18.412415,21.209526,25.639307,29.398254,998.4663,1005.1291,1012.23444,1016.491,1020.7477,1027.853,1034.5157
2026-08-01 10:00:00+00:00,2026-08-05 05:00:00+00:00,live,dwd_forecast,2026-08-01 10:00:00+00:00,,legacy,18.118757,19.31463,20.638138,21.446796,22.255455,23.578962,24.774836,7.4197807,11.310914,15.932358,18.862328,21.792297,26.413738,30.304874,998.6985,1005.2957,1012.28973,1016.4665,1020.64325,1027.6373,1034.2346
2026-08-01 10:00:00+00:00,2026-08-05 06:00:00+00:00,live,dwd_forecast,2026-08-01 10:00:00+00:00,,legacy,18.042225,19.27269,20.641352,21.479826,22.318298,23.68696,24.917427,7.7876024,11.805211,16.623514,19.69371,22.763906,27.582209,31.59982,998.4249,1005.14246,1012.208,1016.4097,1020.61145,1027.677,1034.3945
2026-08-01 10:00:00+00:00,2026-08-05 07:00:00+00:00,live,dwd_forecast,2026-08-01 10:00:00+00:00,,legacy,18.05275,19.307611,20.714102,21.579224,22.444344,23.850836,25.105698,8.185504,12.432114,17.575354,20.869267,24.16318,29.30642,33.553032,998.2714,1004.994,1012.0943,1016.326,1020.5577,1027.658,1034.3806
2026-08-01 10:00:00+00:00,2026-08-05 08:00:00+00:00,live,dwd_forecast,2026-08-01 10:00:00+00:00,,legacy,18.042494,19.352745,20.823017,21.72792,22.632824,24.103096,25.41335,8.606014,13.149581,18.687178,22.245165,25.803152,31.340744,35.884315,998.0179,1004.7396,1011.88214,1016.15283,1020.4236,1027.566,1034.2878
2026-08-01 10:00:00+00:00,2026-08-05 09:00:00+00:00,live,dwd_forecast,2026-08-01 10:00:00+00:00,,legacy,18.203995,19.508106,20.99054,21.90915,22.82776,24.310194,25.614307,9.176758,13.999829,19.91418,23.726236,27.538292,33.452644,38.27572,997.8391,1004.5653,1011.66223,1015.8896,1020.117,1027.2139,1033.9401
2026-08-01 10:00:00+00:00,2026-08-05 10:00:00+00:00,live,dwd_forecast,2026-08-01 10:00:00+00:00,,legacy,18.39587,19.698484,21.193476,22.124529,23.055582,24.550571,25.853188,9.672933,14.7417145,21.051016,25.148949,29.246883,35.556183,40.62497,997.45807,1004.16907,1011.2288,1015.4273,1019.62585,1026.6855,1033.3966
2026-08-04 10:00:00+00:00,2026-08-04 11:00:00+00:00,live,dwd_forecast,,1c7a531768d8,f2ba5955d456,21.705175399780277,21.99771499633789,22.301847457885746,22.481576919555664,22.66130828857422,22.96544075012207,23.25797843933105,22.10700416564941,23.31263732910156,24.67604637145996,25.51861000061035,26.361173629760746,27.72458267211914,28.93021774291992,1013.7234497070312,1014.2819213867188,1014.908447265625,1015.2940063476562,1015.6795654296876,1016.3060913085938,1016.8646240234376
2026-08-04 10:00:00+00:00,2026-08-04 12:00:00+00:00,live,dwd_forecast,,1c7a531768d8,f2ba5955d456,21.70523452758789,22.086565017700195,22.484352111816406,22.71985626220703,22.955360412597656,23.353147506713867,23.73447608947754,21.90100479125977,23.60155296325684,25.388845443725582,26.45125389099121,27.51366233825684,29.300954818725582,31.001502990722656,1012.712158203125,1013.4194946289062,1014.2042846679688,1014.6845092773438,1015.1646728515624,1015.9495239257812,1016.6568603515624
2026-08-04 10:00:00+00:00,2026-08-04 13:00:00+00:00,live,dwd_forecast,,1c7a531768d8,f2ba5955d456,21.64347076416016,22.115516662597656,22.61326026916504,22.909645080566406,23.206031799316406,23.70377540588379,24.17582130432129,21.37324523925781,23.575035095214844,25.773706436157227,27.04499626159668,28.316286087036133,30.51495742797852,32.71675109863281,1011.5813598632812,1012.4905395507812,1013.4901123046876,1014.0987548828124,1014.7073974609376,1015.7069702148438,1016.6162109375
2026-08-04 10:00:00+00:00,2026-08-04 14:00:00+00:00,live,dwd_forecast,,1c7a531768d8,f2ba5955d456,21.64095115661621,22.16166305541992,22.72284698486328,23.06093406677246,23.39902114868164,23.960205078125,24.48091697692871,20.927000045776367,23.260963439941406,25.663143157958984,27.07505798339844,28.486970901489254,30.88915252685547,33.223114013671875,1010.5625,1011.6758422851562,1012.8901977539062,1013.62646484375,1014.3627319335938,1015.5770874023438,1016.6904296875
2026-08-04 10:00:00+00:00,2026-08-04 15:00:00+00:00,live,dwd_forecast,,1c7a531768d8,f2ba5955d456,21.60888671875,22.177982330322266,22.799034118652344,23.17568016052246,23.55232810974121,24.173377990722656,24.742475509643555,20.267187118530277,22.678152084350582,25.286853790283203,26.86179542541504,28.43673515319824,31.04543685913086,33.45640182495117,1009.7180786132812,1011.0240478515624,1012.4398193359376,1013.29541015625,1014.1510009765624,1015.5667724609376,1016.8727416992188
2026-08-04 10:00:00+00:00,2026-08-04 16:00:00+00:00,live,dwd_forecast,,1c7a531768d8,f2ba5955d456,21.582151412963867,22.173999786376957,22.82728385925293,23.22588157653809,23.62447738647461,24.27776336669922,24.869611740112305,19.505788803100582,21.931102752685547,24.632234573364254,26.28811836242676,27.944002151489254,30.64513397216797,33.07044982910156,1009.0874633789062,1010.5595092773438,1012.1327514648438,1013.0763549804688,1014.0198974609376,1015.5931396484376,1017.065185546875
2026-08-04 10:00:00+00:00,2026-08-04 17:00:00+00:00,live,dwd_forecast,,1c7a531768d8,f2ba5955d456,21.578229904174805,22.170862197875977,22.834402084350582,23.24231338500977,23.650224685668945,24.313766479492188,24.90639877319336,18.91192626953125,21.22402000427246,23.891305923461918,25.55693626403809,27.222566604614254,29.88985252380371,32.20194625854492,1008.7335205078124,1010.356201171875,1012.0805053710938,1013.1115112304688,1014.142578125,1015.8668823242188,1017.489501953125
2026-08-04 10:00:00+00:00,2026-08-04 18:00:00+00:00,live,dwd_forecast,,1c7a531768d8,f2ba5955d456,21.468242645263672,22.07676887512207,22.767955780029297,23.19607925415039,23.62420463562012,24.315391540527344,24.923917770385746,18.2226505279541,20.427040100097656,23.01930809020996,24.65433883666992,26.289369583129883,28.881635665893555,31.08602905273437,1008.6861572265624,1010.444091796875,1012.2622680664062,1013.3336791992188,1014.4051513671876,1016.2233276367188,1017.9812622070312
2026-08-04 10:00:00+00:00,2026-08-04 19:00:00+00:00,live,dwd_forecast,,1c7a531768d8,f2ba5955d456,21.325973510742188,21.94731330871582,22.6550407409668,23.094057083129883,23.53307342529297,24.240800857543945,24.86214256286621,17.26982307434082,19.44810676574707,22.00710868835449,23.62031936645508,25.233531951904297,27.79253387451172,29.9708194732666,1008.9010620117188,1010.783447265625,1012.69677734375,1013.8138427734376,1014.930908203125,1016.84423828125,1018.7266235351562
2026-08-04 10:00:00+00:00,2026-08-04 20:00:00+00:00,live,dwd_forecast,,1c7a531768d8,f2ba5955d456,21.120750427246094,21.7645206451416,22.501361846923828,22.9596004486084,23.4178409576416,24.154682159423828,24.798452377319336,16.267667770385742,18.434307098388672,20.95056915283203,22.52738380432129,24.104198455810547,26.620460510253903,28.7871036529541,1009.1892700195312,1011.1869506835938,1013.1934814453124,1014.357421875,1015.5213012695312,1017.52783203125,1019.5255126953124
2026-08-04 10:00:00+00:00,2026-08-04 21:00:00+00:00,live,dwd_forecast,,1c7a531768d8,f2ba5955d456,20.92845344543457,21.565784454345703,22.29930877685547,22.756807327270508,23.21430778503418,23.947830200195312,24.58516311645508,15.323732376098633,17.44864273071289,19.870885848999023,21.374067306518555,22.87725067138672,25.29949378967285,27.42440414428711,1009.6375122070312,1011.6889038085938,1013.7506713867188,1014.9469604492188,1016.143310546875,1018.205078125,1020.2564086914062
2026-08-04 10:00:00+00:00,2026-08-04 22:00:00+00:00,live,dwd_forecast,,1c7a531768d8,f2ba5955d456,20.664640426635746,21.31159400939941,22.057823181152344,22.523778915405277,22.98973655700684,23.73596572875977,24.38291931152344,14.316457748413086,16.452014923095703,18.84014129638672,20.307287216186523,21.77443122863769,24.16255760192871,26.29811668395996,1009.8531494140624,1012.0169677734376,1014.1722412109376,1015.416748046875,1016.6611938476562,1018.8164672851562,1020.9802856445312
2026-08-04 10:00:00+00:00,2026-08-04 23:00:00+00:00,live,dwd_forecast,,1c7a531768d8,f2ba5955d456,20.4122371673584,21.06137466430664,21.813859939575195,22.284948348999023,22.75603485107422,23.508522033691406,24.15765953063965,13.543261528015137,15.714820861816406,18.07172966003418,19.496984481811523,20.922239303588867,23.27914810180664,25.45071029663086,1009.97509765625,1012.2110595703124,1014.4517822265624,1015.7499389648438,1017.0480346679688,1019.2887573242188,1021.5247802734376
2026-08-04 10:00:00+00:00,2026-08-05 00:00:00+00:00,live,dwd_forecast,,1c7a531768d8,f2ba5955d456,20.190771102905277,20.84727478027344,21.6061954498291,22.080623626708984,22.5550537109375,23.313974380493164,23.970478057861328,12.72171401977539,14.944401741027832,17.282522201538086,18.67301177978516,20.063499450683597,22.40161895751953,24.62430953979492,1009.971435546875,1012.3203735351562,1014.6438598632812,1015.9804077148438,1017.3170166015624,1019.6405029296876,1021.9894409179688
2026-08-04 10:00:00+00:00,2026-08-05 01:00:00+00:00,live,dwd_forecast,,1c7a531768d8,f2ba5955d456,19.983470916748047,20.65073585510254,21.41808319091797,21.896472930908203,22.37486267089844,23.142208099365234,23.80947494506836,12.099272727966309,14.388169288635254,16.73125648498535,18.104419708251957,19.477582931518555,21.820669174194336,24.109567642211918,1009.8621826171876,1012.32421875,1014.7432861328124,1016.1297607421876,1017.5161743164062,1019.9352416992188,1022.3972778320312
2026-08-04 10:00:00+00:00,2026-08-05 02:00:00+00:00,live,dwd_forecast,,1c7a531768d8,f2ba5955d456,19.90379524230957,20.554079055786133,21.299938201904297,21.76429557800293,22.22865295410156,22.974512100219727,23.62479782104492,11.522262573242188,13.93716526031494,16.334644317626953,17.716493606567383,19.09834289550781,21.495820999145508,23.910724639892575,1009.6575317382812,1012.2320556640624,1014.7515869140624,1016.1923828125,1017.6331787109376,1020.1527099609376,1022.7272338867188
2026-08-04 10:00:00+00:00,2026-08-05 03:00:00+00:00,live,dwd_forecast,,1c7a531768d8,f2ba5955d456,19.82707977294922,20.475696563720703,21.214473724365234,21.672746658325195,22.131017684936523,22.869796752929688,23.51841354370117,11.10743808746338,13.643521308898926,16.09662628173828,17.490516662597656,18.88440704345703,21.337512969970703,23.873598098754883,1009.106201171875,1011.8399658203124,1014.5455322265624,1016.1022338867188,1017.6589965820312,1020.364501953125,1023.0983276367188
2026-08-04 10:00:00+00:00,2026-08-05 04:00:00+00:00,live,dwd_forecast,,1c7a531768d8,f2ba5955d456,19.86722183227539,20.49336814880371,21.204856872558597,21.645652770996094,22.086448669433597,22.79793739318848,23.4240837097168,11.247275352478027,13.817161560058594,16.343250274658203,17.791332244873047,19.23941421508789,21.7655029296875,24.335391998291016,1008.5042724609376,1011.4466552734376,1014.3381958007812,1015.9954833984376,1017.65283203125,1020.5443115234376,1023.4866943359376
2026-08-04 10:00:00+00:00,2026-08-05 05:00:00+00:00,live,dwd_forecast,,1c7a531768d8,f2ba5955d456,19.8986873626709,20.52491569519043,21.229232788085938,21.663236618041992,22.09724235534668,22.801559448242188,23.42778778076172,11.811774253845217,14.37818431854248,16.960731506347656,18.46023750305176,19.95974349975586,22.54228973388672,25.108701705932617,1007.8290405273438,1011.0061645507812,1014.0914916992188,1015.8484497070312,1017.6053466796876,1020.690673828125,1023.8677978515624
2026-08-04 10:00:00+00:00,2026-08-05 06:00:00+00:00,live,dwd_forecast,,1c7a531768d8,f2ba5955d456,19.971569061279297,20.597536087036133,21.29788017272949,21.728246688842773,22.158615112304688,22.85895729064941,23.484926223754883,12.457526206970217,15.102017402648926,17.880653381347656,19.532100677490234,21.18354797363281,23.96218490600586,26.606678009033203,1007.095458984375,1010.4738159179688,1013.7392578125,1015.5939331054688,1017.4486694335938,1020.7140502929688,1024.0924072265625
2026-08-04 10:00:00+00:00,2026-08-05 07:00:00+00:00,live,dwd_forecast,,1c7a531768d8,f2ba5955d456,20.113445281982425,20.733322143554688,21.4254150390625,21.850248336791992,22.275081634521484,22.967174530029297,23.58705139160156,13.477046966552734,16.14451789855957,19.049224853515625,20.808826446533203,22.56842803955078,25.47313499450684,28.140605926513672,1006.22412109375,1009.8328857421876,1013.30712890625,1015.276123046875,1017.2451782226562,1020.7194213867188,1024.3282470703125
2026-08-04 10:00:00+00:00,2026-08-05 08:00:00+00:00,live,dwd_forecast,,1c7a531768d8,f2ba5955d456,20.27304458618164,20.884855270385746,21.57002639770508,21.991287231445312,22.412546157836918,23.097719192504883,23.709529876708984,14.439772605895996,17.238460540771484,20.40010643005371,22.352872848510746,24.305639266967773,27.467283248901367,30.26597595214844,1005.5692138671876,1009.293701171875,1012.9200439453124,1014.9879760742188,1017.0559692382812,1020.6822509765624,1024.40673828125
2026-08-04 10:00:00+00:00,2026-08-05 09:00:00+00:00,live,dwd_forecast,,1c7a531768d8,f2ba5955d456,20.386934280395508,21.01944732666016,21.72496032714844,22.15781021118164,22.590660095214844,23.296173095703125,23.928686141967773,15.347061157226562,18.31686210632324,21.75278854370117,23.901634216308597,26.050479888916016,29.486406326293945,32.456207275390625,1004.7944946289062,1008.6934204101562,1012.4876708984376,1014.65087890625,1016.8140258789062,1020.6082763671876,1024.5072021484375
2026-08-04 10:00:00+00:00,2026-08-05 10:00:00+00:00,live,dwd_forecast,,1c7a531768d8,f2ba5955d456,20.519216537475582,21.17723655700684,21.908597946166992,22.356464385986328,22.804330825805664,23.535690307617188,24.19371223449707,15.93886947631836,19.15374183654785,22.96068000793457,25.370534896850582,27.7803897857666,31.587326049804688,34.80220031738281,1004.1222534179688,1008.1323852539062,1012.0547485351562,1014.297119140625,1016.53955078125,1020.4619140625,1024.4720458984375
2026-08-04 10:00:00+00:00,2026-08-05 11:00:00+00:00,live,dwd_forecast,,1c7a531768d8,f2ba5955d456,20.657588958740234,21.341991424560547,22.10927963256836,22.58129119873047,23.053302764892575,23.82059097290039,24.504993438720703,16.538433074951172,19.94745445251465,24.031402587890625,26.632200241088867,29.23299598693848,33.31694412231445,36.72596740722656,1003.399658203125,1007.5138549804688,1011.5799560546876,1013.9178466796876,1016.2556762695312,1020.3218383789062,1024.43603515625
2026-08-04 10:00:00+00:00,2026-08-05 12:00:00+00:00,live,dwd_forecast,,1c7a531768d8,f2ba5955d456,20.835956573486328,21.52625274658203,22.305879592895508,22.7873477935791,23.26881599426269,24.04844093322754,24.738739013671875,16.658552169799805,20.26833724975586,24.648630142211918,27.456687927246094,30.26474380493164,34.64503860473633,38.25482177734375,1002.70751953125,1006.8419799804688,1011.0284423828124,1013.4674682617188,1015.9065551757812,1020.093017578125,1024.2274169921875
2026-08-04 10:00:00+00:00,2026-08-05 13:00:00+00:00,live,dwd_forecast,,1c7a531768d8,f2ba5955d456,20.94981002807617,21.656883239746094,22.461957931518555,22.961261749267575,23.460567474365234,24.265640258789062,24.972713470458984,16.8455753326416,20.53140640258789,25.03173446655273,27.92595100402832,30.820167541503903,35.32049560546875,39.006324768066406,1001.785888671875,1006.1171264648438,1010.43896484375,1012.9368286132812,1015.4347534179688,1019.756591796875,1024.087890625
2026-08-04 10:00:00+00:00,2026-08-05 14:00:00+00:00,live,dwd_forecast,,1c7a531768d8,f2ba5955d456,21.03582763671875,21.75304412841797,22.57790946960449,23.09218406677246,23.60645866394043,24.43132209777832,25.14853858947754,16.65961456298828,20.38033866882324,24.93888092041016,27.87571144104004,30.81254196166992,35.37108612060547,39.09181213378906,1001.1448364257812,1005.5401000976562,1009.9796142578124,1012.5626220703124,1015.1456298828124,1019.5851440429688,1023.9804077148438
2026-08-04 10:00:00+00:00,2026-08-05 15:00:00+00:00,live,dwd_forecast,,1c7a531768d8,f2ba5955d456,21.090028762817383,21.826549530029297,22.680339813232425,23.21485137939453,23.749361038208008,24.603151321411133,25.339672088623047,16.413881301879883,20.102724075317383,24.6054630279541,27.500810623168945,30.396160125732425,34.898895263671875,38.58774185180664,1000.4305419921876,1004.9459228515624,1009.5479736328124,1012.2386474609376,1014.9293212890624,1019.5314331054688,1024.0467529296875
2026-08-04 10:00:00+00:00,2026-08-05 16:00:00+00:00,live,dwd_forecast,,1c7a531768d8,f2ba5955d456,21.120813369750977,21.865779876708984,22.73393440246582,23.27893447875977,23.823936462402344,24.692089080810547,25.437057495117188,16.000221252441406,19.61736297607422,24.041452407836918,26.88917350769043,29.736894607543945,34.16098403930664,37.77812957763672,1000.2192993164062,1004.7258911132812,1009.3383178710938,1012.0410766601562,1014.743896484375,1019.3563232421876,1023.8629150390624
2026-08-04 10:00:00+00:00,2026-08-05 17:00:00+00:00,live,dwd_forecast,,1c7a531768d8,f2ba5955d456,21.137378692626957,21.88008689880371,22.748022079467773,23.293678283691406,23.839332580566406,24.7072696685791,25.44997787475586,15.55105209350586,19.076431274414062,23.384620666503903,26.156517028808597,28.92841339111328,33.236602783203125,36.76198196411133,1000.0692138671876,1004.6349487304688,1009.2894897460938,1012.0111694335938,1014.7328491210938,1019.3873901367188,1023.953125
2026-08-04 10:00:00+00:00,2026-08-05 18:00:00+00:00,live,dwd_forecast,,1c7a531768d8,f2ba5955d456,21.04914665222168,21.795076370239254,22.671375274658203,23.22379875183105,23.776222229003903,24.65252113342285,25.398452758789062,15.007137298583984,18.469322204589844,22.620264053344727,25.26480865478516,27.90935516357422,32.06029510498047,35.522483825683594,1000.3187866210938,1004.9057006835938,1009.6141357421876,1012.3775634765624,1015.1409912109376,1019.8494262695312,1024.4364013671875
2026-08-04 10:00:00+00:00,2026-08-05 19:00:00+00:00,live,dwd_forecast,,1c7a531768d8,f2ba5955d456,20.97446060180664,21.718019485473636,22.590087890625,23.13937187194824,23.68865394592285,24.56072235107422,25.304283142089844,14.493257522583008,17.771150588989258,21.68315696716309,24.169572830200195,26.655988693237305,30.567995071411133,33.845890045166016,1000.804443359375,1005.3982543945312,1010.1268310546876,1012.9063110351562,1015.6857299804688,1020.414306640625,1025.008056640625
2026-08-04 10:00:00+00:00,2026-08-05 20:00:00+00:00,live,dwd_forecast,,1c7a531768d8,f2ba5955d456,20.84199333190918,21.58111953735352,22.45353889465332,23.00486946105957,23.55620002746582,24.428619384765625,25.16774559020996,13.851656913757324,16.958391189575195,20.65412139892578,22.99913215637207,25.34414291381836,29.039871215820312,32.146610260009766,1001.2870483398438,1005.91650390625,1010.6650390625,1013.450927734375,1016.23681640625,1020.9853515625,1025.61474609375
2026-08-04 10:00:00+00:00,2026-08-05 21:00:00+00:00,live,dwd_forecast,,1c7a531768d8,f2ba5955d456,20.658632278442383,21.39930725097656,22.26962661743164,22.818344116210938,23.367061614990234,24.237380981445312,24.97805595397949,13.20675277709961,16.17852210998535,19.66383552551269,21.859081268310547,24.0543270111084,27.53963851928711,30.511409759521484,1001.8955688476562,1006.5252685546876,1011.2706909179688,1014.0535888671876,1016.8364868164062,1021.5819091796876,1026.211669921875
2026-08-04 10:00:00+00:00,2026-08-05 22:00:00+00:00,live,dwd_forecast,,1c7a531768d8,f2ba5955d456,20.47403907775879,21.195388793945312,22.045936584472656,22.583154678344727,23.1203727722168,23.97092056274414,24.692270278930664,12.695932388305664,15.545238494873049,18.83728408813477,20.89469146728516,22.952098846435547,26.244144439697266,29.09345245361328,1002.4620361328124,1007.1123657226562,1011.87451171875,1014.6658325195312,1017.4572143554688,1022.2192993164062,1026.86962890625
2026-08-04 10:00:00+00:00,2026-08-05 23:00:00+00:00,live,dwd_forecast,,1c7a531768d8,f2ba5955d456,20.2429141998291,20.9549617767334,21.792823791503903,22.32146453857422,22.85010528564453,23.68796730041504,24.400014877319336,12.051433563232422,14.84596347808838,18.012189865112305,19.97080421447754,21.929418563842773,25.095643997192383,27.890174865722656,1002.6205444335938,1007.4027709960938,1012.2713623046876,1015.1161499023438,1017.9609375,1022.82958984375,1027.61181640625
2026-08-04 10:00:00+00:00,2026-08-06 00:00:00+00:00,live,dwd_forecast,,1c7a531768d8,f2ba5955d456,20.05710220336914,20.760814666748047,21.58538818359375,22.10450935363769,22.623628616333008,23.448204040527344,24.151914596557617,11.431071281433104,14.266881942749023,17.406875610351562,19.32589530944824,21.24491500854492,24.384906768798828,27.22072029113769,1002.8760375976562,1007.6728515625,1012.562255859375,1015.4210205078124,1018.27978515625,1023.169189453125,1027.966064453125
2026-08-04 10:00:00+00:00,2026-08-06 01:00:00+00:00,live,dwd_forecast,,1c7a531768d8,f2ba5955d456,19.90535545349121,20.60059928894043,21.412353515625,21.922456741333008,22.432558059692383,23.244312286376957,23.93955612182617,10.905566215515137,13.787155151367188,16.913454055786133,18.803571701049805,20.69368934631348,23.819988250732425,26.701580047607425,1002.8500366210938,1007.708251953125,1012.6486206054688,1015.5335083007812,1018.41845703125,1023.3587646484376,1028.217041015625
2026-08-04 10:00:00+00:00,2026-08-06 02:00:00+00:00,live,dwd_forecast,,1c7a531768d8,f2ba5955d456,19.78080940246582,20.46915435791016,21.267772674560547,21.767963409423828,22.26815414428711,23.0667724609375,23.75511741638184,10.417757034301758,13.353029251098633,16.510679244995117,18.41116142272949,20.311643600463867,23.46929359436035,26.40456771850586,1002.775390625,1007.6407470703124,1012.5956420898438,1015.4913940429688,1018.3871459960938,1023.342041015625,1028.2073974609375
2026-08-04 10:00:00+00:00,2026-08-06 03:00:00+00:00,live,dwd_forecast,,1c7a531768d8,f2ba5955d456,19.71915435791016,20.397029876708984,21.175827026367188,21.661113739013672,22.14640045166016,22.92519760131836,23.60307502746582,10.4197416305542,13.318238258361816,16.456222534179688,18.35127067565918,20.246320724487305,23.38430404663086,26.28280067443848,1002.38037109375,1007.3922119140624,1012.4732666015624,1015.4354248046876,1018.3975830078124,1023.4786376953124,1028.490478515625
2026-08-04 10:00:00+00:00,2026-08-06 04:00:00+00:00,live,dwd_forecast,,1c7a531768d8,f2ba5955d456,19.691221237182617,20.359718322753903,21.12540435791016,21.60176086425781,22.07811546325684,22.84380340576172,23.51229858398437,10.49127960205078,13.432072639465332,16.64792251586914,18.60035514831543,20.55278968811035,23.768638610839844,26.709434509277344,1001.97802734375,1007.0960693359376,1012.2728271484376,1015.2869873046876,1018.3012084960938,1023.4779663085938,1028.5960693359375
2026-08-04 10:00:00+00:00,2026-08-06 05:00:00+00:00,live,dwd_forecast,,1c7a531768d8,f2ba5955d456,19.71060562133789,20.376224517822266,21.13354110717773,21.60304450988769,22.072547912597656,22.829864501953125,23.4954833984375,10.71782684326172,13.732036590576172,17.08819580078125,19.145357131958008,21.2025203704834,24.55867958068848,27.57289123535156,1001.6033935546876,1006.7705078125,1012.015625,1015.0755615234376,1018.135498046875,1023.3806762695312,1028.5477294921875
2026-08-04 10:00:00+00:00,2026-08-06 06:00:00+00:00,live,dwd_forecast,,1c7a531768d8,f2ba5955d456,19.76547622680664,20.42735290527344,21.180566787719727,21.64757537841797,22.114585876464844,22.867799758911133,23.52967834472656,11.007948875427246,14.225857734680176,17.876956939697266,20.13719749450684,22.397438049316406,26.04853630065918,29.26644897460937,1001.3841552734376,1006.5133666992188,1011.7722778320312,1014.85693359375,1017.9415893554688,1023.2005615234376,1028.3297119140625
2026-08-04 10:00:00+00:00,2026-08-06 07:00:00+00:00,live,dwd_forecast,,1c7a531768d8,f2ba5955d456,19.89362525939941,20.549524307250977,21.2945499420166,21.756031036376957,22.217514038085938,22.96253967285156,23.618438720703125,11.579251289367676,14.946751594543455,18.849580764770508,21.29264640808105,23.7357120513916,27.63854217529297,31.00604248046875,1000.7711181640624,1006.0440673828124,1011.4190063476562,1014.561767578125,1017.7045288085938,1023.0794677734376,1028.3524169921875
2026-08-04 10:00:00+00:00,2026-08-06 08:00:00+00:00,live,dwd_forecast,,1c7a531768d8,f2ba5955d456,20.011962890625,20.6748104095459,21.42864418029785,21.89588165283203,22.36311912536621,23.11695098876953,23.779800415039062,12.179838180541992,15.827245712280272,20.107770919799805,22.8048095703125,25.501848220825195,29.782373428344727,33.42978286743164,1000.2813720703124,1005.596435546875,1011.0799560546876,1014.30712890625,1017.5343017578124,1023.017822265625,1028.3328857421875
2026-08-04 10:00:00+00:00,2026-08-06 09:00:00+00:00,live,dwd_forecast,,1c7a531768d8,f2ba5955d456,20.086376190185547,20.77429962158203,21.555418014526367,22.03916358947754,22.522911071777344,23.30402946472168,23.991952896118164,12.691121101379396,16.604644775390625,21.27596473693848,24.24522018432617,27.214475631713867,31.885791778564453,35.799320220947266,999.8007202148438,1005.1692504882812,1010.7018432617188,1013.9559936523438,1017.2100830078124,1022.74267578125,1028.1112060546875
2026-08-04 10:00:00+00:00,2026-08-06 10:00:00+00:00,live,dwd_forecast,,1c7a531768d8,f2ba5955d456,20.22589874267578,20.922731399536133,21.714693069458008,22.20539283752441,22.696094512939453,23.488056182861328,24.184886932373047,13.318170547485352,17.461271286010742,22.480224609375,25.69489860534668,28.90957260131836,33.92852783203125,38.071624755859375,999.2586059570312,1004.6796875,1010.2957763671876,1013.6083374023438,1016.9208984375,1022.5369873046876,1027.9581298828125
2026-08-04 10:00:00+00:00,2026-08-06 11:00:00+00:00,live,dwd_forecast,,1c7a531768d8,f2ba5955d456,20.28637313842773,21.025428771972656,21.86373519897461,22.38261604309082,22.90149688720703,23.739803314208984,24.478858947753903,13.495375633239746,17.924793243408203,23.35409927368164,26.852752685546875,30.35140609741211,35.78071212768555,40.21013259887695,998.4418334960938,1003.9802856445312,1009.7428588867188,1013.1497192382812,1016.5565795898438,1022.3191528320312,1027.8575439453125
2026-08-04 10:00:00+00:00,2026-08-06 12:00:00+00:00,live,dwd_forecast,,1c7a531768d8,f2ba5955d456,20.36869430541992,21.126415252685547,21.991374969482425,22.528541564941406,23.065710067749023,23.9306697845459,24.688390731811523,13.813282012939451,18.40769386291504,24.066303253173828,27.72171401977539,31.377124786376957,37.035736083984375,41.63014602661133,997.8853759765624,1003.4765014648438,1009.335693359375,1012.8130493164062,1016.2904052734376,1022.1495971679688,1027.74072265625
2026-08-04 10:00:00+00:00,2026-08-06 13:00:00+00:00,live,dwd_forecast,,1c7a531768d8,f2ba5955d456,20.50684928894043,21.27699089050293,22.15526580810547,22.700422286987305,23.24557876586914,24.123855590820312,24.89399528503418,13.912660598754885,18.63275146484375,24.456972122192383,28.22294807434082,31.98892593383789,37.81314086914063,42.53323745727539,997.1776123046876,1002.8351440429688,1008.7669677734376,1012.2884521484376,1015.8099975585938,1021.7418212890624,1027.3994140625
2026-08-04 10:00:00+00:00,2026-08-06 14:00:00+00:00,live,dwd_forecast,,1c7a531768d8,f2ba5955d456,20.559764862060547,21.34990501403809,22.25431251525879,22.8167724609375,23.379234313964844,24.283641815185547,25.07378196716309,13.85763168334961,18.59600830078125,24.460294723510746,28.258012771606445,32.05572891235352,37.920013427734375,42.65839385986328,996.5022583007812,1002.1853637695312,1008.219970703125,1011.8268432617188,1015.4336547851562,1021.46826171875,1027.1513671875
2026-08-04 10:00:00+00:00,2026-08-06 15:00:00+00:00,live,dwd_forecast,,1c7a531768d8,f2ba5955d456,20.569366455078125,21.37805938720703,22.30406951904297,22.880083084106445,23.456098556518555,24.38210868835449,25.19080352783203,13.863872528076172,18.496307373046875,24.22020721435547,27.923938751220703,31.627668380737305,37.35156631469727,41.984004974365234,995.9269409179688,1001.7546997070312,1007.8851318359376,1011.531005859375,1015.1768798828124,1021.3073120117188,1027.1351318359375
2026-08-04 10:00:00+00:00,2026-08-06 16:00:00+00:00,live,dwd_forecast,,1c7a531768d8,f2ba5955d456,20.5609188079834,21.38545799255371,22.333154678344727,22.923812866210938,23.51447296142578,24.4621696472168,25.28670883178711,13.653088569641112,18.17040061950684,23.7360897064209,27.332155227661133,30.92821884155273,36.4939079284668,41.01122283935547,995.72314453125,1001.4840698242188,1007.60693359375,1011.2683715820312,1014.9298095703124,1021.0526733398438,1026.8135986328125
2026-08-04 10:00:00+00:00,2026-08-06 17:00:00+00:00,live,dwd_forecast,,1c7a531768d8,f2ba5955d456,20.50705909729004,21.34087181091309,22.30082130432129,22.899639129638672,23.498455047607425,24.458404541015625,25.292217254638672,13.42349910736084,17.759695053100586,23.071420669555664,26.493202209472656,29.91498565673828,35.22671127319336,39.56290435791016,995.6177368164062,1001.4422607421876,1007.6196899414062,1011.3095703125,1014.9994506835938,1021.1768798828124,1027.00146484375
2026-08-04 10:00:00+00:00,2026-08-06 18:00:00+00:00,live,dwd_forecast,,1c7a531768d8,f2ba5955d456,20.36704635620117,21.21599578857422,22.19219398498535,22.800764083862305,23.409334182739254,24.38553237915039,25.23448181152344,13.10572338104248,17.244277954101562,22.32137680053711,25.59449005126953,28.867605209350582,33.9447021484375,38.08325958251953,995.756591796875,1001.6103515625,1007.794677734375,1011.4810180664062,1015.1673583984376,1021.3516235351562,1027.2054443359375
2026-08-04 10:00:00+00:00,2026-08-06 19:00:00+00:00,live,dwd_forecast,,1c7a531768d8,f2ba5955d456,20.294574737548828,21.12998962402344,22.09520149230957,22.69841957092285,23.30163955688477,24.2668514251709,25.102266311645508,12.847476959228516,16.743099212646484,21.49677848815918,24.55299568176269,27.609214782714844,32.362892150878906,36.258522033691406,996.2020874023438,1002.105224609375,1008.3880004882812,1012.1478881835938,1015.90771484375,1022.1904907226562,1028.0936279296875
2026-08-04 10:00:00+00:00,2026-08-06 20:00:00+00:00,live,dwd_forecast,,1c7a531768d8,f2ba5955d456,20.18044662475586,20.994712829589844,21.93752670288086,22.52740859985352,23.117292404174805,24.060104370117188,24.874372482299805,12.575518608093262,16.204072952270508,20.613859176635746,23.44304656982422,26.272235870361328,30.68202209472656,34.310577392578125,996.6878662109376,1002.5965576171876,1008.8792724609376,1012.6371459960938,1016.39501953125,1022.677734375,1028.58642578125
2026-08-04 10:00:00+00:00,2026-08-06 21:00:00+00:00,live,dwd_forecast,,1c7a531768d8,f2ba5955d456,20.000713348388672,20.79083251953125,21.70812225341797,22.282833099365234,22.857542037963867,23.774831771850582,24.564950942993164,12.049110412597656,15.47947597503662,19.624467849731445,22.2758846282959,24.92730140686035,29.07229232788086,32.50265884399414,997.1182861328124,1003.1555786132812,1009.5271606445312,1013.322998046875,1017.118896484375,1023.490478515625,1029.5277099609375
2026-08-04 10:00:00+00:00,2026-08-06 22:00:00+00:00,live,dwd_forecast,,1c7a531768d8,f2ba5955d456,19.78720092773437,20.573257446289062,21.47994613647461,22.046104431152344,22.612260818481445,23.518951416015625,24.305007934570312,11.46078395843506,14.76500415802002,18.713733673095703,21.225238800048828,23.73674201965332,27.685470581054688,30.989694595336918,997.9019775390624,1003.8910522460938,1010.18603515625,1013.9280395507812,1017.6701049804688,1023.965087890625,1029.9541015625
2026-08-04 10:00:00+00:00,2026-08-06 23:00:00+00:00,live,dwd_forecast,,1c7a531768d8,f2ba5955d456,19.60391616821289,20.373178482055664,21.257997512817383,21.80967903137207,22.36136245727539,23.24618148803711,24.015443801879883,11.143404006958008,14.291097640991213,18.00346565246582,20.348539352416992,22.6936149597168,26.405981063842773,29.55367851257324,998.3960571289062,1004.3821411132812,1010.6920776367188,1014.44873046875,1018.2054443359376,1024.515380859375,1030.50146484375
2026-08-04 10:00:00+00:00,2026-08-07 00:00:00+00:00,live,dwd_forecast,,1c7a531768d8,f2ba5955d456,19.38973999023437,20.14816665649414,21.01488876342773,21.5534610748291,22.0920352935791,22.95875740051269,23.71718406677246,10.397978782653809,13.549934387207031,17.200220108032227,19.484310150146484,21.76840209960937,25.41868782043457,28.57064437866211,998.5769653320312,1004.65869140625,1011.0098876953124,1014.7722778320312,1018.5346069335938,1024.8858642578125,1030.967529296875
2026-08-04 10:00:00+00:00,2026-08-07 01:00:00+00:00,live,dwd_forecast,,1c7a531768d8,f2ba5955d456,19.203903198242188,19.95781898498535,20.81804084777832,21.352134704589844,21.88623046875,22.746450424194336,23.500368118286133,10.036338806152344,13.104500770568848,16.653745651245117,18.873306274414062,21.09286499023437,24.642108917236328,27.71027374267578,998.569091796875,1004.6444702148438,1011.0492553710938,1014.8626098632812,1018.676025390625,1025.080810546875,1031.1561279296875
2026-08-04 10:00:00+00:00,2026-08-07 02:00:00+00:00,live,dwd_forecast,,1c7a531768d8,f2ba5955d456,19.02711296081543,19.78058815002441,20.632722854614254,21.15934181213379,21.685962677001957,22.5380973815918,23.29157257080078,9.626269340515137,12.733396530151367,16.289859771728516,18.501659393310547,20.713459014892575,24.269922256469727,27.377050399780277,998.4003295898438,1004.5672607421876,1011.051025390625,1014.9058227539062,1018.7606201171876,1025.244384765625,1031.4112548828125
2026-08-04 10:00:00+00:00,2026-08-07 03:00:00+00:00,live,dwd_forecast,,1c7a531768d8,f2ba5955d456,18.93973159790039,19.68712615966797,20.53107643127441,21.052215576171875,21.57335662841797,22.41730690002441,23.16469955444336,9.360729217529297,12.534274101257324,16.162904739379883,18.41832733154297,20.673751831054688,24.30238151550293,27.475929260253903,998.3028564453124,1004.5008544921876,1011.0059204101562,1014.8698120117188,1018.7337036132812,1025.23876953125,1031.436767578125
2026-08-04 10:00:00+00:00,2026-08-07 04:00:00+00:00,live,dwd_forecast,,1c7a531768d8,f2ba5955d456,18.867246627807617,19.62080383300781,20.46829414367676,20.99051284790039,21.512731552124023,22.36022186279297,23.113779067993164,9.25499153137207,12.573598861694336,16.366172790527344,18.722877502441406,21.07958030700684,24.87215614318848,28.19076538085937,998.2033081054688,1004.3912963867188,1010.8909301757812,1014.753173828125,1018.615478515625,1025.1151123046875,1031.3031005859375
2026-08-04 10:00:00+00:00,2026-08-07 05:00:00+00:00,live,dwd_forecast,,1c7a531768d8,f2ba5955d456,18.8602352142334,19.618745803833008,20.465229034423828,20.98470687866211,21.50418472290039,22.350669860839844,23.109180450439453,9.515447616577148,12.936219215393066,16.887645721435547,19.35685157775879,21.82605743408203,25.777484893798828,29.19825553894043,997.8462524414062,1004.1052856445312,1010.689208984375,1014.6046142578124,1018.52001953125,1025.1038818359375,1031.3629150390625
2026-08-04 10:00:00+00:00,2026-08-07 06:00:00+00:00,live,dwd_forecast,,1c7a531768d8,f2ba5955d456,18.863862991333008,19.63416290283203,20.49176597595215,21.017410278320312,21.543052673339844,22.400657653808597,23.170957565307617,9.834549903869627,13.469256401062012,17.68902015686035,20.332853317260746,22.9766845703125,27.19644927978516,30.83115577697754,997.68896484375,1003.9490966796876,1010.5322265625,1014.4465942382812,1018.3609008789062,1024.944091796875,1031.2042236328125
2026-08-04 10:00:00+00:00,2026-08-07 07:00:00+00:00,live,dwd_forecast,,1c7a531768d8,f2ba5955d456,18.939027786254883,19.715015411376957,20.571706771850582,21.094459533691406,21.617212295532227,22.47390365600586,23.24989128112793,10.54434871673584,14.312678337097168,18.75442314147949,21.55938720703125,24.36435317993164,28.80609893798828,32.57442855834961,997.2879028320312,1003.6311645507812,1010.2694702148438,1014.2064208984376,1018.143310546875,1024.7816162109375,1031.1248779296875
2026-08-04 10:00:00+00:00,2026-08-07 08:00:00+00:00,live,dwd_forecast,,1c7a531768d8,f2ba5955d456,19.06373786926269,19.841806411743164,20.70134162902832,21.22600555419922,21.75067138671875,22.610204696655277,23.388273239135746,11.171615600585938,15.21640396118164,20.026145935058597,23.077402114868164,26.1286563873291,30.938400268554688,34.983192443847656,996.8514404296876,1003.2578125,1009.9909057617188,1013.9931640625,1017.9954833984376,1024.7286376953125,1031.135009765625
2026-08-04 10:00:00+00:00,2026-08-07 09:00:00+00:00,live,dwd_forecast,,1c7a531768d8,f2ba5955d456,19.1959228515625,19.98249244689941,20.85155296325684,21.3820743560791,21.91259765625,22.78165626525879,23.568227767944336,11.769200325012209,16.034936904907227,21.194976806640625,24.497560501098636,27.800146102905277,32.96018600463867,37.225921630859375,996.4222412109376,1002.9321899414062,1009.6900634765624,1013.6804809570312,1017.6709594726562,1024.4288330078125,1030.938720703125
2026-08-04 10:00:00+00:00,2026-08-07 10:00:00+00:00,live,dwd_forecast,,1c7a531768d8,f2ba5955d456,19.2841854095459,20.097156524658203,20.99646759033203,21.545808792114254,22.095149993896484,22.994461059570312,23.807432174682617,12.402395248413086,16.921205520629883,22.404476165771484,25.91958999633789,29.43470573425293,34.91797637939453,39.436790466308594,996.3626708984376,1002.7162475585938,1009.4198608398438,1013.4129638671876,1017.4060668945312,1024.109619140625,1030.4632568359375
2026-08-04 10:00:00+00:00,2026-08-07 11:00:00+00:00,live,dwd_forecast,,1c7a531768d8,f2ba5955d456,19.432016372680664,20.25501251220703,21.170249938964844,21.730884552001957,22.29151725769043,23.20675468444824,24.02975082397461,12.801102638244627,17.542415618896484,23.35791778564453,27.106719970703125,30.85552215576172,36.671024322509766,41.41234588623047,995.7963256835938,1002.2291870117188,1008.9700317382812,1012.9705200195312,1016.9710083007812,1023.7117919921876,1030.1446533203125
2026-08-04 10:00:00+00:00,2026-08-07 12:00:00+00:00,live,dwd_forecast,,1c7a531768d8,f2ba5955d456,19.515609741210938,20.361486434936523,21.305049896240234,21.88396644592285,22.46288299560547,23.406444549560547,24.252321243286133,13.118375778198242,18.05617904663086,24.135656356811523,28.06226348876953,31.98887252807617,38.06834411621094,43.00615310668945,995.2037353515624,1001.7546997070312,1008.5632934570312,1012.5862426757812,1016.6091918945312,1023.4177856445312,1029.96875
2026-08-04 10:00:00+00:00,2026-08-07 13:00:00+00:00,live,dwd_forecast,,1c7a531768d8,f2ba5955d456,19.624717712402344,20.484079360961918,21.44489860534668,22.03512191772461,22.625343322753903,23.586164474487305,24.445526123046875,13.24200439453125,18.277774810791016,24.4882755279541,28.502965927124023,32.51765823364258,38.7281608581543,43.76393127441406,994.8174438476562,1001.3639526367188,1008.1248779296876,1012.10595703125,1016.0870971679688,1022.8479614257812,1029.39453125
2026-08-04 10:00:00+00:00,2026-08-07 14:00:00+00:00,live,dwd_forecast,,1c7a531768d8,f2ba5955d456,19.698183059692383,20.57207489013672,21.55328369140625,22.157373428344727,22.761463165283203,23.74267196655273,24.616565704345703,13.303183555603027,18.32226181030273,24.51873779296875,28.52652931213379,32.53432083129883,38.73079681396485,43.749881744384766,994.7056274414062,1001.097412109375,1007.8121948242188,1011.8026733398438,1015.7931518554688,1022.5079345703124,1028.8997802734375
2026-08-04 10:00:00+00:00,2026-08-07 15:00:00+00:00,live,dwd_forecast,,1c7a531768d8,f2ba5955d456,19.7172908782959,20.605792999267575,21.6112117767334,22.23275184631348,22.85429000854492,23.859708786010746,24.74821281433105,13.105173110961914,18.06999969482422,24.20116806030273,28.167280197143555,32.133392333984375,38.26456069946289,43.22939300537109,994.1835327148438,1000.7125244140624,1007.4951171875,1011.501708984375,1015.50830078125,1022.2908325195312,1028.81982421875
2026-08-04 10:00:00+00:00,2026-08-07 16:00:00+00:00,live,dwd_forecast,,1c7a531768d8,f2ba5955d456,19.714418411254883,20.61689758300781,21.636892318725582,22.26704216003418,22.89719009399414,23.917186737060547,24.819664001464844,12.962567329406738,17.743812561035156,23.63746452331543,27.44634246826172,31.25521850585937,37.148868560791016,41.93011474609375,994.1826171875,1000.6685180664062,1007.3926391601562,1011.3602905273438,1015.3280029296876,1022.0520629882812,1028.5379638671875
2026-08-04 10:00:00+00:00,2026-08-07 17:00:00+00:00,live,dwd_forecast,,1c7a531768d8,f2ba5955d456,19.69977760314941,20.60462951660156,21.63094711303711,22.26618194580078,22.90141868591309,23.927736282348636,24.83258819580078,12.69294261932373,17.278478622436523,22.92158317565918,26.565467834472656,30.2093505859375,35.85245513916016,40.43799209594727,994.3179321289062,1000.7086181640624,1007.3881225585938,1011.3468017578124,1015.3054809570312,1021.9849853515624,1028.3756103515625
2026-08-04 10:00:00+00:00,2026-08-07 18:00:00+00:00,live,dwd_forecast,,1c7a531768d8,f2ba5955d456,19.581159591674805,20.504451751708984,21.54988670349121,22.19637107849121,22.84285545349121,23.88829040527344,24.81158447265625,12.266502380371094,16.69204330444336,22.115772247314453,25.61055374145508,29.105335235595703,34.5290641784668,38.95460891723633,994.52734375,1000.9679565429688,1007.6932373046876,1011.6769409179688,1015.6607055664062,1022.385986328125,1028.82666015625
2026-08-04 10:00:00+00:00,2026-08-07 19:00:00+00:00,live,dwd_forecast,,1c7a531768d8,f2ba5955d456,19.43663024902344,20.37383079528809,21.434192657470703,22.08964157104492,22.745092391967773,23.80545234680176,24.742656707763672,12.014650344848633,16.144725799560547,21.20520401000977,24.46554374694824,27.72588348388672,32.78636169433594,36.91644287109375,995.0877075195312,1001.5687255859376,1008.2505493164062,1012.1814575195312,1016.1124267578124,1022.7942504882812,1029.2752685546875
2026-08-04 10:00:00+00:00,2026-08-07 20:00:00+00:00,live,dwd_forecast,,1c7a531768d8,f2ba5955d456,19.325458526611328,20.239013671875,21.27628326416016,21.918649673461918,22.561017990112305,23.59828758239746,24.51184463500977,11.604255676269531,15.518192291259766,20.25806999206543,23.29351234436035,26.328954696655277,31.068832397460938,34.98277282714844,995.4232788085938,1002.0381469726562,1008.7935791015624,1012.7474975585938,1016.701416015625,1023.456787109375,1030.0716552734375
2026-08-04 10:00:00+00:00,2026-08-07 21:00:00+00:00,live,dwd_forecast,,1c7a531768d8,f2ba5955d456,19.149200439453125,20.048730850219727,21.063966751098636,21.690711975097656,22.317455291748047,23.332691192626957,24.232223510742188,11.107994079589844,14.830448150634766,19.298946380615234,22.14761734008789,24.996288299560547,29.464786529541016,33.1872444152832,996.2872924804688,1002.8206176757812,1009.5230102539062,1013.4555053710938,1017.3880004882812,1024.0904541015625,1030.623779296875
2026-08-04 10:00:00+00:00,2026-08-07 22:00:00+00:00,live,dwd_forecast,,1c7a531768d8,f2ba5955d456,18.95242118835449,19.84111976623535,20.835166931152344,21.44593811035156,22.05670928955078,23.05075454711914,23.939453125,10.518721580505373,14.100665092468262,18.352880477905277,21.048095703125,23.74331283569336,27.99552726745605,31.57747459411621,996.669189453125,1003.25732421875,1009.97509765625,1013.9037475585938,1017.8323364257812,1024.550048828125,1031.13818359375
2026-08-04 10:00:00+00:00,2026-08-07 23:00:00+00:00,live,dwd_forecast,,1c7a531768d8,f2ba5955d456,18.731164932250977,19.609027862548828,20.584442138671875,21.18166732788086,21.778892517089844,22.75430679321289,23.632169723510746,10.193584442138672,13.623820304870604,17.628694534301758,20.145263671875,22.66183280944824,26.66670608520508,30.096946716308597,997.138427734375,1003.759033203125,1010.5460205078124,1014.526611328125,1018.5071411132812,1025.294189453125,1031.914794921875
2026-08-04 10:00:00+00:00,2026-08-08 00:00:00+00:00,live,dwd_forecast,,1c7a531768d8,f2ba5955d456,18.483003616333008,19.36913681030273,20.342992782592773,20.93581199645996,21.52863121032715,22.502485275268555,23.38861846923828,9.705327033996582,13.07327938079834,16.941421508789062,19.35134506225586,21.76127052307129,25.62941169738769,28.99736595153809,997.3690795898438,1004.0454711914062,1010.8052978515624,1014.743408203125,1018.6815185546876,1025.4412841796875,1032.1177978515625
2026-08-04 10:00:00+00:00,2026-08-08 01:00:00+00:00,live,dwd_forecast,,1c7a531768d8,f2ba5955d456,18.26546859741211,19.15708541870117,20.12306785583496,20.706653594970703,21.29024124145508,22.256221771240234,23.147838592529297,9.16094207763672,12.505895614624023,16.320457458496094,18.688182830810547,21.055908203125,24.87047004699707,28.21542358398437,997.552001953125,1004.229736328125,1010.9940795898438,1014.9357299804688,1018.8773803710938,1025.6417236328125,1032.3194580078125
2026-08-04 10:00:00+00:00,2026-08-08 02:00:00+00:00,live,dwd_forecast,,1c7a531768d8,f2ba5955d456,18.09779930114746,18.99259185791016,19.95682716369629,20.53769874572754,21.11857032775879,22.082807540893555,22.977598190307617,8.756672859191895,12.114500999450684,15.895668029785156,18.227149963378903,20.55863380432129,24.33979797363281,27.6976318359375,997.3775634765624,1004.179443359375,1011.0156860351562,1014.982421875,1018.9490966796876,1025.785400390625,1032.5872802734375
2026-08-04 10:00:00+00:00,2026-08-08 03:00:00+00:00,live,dwd_forecast,,1c7a531768d8,f2ba5955d456,17.96058464050293,18.86186981201172,19.831506729125977,20.41512107849121,20.99873352050781,21.96837043762207,22.86965560913086,8.467164993286133,11.882094383239746,15.728050231933594,18.099639892578125,20.471229553222656,24.31718635559082,27.73211669921875,997.3768920898438,1004.1614990234376,1010.9684448242188,1014.9143676757812,1018.8602905273438,1025.667236328125,1032.451904296875
2026-08-04 10:00:00+00:00,2026-08-08 04:00:00+00:00,live,dwd_forecast,,1c7a531768d8,f2ba5955d456,17.89902687072754,18.80349922180176,19.77845764160156,20.365880966186523,20.953304290771484,21.92826271057129,22.832735061645508,8.282515525817871,11.831737518310549,15.833425521850586,18.302505493164062,20.77158737182617,24.773273468017575,28.322498321533203,997.2113037109376,1004.0266723632812,1010.87744140625,1014.8529663085938,1018.8284301757812,1025.67919921875,1032.49462890625
2026-08-04 10:00:00+00:00,2026-08-08 05:00:00+00:00,live,dwd_forecast,,1c7a531768d8,f2ba5955d456,17.835548400878906,18.76765251159668,19.77042579650879,20.37397766113281,20.97752952575684,21.980302810668945,22.91240882873535,8.33037281036377,12.0061674118042,16.194843292236328,18.79375267028809,21.39266014099121,25.581336975097656,29.25713539123535,997.0087280273438,1003.8797607421876,1010.6972045898438,1014.6253051757812,1018.553466796875,1025.370849609375,1032.241943359375
2026-08-04 10:00:00+00:00,2026-08-08 06:00:00+00:00,live,dwd_forecast,,1c7a531768d8,f2ba5955d456,17.827659606933594,18.77719116210937,19.79732322692871,20.41087913513184,21.02443504333496,22.04456901550293,22.99410057067871,8.81421947479248,12.603529930114746,16.976543426513672,19.70785140991211,22.439159393310547,26.81217193603516,30.601482391357425,996.8013305664062,1003.7418212890624,1010.59619140625,1014.53564453125,1018.47509765625,1025.3294677734375,1032.2698974609375
2026-08-04 10:00:00+00:00,2026-08-08 07:00:00+00:00,live,dwd_forecast,,1c7a531768d8,f2ba5955d456,17.882877349853516,18.84028434753418,19.87891960144043,20.506837844848636,21.13475799560547,22.17339324951172,23.130802154541016,9.24298858642578,13.26612663269043,17.971439361572266,20.930837631225582,23.89023780822754,28.59555053710937,32.618690490722656,996.400634765625,1003.3741455078124,1010.2996826171876,1014.2920532226562,1018.2844848632812,1025.2100830078125,1032.18359375
2026-08-04 10:00:00+00:00,2026-08-08 08:00:00+00:00,live,dwd_forecast,,1c7a531768d8,f2ba5955d456,17.95237922668457,18.93273162841797,20.004810333251957,20.655712127685547,21.30661392211914,22.378692626953125,23.35904312133789,9.758071899414062,14.051575660705566,19.13068199157715,22.34417533874512,25.55766868591309,30.63677406311035,34.93028259277344,996.3447265625,1003.2420043945312,1010.12109375,1014.0960083007812,1018.0709228515624,1024.9500732421875,1031.8472900390625
2026-08-04 10:00:00+00:00,2026-08-08 09:00:00+00:00,live,dwd_forecast,,1c7a531768d8,f2ba5955d456,18.0976619720459,19.089252471923828,20.18143653869629,20.847070693969727,21.512704849243164,22.604887008666992,23.596479415893555,10.28709888458252,14.88636589050293,20.382822036743164,23.878746032714844,27.374670028686523,32.871124267578125,37.47039794921875,996.0390625,1002.927978515625,1009.7850341796876,1013.7428588867188,1017.7007446289062,1024.557861328125,1031.4466552734375
2026-08-04 10:00:00+00:00,2026-08-08 10:00:00+00:00,live,dwd_forecast,,1c7a531768d8,f2ba5955d456,18.23963928222656,19.252479553222656,20.37364959716797,21.05875396728516,21.743860244750977,22.865028381347656,23.877872467041016,10.905106544494627,15.728511810302734,21.59837913513184,25.36695098876953,29.135520935058597,35.00538635253906,39.82879638671875,995.7465209960938,1002.6348876953124,1009.4589233398438,1013.3875732421876,1017.3162231445312,1024.1402587890625,1031.0286865234375
2026-08-04 11:00:00+00:00,2026-08-04 12:00:00+00:00,live,dwd_forecast,2026-08-04 11:18:45.557789+00:00,1c7a531768d8,aa2bb212a704,22.087474822998047,22.387056350708008,22.698862075805664,22.883237838745117,23.067615509033203,23.37942123413086,23.679000854492188,22.899539947509766,24.166067123413086,25.587963104248047,26.463314056396484,27.338665008544922,28.76055908203125,30.027088165283203,1013.2847900390625,1013.8356323242188,1014.4570922851562,1014.8406982421875,1015.2243041992188,1015.8458251953125,1016.3966674804688
2026-08-04 11:00:00+00:00,2026-08-04 13:00:00+00:00,live,dwd_forecast,2026-08-04 11:18:45.557789+00:00,1c7a531768d8,aa2bb212a704,22.069190979003906,22.453134536743164,22.85463523864746,23.0926513671875,23.330669403076172,23.73217010498047,24.116111755371094,22.497966766357422,24.25011444091797,26.069793701171875,27.14453887939453,28.219284057617188,30.038963317871094,31.79111099243164,1012.3507690429688,1013.0340576171875,1013.7947998046875,1014.2611694335938,1014.7274780273438,1015.48828125,1016.1715698242188
2026-08-04 11:00:00+00:00,2026-08-04 14:00:00+00:00,live,dwd_forecast,2026-08-04 11:18:45.557789+00:00,1c7a531768d8,aa2bb212a704,21.978445053100586,22.44663429260254,22.94074058532715,23.235097885131836,23.529455184936523,24.023561477661133,24.49175262451172,21.722614288330078,23.943885803222656,26.143081665039062,27.408742904663086,28.67440414428711,30.873598098754883,33.094871520996094,1011.3534545898438,1012.2266845703125,1013.1895141601562,1013.7765502929688,1014.3636474609375,1015.326416015625,1016.1996459960938
2026-08-04 11:00:00+00:00,2026-08-04 15:00:00+00:00,live,dwd_forecast,2026-08-04 11:18:45.557789+00:00,1c7a531768d8,aa2bb212a704,21.94988441467285,22.456829071044922,23.003128051757812,23.332231521606445,23.661333084106445,24.207632064819336,24.71457862854004,21.02274513244629,23.318130493164062,25.677465438842773,27.06319808959961,28.448932647705078,30.808265686035156,33.10365295410156,1010.5643920898438,1011.6156616210938,1012.763916015625,1013.4606323242188,1014.1573486328125,1015.3056030273438,1016.3568725585938
2026-08-04 11:00:00+00:00,2026-08-04 16:00:00+00:00,live,dwd_forecast,2026-08-04 11:18:45.557789+00:00,1c7a531768d8,aa2bb212a704,21.873151779174805,22.423736572265625,23.024677276611328,23.38916015625,23.753643035888672,24.354583740234375,24.905168533325195,20.122556686401367,22.44569969177246,24.969961166381836,26.49732780456543,28.024696350097656,30.548954010009766,32.872100830078125,1009.9602661132812,1011.1953125,1012.5335693359375,1013.342041015625,1014.1505737304688,1015.48876953125,1016.7238159179688
2026-08-04 11:00:00+00:00,2026-08-04 17:00:00+00:00,live,dwd_forecast,2026-08-04 11:18:45.557789+00:00,1c7a531768d8,aa2bb212a704,21.791589736938477,22.361408233642578,22.99220085144043,23.37766456604004,23.76312828063965,24.3939208984375,24.9637393951416,19.14792251586914,21.45444107055664,24.030452728271484,25.611957550048828,27.193462371826172,29.769472122192383,32.07599639892578,1009.6947631835938,1011.0715942382812,1012.5435180664062,1013.426513671875,1014.3094482421875,1015.7813720703125,1017.1582641601562
2026-08-04 11:00:00+00:00,2026-08-04 18:00:00+00:00,live,dwd_forecast,2026-08-04 11:18:45.557789+00:00,1c7a531768d8,aa2bb212a704,21.71961784362793,22.28833770751953,22.928129196166992,23.322423934936523,23.716716766357422,24.356510162353516,24.925230026245117,18.427547454833984,20.605953216552734,23.11656379699707,24.683551788330078,26.250537872314453,28.76114845275879,30.939556121826172,1009.6077880859375,1011.1278076171875,1012.7373657226562,1013.6980590820312,1014.6587524414062,1016.2683715820312,1017.788330078125
2026-08-04 11:00:00+00:00,2026-08-04 19:00:00+00:00,live,dwd_forecast,2026-08-04 11:18:45.557789+00:00,1c7a531768d8,aa2bb212a704,21.551708221435547,22.13637924194336,22.80267906188965,23.216108322143555,23.629539489746094,24.295839309692383,24.880508422851562,17.687480926513672,19.76153564453125,22.18773078918457,23.713838577270508,25.239944458007812,27.666141510009766,29.740196228027344,1009.7272338867188,1011.3903198242188,1013.1040649414062,1014.1119995117188,1015.1199340820312,1016.833740234375,1018.496826171875
2026-08-04 11:00:00+00:00,2026-08-04 20:00:00+00:00,live,dwd_forecast,2026-08-04 11:18:45.557789+00:00,1c7a531768d8,aa2bb212a704,21.355226516723633,21.95088005065918,22.63063621520996,23.052719116210938,23.474803924560547,24.154560089111328,24.750213623046875,16.67694854736328,18.753873825073242,21.170608520507812,22.686580657958984,24.202550888061523,26.619285583496094,28.696212768554688,1010.0650024414062,1011.8401489257812,1013.6381225585938,1014.6858520507812,1015.7335205078125,1017.5315551757812,1019.3067016601562
2026-08-04 11:00:00+00:00,2026-08-04 21:00:00+00:00,live,dwd_forecast,2026-08-04 11:18:45.557789+00:00,1c7a531768d8,aa2bb212a704,21.103513717651367,21.7189884185791,22.425586700439453,22.8657169342041,23.30584716796875,24.01244354248047,24.627918243408203,15.66788101196289,17.764039993286133,20.162986755371094,21.654800415039062,23.146615982055664,25.545560836791992,27.6417236328125,1010.361328125,1012.2467651367188,1014.132080078125,1015.2230224609375,1016.31396484375,1018.1992797851562,1020.0846557617188
2026-08-04 11:00:00+00:00,2026-08-04 22:00:00+00:00,live,dwd_forecast,2026-08-04 11:18:45.557789+00:00,1c7a531768d8,aa2bb212a704,20.869234085083008,21.478187561035156,22.180713653564453,22.619422912597656,23.05813217163086,23.760656356811523,24.369611740112305,14.700945854187012,16.79991912841797,19.146316528320312,20.58755874633789,22.0288028717041,24.375200271606445,26.47417449951172,1010.7022705078125,1012.662353515625,1014.6212768554688,1015.75439453125,1016.8875122070312,1018.846435546875,1020.8065795898438
2026-08-04 11:00:00+00:00,2026-08-04 23:00:00+00:00,live,dwd_forecast,2026-08-04 11:18:45.557789+00:00,1c7a531768d8,aa2bb212a704,20.582077026367188,21.19879913330078,21.911792755126953,22.35753059387207,22.80327033996582,23.516263961791992,24.132984161376953,13.677302360534668,15.82199764251709,18.16655921936035,19.58977699279785,21.01299476623535,23.357555389404297,25.50225067138672,1010.8489990234375,1012.8855590820312,1014.9114990234375,1016.0805053710938,1017.24951171875,1019.2755126953125,1021.31201171875
2026-08-04 11:00:00+00:00,2026-08-05 00:00:00+00:00,live,dwd_forecast,2026-08-04 11:18:45.557789+00:00,1c7a531768d8,aa2bb212a704,20.309965133666992,20.931379318237305,21.65243911743164,22.104084014892578,22.555728912353516,23.27678680419922,23.898202896118164,12.908782005310059,15.122611999511719,17.464874267578125,18.862133026123047,20.25939178466797,22.601655960083008,24.815488815307617,1010.8280029296875,1012.9498291015625,1015.0738525390625,1016.3036499023438,1017.5333862304688,1019.6574096679688,1021.779296875
2026-08-04 11:00:00+00:00,2026-08-05 01:00:00+00:00,live,dwd_forecast,2026-08-04 11:18:45.557789+00:00,1c7a531768d8,aa2bb212a704,20.09125518798828,20.719982147216797,21.446800231933594,21.901161193847656,22.35552406311035,23.082340240478516,23.71106719970703,12.127544403076172,14.4224214553833,16.77743911743164,18.159439086914062,19.54143714904785,21.896453857421875,24.19133186340332,1010.6973876953125,1012.9234008789062,1015.13037109375,1016.4014892578125,1017.672607421875,1019.8795776367188,1022.1055908203125
2026-08-04 11:00:00+00:00,2026-08-05 02:00:00+00:00,live,dwd_forecast,2026-08-04 11:18:45.557789+00:00,1c7a531768d8,aa2bb212a704,19.9154109954834,20.55638313293457,21.292064666748047,21.7502498626709,22.208433151245117,22.944114685058594,23.5850887298584,11.65914249420166,14.01195240020752,16.374509811401367,17.744693756103516,19.114877700805664,21.477436065673828,23.830245971679688,1010.5145874023438,1012.843017578125,1015.1469116210938,1016.4724731445312,1017.7979736328125,1020.1018676757812,1022.4302978515625
2026-08-04 11:00:00+00:00,2026-08-05 03:00:00+00:00,live,dwd_forecast,2026-08-04 11:18:45.557789+00:00,1c7a531768d8,aa2bb212a704,19.879194259643555,20.504087448120117,21.219511032104492,21.664493560791016,22.10947608947754,22.824899673461914,23.449792861938477,11.297073364257812,13.763182640075684,16.189502716064453,17.581096649169922,18.97269058227539,21.39901351928711,23.865123748779297,1010.24658203125,1012.6864624023438,1015.0919799804688,1016.4732666015625,1017.8544921875,1020.260009765625,1022.6998901367188
2026-08-04 11:00:00+00:00,2026-08-05 04:00:00+00:00,live,dwd_forecast,2026-08-04 11:18:45.557789+00:00,1c7a531768d8,aa2bb212a704,19.85383415222168,20.482898712158203,21.198406219482422,21.64192008972168,22.085432052612305,22.800939559936523,23.430004119873047,11.228257179260254,13.751038551330566,16.22081756591797,17.633487701416016,19.04615592956543,21.515933990478516,24.03871726989746,1009.6943969726562,1012.2748413085938,1014.8502807617188,1016.3390502929688,1017.8278198242188,1020.4033203125,1022.9837036132812
2026-08-04 11:00:00+00:00,2026-08-05 05:00:00+00:00,live,dwd_forecast,2026-08-04 11:18:45.557789+00:00,1c7a531768d8,aa2bb212a704,19.961084365844727,20.572385787963867,21.265926361083984,21.69525146484375,22.124576568603516,22.818117141723633,23.429418563842773,11.654986381530762,14.212841987609863,16.789337158203125,18.28614044189453,19.782941818237305,22.359437942504883,24.91729736328125,1009.0509033203125,1011.849853515625,1014.623046875,1016.2196655273438,1017.8162841796875,1020.5894165039062,1023.3883666992188
2026-08-04 11:00:00+00:00,2026-08-05 06:00:00+00:00,live,dwd_forecast,2026-08-04 11:18:45.557789+00:00,1c7a531768d8,aa2bb212a704,20.068519592285156,20.684314727783203,21.375255584716797,21.800487518310547,22.225719451904297,22.91666030883789,23.532455444335938,12.484856605529785,15.057145118713379,17.733572006225586,19.3159236907959,20.89827537536621,23.574703216552734,26.14699363708496,1008.3519897460938,1011.35546875,1014.3052978515625,1015.9955444335938,1017.6858520507812,1020.6356811523438,1023.6390991210938
2026-08-04 11:00:00+00:00,2026-08-05 07:00:00+00:00,live,dwd_forecast,2026-08-04 11:18:45.557789+00:00,1c7a531768d8,aa2bb212a704,20.20562171936035,20.829038619995117,21.524484634399414,21.95117950439453,22.37787628173828,23.073318481445312,23.69673728942871,13.344876289367676,16.023338317871094,18.932397842407227,20.692190170288086,22.451982498168945,25.361042022705078,28.039505004882812,1007.6054077148438,1010.795166015625,1013.9229125976562,1015.7135620117188,1017.504150390625,1020.6319580078125,1023.8216552734375
2026-08-04 11:00:00+00:00,2026-08-05 08:00:00+00:00,live,dwd_forecast,2026-08-04 11:18:45.557789+00:00,1c7a531768d8,aa2bb212a704,20.411338806152344,21.031047821044922,21.72150993347168,22.144874572753906,22.568239212036133,23.25870132446289,23.87841033935547,14.432723045349121,17.180540084838867,20.264423370361328,22.16260528564453,24.060789108276367,27.144672393798828,29.892494201660156,1006.7249145507812,1010.1077270507812,1013.4204711914062,1015.3155517578125,1017.210693359375,1020.5233764648438,1023.90625
2026-08-04 11:00:00+00:00,2026-08-05 09:00:00+00:00,live,dwd_forecast,2026-08-04 11:18:45.557789+00:00,1c7a531768d8,aa2bb212a704,20.612964630126953,21.229694366455078,21.919198989868164,22.342741012573242,22.76628303527832,23.455785751342773,24.0725154876709,15.32434368133545,18.25232696533203,21.6425838470459,23.763757705688477,25.884931564331055,29.27518653869629,32.20317077636719,1005.9902954101562,1009.5018310546875,1012.9766235351562,1014.975830078125,1016.9750366210938,1020.4498291015625,1023.9613647460938
2026-08-04 11:00:00+00:00,2026-08-05 10:00:00+00:00,live,dwd_forecast,2026-08-04 11:18:45.557789+00:00,1c7a531768d8,aa2bb212a704,20.749576568603516,21.390291213989258,22.104888916015625,22.543289184570312,22.981691360473633,23.696287155151367,24.337003707885742,16.106775283813477,19.239416122436523,22.934284210205078,25.268388748168945,27.602493286132812,31.297359466552734,34.43000030517578,1005.21240234375,1008.842041015625,1012.44384765625,1014.5193481445312,1016.5948486328125,1020.1967163085938,1023.8262939453125
2026-08-04 11:00:00+00:00,2026-08-05 11:00:00+00:00,live,dwd_forecast,2026-08-04 11:18:45.557789+00:00,1c7a531768d8,aa2bb212a704,20.886938095092773,21.556821823120117,22.301525115966797,22.757614135742188,23.213701248168945,23.958404541015625,24.6282901763916,16.582653045654297,19.957277297973633,24.008319854736328,26.590892791748047,29.173465728759766,33.22450637817383,36.59913635253906,1004.4556884765625,1008.1925048828125,1011.9302368164062,1014.0933837890625,1016.256591796875,1019.9943237304688,1023.7311401367188
2026-08-04 11:00:00+00:00,2026-08-05 12:00:00+00:00,live,dwd_forecast,2026-08-04 11:18:45.557789+00:00,1c7a531768d8,aa2bb212a704,21.016508102416992,21.71061134338379,22.491260528564453,22.972299575805664,23.453338623046875,24.233985900878906,24.928091049194336,17.052804946899414,20.599424362182617,24.888259887695312,27.63280487060547,30.377347946166992,34.66618347167969,38.212806701660156,1003.7117919921875,1007.534423828125,1011.3933715820312,1013.6378784179688,1015.8824462890625,1019.7413940429688,1023.5640258789062
2026-08-04 11:00:00+00:00,2026-08-05 13:00:00+00:00,live,dwd_forecast,2026-08-04 11:18:45.557789+00:00,1c7a531768d8,aa2bb212a704,21.183095932006836,21.877490997314453,22.665319442749023,23.153018951416016,23.640718460083008,24.42854881286621,25.122943878173828,16.983774185180664,20.702518463134766,25.245264053344727,28.167499542236328,31.089736938476562,35.632484436035156,39.351226806640625,1003.0271606445312,1006.8883056640625,1010.851806640625,1013.1781005859375,1015.50439453125,1019.4678955078125,1023.3291015625
2026-08-04 11:00:00+00:00,2026-08-05 14:00:00+00:00,live,dwd_forecast,2026-08-04 11:18:45.557789+00:00,1c7a531768d8,aa2bb212a704,21.26785659790039,21.976306915283203,22.786701202392578,23.290529251098633,23.794357299804688,24.604751586914062,25.313203811645508,17.034107208251953,20.774368286132812,25.35968589782715,28.314708709716797,31.269733428955078,35.85504913330078,39.595314025878906,1002.2037353515625,1006.2469482421875,1010.3397827148438,1012.723876953125,1015.1079711914062,1019.2008056640625,1023.2440185546875
2026-08-04 11:00:00+00:00,2026-08-05 15:00:00+00:00,live,dwd_forecast,2026-08-04 11:18:45.557789+00:00,1c7a531768d8,aa2bb212a704,21.314266204833984,22.030988693237305,22.859642028808594,23.377702713012695,23.895763397216797,24.724414825439453,25.441139221191406,16.76592254638672,20.46095085144043,24.996082305908203,27.92051124572754,30.844940185546875,35.380069732666016,39.07509994506836,1001.7337646484375,1005.8272094726562,1010.015625,1012.4696044921875,1014.9236450195312,1019.112060546875,1023.2055053710938
2026-08-04 11:00:00+00:00,2026-08-05 16:00:00+00:00,live,dwd_forecast,2026-08-04 11:18:45.557789+00:00,1c7a531768d8,aa2bb212a704,21.32902717590332,22.058006286621094,22.90776824951172,23.441303253173828,23.974838256835938,24.824600219726562,25.553577423095703,16.401731491088867,19.996932983398438,24.379690170288086,27.19601058959961,30.0123291015625,34.395084381103516,37.99028778076172,1001.3287963867188,1005.4934692382812,1009.7881469726562,1012.3150634765625,1014.8419799804688,1019.13671875,1023.3013916015625
2026-08-04 11:00:00+00:00,2026-08-05 17:00:00+00:00,live,dwd_forecast,2026-08-04 11:18:45.557789+00:00,1c7a531768d8,aa2bb212a704,21.301353454589844,22.040172576904297,22.905467987060547,23.450088500976562,23.994707107543945,24.860002517700195,25.59882354736328,15.9105224609375,19.37013816833496,23.58562469482422,26.293798446655273,29.001972198486328,33.21746063232422,36.67707824707031,1001.36328125,1005.533447265625,1009.8534545898438,1012.4014892578125,1014.9495239257812,1019.26953125,1023.439697265625
2026-08-04 11:00:00+00:00,2026-08-05 18:00:00+00:00,live,dwd_forecast,2026-08-04 11:18:45.557789+00:00,1c7a531768d8,aa2bb212a704,21.2835636138916,22.012205123901367,22.867595672607422,23.406641006469727,23.94568634033203,24.801076889038086,25.52971839904785,15.408127784729004,18.736614227294922,22.78019142150879,25.373918533325195,27.9676456451416,32.0112190246582,35.33971405029297,1001.4920043945312,1005.6817016601562,1010.006591796875,1012.5526123046875,1015.0986328125,1019.4234619140625,1023.6131591796875
2026-08-04 11:00:00+00:00,2026-08-05 19:00:00+00:00,live,dwd_forecast,2026-08-04 11:18:45.557789+00:00,1c7a531768d8,aa2bb212a704,21.155410766601562,21.883174896240234,22.742271423339844,23.28521156311035,23.828149795532227,24.687246322631836,25.41501235961914,14.867856979370117,18.110939025878906,21.965055465698242,24.40931510925293,26.853572845458984,30.70768928527832,33.95077133178711,1001.8924560546875,1006.1138305664062,1010.4935302734375,1013.0787963867188,1015.6641235351562,1020.0437622070312,1024.26513671875
2026-08-04 11:00:00+00:00,2026-08-05 20:00:00+00:00,live,dwd_forecast,2026-08-04 11:18:45.557789+00:00,1c7a531768d8,aa2bb212a704,21.03883934020996,21.76081657409668,22.610929489135742,23.147485733032227,23.684043884277344,24.534156799316406,25.256134033203125,14.28515338897705,17.365848541259766,21.000980377197266,23.2978458404541,25.594711303710938,29.22984504699707,32.310543060302734,1002.44921875,1006.6724853515625,1011.062744140625,1013.6571044921875,1016.25146484375,1020.6417236328125,1024.864990234375
2026-08-04 11:00:00+00:00,2026-08-05 21:00:00+00:00,live,dwd_forecast,2026-08-04 11:18:45.557789+00:00,1c7a531768d8,aa2bb212a704,20.886974334716797,21.5992374420166,22.442459106445312,22.97616195678711,23.509864807128906,24.353084564208984,25.065349578857422,13.601166725158691,16.54912757873535,20.003938674926758,22.179126739501953,24.35431671142578,27.809125900268555,30.75708770751953,1002.9619140625,1007.1919555664062,1011.5928955078125,1014.1947631835938,1016.796630859375,1021.1976318359375,1025.4276123046875
2026-08-04 11:00:00+00:00,2026-08-05 22:00:00+00:00,live,dwd_forecast,2026-08-04 11:18:45.557789+00:00,1c7a531768d8,aa2bb212a704,20.667470932006836,21.38184928894043,22.222688674926758,22.753284454345703,23.28388023376465,24.12472152709961,24.839099884033203,12.909737586975098,15.76473617553711,19.055885314941406,21.11029624938965,23.164705276489258,26.455854415893555,29.310853958129883,1003.4894409179688,1007.7467041015625,1012.1577758789062,1014.7598266601562,1017.3618774414062,1021.77294921875,1026.0302734375
2026-08-04 11:00:00+00:00,2026-08-05 23:00:00+00:00,live,dwd_forecast,2026-08-04 11:18:45.557789+00:00,1c7a531768d8,aa2bb212a704,20.465227127075195,21.158172607421875,21.975305557250977,22.491443634033203,23.00758171081543,23.82471466064453,24.51766014099121,12.386595726013184,15.152727127075195,18.28801727294922,20.22789764404297,22.16777801513672,25.303068161010742,28.069202423095703,1003.9027099609375,1008.152587890625,1012.5638427734375,1015.1685180664062,1017.7731323242188,1022.1844482421875,1026.434326171875
2026-08-04 11:00:00+00:00,2026-08-06 00:00:00+00:00,live,dwd_forecast,2026-08-04 11:18:45.557789+00:00,1c7a531768d8,aa2bb212a704,20.2386474609375,20.920490264892578,21.722339630126953,22.228103637695312,22.733867645263672,23.535717010498047,24.217559814453125,11.726325035095215,14.472116470336914,17.523624420166016,19.392181396484375,21.260740280151367,24.31224822998047,27.058040618896484,1004.0204467773438,1008.373046875,1012.8619384765625,1015.503173828125,1018.1444091796875,1022.6332397460938,1026.98583984375
2026-08-04 11:00:00+00:00,2026-08-06 01:00:00+00:00,live,dwd_forecast,2026-08-04 11:18:45.557789+00:00,1c7a531768d8,aa2bb212a704,20.037498474121094,20.71721076965332,21.512229919433594,22.012271881103516,22.51231575012207,23.30733299255371,23.987045288085938,11.11432933807373,13.933134078979492,16.993146896362305,18.843780517578125,20.694414138793945,23.754426956176758,26.573232650756836,1004.1015625,1008.4866943359375,1013.0150756835938,1015.6814575195312,1018.3478393554688,1022.8761596679688,1027.2613525390625
2026-08-04 11:00:00+00:00,2026-08-06 02:00:00+00:00,live,dwd_forecast,2026-08-04 11:18:45.557789+00:00,1c7a531768d8,aa2bb212a704,19.916400909423828,20.58854866027832,21.371543884277344,21.86298942565918,22.354434967041016,23.137432098388672,23.809579849243164,10.65290355682373,13.528973579406738,16.60087776184082,18.442710876464844,20.2845458984375,23.3564510345459,26.232521057128906,1003.9898071289062,1008.4340209960938,1013.0206298828125,1015.720458984375,1018.4202880859375,1023.0069580078125,1027.451171875
2026-08-04 11:00:00+00:00,2026-08-06 03:00:00+00:00,live,dwd_forecast,2026-08-04 11:18:45.557789+00:00,1c7a531768d8,aa2bb212a704,19.812408447265625,20.487133026123047,21.267160415649414,21.754798889160156,22.242435455322266,23.022462844848633,23.697187423706055,10.304964065551758,13.243827819824219,16.37879753112793,18.257160186767578,20.135522842407227,23.270490646362305,26.2093563079834,1003.844482421875,1008.3118286132812,1012.9188232421875,1015.6295166015625,1018.3402709960938,1022.947265625,1027.41455078125
2026-08-04 11:00:00+00:00,2026-08-06 04:00:00+00:00,live,dwd_forecast,2026-08-04 11:18:45.557789+00:00,1c7a531768d8,aa2bb212a704,19.800182342529297,20.46660041809082,21.230133056640625,21.705224990844727,22.180315017700195,22.94384765625,23.610265731811523,10.471857070922852,13.39545726776123,16.556297302246094,18.463760375976562,20.37122344970703,23.53206443786621,26.45566749572754,1003.4039916992188,1008.000244140625,1012.7275390625,1015.5050048828125,1018.282470703125,1023.0097045898438,1027.60595703125
2026-08-04 11:00:00+00:00,2026-08-06 05:00:00+00:00,live,dwd_forecast,2026-08-04 11:18:45.557789+00:00,1c7a531768d8,aa2bb212a704,19.836318969726562,20.499006271362305,21.256114959716797,21.72650909423828,22.196901321411133,22.954010009765625,23.616697311401367,10.768513679504395,13.762622833251953,17.057159423828125,19.063955307006836,21.07075309753418,24.36528968811035,27.359399795532227,1003.0408325195312,1007.7130126953125,1012.5198974609375,1015.3446655273438,1018.1693725585938,1022.9762573242188,1027.6484375
2026-08-04 11:00:00+00:00,2026-08-06 06:00:00+00:00,live,dwd_forecast,2026-08-04 11:18:45.557789+00:00,1c7a531768d8,aa2bb212a704,19.93282127380371,20.59316635131836,21.343711853027344,21.808767318725586,22.273822784423828,23.024368286132812,23.684715270996094,11.215837478637695,14.312254905700684,17.80052375793457,19.95187759399414,22.103233337402344,25.591501235961914,28.68792152404785,1002.5989379882812,1007.3359375,1012.2201538085938,1015.09375,1017.9673461914062,1022.8515625,1027.588623046875
2026-08-04 11:00:00+00:00,2026-08-06 07:00:00+00:00,live,dwd_forecast,2026-08-04 11:18:45.557789+00:00,1c7a531768d8,aa2bb212a704,20.047697067260742,20.710540771484375,21.464162826538086,21.931203842163086,22.398242950439453,23.151866912841797,23.81471061706543,11.681913375854492,15.014067649841309,18.84864044189453,21.240110397338867,23.63157844543457,27.466150283813477,30.798307418823242,1002.1769409179688,1006.9315185546875,1011.8796997070312,1014.8054809570312,1017.7312622070312,1022.679443359375,1027.43408203125
2026-08-04 11:00:00+00:00,2026-08-06 08:00:00+00:00,live,dwd_forecast,2026-08-04 11:18:45.557789+00:00,1c7a531768d8,aa2bb212a704,20.224340438842773,20.885154724121094,21.636398315429688,22.10194206237793,22.56748390197754,23.318727493286133,23.979543685913086,12.348420143127441,15.861417770385742,19.988399505615234,22.59007453918457,25.191749572753906,29.318729400634766,32.831729888916016,1001.584716796875,1006.4456176757812,1011.4818725585938,1014.4525756835938,1017.4232788085938,1022.4595947265625,1027.3204345703125
2026-08-04 11:00:00+00:00,2026-08-06 09:00:00+00:00,live,dwd_forecast,2026-08-04 11:18:45.557789+00:00,1c7a531768d8,aa2bb212a704,20.389455795288086,21.060474395751953,21.825603485107422,22.30049705505371,22.775388717651367,23.54051971435547,24.211538314819336,12.95919418334961,16.769073486328125,21.297988891601562,24.170595169067383,27.043201446533203,31.57211685180664,35.381996154785156,1000.9747314453125,1005.8984375,1011.0498657226562,1014.1045532226562,1017.1592407226562,1022.3106689453125,1027.234375
2026-08-04 11:00:00+00:00,2026-08-06 10:00:00+00:00,live,dwd_forecast,2026-08-04 11:18:45.557789+00:00,1c7a531768d8,aa2bb212a704,20.496213912963867,21.193470001220703,21.987178802490234,22.479372024536133,22.97156524658203,23.76527214050293,24.4625301361084,13.3860445022583,17.475605010986328,22.411745071411133,25.567466735839844,28.723190307617188,33.65932846069336,37.7488899230957,1000.431884765625,1005.3841552734375,1010.5867919921875,1013.6786499023438,1016.7705078125,1021.9730834960938,1026.9254150390625
2026-08-04 11:00:00+00:00,2026-08-06 11:00:00+00:00,live,dwd_forecast,2026-08-04 11:18:45.557789+00:00,1c7a531768d8,aa2bb212a704,20.64507293701172,21.351226806640625,22.156187057495117,22.655723571777344,23.155258178710938,23.96021842956543,24.666372299194336,13.971487998962402,18.266841888427734,23.51568603515625,26.892702102661133,30.26972007751465,35.51856231689453,39.81391525268555,999.79150390625,1004.82373046875,1010.1165771484375,1013.2640991210938,1016.4115600585938,1021.7044067382812,1026.736572265625
2026-08-04 11:00:00+00:00,2026-08-06 12:00:00+00:00,live,dwd_forecast,2026-08-04 11:18:45.557789+00:00,1c7a531768d8,aa2bb212a704,20.70705795288086,21.452388763427734,22.30239486694336,22.830013275146484,23.357629776000977,24.207637786865234,24.95296859741211,14.072810173034668,18.606760025024414,24.205669403076172,27.82741928100586,31.449167251586914,37.04807662963867,41.58203125,998.9346313476562,1004.0877075195312,1009.5205688476562,1012.7553100585938,1015.9901123046875,1021.4229736328125,1026.5760498046875
2026-08-04 11:00:00+00:00,2026-08-06 13:00:00+00:00,live,dwd_forecast,2026-08-04 11:18:45.557789+00:00,1c7a531768d8,aa2bb212a704,20.77764129638672,21.53670310974121,22.407743453979492,22.95016860961914,23.492595672607422,24.363636016845703,25.122699737548828,14.278491973876953,18.933757781982422,24.699026107788086,28.433883666992188,32.168739318847656,37.93400955200195,42.589271545410156,998.38037109375,1003.5718383789062,1009.0911865234375,1012.3922119140625,1015.6932983398438,1021.212646484375,1026.4041748046875
2026-08-04 11:00:00+00:00,2026-08-06 14:00:00+00:00,live,dwd_forecast,2026-08-04 11:18:45.557789+00:00,1c7a531768d8,aa2bb212a704,20.880950927734375,21.650833129882812,22.533863067626953,23.0836181640625,23.63337516784668,24.516403198242188,25.28628921508789,14.28750228881836,18.99523162841797,24.829816818237305,28.61102867126465,32.39223861694336,38.22682571411133,42.9345588684082,997.6597290039062,1002.9418334960938,1008.5521850585938,1011.906005859375,1015.2598876953125,1020.8702392578125,1026.15234375
2026-08-04 11:00:00+00:00,2026-08-06 15:00:00+00:00,live,dwd_forecast,2026-08-04 11:18:45.557789+00:00,1c7a531768d8,aa2bb212a704,20.897064208984375,21.682804107666016,22.587369918823242,23.151626586914062,23.715885162353516,24.620450973510742,25.406190872192383,14.085902214050293,18.74163055419922,24.520891189575195,28.269289016723633,32.01768493652344,37.79694747924805,42.45267868041992,997.2186279296875,1002.5283813476562,1008.2185668945312,1011.6362915039062,1015.0540771484375,1020.7442626953125,1026.053955078125
2026-08-04 11:00:00+00:00,2026-08-06 16:00:00+00:00,live,dwd_forecast,2026-08-04 11:18:45.557789+00:00,1c7a531768d8,aa2bb212a704,20.86968231201172,21.66876792907715,22.589920043945312,23.16492462158203,23.73992919921875,24.661081314086914,25.460166931152344,14.001372337341309,18.471195220947266,24.00301742553711,27.58539581298828,31.167774200439453,36.6995964050293,41.1694221496582,996.844970703125,1002.2933349609375,1008.0756225585938,1011.5307006835938,1014.9857788085938,1020.7680053710938,1026.2164306640625
2026-08-04 11:00:00+00:00,2026-08-06 17:00:00+00:00,live,dwd_forecast,2026-08-04 11:18:45.557789+00:00,1c7a531768d8,aa2bb212a704,20.82379150390625,21.63288116455078,22.56889533996582,23.15426254272461,23.7396297454834,24.67564582824707,25.4847354888916,13.701570510864258,17.988744735717773,23.270204544067383,26.682392120361328,30.094581604003906,35.37603759765625,39.66321563720703,996.930908203125,1002.3075561523438,1008.0682373046875,1011.5279541015625,1014.9876708984375,1020.748291015625,1026.125
2026-08-04 11:00:00+00:00,2026-08-06 18:00:00+00:00,live,dwd_forecast,2026-08-04 11:18:45.557789+00:00,1c7a531768d8,aa2bb212a704,20.71868133544922,21.533676147460938,22.478900909423828,23.070804595947266,23.662710189819336,24.607934951782227,25.422929763793945,13.445653915405273,17.511669158935547,22.480527877807617,25.677490234375,28.874454498291016,33.84331130981445,37.909332275390625,997.0364379882812,1002.478759765625,1008.3013305664062,1011.79541015625,1015.2894897460938,1021.112060546875,1026.554443359375
2026-08-04 11:00:00+00:00,2026-08-06 19:00:00+00:00,live,dwd_forecast,2026-08-04 11:18:45.557789+00:00,1c7a531768d8,aa2bb212a704,20.528873443603516,21.358375549316406,22.318069458007812,22.91826820373535,23.51846694946289,24.478160858154297,25.307662963867188,13.042817115783691,16.905729293823242,21.628856658935547,24.668542861938477,27.708229064941406,32.431358337402344,36.294273376464844,997.3602905273438,1002.84765625,1008.68994140625,1012.1868896484375,1015.683837890625,1021.526123046875,1027.0135498046875
2026-08-04 11:00:00+00:00,2026-08-06 20:00:00+00:00,live,dwd_forecast,2026-08-04 11:18:45.557789+00:00,1c7a531768d8,aa2bb212a704,20.43459701538086,21.247413635253906,22.191694259643555,22.783527374267578,23.37535858154297,24.31964111328125,25.132457733154297,12.75261116027832,16.38746452331543,20.801799774169922,23.632883071899414,26.463966369628906,30.8783016204834,34.513153076171875,997.8250122070312,1003.3641357421875,1009.2906494140625,1012.8473510742188,1016.404052734375,1022.33056640625,1027.8697509765625
2026-08-04 11:00:00+00:00,2026-08-06 21:00:00+00:00,live,dwd_forecast,2026-08-04 11:18:45.557789+00:00,1c7a531768d8,aa2bb212a704,20.286266326904297,21.078203201293945,21.99812126159668,22.57465171813965,23.151182174682617,24.07110023498535,24.863037109375,12.460050582885742,15.854942321777344,19.95531463623047,22.577613830566406,25.199913024902344,29.300283432006836,32.6951789855957,998.3606567382812,1003.9010620117188,1009.8209838867188,1013.3711547851562,1016.9213256835938,1022.8412475585938,1028.381591796875
2026-08-04 11:00:00+00:00,2026-08-06 22:00:00+00:00,live,dwd_forecast,2026-08-04 11:18:45.557789+00:00,1c7a531768d8,aa2bb212a704,20.073627471923828,20.841075897216797,21.734167098999023,22.294410705566406,22.85465431213379,23.747745513916016,24.515193939208984,11.870849609375,15.110848426818848,18.998607635498047,21.476539611816406,23.954471588134766,27.842227935791016,31.082231521606445,998.7726440429688,1004.4102783203125,1010.3807373046875,1013.9441528320312,1017.5076293945312,1023.4780883789062,1029.11572265625
2026-08-04 11:00:00+00:00,2026-08-06 23:00:00+00:00,live,dwd_forecast,2026-08-04 11:18:45.557789+00:00,1c7a531768d8,aa2bb212a704,19.838054656982422,20.603071212768555,21.48649787902832,22.038455963134766,22.590415954589844,23.473840713500977,24.23885726928711,11.288846015930176,14.428330421447754,18.149730682373047,20.506669998168945,22.86360740661621,26.58500862121582,29.72449493408203,999.3883056640625,1004.9815673828125,1010.9000854492188,1014.4310302734375,1017.9619140625,1023.8804321289062,1029.4737548828125
2026-08-04 11:00:00+00:00,2026-08-07 00:00:00+00:00,live,dwd_forecast,2026-08-04 11:18:45.557789+00:00,1c7a531768d8,aa2bb212a704,19.6502742767334,20.39797592163086,21.259319305419922,21.79680061340332,22.334280014038086,23.19562339782715,23.943326950073242,10.932550430297852,13.952468872070312,17.484840393066406,19.706653594970703,21.928466796875,25.46083641052246,28.480756759643555,999.72509765625,1005.3038940429688,1011.2288818359375,1014.7706298828125,1018.3123168945312,1024.2373046875,1029.816162109375
2026-08-04 11:00:00+00:00,2026-08-07 01:00:00+00:00,live,dwd_forecast,2026-08-04 11:18:45.557789+00:00,1c7a531768d8,aa2bb212a704,19.43402862548828,20.174829483032227,21.021406173706055,21.547460556030273,22.07351303100586,22.920089721679688,23.660890579223633,10.196242332458496,13.254402160644531,16.768367767333984,18.95816421508789,21.147958755493164,24.661924362182617,27.72008514404297,999.8560180664062,1005.506591796875,1011.4620971679688,1015.0075073242188,1018.5529174804688,1024.5084228515625,1030.1590576171875
2026-08-04 11:00:00+00:00,2026-08-07 02:00:00+00:00,live,dwd_forecast,2026-08-04 11:18:45.557789+00:00,1c7a531768d8,aa2bb212a704,19.27710723876953,20.012475967407227,20.850866317749023,21.371191024780273,21.891515731811523,22.72990608215332,23.46527671813965,9.886717796325684,12.890128135681152,16.345752716064453,18.50067901611328,20.65560531616211,24.111228942871094,27.114641189575195,999.7368774414062,1005.3988037109375,1011.4124145507812,1015.0072631835938,1018.60205078125,1024.61572265625,1030.277587890625
2026-08-04 11:00:00+00:00,2026-08-07 03:00:00+00:00,live,dwd_forecast,2026-08-04 11:18:45.557789+00:00,1c7a531768d8,aa2bb212a704,19.140039443969727,19.876821517944336,20.7114315032959,21.227663040161133,21.743894577026367,22.57850456237793,23.31528663635254,9.559953689575195,12.63962173461914,16.154722213745117,18.337566375732422,20.520410537719727,24.03550910949707,27.11518096923828,999.66357421875,1005.3711547851562,1011.42724609375,1015.0455322265625,1018.663818359375,1024.719970703125,1030.427490234375
2026-08-04 11:00:00+00:00,2026-08-07 04:00:00+00:00,live,dwd_forecast,2026-08-04 11:18:45.557789+00:00,1c7a531768d8,aa2bb212a704,19.09583854675293,19.832773208618164,20.664520263671875,21.17799949645996,21.691476821899414,22.523225784301758,23.260160446166992,9.411438941955566,12.604857444763184,16.260780334472656,18.53466033935547,20.80854034423828,24.46446418762207,27.657886505126953,999.4331665039062,1005.1729736328125,1011.2828979492188,1014.9395751953125,1018.5962524414062,1024.7061767578125,1030.446044921875
2026-08-04 11:00:00+00:00,2026-08-07 05:00:00+00:00,live,dwd_forecast,2026-08-04 11:18:45.557789+00:00,1c7a531768d8,aa2bb212a704,19.075572967529297,19.825841903686523,20.669540405273438,21.189393997192383,21.709245681762695,22.55294418334961,23.30321502685547,9.480119705200195,12.860274314880371,16.746137619018555,19.168310165405273,21.590484619140625,25.476346969604492,28.856504440307617,999.31640625,1005.0433349609375,1011.1526489257812,1014.813232421875,1018.4737548828125,1024.5831298828125,1030.31005859375
2026-08-04 11:00:00+00:00,2026-08-07 06:00:00+00:00,live,dwd_forecast,2026-08-04 11:18:45.557789+00:00,1c7a531768d8,aa2bb212a704,19.134830474853516,19.891443252563477,20.737407684326172,21.257083892822266,21.776758193969727,22.622722625732422,23.379335403442383,9.932957649230957,13.45737075805664,17.563928604125977,20.141693115234375,22.71945571899414,26.826013565063477,30.35042953491211,998.89501953125,1004.72216796875,1010.9248046875,1014.6369018554688,1018.3489990234375,1024.5516357421875,1030.3787841796875
2026-08-04 11:00:00+00:00,2026-08-07 07:00:00+00:00,live,dwd_forecast,2026-08-04 11:18:45.557789+00:00,1c7a531768d8,aa2bb212a704,19.213180541992188,19.981170654296875,20.838855743408203,21.365406036376953,21.891958236694336,22.749643325805664,23.51763343811035,10.36453914642334,14.157971382141113,18.611452102661133,21.417987823486328,24.224523544311523,28.678001403808594,32.471439361572266,998.7427368164062,1004.5418090820312,1010.7184448242188,1014.4163208007812,1018.1141967773438,1024.2908935546875,1030.0899658203125
2026-08-04 11:00:00+00:00,2026-08-07 08:00:00+00:00,live,dwd_forecast,2026-08-04 11:18:45.557789+00:00,1c7a531768d8,aa2bb212a704,19.333215713500977,20.112424850463867,20.97739028930664,21.50672149658203,22.036052703857422,22.901020050048828,23.68022918701172,11.166953086853027,15.12228775024414,19.83905792236328,22.83574104309082,25.832426071166992,30.549196243286133,34.50453567504883,998.3049926757812,1004.1754760742188,1010.4130249023438,1014.1424560546875,1017.871826171875,1024.109375,1029.9798583984375
2026-08-04 11:00:00+00:00,2026-08-07 09:00:00+00:00,live,dwd_forecast,2026-08-04 11:18:45.557789+00:00,1c7a531768d8,aa2bb212a704,19.50901222229004,20.288320541381836,21.15530776977539,21.686492919921875,22.21767807006836,23.08466339111328,23.86397361755371,11.822985649108887,16.076045989990234,21.189254760742188,24.451501846313477,27.7137508392334,32.82695770263672,37.08002471923828,997.843017578125,1003.7614135742188,1010.0665283203125,1013.8417358398438,1017.6168823242188,1023.9219970703125,1029.8404541015625
2026-08-04 11:00:00+00:00,2026-08-07 10:00:00+00:00,live,dwd_forecast,2026-08-04 11:18:45.557789+00:00,1c7a531768d8,aa2bb212a704,19.650676727294922,20.44400978088379,21.327180862426758,21.868471145629883,22.409759521484375,23.292932510375977,24.086265563964844,12.433372497558594,16.892786026000977,22.34528160095215,25.854385375976562,29.363489151000977,34.81598663330078,39.27539825439453,997.3490600585938,1003.3560791015625,1009.6812744140625,1013.4448852539062,1017.20849609375,1023.53369140625,1029.5406494140625
2026-08-04 11:00:00+00:00,2026-08-07 11:00:00+00:00,live,dwd_forecast,2026-08-04 11:18:45.557789+00:00,1c7a531768d8,aa2bb212a704,19.737642288208008,20.55854034423828,21.47357940673828,22.034780502319336,22.59598159790039,23.51102066040039,24.331920623779297,13.007814407348633,17.695955276489258,23.438467025756836,27.137653350830078,30.836837768554688,36.579349517822266,41.267494201660156,997.1460571289062,1003.03466796875,1009.3226318359375,1013.0921630859375,1016.8617553710938,1023.1497192382812,1029.038330078125
2026-08-04 11:00:00+00:00,2026-08-07 12:00:00+00:00,live,dwd_forecast,2026-08-04 11:18:45.557789+00:00,1c7a531768d8,aa2bb212a704,19.887765884399414,20.71387481689453,21.640277862548828,22.210254669189453,22.780229568481445,23.706632614135742,24.532743453979492,13.339421272277832,18.213573455810547,24.236156463623047,28.133150100708008,32.03014373779297,38.05272674560547,42.926883697509766,996.5803833007812,1002.5161743164062,1008.8313598632812,1012.6099243164062,1016.388427734375,1022.7036743164062,1028.639404296875
2026-08-04 11:00:00+00:00,2026-08-07 13:00:00+00:00,live,dwd_forecast,2026-08-04 11:18:45.557789+00:00,1c7a531768d8,aa2bb212a704,19.958498001098633,20.80036735534668,21.749303817749023,22.33472442626953,22.92014503479004,23.869083404541016,24.710952758789062,13.53867244720459,18.558780670166016,24.77754020690918,28.806743621826172,32.8359489440918,39.05470657348633,44.0748176574707,995.9122314453125,1002.0018920898438,1008.4203491210938,1012.241455078125,1016.0625610351562,1022.4810180664062,1028.5706787109375
2026-08-04 11:00:00+00:00,2026-08-07 14:00:00+00:00,live,dwd_forecast,2026-08-04 11:18:45.557789+00:00,1c7a531768d8,aa2bb212a704,20.040964126586914,20.89130210876465,21.852100372314453,22.445589065551758,23.039079666137695,23.9998779296875,24.850215911865234,13.541666984558105,18.59988021850586,24.86519432067871,28.924345016479492,32.98349380493164,39.248809814453125,44.30702209472656,995.7068481445312,1001.7443237304688,1008.0751953125,1011.833740234375,1015.59228515625,1021.9231567382812,1027.960693359375
2026-08-04 11:00:00+00:00,2026-08-07 15:00:00+00:00,live,dwd_forecast,2026-08-04 11:18:45.557789+00:00,1c7a531768d8,aa2bb212a704,20.084152221679688,20.943939208984375,21.918651580810547,22.52178955078125,23.124927520751953,24.099641799926758,24.959426879882812,13.412613868713379,18.402774810791016,24.578495025634766,28.577838897705078,32.57718276977539,38.752899169921875,43.743064880371094,995.6453857421875,1001.5835571289062,1007.8863525390625,1011.6527099609375,1015.4190673828125,1021.7218627929688,1027.6600341796875
2026-08-04 11:00:00+00:00,2026-08-07 16:00:00+00:00,live,dwd_forecast,2026-08-04 11:18:45.557789+00:00,1c7a531768d8,aa2bb212a704,20.066715240478516,20.937868118286133,21.932313919067383,22.549896240234375,23.167478561401367,24.161924362182617,25.033077239990234,13.130411148071289,17.98174285888672,23.978988647460938,27.86053466796875,31.742080688476562,37.73932647705078,42.590660095214844,995.4524536132812,1001.465576171875,1007.7805786132812,1011.5327758789062,1015.2849731445312,1021.5999755859375,1027.613037109375
2026-08-04 11:00:00+00:00,2026-08-07 17:00:00+00:00,live,dwd_forecast,2026-08-04 11:18:45.557789+00:00,1c7a531768d8,aa2bb212a704,20.008203506469727,20.891813278198242,21.898908615112305,22.523836135864258,23.14876365661621,24.155860900878906,25.039470672607422,12.879942893981934,17.49770164489746,23.186710357666016,26.8623104095459,30.53790855407715,36.2269172668457,40.84467315673828,995.6365966796875,1001.61376953125,1007.8978881835938,1011.6339111328125,1015.3699340820312,1021.6539916992188,1027.6312255859375
2026-08-04 11:00:00+00:00,2026-08-07 18:00:00+00:00,live,dwd_forecast,2026-08-04 11:18:45.557789+00:00,1c7a531768d8,aa2bb212a704,19.950729370117188,20.835426330566406,21.846017837524414,22.473848342895508,23.101680755615234,24.11227035522461,24.996967315673828,12.565569877624512,16.938228607177734,22.3113956451416,25.778324127197266,29.245250701904297,34.61841583251953,38.9910774230957,995.9550170898438,1001.8743896484375,1008.1339721679688,1011.8670654296875,1015.60009765625,1021.8596801757812,1027.7791748046875
2026-08-04 11:00:00+00:00,2026-08-07 19:00:00+00:00,live,dwd_forecast,2026-08-04 11:18:45.557789+00:00,1c7a531768d8,aa2bb212a704,19.783597946166992,20.68592071533203,21.713481903076172,22.350830078125,22.988176345825195,24.015737533569336,24.918060302734375,12.070316314697266,16.28463363647461,21.42930030822754,24.73758888244629,28.045879364013672,33.19054412841797,37.40486145019531,996.3379516601562,1002.2951049804688,1008.5887451171875,1012.3402709960938,1016.091796875,1022.3854370117188,1028.342529296875
2026-08-04 11:00:00+00:00,2026-08-07 20:00:00+00:00,live,dwd_forecast,2026-08-04 11:18:45.557789+00:00,1c7a531768d8,aa2bb212a704,19.610347747802734,20.523775100708008,21.56084442138672,22.20307159423828,22.845294952392578,23.882366180419922,24.795795440673828,11.800317764282227,15.72673225402832,20.514192581176758,23.59087562561035,26.667558670043945,31.45501708984375,35.381431579589844,996.9268798828125,1002.9341430664062,1009.1956176757812,1012.9010009765625,1016.6063842773438,1022.8677978515625,1028.8751220703125
2026-08-04 11:00:00+00:00,2026-08-07 21:00:00+00:00,live,dwd_forecast,2026-08-04 11:18:45.557789+00:00,1c7a531768d8,aa2bb212a704,19.456661224365234,20.3468017578125,21.360122680664062,21.98851776123047,22.616912841796875,23.630233764648438,24.520374298095703,11.417061805725098,15.143308639526367,19.622596740722656,22.480213165283203,25.33782958984375,29.81711769104004,33.543365478515625,997.3545532226562,1003.4701538085938,1009.787353515625,1013.5076904296875,1017.22802734375,1023.5452880859375,1029.660888671875
2026-08-04 11:00:00+00:00,2026-08-07 22:00:00+00:00,live,dwd_forecast,2026-08-04 11:18:45.557789+00:00,1c7a531768d8,aa2bb212a704,19.253671646118164,20.127079010009766,21.114009857177734,21.723661422729492,22.333314895629883,23.32024574279785,24.193653106689453,10.881479263305664,14.450764656066895,18.699237823486328,21.395797729492188,24.09235954284668,28.340829849243164,31.910120010375977,998.0794677734375,1004.1171875,1010.3978271484375,1014.110595703125,1017.8233032226562,1024.10400390625,1030.1417236328125
2026-08-04 11:00:00+00:00,2026-08-07 23:00:00+00:00,live,dwd_forecast,2026-08-04 11:18:45.557789+00:00,1c7a531768d8,aa2bb212a704,19.049503326416016,19.910625457763672,20.872777938842773,21.46361541748047,22.05445098876953,23.016605377197266,23.877727508544922,10.288212776184082,13.746068000793457,17.811735153198242,20.375892639160156,22.940048217773438,27.005714416503906,30.463571548461914,998.4552001953125,1004.4844970703125,1010.7564086914062,1014.4639892578125,1018.1715698242188,1024.4434814453125,1030.4727783203125
2026-08-04 11:00:00+00:00,2026-08-08 00:00:00+00:00,live,dwd_forecast,2026-08-04 11:18:45.557789+00:00,1c7a531768d8,aa2bb212a704,18.8177490234375,19.670473098754883,20.615764617919922,21.193838119506836,21.77191162109375,22.71720314025879,23.569927215576172,9.970937728881836,13.303437232971191,17.15829086303711,19.56891632080078,21.97953987121582,25.834392547607422,29.166893005371094,998.7557983398438,1004.8042602539062,1011.1195678710938,1014.8602294921875,1018.6008911132812,1024.9161376953125,1030.9647216796875
2026-08-04 11:00:00+00:00,2026-08-08 01:00:00+00:00,live,dwd_forecast,2026-08-04 11:18:45.557789+00:00,1c7a531768d8,aa2bb212a704,18.56529998779297,19.42862319946289,20.373926162719727,20.9482421875,21.522560119628906,22.467863082885742,23.331186294555664,9.488761901855469,12.788434028625488,16.546327590942383,18.87724494934082,21.208160400390625,24.966054916381836,28.265727996826172,998.9146728515625,1005.0228271484375,1011.3322143554688,1015.0479125976562,1018.7636108398438,1025.072998046875,1031.18115234375
2026-08-04 11:00:00+00:00,2026-08-08 02:00:00+00:00,live,dwd_forecast,2026-08-04 11:18:45.557789+00:00,1c7a531768d8,aa2bb212a704,18.369037628173828,19.239173889160156,20.17923355102539,20.746309280395508,21.313385009765625,22.253442764282227,23.123580932617188,9.044180870056152,12.336129188537598,16.06845474243164,18.378074645996094,20.687694549560547,24.420019149780273,27.71196937561035,999.01953125,1005.0946044921875,1011.3883056640625,1015.1005859375,1018.8128662109375,1025.1065673828125,1031.181640625
2026-08-04 11:00:00+00:00,2026-08-08 03:00:00+00:00,live,dwd_forecast,2026-08-04 11:18:45.557789+00:00,1c7a531768d8,aa2bb212a704,18.23650360107422,19.10888671875,20.047374725341797,20.61222267150879,21.17707061767578,22.11556053161621,22.987945556640625,8.770018577575684,12.090907096862793,15.828028678894043,18.13155746459961,20.435087203979492,24.172210693359375,27.493099212646484,998.9077758789062,1005.0630493164062,1011.404052734375,1015.1329345703125,1018.8617553710938,1025.2027587890625,1031.3580322265625
2026-08-04 11:00:00+00:00,2026-08-08 04:00:00+00:00,live,dwd_forecast,2026-08-04 11:18:45.557789+00:00,1c7a531768d8,aa2bb212a704,18.151905059814453,19.031551361083984,19.977909088134766,20.54751205444336,21.117115020751953,22.063472747802734,22.943119049072266,8.648850440979004,12.039959907531738,15.884910583496094,18.26428985595703,20.64366912841797,24.488616943359375,27.879730224609375,998.8157958984375,1004.96923828125,1011.3001098632812,1015.0203247070312,1018.7406005859375,1025.0714111328125,1031.224853515625
2026-08-04 11:00:00+00:00,2026-08-08 05:00:00+00:00,live,dwd_forecast,2026-08-04 11:18:45.557789+00:00,1c7a531768d8,aa2bb212a704,18.138099670410156,19.028335571289062,19.99074363708496,20.571502685546875,21.15226173400879,22.114667892456055,23.004905700683594,8.593884468078613,12.175970077514648,16.25753402709961,18.789871215820312,21.322206497192383,25.40376853942871,28.985858917236328,998.7100219726562,1004.8488159179688,1011.1920776367188,1014.9284057617188,1018.6647338867188,1025.0079345703125,1031.146728515625
2026-08-04 11:00:00+00:00,2026-08-08 06:00:00+00:00,live,dwd_forecast,2026-08-04 11:18:45.557789+00:00,1c7a531768d8,aa2bb212a704,18.121395111083984,19.04529571533203,20.04372787475586,20.646108627319336,21.248489379882812,22.24692153930664,23.170822143554688,8.783154487609863,12.544010162353516,16.884353637695312,19.59531021118164,22.3062686920166,26.646610260009766,30.407470703125,998.4775390625,1004.6459350585938,1010.9680786132812,1014.6756591796875,1018.3832397460938,1024.7054443359375,1030.873779296875
2026-08-04 11:00:00+00:00,2026-08-08 07:00:00+00:00,live,dwd_forecast,2026-08-04 11:18:45.557789+00:00,1c7a531768d8,aa2bb212a704,18.155092239379883,19.104019165039062,20.131744384765625,20.752521514892578,21.3732967376709,22.40102195739746,23.34994888305664,9.401725769042969,13.309027671813965,17.889385223388672,20.773651123046875,23.657917022705078,28.23827362060547,32.14557647705078,998.1925659179688,1004.4525146484375,1010.821044921875,1014.540771484375,1018.260498046875,1024.6290283203125,1030.888916015625
2026-08-04 11:00:00+00:00,2026-08-08 08:00:00+00:00,live,dwd_forecast,2026-08-04 11:18:45.557789+00:00,1c7a531768d8,aa2bb212a704,18.24553680419922,19.207698822021484,20.260244369506836,20.899402618408203,21.538558959960938,22.591106414794922,23.553268432617188,9.906755447387695,14.087960243225098,19.05706787109375,22.20848846435547,25.359909057617188,30.329017639160156,34.51022720336914,997.771728515625,1004.052978515625,1010.468994140625,1014.224609375,1017.9802856445312,1024.396240234375,1030.677490234375
2026-08-04 11:00:00+00:00,2026-08-08 09:00:00+00:00,live,dwd_forecast,2026-08-04 11:18:45.557789+00:00,1c7a531768d8,aa2bb212a704,18.328285217285156,19.323884963989258,20.42323112487793,21.094118118286133,21.765005111694336,22.864351272583008,23.85995101928711,10.442922592163086,14.916202545166016,20.284778594970703,23.70685577392578,27.128934860229492,32.49751281738281,36.97079086303711,997.5465087890625,1003.7828979492188,1010.189208984375,1013.95068359375,1017.712158203125,1024.118408203125,1030.3548583984375
2026-08-04 11:00:00+00:00,2026-08-08 10:00:00+00:00,live,dwd_forecast,2026-08-04 11:18:45.557789+00:00,1c7a531768d8,aa2bb212a704,18.484638214111328,19.49431610107422,20.618267059326172,21.307106018066406,21.99594497680664,23.119892120361328,24.12957191467285,10.913968086242676,15.70363998413086,21.502946853637695,25.21649169921875,28.930036544799805,34.72934341430664,39.519020080566406,997.0768432617188,1003.3681640625,1009.79541015625,1013.5579223632812,1017.3204345703125,1023.7476196289062,1030.0390625
2026-08-04 11:00:00+00:00,2026-08-08 11:00:00+00:00,live,dwd_forecast,2026-08-04 11:18:45.557789+00:00,1c7a531768d8,aa2bb212a704,18.63298797607422,19.663631439208984,20.817110061645508,21.52605438232422,22.234996795654297,23.38847541809082,24.41912078857422,11.399499893188477,16.41917610168457,22.59404182434082,26.58045196533203,30.56686019897461,36.74172592163086,41.76140594482422,996.7987060546875,1003.0359497070312,1009.3865356445312,1013.097412109375,1016.8082885742188,1023.1588134765625,1029.3961181640625
